{
    "ammo": "emxarms:402x31",
    "rpm": 373.0,
    "bullet": {
        "life": 0.6,
        "bullet_amount": 1,
        "damage": 7.0,
        "tracer_count_interval": 0,
        "extra_damage": {
            "armor_ignore": 0.11,
            "head_shot_multiplier": 1.43,
            "damage_adjust": [
                {
                    "distance": 3,
                    "damage": 7.0
                },
                {
                    "distance": 6,
                    "damage": 5.6
                },
                {
                    "distance": 9,
                    "damage": 4.2
                },
                {
                    "distance": 12,
                    "damage": 2.1
                },
                {
                    "distance": "infinite",
                    "damage": 0.7
                }
            ]
        },
        "speed": 190,
        "gravity": 0.15,
        "knockback": 0,
        "friction": 0.025,
        "ignite": false,
        "pierce": 1
    },
    "ammo_amount": 10,
    "extended_mag_ammo_amount": [
        15,
        20,
        25
    ],
    "bolt": "closed_bolt",
    "reload": {
        "type": "magazine",
        "feed": {
            "empty": 1.53,
            "tactical": 1.2
        },
        "cooldown": {
            "empty": 2.1,
            "tactical": 1.8
        }
    },
    "draw_time": 0.33,
    "put_away_time": 0.5,
    "aim_time": 0.13,
    "sprint_time": 0.1,
    "weight": 1.5,
    "movement_speed": {
        "base": 0.0,
        "aim": 0,
        "reload": 0.1
    },
    "crawl_recoil_multiplier": 0.75,
    "fire_mode": [
        "semi"
    ],
    "burst_data": {
        "continuous_shoot": false,
        "count": 3,
        "bpm": 900,
        "min_interval": 0.4
    },
    "fire_mode_adjust": {
        "semi": {
            "damage": 1.4,
            "rpm": -149.0,
            "armor_ignore": -0.02,
            "head_shot_multiplier": 0.29,
            "aim_inaccuracy": -0.15,
            "other_inaccuracy": -0.5
        }
    },
    "allow_attachment_types": [
        "muzzle",
        "scope",
        "extended_mag"
    ],
    "recoil": {
        "pitch": [
            {
                "time": 0,
                "value": [
                    0.65,
                    0.65
                ]
            },
            {
                "time": 0.11,
                "value": [
                    0.575,
                    0.575
                ]
            },
            {
                "time": 0.27,
                "value": [
                    -0.1,
                    -0.1
                ]
            },
            {
                "time": 0.35,
                "value": [
                    0.05,
                    0.05
                ]
            },
            {
                "time": 0.42,
                "value": [
                    0,
                    0
                ]
            }
        ],
        "yaw": [
            {
                "time": 0,
                "value": [
                    -0.25,
                    -0.1
                ]
            },
            {
                "time": 0.18,
                "value": [
                    0,
                    0
                ]
            }
        ]
    },
    "inaccuracy": {
        "stand": 2.5,
        "move": 4.325,
        "sneak": 1.55,
        "lie": 1.1625,
        "aim": 0.4650000000000001
    }
}