{
    "ammo": "emxmors:ace_ammo",
    "ammo_amount": 5,
    "extended_mag_ammo_amount": [
        6,
        8,
        10
    ],
    "bolt": "manual_action",
    "rpm": 71.0,
    "bullet": {
        "life": 0.9,
        "bullet_amount": 1,
        "damage": 37.4,
        "tracer_count_interval": 0,
        "extra_damage": {
            "armor_ignore": 0.04,
            "head_shot_multiplier": 1.3,
            "damage_adjust": [
                {
                    "distance": 3,
                    "damage": 37.4
                },
                {
                    "distance": 6,
                    "damage": 29.9
                },
                {
                    "distance": 9,
                    "damage": 11.2
                },
                {
                    "distance": 12,
                    "damage": 7.5
                },
                {
                    "distance": "infinite",
                    "damage": 3.7
                }
            ]
        },
        "speed": 500,
        "gravity": 0.098,
        "knockback": 10,
        "friction": 0.015,
        "ignite": false,
        "pierce": 4
    },
    "reload": {
        "type": "magazine",
        "feed": {
            "empty": 2.9,
            "tactical": 2.3
        },
        "cooldown": {
            "empty": 3.4,
            "tactical": 2.9
        }
    },
    "draw_time": 0.25,
    "put_away_time": 0.45,
    "aim_time": 0.15,
    "sprint_time": 0.13,
    "bolt_action_time": 0.71,
    "weight": 3.2,
    "fire_mode": [
        "semi"
    ],
    "recoil": {
        "pitch": [
            {
                "time": 0,
                "value": [
                    2.2,
                    2.2
                ]
            },
            {
                "time": 0.32,
                "value": [
                    2.2,
                    2.2
                ]
            },
            {
                "time": 0.57,
                "value": [
                    -0.5,
                    -0.5
                ]
            },
            {
                "time": 0.82,
                "value": [
                    0.25,
                    0.25
                ]
            },
            {
                "time": 1.17,
                "value": [
                    0,
                    0
                ]
            },
            {
                "time": 1.47,
                "value": [
                    0,
                    0
                ]
            }
        ],
        "yaw": [
            {
                "time": 0,
                "value": [
                    -0.6,
                    -0.5
                ]
            },
            {
                "time": 0.32,
                "value": [
                    -0.6,
                    -0.5
                ]
            },
            {
                "time": 0.57,
                "value": [
                    0,
                    0
                ]
            }
        ]
    },
    "inaccuracy": {
        "stand": 12.5,
        "move": 17.625,
        "sneak": 6.55,
        "lie": 4.9125,
        "aim": 3.93
    },
    "melee": {
        "distance": 1,
        "cooldown": 1.0,
        "default": {
            "animation_type": "melee_stock",
            "distance": 0,
            "range_angle": 30,
            "damage": 2,
            "knockback": 0.75,
            "prep": 0.1
        }
    },
    "script": "tacz:m870_gun_logic",
    "script_param": {
        "bolt_time": 0.55,
        "bolt_feed_time": 0.3,
        "intro_empty": 0.85,
        "intro": 0.37,
        "loop": 0.67,
        "ending": 0.17,
        "intro_empty_feed": 0.45,
        "loop_feed": 0.25
    },
    "allow_attachment_types": []
}