{
    "ammo": "emxmors:1045x102fmj",
    "ammo_amount": 5,
    "extended_mag_ammo_amount": [
        6,
        8,
        10
    ],
    "bolt": "manual_action",
    "rpm": 45.0,
    "bullet": {
        "life": 0.9,
        "bullet_amount": 1,
        "damage": 29.2,
        "tracer_count_interval": 0,
        "extra_damage": {
            "armor_ignore": 0.16,
            "head_shot_multiplier": 1.63,
            "damage_adjust": [
                {
                    "distance": 3,
                    "damage": 29.2
                },
                {
                    "distance": 6,
                    "damage": 26.3
                },
                {
                    "distance": 18,
                    "damage": 23.4
                },
                {
                    "distance": 24,
                    "damage": 17.5
                },
                {
                    "distance": "infinite",
                    "damage": 14.6
                }
            ]
        },
        "speed": 700,
        "gravity": 0.098,
        "knockback": 0,
        "friction": 0.015,
        "ignite": false,
        "pierce": 4
    },
    "reload": {
        "type": "magazine",
        "feed": {
            "empty": 2.29,
            "tactical": 1.33
        },
        "cooldown": {
            "empty": 2.46,
            "tactical": 1.55
        }
    },
    "draw_time": 0.35,
    "put_away_time": 0.75,
    "aim_time": 0.25,
    "sprint_time": 0.2,
    "bolt_action_time": 0.9,
    "weight": 12,
    "fire_mode": [
        "semi"
    ],
    "recoil": {
        "pitch": [
            {
                "time": 0,
                "value": [
                    2.2,
                    2.2
                ]
            },
            {
                "time": 0.32,
                "value": [
                    2.2,
                    2.2
                ]
            },
            {
                "time": 0.57,
                "value": [
                    -0.5,
                    -0.5
                ]
            },
            {
                "time": 0.82,
                "value": [
                    0.25,
                    0.25
                ]
            },
            {
                "time": 1.17,
                "value": [
                    0,
                    0
                ]
            },
            {
                "time": 1.47,
                "value": [
                    0,
                    0
                ]
            }
        ],
        "yaw": [
            {
                "time": 0,
                "value": [
                    -0.6,
                    -0.5
                ]
            },
            {
                "time": 0.32,
                "value": [
                    -0.6,
                    -0.5
                ]
            },
            {
                "time": 0.57,
                "value": [
                    0,
                    0
                ]
            }
        ]
    },
    "inaccuracy": {
        "stand": 0.75,
        "move": 1.9975,
        "sneak": 0.675,
        "lie": 0.5062500000000001,
        "aim": 0.20250000000000004
    },
    "melee": {
        "distance": 1,
        "cooldown": 1.0,
        "default": {
            "animation_type": "melee_stock",
            "distance": 0,
            "range_angle": 30,
            "damage": 2,
            "knockback": 0.75,
            "prep": 0.1
        }
    },
    "allow_attachment_types": [
        "extended_mag",
        "scope",
        "grip",
        "stock",
        "muzzle"
    ]
}