{
    "ammo": "emxarms:x16sg",
    "ammo_amount": 16,
    "extended_mag_ammo_amount": [
        20,
        25,
        30
    ],
    "bolt": "closed_bolt",
    "rpm": 75.0,
    "bullet": {
        "life": 0.9,
        "bullet_amount": 10,
        "damage": 40.3,
        "tracer_count_interval": 0,
        "extra_damage": {
            "armor_ignore": 0.04,
            "head_shot_multiplier": 1.19,
            "damage_adjust": [
                {
                    "distance": 3,
                    "damage": 40.3
                },
                {
                    "distance": 6,
                    "damage": 32.2
                },
                {
                    "distance": 9,
                    "damage": 12.1
                },
                {
                    "distance": 12,
                    "damage": 8.1
                },
                {
                    "distance": "infinite",
                    "damage": 4.0
                }
            ]
        },
        "speed": 150,
        "gravity": 0.098,
        "knockback": 0.5,
        "friction": 0.015,
        "ignite": false,
        "pierce": 4
    },
    "reload": {
        "type": "magazine",
        "feed": {
            "empty": 1.4,
            "tactical": 1.4
        },
        "cooldown": {
            "empty": 2.9,
            "tactical": 2.2
        }
    },
    "draw_time": 0.35,
    "put_away_time": 0.75,
    "aim_time": 0.25,
    "sprint_time": 0.2,
    "bolt_action_time": 1.01,
    "weight": 12,
    "fire_mode": [
        "auto"
    ],
    "recoil": {
        "pitch": [
            {
                "time": 0,
                "value": [
                    0.25,
                    0.25
                ]
            },
            {
                "time": 0.125,
                "value": [
                    0.25,
                    0.25
                ]
            },
            {
                "time": 0.4,
                "value": [
                    -0.25,
                    -0.25
                ]
            },
            {
                "time": 0.55,
                "value": [
                    0,
                    0
                ]
            }
        ],
        "yaw": [
            {
                "time": 0,
                "value": [
                    -0.5,
                    0.5
                ]
            },
            {
                "time": 0.1,
                "value": [
                    -0.5,
                    0.5
                ]
            },
            {
                "time": 0.2,
                "value": [
                    0.15,
                    0.15
                ]
            },
            {
                "time": 0.4,
                "value": [
                    0,
                    0
                ]
            }
        ]
    },
    "inaccuracy": {
        "stand": 12.5,
        "move": 17.625,
        "sneak": 6.55,
        "lie": 4.9125,
        "aim": 3.93
    },
    "melee": {
        "distance": 1,
        "cooldown": 1.0,
        "default": {
            "animation_type": "melee_stock",
            "distance": 0,
            "range_angle": 30,
            "damage": 2,
            "knockback": 0.75,
            "prep": 0.1
        }
    },
    "allow_attachment_types": [
        "extended_mag",
        "scope",
        "grip",
        "stock",
        "muzzle"
    ]
}