{
    "ammo": "emxmors:ace_ammo",
    "rpm": 444.0,
    "bullet": {
        "life": 0.7,
        "bullet_amount": 30,
        "damage": 11.2,
        "tracer_count_interval": 0,
        "extra_damage": {
            "armor_ignore": 0.08,
            "head_shot_multiplier": 1.32,
            "damage_adjust": [
                {
                    "distance": 3,
                    "damage": 11.2
                },
                {
                    "distance": 6,
                    "damage": 10.1
                },
                {
                    "distance": 9,
                    "damage": 7.8
                },
                {
                    "distance": 12,
                    "damage": 3.4
                },
                {
                    "distance": "infinite",
                    "damage": 1.1
                }
            ]
        },
        "speed": 200,
        "gravity": 0.0245,
        "knockback": 0,
        "friction": 0.012,
        "ignite": false,
        "pierce": 5
    },
    "ammo_amount": 20,
    "extended_mag_ammo_amount": [
        20,
        20,
        20
    ],
    "bolt": "closed_bolt",
    "reload": {
        "type": "magazine",
        "feed": {
            "empty": 5.7,
            "tactical": 5.7
        },
        "cooldown": {
            "empty": 7.3,
            "tactical": 7.3
        }
    },
    "draw_time": 0.9,
    "put_away_time": 0.33,
    "aim_time": 0.2,
    "sprint_time": 0.2,
    "weight": 20,
    "fire_mode": [
        "semi"
    ],
    "melee": {
        "distance": 1,
        "cooldown": 0.6,
        "default": {
            "animation_type": "melee_push",
            "distance": 2,
            "range_angle": 30,
            "damage": 3.2,
            "knockback": 0.5,
            "prep": 0.1
        }
    },
    "allow_attachment_types": [
        "scope",
        "grip",
        "stock",
        "muzzle"
    ],
    "recoil": {
        "pitch": [
            {
                "time": 0,
                "value": [
                    0.88,
                    0.98
                ]
            },
            {
                "time": 0.3,
                "value": [
                    0.65,
                    0.65
                ]
            },
            {
                "time": 0.5,
                "value": [
                    -0.125,
                    -0.125
                ]
            },
            {
                "time": 0.65,
                "value": [
                    0,
                    0
                ]
            }
        ],
        "yaw": [
            {
                "time": 0,
                "value": [
                    -0.29,
                    0.29
                ]
            },
            {
                "time": 0.3,
                "value": [
                    -0.29,
                    0.29
                ]
            },
            {
                "time": 0.5,
                "value": [
                    0,
                    0
                ]
            }
        ]
    },
    "inaccuracy": {
        "stand": 6.25,
        "move": 9.3125,
        "sneak": 3.425,
        "lie": 2.5687499999999996,
        "aim": 1.0274999999999999
    }
}