{
    "ammo": "emxarms:1045x103",
    "ammo_amount": 75,
    "extended_mag_ammo_amount": [
        100,
        150,
        200
    ],
    "bolt": "open_bolt",
    "rpm": 1138.0,
    "bullet": {
        "life": 1.0,
        "bullet_amount": 1,
        "damage": 5.2,
        "tracer_count_interval": 0,
        "extra_damage": {
            "armor_ignore": 0.08,
            "head_shot_multiplier": 1.28,
            "damage_adjust": [
                {
                    "distance": 3,
                    "damage": 5.2
                },
                {
                    "distance": 6,
                    "damage": 4.7
                },
                {
                    "distance": 9,
                    "damage": 3.6
                },
                {
                    "distance": 12,
                    "damage": 1.6
                },
                {
                    "distance": "infinite",
                    "damage": 0.5
                }
            ]
        },
        "speed": 280,
        "gravity": 0.15,
        "knockback": 0,
        "friction": 0.015,
        "ignite": false,
        "pierce": 5
    },
    "reload": {
        "type": "magazine",
        "feed": {
            "empty": 6.4,
            "tactical": 4.7
        },
        "cooldown": {
            "empty": 7.57,
            "tactical": 5.9
        }
    },
    "draw_time": 1,
    "put_away_time": 0.67,
    "aim_time": 0.3,
    "sprint_time": 0.25,
    "weight": 8,
    "movement_speed": {
        "base": 0.0,
        "aim": -0.25,
        "reload": -0.2
    },
    "crawl_recoil_multiplier": 0.1,
    "fire_mode": [
        "auto"
    ],
    "recoil": {
        "pitch": [
            {
                "time": 0,
                "value": [
                    0.4,
                    0.4
                ]
            },
            {
                "time": 0.3,
                "value": [
                    0.4,
                    0.4
                ]
            },
            {
                "time": 0.5,
                "value": [
                    -0.15,
                    -0.15
                ]
            },
            {
                "time": 0.65,
                "value": [
                    0,
                    0
                ]
            }
        ],
        "yaw": [
            {
                "time": 0,
                "value": [
                    -0.3,
                    0.2
                ]
            },
            {
                "time": 0.3,
                "value": [
                    -0.3,
                    0.2
                ]
            },
            {
                "time": 0.5,
                "value": [
                    0,
                    0
                ]
            }
        ]
    },
    "inaccuracy": {
        "stand": 6.25,
        "move": 9.3125,
        "sneak": 3.425,
        "lie": 2.5687499999999996,
        "aim": 1.0274999999999999
    },
    "melee": {
        "distance": 1,
        "cooldown": 0.8,
        "default": {
            "animation_type": "melee_stock",
            "distance": 0,
            "range_angle": 30,
            "damage": 4,
            "knockback": 0.75,
            "prep": 0.1
        }
    },
    "allow_attachment_types": [
        "scope",
        "grip",
        "stock",
        "muzzle",
        "laser",
        "extended_mag"
    ],
    "exclusive_attachments": {}
}