{
    "ammo": "emxarms:339x57",
    "rpm": 481.0,
    "bullet": {
        "life": 0.6,
        "bullet_amount": 1,
        "damage": 7.8,
        "tracer_count_interval": 0,
        "extra_damage": {
            "armor_ignore": 0.1,
            "head_shot_multiplier": 1.45,
            "damage_adjust": [
                {
                    "distance": 3,
                    "damage": 7.8
                },
                {
                    "distance": 9,
                    "damage": 6.2
                },
                {
                    "distance": 15,
                    "damage": 4.7
                },
                {
                    "distance": 18,
                    "damage": 3.9
                },
                {
                    "distance": "infinite",
                    "damage": 0.8
                }
            ]
        },
        "speed": 200,
        "gravity": 0.0245,
        "knockback": 0,
        "friction": 0.012,
        "ignite": false,
        "pierce": 1
    },
    "ammo_amount": 50,
    "extended_mag_ammo_amount": [
        65,
        75,
        85
    ],
    "bolt": "closed_bolt",
    "reload": {
        "type": "magazine",
        "feed": {
            "empty": 2.8,
            "tactical": 2.04
        },
        "cooldown": {
            "empty": 3.4,
            "tactical": 2.7
        }
    },
    "draw_time": 0,
    "put_away_time": 0,
    "sprint_time": 0.2,
    "aim_time": 0.1,
    "weight": 13,
    "fire_mode": [
        "auto",
        "burst",
        "semi"
    ],
    "burst_data": {
        "continuous_shoot": true,
        "count": 3,
        "bpm": 1443.0,
        "min_interval": 0.7
    },
    "melee": {
        "distance": 1,
        "cooldown": 0.6,
        "default": {
            "animation_type": "melee_push",
            "distance": 2,
            "range_angle": 30,
            "damage": 2.0,
            "knockback": 0.5,
            "prep": 0.1
        }
    },
    "allow_attachment_types": [
        "scope",
        "stock",
        "grip",
        "muzzle",
        "extended_mag"
    ],
    "recoil": {
        "pitch": [
            {
                "time": 0,
                "value": [
                    0.65,
                    0.65
                ]
            },
            {
                "time": 0.12,
                "value": [
                    0.65,
                    0.65
                ]
            },
            {
                "time": 0.3,
                "value": [
                    -0.2,
                    -0.2
                ]
            },
            {
                "time": 0.45,
                "value": [
                    0,
                    0
                ]
            }
        ],
        "yaw": [
            {
                "time": 0,
                "value": [
                    -0.15,
                    0.15
                ]
            },
            {
                "time": 0.12,
                "value": [
                    -0.15,
                    0.15
                ]
            },
            {
                "time": 0.3,
                "value": [
                    0,
                    0
                ]
            }
        ]
    },
    "inaccuracy": {
        "stand": 3.0,
        "move": 4.99,
        "sneak": 1.8,
        "lie": 1.35,
        "aim": 0.54
    }
}