{
    "ammo": "emxmors:ace_ammo",
    "ammo_amount": 17,
    "extended_mag_ammo_amount": [
        8,
        9,
        10
    ],
    "bolt": "closed_bolt",
    "rpm": 46.0,
    "bullet": {
        "life": 0.9,
        "bullet_amount": 1,
        "damage": 27.0,
        "tracer_count_interval": 0,
        "extra_damage": {
            "armor_ignore": 0.14,
            "head_shot_multiplier": 1.57,
            "damage_adjust": [
                {
                    "distance": 3,
                    "damage": 27.0
                },
                {
                    "distance": 6,
                    "damage": 24.3
                },
                {
                    "distance": 18,
                    "damage": 21.6
                },
                {
                    "distance": 24,
                    "damage": 16.2
                },
                {
                    "distance": "infinite",
                    "damage": 13.5
                }
            ]
        },
        "speed": 450,
        "gravity": 0.098,
        "knockback": 0,
        "friction": 0.015,
        "ignite": false,
        "pierce": 4
    },
    "reload": {
        "type": "magazine",
        "feed": {
            "empty": 3.5,
            "tactical": 2
        },
        "cooldown": {
            "empty": 4.13,
            "tactical": 2.67
        }
    },
    "draw_time": 0.875,
    "put_away_time": 0.7083,
    "aim_time": 0.25,
    "sprint_time": 0.2,
    "fire_mode": [
        "auto",
        "semi"
    ],
    "fire_mode_adjust": {
        "auto": {
            "damage": -5.4,
            "rpm": 9.0,
            "speed": 0,
            "knockback": 0.5,
            "armor_ignore": 0.03,
            "head_shot_multiplier": -0.31,
            "aim_inaccuracy": 0.04,
            "other_inaccuracy": 0.15
        },
        "semi": {
            "damage": 5.4,
            "rpm": -18.0,
            "speed": 200,
            "knockback": 0.1,
            "armor_ignore": -0.03,
            "head_shot_multiplier": 0.31,
            "aim_inaccuracy": -0.04,
            "other_inaccuracy": -0.15
        }
    },
    "recoil": {
        "pitch": [
            {
                "time": 0,
                "value": [
                    1.25,
                    1.25
                ]
            },
            {
                "time": 0.25,
                "value": [
                    1.25,
                    1.25
                ]
            },
            {
                "time": 0.5,
                "value": [
                    -0.225,
                    -0.225
                ]
            },
            {
                "time": 0.6,
                "value": [
                    0,
                    0
                ]
            },
            {
                "time": 0.8,
                "value": [
                    0,
                    0
                ]
            }
        ],
        "yaw": [
            {
                "time": 0,
                "value": [
                    -0.35,
                    0.15
                ]
            },
            {
                "time": 0.5,
                "value": [
                    -0.35,
                    0.15
                ]
            },
            {
                "time": 0.7,
                "value": [
                    0,
                    0
                ]
            }
        ]
    },
    "inaccuracy": {
        "stand": 0.75,
        "move": 1.9975,
        "sneak": 0.675,
        "lie": 0.5062500000000001,
        "aim": 0.20250000000000004
    },
    "melee": {
        "distance": 1,
        "cooldown": 1.0,
        "default": {
            "animation_type": "melee_stock",
            "distance": 0,
            "range_angle": 30,
            "damage": 2,
            "knockback": 0.75,
            "prep": 0.1
        }
    },
    "allow_attachment_types": [
        "extended_mag",
        "scope",
        "grip"
    ]
}