{
    "ammo": "emxarms:1045x103belt",
    "ammo_amount": 160,
    "extended_mag_ammo_amount": [
        240,
        360,
        520
    ],
    "bolt": "open_bolt",
    "rpm": 1155.0,
    "bullet": {
        "life": 0.75,
        "bullet_amount": 1,
        "damage": 3.8,
        "tracer_count_interval": 0,
        "extra_damage": {
            "armor_ignore": 0.08,
            "head_shot_multiplier": 1.34,
            "damage_adjust": [
                {
                    "distance": 3,
                    "damage": 3.8
                },
                {
                    "distance": 6,
                    "damage": 3.4
                },
                {
                    "distance": 9,
                    "damage": 2.7
                },
                {
                    "distance": 12,
                    "damage": 1.1
                },
                {
                    "distance": "infinite",
                    "damage": 0.4
                }
            ]
        },
        "speed": 240,
        "gravity": 0.0245,
        "knockback": 1.0,
        "friction": 0.01,
        "ignite": false,
        "pierce": 2
    },
    "reload": {
        "type": "magazine",
        "feed": {
            "empty": 2.8,
            "tactical": 2.8
        },
        "cooldown": {
            "empty": 5.6,
            "tactical": 5.6
        }
    },
    "draw_time": 0.5,
    "put_away_time": 0.7,
    "aim_time": 0.01,
    "sprint_time": 0.21,
    "weight": 15.1,
    "movement_speed": {
        "base": 0.0,
        "aim": -0.25,
        "reload": -0.5
    },
    "fire_mode": [
        "auto",
        "burst"
    ],
    "burst_data": {
        "continuous_shoot": true,
        "count": 1,
        "bpm": 3465.0,
        "min_interval": 0.48
    },
    "recoil": {
        "pitch": [
            {
                "time": 0,
                "value": [
                    0.88,
                    0.98
                ]
            },
            {
                "time": 0.3,
                "value": [
                    0.65,
                    0.65
                ]
            },
            {
                "time": 0.5,
                "value": [
                    -0.125,
                    -0.125
                ]
            },
            {
                "time": 0.65,
                "value": [
                    0,
                    0
                ]
            }
        ],
        "yaw": [
            {
                "time": 0,
                "value": [
                    -0.29,
                    0.29
                ]
            },
            {
                "time": 0.3,
                "value": [
                    -0.29,
                    0.29
                ]
            },
            {
                "time": 0.5,
                "value": [
                    0,
                    0
                ]
            }
        ]
    },
    "inaccuracy": {
        "stand": 6.25,
        "move": 9.3125,
        "sneak": 3.425,
        "lie": 2.5687499999999996,
        "aim": 1.0274999999999999
    },
    "melee": {
        "distance": 1,
        "cooldown": 1.0
    },
    "allow_attachment_types": [
        "scope",
        "stock",
        "muzzle",
        "extended_mag"
    ],
    "exclusive_attachments": {}
}