{
    "ammo": "emxmors:1045x103ap",
    "ammo_amount": 1,
    "extended_mag_ammo_amount": [
        1,
        1,
        1
    ],
    "bolt": "open_bolt",
    "rpm": 44.0,
    "bullet": {
        "life": 0.8,
        "bullet_amount": 1,
        "damage": 26.9,
        "tracer_count_interval": 0,
        "extra_damage": {
            "armor_ignore": 0.14,
            "head_shot_multiplier": 1.56,
            "damage_adjust": [
                {
                    "distance": 3,
                    "damage": 26.9
                },
                {
                    "distance": 6,
                    "damage": 24.2
                },
                {
                    "distance": 18,
                    "damage": 21.5
                },
                {
                    "distance": 24,
                    "damage": 16.1
                },
                {
                    "distance": "infinite",
                    "damage": 13.4
                }
            ]
        },
        "speed": 800,
        "gravity": 0.025,
        "knockback": 0,
        "friction": 0.01,
        "ignite": false,
        "pierce": 4
    },
    "reload": {
        "type": "magazine",
        "feed": {
            "empty": 0.7,
            "tactical": 0.9
        },
        "cooldown": {
            "empty": 0.85,
            "tactical": 1.1
        }
    },
    "draw_time": 0.2,
    "put_away_time": 0.87,
    "aim_time": 0.21,
    "sprint_time": 0.2,
    "weight": 10,
    "fire_mode": [
        "semi",
        "auto"
    ],
    "recoil": {
        "pitch": [
            {
                "time": 0,
                "value": [
                    4.5,
                    4.5
                ]
            },
            {
                "time": 0.32,
                "value": [
                    4.5,
                    4.5
                ]
            },
            {
                "time": 0.57,
                "value": [
                    -0.5,
                    -0.5
                ]
            },
            {
                "time": 0.82,
                "value": [
                    0.25,
                    0.25
                ]
            },
            {
                "time": 1.17,
                "value": [
                    0,
                    0
                ]
            },
            {
                "time": 1.47,
                "value": [
                    0,
                    0
                ]
            }
        ],
        "yaw": [
            {
                "time": 0,
                "value": [
                    -0.9,
                    -0.75
                ]
            },
            {
                "time": 0.32,
                "value": [
                    -0.9,
                    -0.75
                ]
            },
            {
                "time": 0.57,
                "value": [
                    0,
                    0
                ]
            }
        ]
    },
    "inaccuracy": {
        "stand": 0.75,
        "move": 1.9975,
        "sneak": 0.675,
        "lie": 0.5062500000000001,
        "aim": 0.20250000000000004
    },
    "allow_attachment_types": [
        "scope",
        "grip",
        "stock",
        "muzzle",
        "laser",
        "extended_mag"
    ],
    "builtin_attachments": {
        "scope": "emxmors:sight_emx_aw"
    },
    "exclusive_attachments": {
        "tacz:scope_standard_8x": {
            "weight": 2.0,
            "ads_addend": 0.04,
            "recoil_modifier": {
                "yaw": -0.2
            }
        }
    }
}