{
    "ammo": "emxmors:1045x103ap",
    "ammo_amount": 1,
    "extended_mag_ammo_amount": [
        3,
        5,
        7
    ],
    "bolt": "closed_bolt",
    "rpm": 47.0,
    "bullet": {
        "life": 0.8,
        "bullet_amount": 1,
        "damage": 25.4,
        "extra_damage": {
            "armor_ignore": 0.14,
            "head_shot_multiplier": 1.57,
            "damage_adjust": [
                {
                    "distance": 3,
                    "damage": 25.4
                },
                {
                    "distance": 6,
                    "damage": 22.9
                },
                {
                    "distance": 18,
                    "damage": 20.3
                },
                {
                    "distance": 24,
                    "damage": 15.2
                },
                {
                    "distance": "infinite",
                    "damage": 12.7
                }
            ]
        },
        "speed": 1000,
        "gravity": 0.0,
        "knockback": 0,
        "friction": 0.01,
        "ignite": {
            "entity": true,
            "block": false
        },
        "pierce": 20,
        "ignite_entity_time": 5,
        "explosion": {
            "explode": false,
            "damage": 28,
            "radius": 0.75,
            "knockback": true,
            "delay": 7
        }
    },
    "reload": {
        "type": "fuel",
        "feed": {
            "empty": 0.73,
            "tactical": 0.73
        },
        "cooldown": {
            "empty": 0.75,
            "tactical": 0.75
        }
    },
    "draw_time": 1.3,
    "put_away_time": 0.87,
    "aim_time": 0.21,
    "sprint_time": 0.22,
    "weight": 6.2,
    "movement_speed": {
        "base": 0.0,
        "aim": -0.15,
        "reload": -0.1
    },
    "crawl_recoil_multiplier": 0.2,
    "fire_mode": [
        "semi"
    ],
    "recoil": {
        "pitch": [
            {
                "time": 0,
                "value": [
                    0.0,
                    0.0
                ]
            },
            {
                "time": 0.8,
                "value": [
                    0.325,
                    0.325
                ]
            },
            {
                "time": 0.95,
                "value": [
                    0.325,
                    0.325
                ]
            },
            {
                "time": 1.3,
                "value": [
                    -0.125,
                    -0.125
                ]
            },
            {
                "time": 1.45,
                "value": [
                    0,
                    0
                ]
            }
        ],
        "yaw": [
            {
                "time": 0,
                "value": [
                    0.0,
                    0.0
                ]
            },
            {
                "time": 0.8,
                "value": [
                    -0.3,
                    0.2
                ]
            },
            {
                "time": 0.95,
                "value": [
                    -0.3,
                    0.2
                ]
            },
            {
                "time": 1.3,
                "value": [
                    0,
                    0
                ]
            }
        ]
    },
    "inaccuracy": {
        "stand": 0.75,
        "move": 1.9975,
        "sneak": 0.675,
        "lie": 0.5062500000000001,
        "aim": 0.20250000000000004
    },
    "melee": {
        "distance": 1,
        "cooldown": 0.65,
        "default": {
            "animation_type": "melee_stock",
            "distance": 1.25,
            "range_angle": 30,
            "damage": 2,
            "knockback": 0.6,
            "prep": 0.1
        }
    },
    "allow_attachment_types": [
        "scope",
        "stock",
        "grip",
        "muzzle",
        "extended_mag"
    ],
    "script": "emxmors:mors_logic",
    "exclusive_attachments": {},
    "tacz_fire_control_extension:fire_control_system": {
        "aim_cone_angle": 60
    }
}