{
    "ammo": "emxmors:308x103ap",
    "ammo_amount": 5,
    "extended_mag_ammo_amount": [
        6,
        8,
        10
    ],
    "bolt": "manual_action",
    "rpm": 45.0,
    "bullet": {
        "life": 0.9,
        "bullet_amount": 30,
        "damage": 36.4,
        "tracer_count_interval": 0,
        "extra_damage": {
            "armor_ignore": 0.15,
            "head_shot_multiplier": 1.67,
            "damage_adjust": [
                {
                    "distance": 3,
                    "damage": 36.4
                },
                {
                    "distance": 6,
                    "damage": 32.8
                },
                {
                    "distance": 18,
                    "damage": 29.1
                },
                {
                    "distance": 24,
                    "damage": 21.8
                },
                {
                    "distance": "infinite",
                    "damage": 18.2
                }
            ]
        },
        "speed": 500,
        "gravity": 0.098,
        "knockback": 0,
        "friction": 0.015,
        "ignite": false,
        "pierce": 4
    },
    "reload": {
        "type": "magazine",
        "feed": {
            "empty": 4.5,
            "tactical": 2.83
        },
        "cooldown": {
            "empty": 5.5,
            "tactical": 4.5
        }
    },
    "draw_time": 0.35,
    "put_away_time": 0.75,
    "aim_time": 0.25,
    "sprint_time": 0.2,
    "bolt_action_time": 1.67,
    "weight": 18,
    "fire_mode": [
        "auto",
        "semi"
    ],
    "fire_mode_adjust": {
        "auto": {
            "damage": -7.3,
            "rpm": 9.0,
            "speed": 0,
            "knockback": 0,
            "armor_ignore": 0.03,
            "head_shot_multiplier": -0.33,
            "aim_inaccuracy": 0.04,
            "other_inaccuracy": 0.15
        },
        "semi": {
            "damage": 7.3,
            "rpm": -18.0,
            "speed": 500,
            "knockback": 0.1,
            "armor_ignore": -0.03,
            "head_shot_multiplier": 0.33,
            "aim_inaccuracy": -0.04,
            "other_inaccuracy": -0.15
        }
    },
    "recoil": {
        "pitch": [
            {
                "time": 0,
                "value": [
                    2.2,
                    2.2
                ]
            },
            {
                "time": 0.32,
                "value": [
                    2.2,
                    2.2
                ]
            },
            {
                "time": 0.57,
                "value": [
                    -0.5,
                    -0.5
                ]
            },
            {
                "time": 0.82,
                "value": [
                    0.25,
                    0.25
                ]
            },
            {
                "time": 1.17,
                "value": [
                    0,
                    0
                ]
            },
            {
                "time": 1.47,
                "value": [
                    0,
                    0
                ]
            }
        ],
        "yaw": [
            {
                "time": 0,
                "value": [
                    -0.6,
                    -0.5
                ]
            },
            {
                "time": 0.32,
                "value": [
                    -0.6,
                    -0.5
                ]
            },
            {
                "time": 0.57,
                "value": [
                    0,
                    0
                ]
            }
        ]
    },
    "inaccuracy": {
        "stand": 0.75,
        "move": 1.9975,
        "sneak": 0.675,
        "lie": 0.5062500000000001,
        "aim": 0.20250000000000004
    },
    "allow_attachment_types": [
        "scope",
        "grip",
        "stock",
        "muzzle",
        "laser",
        "extended_mag"
    ],
    "builtin_attachments": {},
    "exclusive_attachments": {
        "tacz:scope_standard_8x": {
            "weight": 2.0,
            "ads_addend": 0.04,
            "recoil_modifier": {
                "yaw": -0.2
            }
        }
    }
}