{
    "ammo": "emxmors:1045x102fmj",
    "ammo_amount": 5,
    "extended_mag_ammo_amount": [
        5,
        5,
        5
    ],
    "bolt": "manual_action",
    "rpm": 77.0,
    "bullet": {
        "life": 0.9,
        "bullet_amount": 35,
        "damage": 39.7,
        "tracer_count_interval": 0,
        "extra_damage": {
            "armor_ignore": 0.05,
            "head_shot_multiplier": 1.19,
            "damage_adjust": [
                {
                    "distance": 3,
                    "damage": 39.7
                },
                {
                    "distance": 6,
                    "damage": 31.8
                },
                {
                    "distance": 9,
                    "damage": 11.9
                },
                {
                    "distance": 12,
                    "damage": 7.9
                },
                {
                    "distance": "infinite",
                    "damage": 4.0
                }
            ]
        },
        "speed": 400,
        "gravity": 0.098,
        "knockback": 0.5,
        "friction": 0.015,
        "ignite": false,
        "pierce": 4
    },
    "reload": {
        "type": "magazine",
        "feed": {
            "empty": 3.8,
            "tactical": 2.8
        },
        "cooldown": {
            "empty": 4.3,
            "tactical": 3.02
        }
    },
    "draw_time": 0.35,
    "put_away_time": 0.75,
    "aim_time": 0.25,
    "sprint_time": 0.2,
    "bolt_action_time": 1.01,
    "weight": 12,
    "fire_mode": [
        "semi"
    ],
    "recoil": {
        "pitch": [
            {
                "time": 0,
                "value": [
                    2.2,
                    2.2
                ]
            },
            {
                "time": 0.32,
                "value": [
                    2.2,
                    2.2
                ]
            },
            {
                "time": 0.57,
                "value": [
                    -0.5,
                    -0.5
                ]
            },
            {
                "time": 0.82,
                "value": [
                    0.25,
                    0.25
                ]
            },
            {
                "time": 1.17,
                "value": [
                    0,
                    0
                ]
            },
            {
                "time": 1.47,
                "value": [
                    0,
                    0
                ]
            }
        ],
        "yaw": [
            {
                "time": 0,
                "value": [
                    -0.6,
                    -0.5
                ]
            },
            {
                "time": 0.32,
                "value": [
                    -0.6,
                    -0.5
                ]
            },
            {
                "time": 0.57,
                "value": [
                    0,
                    0
                ]
            }
        ]
    },
    "inaccuracy": {
        "stand": 12.5,
        "move": 17.625,
        "sneak": 6.55,
        "lie": 4.9125,
        "aim": 3.93
    },
    "melee": {
        "distance": 1,
        "cooldown": 1.0,
        "default": {
            "animation_type": "melee_stock",
            "distance": 0,
            "range_angle": 30,
            "damage": 2,
            "knockback": 0.75,
            "prep": 0.1
        }
    },
    "script": "tacz:m870_gun_logic",
    "script_param": {
        "bolt_time": 0.55,
        "bolt_feed_time": 0.7,
        "intro_empty": 1.2,
        "intro": 0.9,
        "loop": 0.38,
        "ending": 0.3,
        "intro_empty_feed": 0.95,
        "loop_feed": 0.3
    },
    "allow_attachment_types": [
        "extended_mag",
        "scope",
        "grip",
        "stock",
        "muzzle"
    ]
}