{
	"format_version": "1.12.0",
	"minecraft:geometry": [
		{
			"description": {
				"identifier": "geometry.unknown",
				"texture_width": 32,
				"texture_height": 32,
				"visible_bounds_width": 2,
				"visible_bounds_height": 1.5,
				"visible_bounds_offset": [0, 0.25, 0]
			},
			"bones": [
				{
					"name": "gp1",
					"pivot": [0, -2.41897, 0],
					"cubes": [
						{
							"origin": [-0.68379, -5.28063, -0.56522],
							"size": [1.49407, 3.92095, 0.37154],
							"uv": {
								"north": {"uv": [4, 0], "uv_size": [1.5, 4]},
								"east": {"uv": [5, 14], "uv_size": [0.5, 4]},
								"south": {"uv": [4, 4], "uv_size": [1.5, 4]},
								"west": {"uv": [14, 5], "uv_size": [0.5, 4]},
								"up": {"uv": [16, 14], "uv_size": [1.5, 0.5]},
								"down": {"uv": [15, 16.5], "uv_size": [1.5, -0.5]}
							}
						},
						{
							"origin": [-0.68379, -5.28063, -0.19368],
							"size": [1.49407, 0.64032, 0.95652],
							"uv": {
								"north": {"uv": [16, 15], "uv_size": [1.5, 0.5]},
								"east": {"uv": [20, 17], "uv_size": [1, 0.5]},
								"south": {"uv": [17, 12], "uv_size": [1.5, 0.5]},
								"west": {"uv": [18, 20], "uv_size": [1, 0.5]},
								"up": {"uv": [16, 0], "uv_size": [1.5, 1]},
								"down": {"uv": [16, 2], "uv_size": [1.5, -1]}
							}
						},
						{
							"origin": [-0.10996, -5.28063, -0.87312],
							"size": [0.50593, 3.92095, 0.37154],
							"pivot": [0.06324, -2.7087, 0.13834],
							"rotation": [0, 37, 0],
							"uv": {
								"north": {"uv": [8, 14], "uv_size": [0.5, 4]},
								"east": {"uv": [9, 14], "uv_size": [0.5, 4]},
								"south": {"uv": [14, 9], "uv_size": [0.5, 4]},
								"west": {"uv": [10, 14], "uv_size": [0.5, 4]},
								"up": {"uv": [21, 12], "uv_size": [0.5, 0.5]},
								"down": {"uv": [13, 21.5], "uv_size": [0.5, -0.5]}
							}
						},
						{
							"origin": [-0.27974, -5.28063, -0.86969],
							"size": [0.68597, 3.92095, 0.37154],
							"uv": {
								"north": {"uv": [11, 14], "uv_size": [0.5, 4]},
								"east": {"uv": [12, 14], "uv_size": [0.5, 4]},
								"south": {"uv": [13, 14], "uv_size": [0.5, 4]},
								"west": {"uv": [14, 13], "uv_size": [0.5, 4]},
								"up": {"uv": [21, 13], "uv_size": [0.5, 0.5]},
								"down": {"uv": [14, 21.5], "uv_size": [0.5, -0.5]}
							}
						},
						{
							"origin": [-0.41413, -5.28063, -1.21752],
							"size": [0.95474, 0.28458, 0.49802],
							"uv": {
								"north": {"uv": [20, 18], "uv_size": [1, 0.5]},
								"east": {"uv": [15, 21], "uv_size": [0.5, 0.5]},
								"south": {"uv": [19, 20], "uv_size": [1, 0.5]},
								"west": {"uv": [16, 21], "uv_size": [0.5, 0.5]},
								"up": {"uv": [20, 19], "uv_size": [1, 0.5]},
								"down": {"uv": [20, 20.5], "uv_size": [1, -0.5]}
							}
						},
						{
							"origin": [-0.41413, -3.89768, -2.37059],
							"size": [0.95474, 0.3083, 0.62451],
							"pivot": [0.06324, -2.7087, 0.13834],
							"rotation": [40, 0, 0],
							"uv": {
								"north": {"uv": [1, 21], "uv_size": [1, 0.5]},
								"east": {"uv": [21, 16], "uv_size": [0.5, 0.5]},
								"south": {"uv": [2, 21], "uv_size": [1, 0.5]},
								"west": {"uv": [17, 21], "uv_size": [0.5, 0.5]},
								"up": {"uv": [21, 2], "uv_size": [1, 0.5]},
								"down": {"uv": [21, 3.5], "uv_size": [1, -0.5]}
							}
						},
						{
							"origin": [-0.26949, -5.28063, -0.87312],
							"size": [0.50593, 3.92095, 0.37154],
							"pivot": [0.06324, -2.7087, 0.13834],
							"rotation": [0, -37, 0],
							"uv": {
								"north": {"uv": [15, 0], "uv_size": [0.5, 4]},
								"east": {"uv": [15, 4], "uv_size": [0.5, 4]},
								"south": {"uv": [15, 8], "uv_size": [0.5, 4]},
								"west": {"uv": [15, 12], "uv_size": [0.5, 4]},
								"up": {"uv": [21, 17], "uv_size": [0.5, 0.5]},
								"down": {"uv": [18, 21.5], "uv_size": [0.5, -0.5]}
							}
						},
						{
							"origin": [-0.68379, -5.28063, 0.75494],
							"size": [1.49407, 4.72727, 0.37154],
							"uv": {
								"north": {"uv": [0, 0], "uv_size": [1.5, 4.5]},
								"east": {"uv": [2, 8], "uv_size": [0.5, 4.5]},
								"south": {"uv": [2, 0], "uv_size": [1.5, 4.5]},
								"west": {"uv": [3, 8], "uv_size": [0.5, 4.5]},
								"up": {"uv": [17, 13], "uv_size": [1.5, 0.5]},
								"down": {"uv": [14, 17.5], "uv_size": [1.5, -0.5]}
							}
						},
						{
							"origin": [-0.59684, -4.35137, -1.1722],
							"size": [1.32016, 0.16601, 0.52174],
							"pivot": [0.06324, -2.7087, 0.13834],
							"rotation": [50, 0, 0],
							"uv": {
								"north": {"uv": [16, 17], "uv_size": [1.5, 0.5]},
								"east": {"uv": [21, 18], "uv_size": [0.5, 0.5]},
								"south": {"uv": [17, 16], "uv_size": [1.5, 0.5]},
								"west": {"uv": [19, 21], "uv_size": [0.5, 0.5]},
								"up": {"uv": [0, 18], "uv_size": [1.5, 0.5]},
								"down": {"uv": [18, 0.5], "uv_size": [1.5, -0.5]}
							}
						},
						{
							"origin": [-0.59684, -4.38279, -1.02848],
							"size": [1.32016, 1.05929, 0.16601],
							"pivot": [0.06324, -2.7087, 0.13834],
							"rotation": [42, 0, 0],
							"uv": {
								"north": {"uv": [16, 2], "uv_size": [1.5, 1]},
								"east": {"uv": [21, 4], "uv_size": [0.5, 1]},
								"south": {"uv": [16, 3], "uv_size": [1.5, 1]},
								"west": {"uv": [21, 5], "uv_size": [0.5, 1]},
								"up": {"uv": [18, 1], "uv_size": [1.5, 0.5]},
								"down": {"uv": [2, 18.5], "uv_size": [1.5, -0.5]}
							}
						},
						{
							"origin": [-0.59684, -4.41703, -0.61307],
							"size": [1.32016, 1.5415, 0.16601],
							"pivot": [0.06324, -2.7087, 0.13834],
							"rotation": [41, 0, 0],
							"uv": {
								"north": {"uv": [8, 0], "uv_size": [1.5, 1.5]},
								"east": {"uv": [18, 2], "uv_size": [0.5, 1.5]},
								"south": {"uv": [8, 2], "uv_size": [1.5, 1.5]},
								"west": {"uv": [18, 4], "uv_size": [0.5, 1.5]},
								"up": {"uv": [5, 18], "uv_size": [1.5, 0.5]},
								"down": {"uv": [18, 6.5], "uv_size": [1.5, -0.5]}
							}
						},
						{
							"origin": [-0.59684, -3.9457, -0.20335],
							"size": [1.32016, 1.5415, 0.16601],
							"pivot": [0.06324, -2.7087, 0.13834],
							"rotation": [41, 0, 0],
							"uv": {
								"north": {"uv": [4, 8], "uv_size": [1.5, 1.5]},
								"east": {"uv": [7, 18], "uv_size": [0.5, 1.5]},
								"south": {"uv": [8, 6], "uv_size": [1.5, 1.5]},
								"west": {"uv": [18, 7], "uv_size": [0.5, 1.5]},
								"up": {"uv": [8, 18], "uv_size": [1.5, 0.5]},
								"down": {"uv": [18, 9.5], "uv_size": [1.5, -0.5]}
							}
						},
						{
							"origin": [-0.59684, -3.95442, -1.49246],
							"size": [1.32016, 0.16601, 1.32806],
							"pivot": [0.06324, -2.7087, 0.13834],
							"rotation": [49, 0, 0],
							"uv": {
								"north": {"uv": [10, 18], "uv_size": [1.5, 0.5]},
								"east": {"uv": [18, 10], "uv_size": [1.5, 0.5]},
								"south": {"uv": [18, 11], "uv_size": [1.5, 0.5]},
								"west": {"uv": [12, 18], "uv_size": [1.5, 0.5]},
								"up": {"uv": [8, 8], "uv_size": [1.5, 1.5]},
								"down": {"uv": [9, 5.5], "uv_size": [1.5, -1.5]}
							}
						},
						{
							"origin": [-0.59684, -3.55508, -1.34138],
							"size": [1.32016, 0.16601, 1.63636],
							"pivot": [0.06324, -2.7087, 0.13834],
							"rotation": [49, 0, 0],
							"uv": {
								"north": {"uv": [14, 18], "uv_size": [1.5, 0.5]},
								"east": {"uv": [18, 14], "uv_size": [1.5, 0.5]},
								"south": {"uv": [18, 15], "uv_size": [1.5, 0.5]},
								"west": {"uv": [16, 18], "uv_size": [1.5, 0.5]},
								"up": {"uv": [10, 0], "uv_size": [1.5, 1.5]},
								"down": {"uv": [10, 3.5], "uv_size": [1.5, -1.5]}
							}
						},
						{
							"origin": [-0.59684, -3.14537, -0.87005],
							"size": [1.32016, 0.16601, 1.63636],
							"pivot": [0.06324, -2.7087, 0.13834],
							"rotation": [49, 0, 0],
							"uv": {
								"north": {"uv": [18, 17], "uv_size": [1.5, 0.5]},
								"east": {"uv": [18, 18], "uv_size": [1.5, 0.5]},
								"south": {"uv": [0, 19], "uv_size": [1.5, 0.5]},
								"west": {"uv": [2, 19], "uv_size": [1.5, 0.5]},
								"up": {"uv": [4, 10], "uv_size": [1.5, 1.5]},
								"down": {"uv": [10, 7.5], "uv_size": [1.5, -1.5]}
							}
						},
						{
							"origin": [-0.59684, -2.32594, 0.07259],
							"size": [1.32016, 0.16601, 1.63636],
							"pivot": [0.06324, -2.7087, 0.13834],
							"rotation": [49, 0, 0],
							"uv": {
								"north": {"uv": [19, 2], "uv_size": [1.5, 0.5]},
								"east": {"uv": [19, 3], "uv_size": [1.5, 0.5]},
								"south": {"uv": [4, 19], "uv_size": [1.5, 0.5]},
								"west": {"uv": [19, 4], "uv_size": [1.5, 0.5]},
								"up": {"uv": [8, 10], "uv_size": [1.5, 1.5]},
								"down": {"uv": [10, 9.5], "uv_size": [1.5, -1.5]}
							}
						},
						{
							"origin": [-0.59684, -1.91105, 0.54987],
							"size": [1.32016, 0.16601, 1.63636],
							"pivot": [0.06324, -2.7087, 0.13834],
							"rotation": [49, 0, 0],
							"uv": {
								"north": {"uv": [19, 5], "uv_size": [1.5, 0.5]},
								"east": {"uv": [19, 7], "uv_size": [1.5, 0.5]},
								"south": {"uv": [8, 19], "uv_size": [1.5, 0.5]},
								"west": {"uv": [19, 8], "uv_size": [1.5, 0.5]},
								"up": {"uv": [10, 10], "uv_size": [1.5, 1.5]},
								"down": {"uv": [11, 5.5], "uv_size": [1.5, -1.5]}
							}
						},
						{
							"origin": [-0.59684, -1.10562, 0.52957],
							"size": [1.32016, 0.22925, 0.95652],
							"pivot": [0.06324, -2.7087, 0.13834],
							"rotation": [49, 0, 0],
							"uv": {
								"north": {"uv": [10, 19], "uv_size": [1.5, 0.5]},
								"east": {"uv": [6, 21], "uv_size": [1, 0.5]},
								"south": {"uv": [12, 19], "uv_size": [1.5, 0.5]},
								"west": {"uv": [7, 21], "uv_size": [1, 0.5]},
								"up": {"uv": [16, 4], "uv_size": [1.5, 1]},
								"down": {"uv": [16, 6], "uv_size": [1.5, -1]}
							}
						},
						{
							"origin": [-0.59684, -1.52208, 0.7918],
							"size": [1.32016, 0.16601, 1.37549],
							"pivot": [0.06324, -2.7087, 0.13834],
							"rotation": [49, 0, 0],
							"uv": {
								"north": {"uv": [19, 12], "uv_size": [1.5, 0.5]},
								"east": {"uv": [19, 13], "uv_size": [1.5, 0.5]},
								"south": {"uv": [14, 19], "uv_size": [1.5, 0.5]},
								"west": {"uv": [16, 19], "uv_size": [1.5, 0.5]},
								"up": {"uv": [6, 11], "uv_size": [1.5, 1.5]},
								"down": {"uv": [12, 1.5], "uv_size": [1.5, -1.5]}
							}
						},
						{
							"origin": [-0.59684, -3.00306, 0.61607],
							"size": [1.32016, 2.05534, 0.16601],
							"pivot": [0.06324, -2.7087, 0.13834],
							"rotation": [41, 0, 0],
							"uv": {
								"north": {"uv": [6, 0], "uv_size": [1.5, 2]},
								"east": {"uv": [13, 4], "uv_size": [0.5, 2]},
								"south": {"uv": [6, 2], "uv_size": [1.5, 2]},
								"west": {"uv": [16, 12], "uv_size": [0.5, 2]},
								"up": {"uv": [19, 16], "uv_size": [1.5, 0.5]},
								"down": {"uv": [18, 19.5], "uv_size": [1.5, -0.5]}
							}
						},
						{
							"origin": [-0.59684, -2.05446, 1.44068],
							"size": [1.32016, 1.5415, 0.16601],
							"pivot": [0.06324, -2.7087, 0.13834],
							"rotation": [41, 0, 0],
							"uv": {
								"north": {"uv": [12, 2], "uv_size": [1.5, 1.5]},
								"east": {"uv": [6, 19], "uv_size": [0.5, 1.5]},
								"south": {"uv": [4, 12], "uv_size": [1.5, 1.5]},
								"west": {"uv": [0, 20], "uv_size": [0.5, 1.5]},
								"up": {"uv": [20, 0], "uv_size": [1.5, 0.5]},
								"down": {"uv": [1, 20.5], "uv_size": [1.5, -0.5]}
							}
						},
						{
							"origin": [-0.59684, -2.53174, 1.02578],
							"size": [1.32016, 1.74704, 0.16601],
							"pivot": [0.06324, -2.7087, 0.13834],
							"rotation": [41, 0, 0],
							"uv": {
								"north": {"uv": [12, 6], "uv_size": [1.5, 1.5]},
								"east": {"uv": [3, 20], "uv_size": [0.5, 1.5]},
								"south": {"uv": [8, 12], "uv_size": [1.5, 1.5]},
								"west": {"uv": [4, 20], "uv_size": [0.5, 1.5]},
								"up": {"uv": [20, 1], "uv_size": [1.5, 0.5]},
								"down": {"uv": [20, 6.5], "uv_size": [1.5, -0.5]}
							}
						},
						{
							"origin": [-0.59684, -2.73566, -0.39873],
							"size": [1.32016, 0.16601, 1.63636],
							"pivot": [0.06324, -2.7087, 0.13834],
							"rotation": [49, 0, 0],
							"uv": {
								"north": {"uv": [7, 20], "uv_size": [1.5, 0.5]},
								"east": {"uv": [9, 20], "uv_size": [1.5, 0.5]},
								"south": {"uv": [20, 9], "uv_size": [1.5, 0.5]},
								"west": {"uv": [20, 10], "uv_size": [1.5, 0.5]},
								"up": {"uv": [12, 8], "uv_size": [1.5, 1.5]},
								"down": {"uv": [10, 13.5], "uv_size": [1.5, -1.5]}
							}
						},
						{
							"origin": [-0.59684, -3.47438, 0.20636],
							"size": [1.32016, 1.5415, 0.16601],
							"pivot": [0.06324, -2.7087, 0.13834],
							"rotation": [41, 0, 0],
							"uv": {
								"north": {"uv": [12, 10], "uv_size": [1.5, 1.5]},
								"east": {"uv": [5, 20], "uv_size": [0.5, 1.5]},
								"south": {"uv": [12, 12], "uv_size": [1.5, 1.5]},
								"west": {"uv": [11, 20], "uv_size": [0.5, 1.5]},
								"up": {"uv": [20, 11], "uv_size": [1.5, 0.5]},
								"down": {"uv": [12, 20.5], "uv_size": [1.5, -0.5]}
							}
						},
						{
							"origin": [0.06131, -5.28063, 1.00554],
							"size": [0.50593, 4.72727, 0.37154],
							"pivot": [0.06324, -2.7087, 0.13834],
							"rotation": [0, -37, 0],
							"uv": {
								"north": {"uv": [6, 6], "uv_size": [0.5, 4.5]},
								"east": {"uv": [7, 6], "uv_size": [0.5, 4.5]},
								"south": {"uv": [0, 8], "uv_size": [0.5, 4.5]},
								"west": {"uv": [1, 8], "uv_size": [0.5, 4.5]},
								"up": {"uv": [10, 21], "uv_size": [0.5, 0.5]},
								"down": {"uv": [12, 21.5], "uv_size": [0.5, -0.5]}
							}
						},
						{
							"origin": [-0.44076, -5.28063, 1.00554],
							"size": [0.50593, 4.72727, 0.37154],
							"pivot": [0.06324, -2.7087, 0.13834],
							"rotation": [0, 37, 0],
							"uv": {
								"north": {"uv": [0, 13], "uv_size": [0.5, 4.5]},
								"east": {"uv": [1, 13], "uv_size": [0.5, 4.5]},
								"south": {"uv": [2, 13], "uv_size": [0.5, 4.5]},
								"west": {"uv": [3, 13], "uv_size": [0.5, 4.5]},
								"up": {"uv": [21, 19], "uv_size": [0.5, 0.5]},
								"down": {"uv": [20, 21.5], "uv_size": [0.5, -0.5]}
							}
						},
						{
							"origin": [-0.27974, -5.28063, 1.05942],
							"size": [0.68597, 4.72727, 0.37154],
							"uv": {
								"north": {"uv": [6, 13], "uv_size": [0.5, 4.5]},
								"east": {"uv": [7, 13], "uv_size": [0.5, 4.5]},
								"south": {"uv": [14, 0], "uv_size": [0.5, 4.5]},
								"west": {"uv": [4, 14], "uv_size": [0.5, 4.5]},
								"up": {"uv": [21, 20], "uv_size": [0.5, 0.5]},
								"down": {"uv": [21, 21.5], "uv_size": [0.5, -0.5]}
							}
						},
						{
							"origin": [-0.68379, -1.21425, -1.13354],
							"size": [1.49407, 0.58975, 0.63157],
							"uv": {
								"north": {"uv": [16, 6], "uv_size": [1.5, 1]},
								"east": {"uv": [21, 7], "uv_size": [0.5, 1]},
								"south": {"uv": [16, 7], "uv_size": [1.5, 1]},
								"west": {"uv": [8, 21], "uv_size": [0.5, 1]},
								"up": {"uv": [14, 20], "uv_size": [1.5, 0.5]},
								"down": {"uv": [20, 14.5], "uv_size": [1.5, -0.5]}
							}
						},
						{
							"origin": [-0.68379, -0.69251, -1.12648],
							"size": [1.49407, 0.8269, 2.83794],
							"inflate": 0.0001,
							"uv": {
								"north": {"uv": [16, 8], "uv_size": [1.5, 1]},
								"east": {"uv": [6, 4], "uv_size": [3, 1]},
								"south": {"uv": [16, 9], "uv_size": [1.5, 1]},
								"west": {"uv": [6, 5], "uv_size": [3, 1]},
								"up": {"uv": [0, 5], "uv_size": [1.5, 3]},
								"down": {"uv": [2, 8], "uv_size": [1.5, -3]}
							}
						},
						{
							"origin": [-0.68379, -2.24726, -1.76905],
							"size": [1.49407, 0.43478, 0.84585],
							"pivot": [0.06324, -2.7087, 0.13834],
							"rotation": [-36, 0, 0],
							"uv": {
								"north": {"uv": [20, 15], "uv_size": [1.5, 0.5]},
								"east": {"uv": [21, 8], "uv_size": [1, 0.5]},
								"south": {"uv": [16, 20], "uv_size": [1.5, 0.5]},
								"west": {"uv": [9, 21], "uv_size": [1, 0.5]},
								"up": {"uv": [16, 10], "uv_size": [1.5, 1]},
								"down": {"uv": [16, 12], "uv_size": [1.5, -1]}
							}
						}
					]
				}
			]
		}
	]
}