{
	"format_version": "1.12.0",
	"minecraft:geometry": [
		{
			"description": {
				"identifier": "geometry.unknown",
				"texture_width": 32,
				"texture_height": 32,
				"visible_bounds_width": 2,
				"visible_bounds_height": 1.5,
				"visible_bounds_offset": [0, 0.25, 0]
			},
			"bones": [
				{
					"name": "gp2",
					"pivot": [0.0682, -2.7416, -0.42438],
					"cubes": [
						{
							"origin": [-0.74704, -4.47431, -0.28854],
							"size": [1.63636, 3.96047, 1.10672],
							"uv": {
								"north": {"uv": [0, 0], "uv_size": [1.5, 4]},
								"east": {"uv": [6, 6], "uv_size": [1, 4]},
								"south": {"uv": [2, 0], "uv_size": [1.5, 4]},
								"west": {"uv": [7, 6], "uv_size": [1, 4]},
								"up": {"uv": [2, 12], "uv_size": [1.5, 1]},
								"down": {"uv": [4, 13], "uv_size": [1.5, -1]}
							}
						},
						{
							"origin": [-0.74704, -0.50593, -0.28854],
							"size": [1.63636, 0.49012, 1.10672],
							"uv": {
								"north": {"uv": [14, 11], "uv_size": [1.5, 0.5]},
								"east": {"uv": [9, 17], "uv_size": [1, 0.5]},
								"south": {"uv": [12, 14], "uv_size": [1.5, 0.5]},
								"west": {"uv": [17, 9], "uv_size": [1, 0.5]},
								"up": {"uv": [12, 4], "uv_size": [1.5, 1]},
								"down": {"uv": [12, 6], "uv_size": [1.5, -1]}
							}
						},
						{
							"origin": [-0.74704, -0.50593, -0.28854],
							"size": [0.33992, 0.49012, 1.10672],
							"pivot": [-0.74704, -0.01581, 0.81818],
							"rotation": [0, -57, 0],
							"uv": {
								"north": {"uv": [18, 20], "uv_size": [0.5, 0.5]},
								"east": {"uv": [17, 10], "uv_size": [1, 0.5]},
								"south": {"uv": [20, 18], "uv_size": [0.5, 0.5]},
								"west": {"uv": [12, 17], "uv_size": [1, 0.5]},
								"up": {"uv": [17, 12], "uv_size": [0.5, 1]},
								"down": {"uv": [13, 18], "uv_size": [0.5, -1]}
							}
						},
						{
							"origin": [0.54941, -0.50593, -0.28854],
							"size": [0.33992, 0.49012, 1.10672],
							"pivot": [0.88933, -0.01581, 0.81818],
							"rotation": [0, 57, 0],
							"uv": {
								"north": {"uv": [19, 20], "uv_size": [0.5, 0.5]},
								"east": {"uv": [17, 13], "uv_size": [1, 0.5]},
								"south": {"uv": [20, 19], "uv_size": [0.5, 0.5]},
								"west": {"uv": [17, 14], "uv_size": [1, 0.5]},
								"up": {"uv": [15, 17], "uv_size": [0.5, 1]},
								"down": {"uv": [17, 16], "uv_size": [0.5, -1]}
							}
						},
						{
							"origin": [-0.05138, -0.50593, -1.83794],
							"size": [0.94071, 0.49012, 1.54941],
							"pivot": [0.88933, -0.01581, -0.28854],
							"rotation": [0, 4, 0],
							"uv": {
								"north": {"uv": [16, 17], "uv_size": [1, 0.5]},
								"east": {"uv": [14, 14], "uv_size": [1.5, 0.5]},
								"south": {"uv": [17, 16], "uv_size": [1, 0.5]},
								"west": {"uv": [15, 0], "uv_size": [1.5, 0.5]},
								"up": {"uv": [10, 2], "uv_size": [1, 1.5]},
								"down": {"uv": [12, 7.5], "uv_size": [1, -1.5]}
							}
						},
						{
							"origin": [-0.74555, -0.50593, -1.79548],
							"size": [0.94071, 0.49012, 1.54941],
							"pivot": [-0.13834, -0.01581, -0.28854],
							"rotation": [0, -4, 0],
							"uv": {
								"north": {"uv": [17, 17], "uv_size": [1, 0.5]},
								"east": {"uv": [15, 1], "uv_size": [1.5, 0.5]},
								"south": {"uv": [0, 18], "uv_size": [1, 0.5]},
								"west": {"uv": [3, 15], "uv_size": [1.5, 0.5]},
								"up": {"uv": [8, 12], "uv_size": [1, 1.5]},
								"down": {"uv": [12, 9.5], "uv_size": [1, -1.5]}
							}
						},
						{
							"origin": [0.52828, -0.50593, -3.05947],
							"size": [0.25296, 0.75099, 1.2253],
							"uv": {
								"north": {"uv": [1, 18], "uv_size": [0.5, 1]},
								"east": {"uv": [13, 11], "uv_size": [1, 1]},
								"south": {"uv": [18, 2], "uv_size": [0.5, 1]},
								"west": {"uv": [12, 13], "uv_size": [1, 1]},
								"up": {"uv": [18, 3], "uv_size": [0.5, 1]},
								"down": {"uv": [18, 5], "uv_size": [0.5, -1]}
							}
						},
						{
							"origin": [0.52828, -0.33202, 0.8931],
							"size": [0.24506, 0.52174, 2.1581],
							"uv": {
								"north": {"uv": [20, 20], "uv_size": [0.5, 0.5]},
								"east": {"uv": [13, 12], "uv_size": [2, 0.5]},
								"south": {"uv": [0, 21], "uv_size": [0.5, 0.5]},
								"west": {"uv": [13, 13], "uv_size": [2, 0.5]},
								"up": {"uv": [14, 0], "uv_size": [0.5, 2]},
								"down": {"uv": [2, 16], "uv_size": [0.5, -2]}
							}
						},
						{
							"origin": [0.52828, -0.33202, 1.37532],
							"size": [0.24506, 0.52174, 1.00395],
							"pivot": [0.77334, -0.33202, 2.37927],
							"rotation": [16, 0, 0],
							"uv": {
								"north": {"uv": [21, 0], "uv_size": [0.5, 0.5]},
								"east": {"uv": [18, 5], "uv_size": [1, 0.5]},
								"south": {"uv": [1, 21], "uv_size": [0.5, 0.5]},
								"west": {"uv": [6, 18], "uv_size": [1, 0.5]},
								"up": {"uv": [18, 6], "uv_size": [0.5, 1]},
								"down": {"uv": [7, 19], "uv_size": [0.5, -1]}
							}
						},
						{
							"origin": [0.52828, -0.60874, 0.41025],
							"size": [0.24506, 0.52174, 1.00395],
							"uv": {
								"north": {"uv": [21, 1], "uv_size": [0.5, 0.5]},
								"east": {"uv": [18, 7], "uv_size": [1, 0.5]},
								"south": {"uv": [2, 21], "uv_size": [0.5, 0.5]},
								"west": {"uv": [18, 8], "uv_size": [1, 0.5]},
								"up": {"uv": [9, 18], "uv_size": [0.5, 1]},
								"down": {"uv": [18, 10], "uv_size": [0.5, -1]}
							}
						},
						{
							"origin": [-0.64686, -0.60874, 0.41025],
							"size": [0.24506, 0.52174, 1.00395],
							"uv": {
								"north": {"uv": [21, 2], "uv_size": [0.5, 0.5]},
								"east": {"uv": [10, 18], "uv_size": [1, 0.5]},
								"south": {"uv": [3, 21], "uv_size": [0.5, 0.5]},
								"west": {"uv": [18, 10], "uv_size": [1, 0.5]},
								"up": {"uv": [11, 18], "uv_size": [0.5, 1]},
								"down": {"uv": [18, 12], "uv_size": [0.5, -1]}
							}
						},
						{
							"origin": [-0.64686, -0.33202, 1.37532],
							"size": [0.24506, 0.52174, 1.00395],
							"pivot": [-0.64686, -0.33202, 2.37927],
							"rotation": [16, 0, 0],
							"uv": {
								"north": {"uv": [21, 3], "uv_size": [0.5, 0.5]},
								"east": {"uv": [12, 18], "uv_size": [1, 0.5]},
								"south": {"uv": [4, 21], "uv_size": [0.5, 0.5]},
								"west": {"uv": [18, 12], "uv_size": [1, 0.5]},
								"up": {"uv": [13, 18], "uv_size": [0.5, 1]},
								"down": {"uv": [18, 14], "uv_size": [0.5, -1]}
							}
						},
						{
							"origin": [0.77334, -0.33202, 2.79824],
							"size": [0.19763, 0.52174, 0.25296],
							"uv": {
								"north": {"uv": [21, 4], "uv_size": [0.5, 0.5]},
								"east": {"uv": [5, 21], "uv_size": [0.5, 0.5]},
								"south": {"uv": [21, 5], "uv_size": [0.5, 0.5]},
								"west": {"uv": [6, 21], "uv_size": [0.5, 0.5]},
								"up": {"uv": [21, 6], "uv_size": [0.5, 0.5]},
								"down": {"uv": [7, 21.5], "uv_size": [0.5, -0.5]}
							}
						},
						{
							"origin": [-0.84449, -0.33202, 2.79824],
							"size": [0.19763, 0.52174, 0.25296],
							"uv": {
								"north": {"uv": [21, 7], "uv_size": [0.5, 0.5]},
								"east": {"uv": [8, 21], "uv_size": [0.5, 0.5]},
								"south": {"uv": [21, 8], "uv_size": [0.5, 0.5]},
								"west": {"uv": [9, 21], "uv_size": [0.5, 0.5]},
								"up": {"uv": [21, 9], "uv_size": [0.5, 0.5]},
								"down": {"uv": [10, 21.5], "uv_size": [0.5, -0.5]}
							}
						},
						{
							"origin": [-0.64686, -0.33202, 0.8931],
							"size": [0.24506, 0.52174, 2.1581],
							"uv": {
								"north": {"uv": [21, 10], "uv_size": [0.5, 0.5]},
								"east": {"uv": [14, 2], "uv_size": [2, 0.5]},
								"south": {"uv": [11, 21], "uv_size": [0.5, 0.5]},
								"west": {"uv": [3, 14], "uv_size": [2, 0.5]},
								"up": {"uv": [14, 4], "uv_size": [0.5, 2]},
								"down": {"uv": [5, 16], "uv_size": [0.5, -2]}
							}
						},
						{
							"origin": [0.52828, -0.22925, -3.59702],
							"size": [0.25296, 0.47431, 0.53755],
							"uv": {
								"north": {"uv": [21, 11], "uv_size": [0.5, 0.5]},
								"east": {"uv": [12, 21], "uv_size": [0.5, 0.5]},
								"south": {"uv": [21, 12], "uv_size": [0.5, 0.5]},
								"west": {"uv": [13, 21], "uv_size": [0.5, 0.5]},
								"up": {"uv": [21, 13], "uv_size": [0.5, 0.5]},
								"down": {"uv": [14, 21.5], "uv_size": [0.5, -0.5]}
							}
						},
						{
							"origin": [0.52828, -0.22925, -3.59702],
							"size": [0.25296, 0.47431, 0.53755],
							"pivot": [0.78125, -0.22925, -3.59702],
							"rotation": [-23, 0, 0],
							"uv": {
								"north": {"uv": [21, 14], "uv_size": [0.5, 0.5]},
								"east": {"uv": [15, 21], "uv_size": [0.5, 0.5]},
								"south": {"uv": [21, 15], "uv_size": [0.5, 0.5]},
								"west": {"uv": [16, 21], "uv_size": [0.5, 0.5]},
								"up": {"uv": [21, 16], "uv_size": [0.5, 0.5]},
								"down": {"uv": [17, 21.5], "uv_size": [0.5, -0.5]}
							}
						},
						{
							"origin": [-0.63895, -0.22925, -3.59702],
							"size": [0.25296, 0.47431, 0.53755],
							"pivot": [-0.63895, -0.22925, -3.59702],
							"rotation": [-23, 0, 0],
							"uv": {
								"north": {"uv": [21, 17], "uv_size": [0.5, 0.5]},
								"east": {"uv": [18, 21], "uv_size": [0.5, 0.5]},
								"south": {"uv": [21, 18], "uv_size": [0.5, 0.5]},
								"west": {"uv": [19, 21], "uv_size": [0.5, 0.5]},
								"up": {"uv": [21, 19], "uv_size": [0.5, 0.5]},
								"down": {"uv": [20, 21.5], "uv_size": [0.5, -0.5]}
							}
						},
						{
							"origin": [-0.38599, -0.22925, -3.59702],
							"size": [0.9249, 0.11067, 0.53755],
							"pivot": [-0.63895, -0.22925, -3.59702],
							"rotation": [-23, 0, 0],
							"uv": {
								"north": {"uv": [14, 18], "uv_size": [1, 0.5]},
								"east": {"uv": [21, 20], "uv_size": [0.5, 0.5]},
								"south": {"uv": [18, 14], "uv_size": [1, 0.5]},
								"west": {"uv": [21, 21], "uv_size": [0.5, 0.5]},
								"up": {"uv": [15, 18], "uv_size": [1, 0.5]},
								"down": {"uv": [18, 15.5], "uv_size": [1, -0.5]}
							}
						},
						{
							"origin": [-0.63895, -0.50593, -3.05947],
							"size": [0.25296, 0.75099, 1.2253],
							"uv": {
								"north": {"uv": [16, 18], "uv_size": [0.5, 1]},
								"east": {"uv": [6, 14], "uv_size": [1, 1]},
								"south": {"uv": [18, 16], "uv_size": [0.5, 1]},
								"west": {"uv": [7, 14], "uv_size": [1, 1]},
								"up": {"uv": [17, 18], "uv_size": [0.5, 1]},
								"down": {"uv": [18, 18], "uv_size": [0.5, -1]}
							}
						},
						{
							"origin": [-0.63895, -0.22925, -3.59702],
							"size": [0.25296, 0.47431, 0.53755],
							"uv": {
								"north": {"uv": [0, 22], "uv_size": [0.5, 0.5]},
								"east": {"uv": [22, 0], "uv_size": [0.5, 0.5]},
								"south": {"uv": [1, 22], "uv_size": [0.5, 0.5]},
								"west": {"uv": [22, 1], "uv_size": [0.5, 0.5]},
								"up": {"uv": [2, 22], "uv_size": [0.5, 0.5]},
								"down": {"uv": [22, 2.5], "uv_size": [0.5, -0.5]}
							}
						},
						{
							"origin": [-0.63377, -1.71542, -3.14642],
							"size": [1.41502, 1.3913, 0.50593],
							"uv": {
								"north": {"uv": [9, 4], "uv_size": [1.5, 1.5]},
								"east": {"uv": [15, 3], "uv_size": [0.5, 1.5]},
								"south": {"uv": [9, 6], "uv_size": [1.5, 1.5]},
								"west": {"uv": [15, 5], "uv_size": [0.5, 1.5]},
								"up": {"uv": [6, 15], "uv_size": [1.5, 0.5]},
								"down": {"uv": [15, 7.5], "uv_size": [1.5, -0.5]}
							}
						},
						{
							"origin": [-0.63377, -4.75099, -3.03575],
							"size": [1.41502, 3.03557, 0.39526],
							"uv": {
								"north": {"uv": [6, 0], "uv_size": [1.5, 3]},
								"east": {"uv": [12, 10], "uv_size": [0.5, 3]},
								"south": {"uv": [6, 3], "uv_size": [1.5, 3]},
								"west": {"uv": [13, 0], "uv_size": [0.5, 3]},
								"up": {"uv": [8, 15], "uv_size": [1.5, 0.5]},
								"down": {"uv": [15, 8.5], "uv_size": [1.5, -0.5]}
							}
						},
						{
							"origin": [-0.63377, -5.00395, -3.03575],
							"size": [1.41502, 0.25296, 0.39526],
							"pivot": [-0.63377, -4.75099, -3.03575],
							"rotation": [27, 0, 0],
							"uv": {
								"north": {"uv": [15, 9], "uv_size": [1.5, 0.5]},
								"east": {"uv": [3, 22], "uv_size": [0.5, 0.5]},
								"south": {"uv": [10, 15], "uv_size": [1.5, 0.5]},
								"west": {"uv": [22, 3], "uv_size": [0.5, 0.5]},
								"up": {"uv": [15, 10], "uv_size": [1.5, 0.5]},
								"down": {"uv": [12, 15.5], "uv_size": [1.5, -0.5]}
							}
						},
						{
							"origin": [-0.63377, -4.97638, -2.92091],
							"size": [1.41502, 0.25296, 1.66798],
							"uv": {
								"north": {"uv": [15, 12], "uv_size": [1.5, 0.5]},
								"east": {"uv": [15, 13], "uv_size": [1.5, 0.5]},
								"south": {"uv": [14, 15], "uv_size": [1.5, 0.5]},
								"west": {"uv": [0, 16], "uv_size": [1.5, 0.5]},
								"up": {"uv": [9, 8], "uv_size": [1.5, 1.5]},
								"down": {"uv": [10, 1.5], "uv_size": [1.5, -1.5]}
							}
						},
						{
							"origin": [-0.75235, -5.70365, -0.32802],
							"size": [1.62846, 0.36364, 1.15415],
							"uv": {
								"north": {"uv": [2, 16], "uv_size": [1.5, 0.5]},
								"east": {"uv": [18, 18], "uv_size": [1, 0.5]},
								"south": {"uv": [16, 2], "uv_size": [1.5, 0.5]},
								"west": {"uv": [0, 19], "uv_size": [1, 0.5]},
								"up": {"uv": [2, 13], "uv_size": [1.5, 1]},
								"down": {"uv": [13, 4], "uv_size": [1.5, -1]}
							}
						},
						{
							"origin": [0.41761, -5.70365, 0.55735],
							"size": [0.4585, 1.06719, 0.28458],
							"pivot": [0.87611, -5.0001, 0.84194],
							"rotation": [0, 44, 0],
							"uv": {
								"north": {"uv": [19, 0], "uv_size": [0.5, 1]},
								"east": {"uv": [1, 19], "uv_size": [0.5, 1]},
								"south": {"uv": [19, 1], "uv_size": [0.5, 1]},
								"west": {"uv": [2, 19], "uv_size": [0.5, 1]},
								"up": {"uv": [4, 22], "uv_size": [0.5, 0.5]},
								"down": {"uv": [22, 4.5], "uv_size": [0.5, -0.5]}
							}
						},
						{
							"origin": [-0.75235, -5.70365, 0.6364],
							"size": [1.62846, 1.06719, 0.20553],
							"uv": {
								"north": {"uv": [4, 13], "uv_size": [1.5, 1]},
								"east": {"uv": [19, 2], "uv_size": [0.5, 1]},
								"south": {"uv": [13, 6], "uv_size": [1.5, 1]},
								"west": {"uv": [3, 19], "uv_size": [0.5, 1]},
								"up": {"uv": [16, 3], "uv_size": [1.5, 0.5]},
								"down": {"uv": [4, 16.5], "uv_size": [1.5, -0.5]}
							}
						},
						{
							"origin": [-0.42253, -5.70365, 0.87585],
							"size": [0.96883, 1.06719, 0.28458],
							"uv": {
								"north": {"uv": [14, 7], "uv_size": [1, 1]},
								"east": {"uv": [19, 3], "uv_size": [0.5, 1]},
								"south": {"uv": [8, 14], "uv_size": [1, 1]},
								"west": {"uv": [4, 19], "uv_size": [0.5, 1]},
								"up": {"uv": [19, 4], "uv_size": [1, 0.5]},
								"down": {"uv": [5, 19.5], "uv_size": [1, -0.5]}
							}
						},
						{
							"origin": [-0.75235, -5.70365, 0.55735],
							"size": [0.4585, 1.06719, 0.28458],
							"pivot": [-0.75235, -5.0001, 0.84194],
							"rotation": [0, -44, 0],
							"uv": {
								"north": {"uv": [19, 5], "uv_size": [0.5, 1]},
								"east": {"uv": [6, 19], "uv_size": [0.5, 1]},
								"south": {"uv": [19, 6], "uv_size": [0.5, 1]},
								"west": {"uv": [7, 19], "uv_size": [0.5, 1]},
								"up": {"uv": [5, 22], "uv_size": [0.5, 0.5]},
								"down": {"uv": [22, 5.5], "uv_size": [0.5, -0.5]}
							}
						},
						{
							"origin": [-0.38081, -5.43488, -0.32802],
							"size": [0.89328, 0.96443, 0.60861],
							"uv": {
								"north": {"uv": [14, 8], "uv_size": [1, 1]},
								"east": {"uv": [19, 7], "uv_size": [0.5, 1]},
								"south": {"uv": [9, 14], "uv_size": [1, 1]},
								"west": {"uv": [8, 19], "uv_size": [0.5, 1]},
								"up": {"uv": [19, 8], "uv_size": [1, 0.5]},
								"down": {"uv": [9, 19.5], "uv_size": [1, -0.5]}
							}
						},
						{
							"origin": [-0.38081, -5.43488, -0.32802],
							"size": [0.3004, 0.96443, 0.56917],
							"pivot": [-0.38081, -4.83409, -0.32802],
							"rotation": [0, 58, 0],
							"uv": {
								"north": {"uv": [19, 9], "uv_size": [0.5, 1]},
								"east": {"uv": [10, 19], "uv_size": [0.5, 1]},
								"south": {"uv": [19, 10], "uv_size": [0.5, 1]},
								"west": {"uv": [11, 19], "uv_size": [0.5, 1]},
								"up": {"uv": [6, 22], "uv_size": [0.5, 0.5]},
								"down": {"uv": [22, 6.5], "uv_size": [0.5, -0.5]}
							}
						},
						{
							"origin": [0.21208, -5.43488, -0.32802],
							"size": [0.3004, 0.96443, 0.56917],
							"pivot": [0.51247, -4.83409, -0.32802],
							"rotation": [0, -58, 0],
							"uv": {
								"north": {"uv": [19, 11], "uv_size": [0.5, 1]},
								"east": {"uv": [12, 19], "uv_size": [0.5, 1]},
								"south": {"uv": [19, 12], "uv_size": [0.5, 1]},
								"west": {"uv": [13, 19], "uv_size": [0.5, 1]},
								"up": {"uv": [7, 22], "uv_size": [0.5, 0.5]},
								"down": {"uv": [22, 7.5], "uv_size": [0.5, -0.5]}
							}
						},
						{
							"origin": [0.21208, -5.43488, -0.28858],
							"size": [0.3004, 0.96443, 0.56917],
							"pivot": [0.51247, -4.83409, 0.28059],
							"rotation": [0, 58, 0],
							"uv": {
								"north": {"uv": [19, 13], "uv_size": [0.5, 1]},
								"east": {"uv": [14, 19], "uv_size": [0.5, 1]},
								"south": {"uv": [19, 14], "uv_size": [0.5, 1]},
								"west": {"uv": [15, 19], "uv_size": [0.5, 1]},
								"up": {"uv": [8, 22], "uv_size": [0.5, 0.5]},
								"down": {"uv": [22, 8.5], "uv_size": [0.5, -0.5]}
							}
						},
						{
							"origin": [-0.38081, -5.43488, -0.28858],
							"size": [0.3004, 0.96443, 0.56917],
							"pivot": [-0.38081, -4.83409, 0.28059],
							"rotation": [0, -58, 0],
							"uv": {
								"north": {"uv": [19, 15], "uv_size": [0.5, 1]},
								"east": {"uv": [16, 19], "uv_size": [0.5, 1]},
								"south": {"uv": [19, 16], "uv_size": [0.5, 1]},
								"west": {"uv": [17, 19], "uv_size": [0.5, 1]},
								"up": {"uv": [9, 22], "uv_size": [0.5, 0.5]},
								"down": {"uv": [22, 9.5], "uv_size": [0.5, -0.5]}
							}
						},
						{
							"origin": [-0.22162, -5.43488, -0.58277],
							"size": [0.57491, 0.96443, 1.11811],
							"uv": {
								"north": {"uv": [19, 17], "uv_size": [0.5, 1]},
								"east": {"uv": [14, 9], "uv_size": [1, 1]},
								"south": {"uv": [18, 19], "uv_size": [0.5, 1]},
								"west": {"uv": [10, 14], "uv_size": [1, 1]},
								"up": {"uv": [19, 18], "uv_size": [0.5, 1]},
								"down": {"uv": [19, 20], "uv_size": [0.5, -1]}
							}
						},
						{
							"origin": [-0.75235, -5.70365, -0.32802],
							"size": [0.52174, 0.36364, 0.98024],
							"pivot": [-0.75235, -5.34002, -0.32802],
							"rotation": [0, 79, 0],
							"uv": {
								"north": {"uv": [10, 22], "uv_size": [0.5, 0.5]},
								"east": {"uv": [0, 20], "uv_size": [1, 0.5]},
								"south": {"uv": [22, 10], "uv_size": [0.5, 0.5]},
								"west": {"uv": [20, 0], "uv_size": [1, 0.5]},
								"up": {"uv": [1, 20], "uv_size": [0.5, 1]},
								"down": {"uv": [20, 2], "uv_size": [0.5, -1]}
							}
						},
						{
							"origin": [-0.25312, -5.70365, -1.17554],
							"size": [0.63, 0.36364, 0.98024],
							"uv": {
								"north": {"uv": [11, 22], "uv_size": [0.5, 0.5]},
								"east": {"uv": [2, 20], "uv_size": [1, 0.5]},
								"south": {"uv": [22, 11], "uv_size": [0.5, 0.5]},
								"west": {"uv": [20, 2], "uv_size": [1, 0.5]},
								"up": {"uv": [3, 20], "uv_size": [0.5, 1]},
								"down": {"uv": [20, 4], "uv_size": [0.5, -1]}
							}
						},
						{
							"origin": [-0.25312, -5.70365, -1.17554],
							"size": [0.63, 0.74308, 0.29249],
							"pivot": [-0.25312, -5.70365, -1.17554],
							"rotation": [56, 0, 0],
							"uv": {
								"north": {"uv": [12, 22], "uv_size": [0.5, 0.5]},
								"east": {"uv": [22, 12], "uv_size": [0.5, 0.5]},
								"south": {"uv": [13, 22], "uv_size": [0.5, 0.5]},
								"west": {"uv": [22, 13], "uv_size": [0.5, 0.5]},
								"up": {"uv": [14, 22], "uv_size": [0.5, 0.5]},
								"down": {"uv": [22, 14.5], "uv_size": [0.5, -0.5]}
							}
						},
						{
							"origin": [-0.6528, -5.70365, -0.84018],
							"size": [0.52174, 0.36364, 0.98024],
							"pivot": [-0.6528, -5.34002, -0.84018],
							"rotation": [0, 40, 0],
							"uv": {
								"north": {"uv": [15, 22], "uv_size": [0.5, 0.5]},
								"east": {"uv": [4, 20], "uv_size": [1, 0.5]},
								"south": {"uv": [22, 15], "uv_size": [0.5, 0.5]},
								"west": {"uv": [20, 4], "uv_size": [1, 0.5]},
								"up": {"uv": [5, 20], "uv_size": [0.5, 1]},
								"down": {"uv": [20, 6], "uv_size": [0.5, -1]}
							}
						},
						{
							"origin": [0.25482, -5.70365, -0.84018],
							"size": [0.52174, 0.36364, 0.98024],
							"pivot": [0.77656, -5.34002, -0.84018],
							"rotation": [0, -40, 0],
							"uv": {
								"north": {"uv": [16, 22], "uv_size": [0.5, 0.5]},
								"east": {"uv": [6, 20], "uv_size": [1, 0.5]},
								"south": {"uv": [22, 16], "uv_size": [0.5, 0.5]},
								"west": {"uv": [20, 6], "uv_size": [1, 0.5]},
								"up": {"uv": [7, 20], "uv_size": [0.5, 1]},
								"down": {"uv": [20, 8], "uv_size": [0.5, -1]}
							}
						},
						{
							"origin": [0.35437, -5.70365, -0.32802],
							"size": [0.52174, 0.36364, 0.98024],
							"pivot": [0.87611, -5.34002, -0.32802],
							"rotation": [0, -79, 0],
							"uv": {
								"north": {"uv": [17, 22], "uv_size": [0.5, 0.5]},
								"east": {"uv": [8, 20], "uv_size": [1, 0.5]},
								"south": {"uv": [22, 17], "uv_size": [0.5, 0.5]},
								"west": {"uv": [20, 8], "uv_size": [1, 0.5]},
								"up": {"uv": [9, 20], "uv_size": [0.5, 1]},
								"down": {"uv": [20, 10], "uv_size": [0.5, -1]}
							}
						},
						{
							"origin": [-0.63377, -4.97638, -2.92091],
							"size": [0.47431, 0.25296, 1.66798],
							"pivot": [-0.63377, -4.97638, -1.25292],
							"rotation": [0, 0, 45],
							"uv": {
								"north": {"uv": [18, 22], "uv_size": [0.5, 0.5]},
								"east": {"uv": [16, 4], "uv_size": [1.5, 0.5]},
								"south": {"uv": [22, 18], "uv_size": [0.5, 0.5]},
								"west": {"uv": [16, 5], "uv_size": [1.5, 0.5]},
								"up": {"uv": [6, 16], "uv_size": [0.5, 1.5]},
								"down": {"uv": [7, 17.5], "uv_size": [0.5, -1.5]}
							}
						},
						{
							"origin": [-0.29839, -5.31177, -2.92091],
							"size": [0.74425, 0.37154, 1.66798],
							"uv": {
								"north": {"uv": [19, 22], "uv_size": [0.5, 0.5]},
								"east": {"uv": [16, 6], "uv_size": [1.5, 0.5]},
								"south": {"uv": [22, 19], "uv_size": [0.5, 0.5]},
								"west": {"uv": [8, 16], "uv_size": [1.5, 0.5]},
								"up": {"uv": [10, 16], "uv_size": [0.5, 1.5]},
								"down": {"uv": [11, 17.5], "uv_size": [0.5, -1.5]}
							}
						},
						{
							"origin": [0.30694, -4.97638, -2.92091],
							"size": [0.47431, 0.25296, 1.66798],
							"pivot": [0.78125, -4.97638, -1.25292],
							"rotation": [0, 0, -45],
							"uv": {
								"north": {"uv": [20, 22], "uv_size": [0.5, 0.5]},
								"east": {"uv": [16, 11], "uv_size": [1.5, 0.5]},
								"south": {"uv": [22, 20], "uv_size": [0.5, 0.5]},
								"west": {"uv": [12, 16], "uv_size": [1.5, 0.5]},
								"up": {"uv": [14, 16], "uv_size": [0.5, 1.5]},
								"down": {"uv": [16, 15.5], "uv_size": [0.5, -1.5]}
							}
						},
						{
							"origin": [-0.63377, -4.97638, -1.86162],
							"size": [0.49802, 0.25296, 0.6087],
							"pivot": [-0.63377, -4.72342, -1.25292],
							"rotation": [0, -59, 0],
							"uv": {
								"north": {"uv": [21, 22], "uv_size": [0.5, 0.5]},
								"east": {"uv": [22, 21], "uv_size": [0.5, 0.5]},
								"south": {"uv": [22, 22], "uv_size": [0.5, 0.5]},
								"west": {"uv": [0, 23], "uv_size": [0.5, 0.5]},
								"up": {"uv": [23, 0], "uv_size": [0.5, 0.5]},
								"down": {"uv": [1, 23.5], "uv_size": [0.5, -0.5]}
							}
						},
						{
							"origin": [0.28322, -4.97638, -1.86162],
							"size": [0.49802, 0.25296, 0.6087],
							"pivot": [0.78125, -4.72342, -1.25292],
							"rotation": [0, 59, 0],
							"uv": {
								"north": {"uv": [23, 1], "uv_size": [0.5, 0.5]},
								"east": {"uv": [2, 23], "uv_size": [0.5, 0.5]},
								"south": {"uv": [23, 2], "uv_size": [0.5, 0.5]},
								"west": {"uv": [3, 23], "uv_size": [0.5, 0.5]},
								"up": {"uv": [23, 3], "uv_size": [0.5, 0.5]},
								"down": {"uv": [4, 23.5], "uv_size": [0.5, -0.5]}
							}
						},
						{
							"origin": [-0.37727, -4.97638, -1.43473],
							"size": [0.90202, 0.25296, 0.6087],
							"uv": {
								"north": {"uv": [10, 20], "uv_size": [1, 0.5]},
								"east": {"uv": [23, 4], "uv_size": [0.5, 0.5]},
								"south": {"uv": [20, 10], "uv_size": [1, 0.5]},
								"west": {"uv": [5, 23], "uv_size": [0.5, 0.5]},
								"up": {"uv": [11, 20], "uv_size": [1, 0.5]},
								"down": {"uv": [20, 11.5], "uv_size": [1, -0.5]}
							}
						},
						{
							"origin": [-0.63377, -1.71542, -3.14642],
							"size": [1.41502, 0.18182, 0.50593],
							"pivot": [-0.63377, -1.71542, -3.14642],
							"rotation": [-42, 0, 0],
							"uv": {
								"north": {"uv": [15, 16], "uv_size": [1.5, 0.5]},
								"east": {"uv": [23, 5], "uv_size": [0.5, 0.5]},
								"south": {"uv": [0, 17], "uv_size": [1.5, 0.5]},
								"west": {"uv": [6, 23], "uv_size": [0.5, 0.5]},
								"up": {"uv": [17, 0], "uv_size": [1.5, 0.5]},
								"down": {"uv": [17, 1.5], "uv_size": [1.5, -0.5]}
							}
						},
						{
							"origin": [-0.32838, -4.47431, 0.26703],
							"size": [0.79906, 3.8419, 1.10672],
							"uv": {
								"north": {"uv": [0, 8], "uv_size": [1, 4]},
								"east": {"uv": [8, 0], "uv_size": [1, 4]},
								"south": {"uv": [1, 8], "uv_size": [1, 4]},
								"west": {"uv": [2, 8], "uv_size": [1, 4]},
								"up": {"uv": [14, 10], "uv_size": [1, 1]},
								"down": {"uv": [11, 15], "uv_size": [1, -1]}
							}
						},
						{
							"origin": [-0.32838, -1.35178, 0.77296],
							"size": [0.79906, 1.35968, 0.60079],
							"pivot": [0.33565, -1.35178, 1.37375],
							"rotation": [-52, 0, 0],
							"uv": {
								"north": {"uv": [13, 7], "uv_size": [1, 1.5]},
								"east": {"uv": [2, 17], "uv_size": [0.5, 1.5]},
								"south": {"uv": [13, 9], "uv_size": [1, 1.5]},
								"west": {"uv": [3, 17], "uv_size": [0.5, 1.5]},
								"up": {"uv": [12, 20], "uv_size": [1, 0.5]},
								"down": {"uv": [20, 12.5], "uv_size": [1, -0.5]}
							}
						},
						{
							"origin": [-0.32838, -0.51467, 2.07366],
							"size": [0.79906, 0.53755, 0.37154],
							"pivot": [0.33565, -0.51467, 2.4452],
							"rotation": [-26, 0, 0],
							"uv": {
								"north": {"uv": [13, 20], "uv_size": [1, 0.5]},
								"east": {"uv": [23, 6], "uv_size": [0.5, 0.5]},
								"south": {"uv": [20, 13], "uv_size": [1, 0.5]},
								"west": {"uv": [7, 23], "uv_size": [0.5, 0.5]},
								"up": {"uv": [14, 20], "uv_size": [1, 0.5]},
								"down": {"uv": [20, 14.5], "uv_size": [1, -0.5]}
							}
						},
						{
							"origin": [-0.74704, -4.47431, -0.28854],
							"size": [0.69565, 3.96047, 1.10672],
							"pivot": [-0.74704, -4.47431, 0.81818],
							"rotation": [0, -53, 0],
							"uv": {
								"north": {"uv": [6, 10], "uv_size": [0.5, 4]},
								"east": {"uv": [3, 8], "uv_size": [1, 4]},
								"south": {"uv": [7, 10], "uv_size": [0.5, 4]},
								"west": {"uv": [4, 8], "uv_size": [1, 4]},
								"up": {"uv": [15, 20], "uv_size": [0.5, 1]},
								"down": {"uv": [20, 16], "uv_size": [0.5, -1]}
							}
						},
						{
							"origin": [0.19368, -4.47431, -0.28854],
							"size": [0.69565, 3.96047, 1.10672],
							"pivot": [0.88933, -4.47431, 0.81818],
							"rotation": [0, 53, 0],
							"uv": {
								"north": {"uv": [9, 10], "uv_size": [0.5, 4]},
								"east": {"uv": [8, 4], "uv_size": [1, 4]},
								"south": {"uv": [10, 10], "uv_size": [0.5, 4]},
								"west": {"uv": [5, 8], "uv_size": [1, 4]},
								"up": {"uv": [16, 20], "uv_size": [0.5, 1]},
								"down": {"uv": [20, 17], "uv_size": [0.5, -1]}
							}
						},
						{
							"origin": [-0.74704, -4.47431, -0.28854],
							"size": [0.41107, 3.96047, 1.46245],
							"pivot": [-0.74704, -4.47431, -0.28854],
							"rotation": [0, 52, 0],
							"uv": {
								"north": {"uv": [11, 2], "uv_size": [0.5, 4]},
								"east": {"uv": [0, 4], "uv_size": [1.5, 4]},
								"south": {"uv": [11, 6], "uv_size": [0.5, 4]},
								"west": {"uv": [4, 0], "uv_size": [1.5, 4]},
								"up": {"uv": [4, 17], "uv_size": [0.5, 1.5]},
								"down": {"uv": [5, 18.5], "uv_size": [0.5, -1.5]}
							}
						},
						{
							"origin": [-0.49396, -4.47431, -0.61246],
							"size": [1.12534, 3.96047, 0.53132],
							"uv": {
								"north": {"uv": [8, 8], "uv_size": [1, 4]},
								"east": {"uv": [11, 10], "uv_size": [0.5, 4]},
								"south": {"uv": [9, 0], "uv_size": [1, 4]},
								"west": {"uv": [0, 12], "uv_size": [0.5, 4]},
								"up": {"uv": [17, 20], "uv_size": [1, 0.5]},
								"down": {"uv": [20, 17.5], "uv_size": [1, -0.5]}
							}
						},
						{
							"origin": [0.47036, -4.47431, -0.28854],
							"size": [0.41897, 3.96047, 1.46245],
							"pivot": [0.88933, -4.47431, -0.28854],
							"rotation": [0, -52, 0],
							"uv": {
								"north": {"uv": [12, 0], "uv_size": [0.5, 4]},
								"east": {"uv": [2, 4], "uv_size": [1.5, 4]},
								"south": {"uv": [1, 12], "uv_size": [0.5, 4]},
								"west": {"uv": [4, 4], "uv_size": [1.5, 4]},
								"up": {"uv": [17, 7], "uv_size": [0.5, 1.5]},
								"down": {"uv": [8, 18.5], "uv_size": [0.5, -1.5]}
							}
						}
					]
				}
			]
		}
	]
}