{
	"format_version": "1.12.0",
	"minecraft:geometry": [
		{
			"description": {
				"identifier": "geometry.unknown",
				"texture_width": 32,
				"texture_height": 32,
				"visible_bounds_width": 2,
				"visible_bounds_height": 1.5,
				"visible_bounds_offset": [0, 0.25, 0]
			},
			"bones": [
				{
					"name": "Muzzle",
					"pivot": [0, 0, 0]
				},
				{
					"name": "bone28",
					"parent": "Muzzle",
					"pivot": [-0.88936, -0.5495, -7.89813],
					"cubes": [
						{
							"origin": [-1.02117, -0.86775, -6.79768],
							"size": [0.45006, 2.26266, 8.97302],
							"pivot": [-0.57111, -0.86775, -7.89813],
							"rotation": [0, 0, 45],
							"uv": {
								"north": {"uv": [2, 24], "uv_size": [0.5, 2.5]},
								"east": {"uv": [0, 0], "uv_size": [9, 2.5]},
								"south": {"uv": [24, 2], "uv_size": [0.5, 2.5]},
								"west": {"uv": [0, 3], "uv_size": [9, 2.5]},
								"up": {"uv": [18, 0], "uv_size": [0.5, 9]},
								"down": {"uv": [18, 18], "uv_size": [0.5, -9]}
							}
						},
						{
							"origin": [-0.60536, -1.03999, -6.79768],
							"size": [0.45006, 2.26266, 8.97302],
							"pivot": [-0.1553, -1.03999, -7.89813],
							"rotation": [0, 0, 22.5],
							"uv": {
								"north": {"uv": [3, 24], "uv_size": [0.5, 2.5]},
								"east": {"uv": [0, 6], "uv_size": [9, 2.5]},
								"south": {"uv": [4, 24], "uv_size": [0.5, 2.5]},
								"west": {"uv": [0, 9], "uv_size": [9, 2.5]},
								"up": {"uv": [18, 18], "uv_size": [0.5, 9]},
								"down": {"uv": [19, 9], "uv_size": [0.5, -9]}
							}
						},
						{
							"origin": [-0.15529, -1.03999, -6.79768],
							"size": [0.45006, 2.26266, 8.97302],
							"uv": {
								"north": {"uv": [5, 24], "uv_size": [0.5, 2.5]},
								"east": {"uv": [9, 0], "uv_size": [9, 2.5]},
								"south": {"uv": [24, 5], "uv_size": [0.5, 2.5]},
								"west": {"uv": [9, 3], "uv_size": [9, 2.5]},
								"up": {"uv": [19, 9], "uv_size": [0.5, 9]},
								"down": {"uv": [19, 27], "uv_size": [0.5, -9]}
							}
						},
						{
							"origin": [-0.15529, -1.03999, -6.79768],
							"size": [0.45006, 2.26266, 8.97302],
							"pivot": [0.06974, 0.09134, -5.36927],
							"rotation": [0, 0, -22.5],
							"uv": {
								"north": {"uv": [25, 2], "uv_size": [0.5, 2.5]},
								"east": {"uv": [9, 6], "uv_size": [9, 2.5]},
								"south": {"uv": [25, 5], "uv_size": [0.5, 2.5]},
								"west": {"uv": [9, 9], "uv_size": [9, 2.5]},
								"up": {"uv": [20, 0], "uv_size": [0.5, 9]},
								"down": {"uv": [20, 18], "uv_size": [0.5, -9]}
							}
						},
						{
							"origin": [-0.15529, -1.03999, -6.79768],
							"size": [0.45006, 2.26266, 8.97302],
							"pivot": [0.06974, 0.09134, -5.36927],
							"rotation": [0, 0, -45],
							"uv": {
								"north": {"uv": [25, 15], "uv_size": [0.5, 2.5]},
								"east": {"uv": [0, 12], "uv_size": [9, 2.5]},
								"south": {"uv": [25, 18], "uv_size": [0.5, 2.5]},
								"west": {"uv": [9, 12], "uv_size": [9, 2.5]},
								"up": {"uv": [20, 18], "uv_size": [0.5, 9]},
								"down": {"uv": [21, 9], "uv_size": [0.5, -9]}
							}
						},
						{
							"origin": [-1.06159, -0.13369, -6.79768],
							"size": [2.26266, 0.45006, 8.97302],
							"pivot": [0.06974, 0.09134, -5.36927],
							"rotation": [0, 0, 22.5],
							"uv": {
								"north": {"uv": [22, 8], "uv_size": [2.5, 0.5]},
								"east": {"uv": [21, 9], "uv_size": [9, 0.5]},
								"south": {"uv": [25, 8], "uv_size": [2.5, 0.5]},
								"west": {"uv": [21, 10], "uv_size": [9, 0.5]},
								"up": {"uv": [0, 15], "uv_size": [2.5, 9]},
								"down": {"uv": [3, 24], "uv_size": [2.5, -9]}
							}
						},
						{
							"origin": [-1.06159, -0.13369, -6.79768],
							"size": [2.26266, 0.45006, 8.97302],
							"uv": {
								"north": {"uv": [21, 25], "uv_size": [2.5, 0.5]},
								"east": {"uv": [21, 11], "uv_size": [9, 0.5]},
								"south": {"uv": [25, 21], "uv_size": [2.5, 0.5]},
								"west": {"uv": [21, 12], "uv_size": [9, 0.5]},
								"up": {"uv": [6, 15], "uv_size": [2.5, 9]},
								"down": {"uv": [9, 24], "uv_size": [2.5, -9]}
							}
						},
						{
							"origin": [-0.88936, -0.5495, -6.79768],
							"size": [2.26266, 0.45006, 8.97302],
							"pivot": [-0.88936, -0.5495, -7.89813],
							"rotation": [0, 0, -22.5],
							"uv": {
								"north": {"uv": [25, 22], "uv_size": [2.5, 0.5]},
								"east": {"uv": [21, 13], "uv_size": [9, 0.5]},
								"south": {"uv": [25, 23], "uv_size": [2.5, 0.5]},
								"west": {"uv": [21, 14], "uv_size": [9, 0.5]},
								"up": {"uv": [12, 15], "uv_size": [2.5, 9]},
								"down": {"uv": [15, 24], "uv_size": [2.5, -9]}
							}
						}
					]
				},
				{
					"name": "1t2_illuminated",
					"parent": "bone28",
					"pivot": [0.38173, -0.33199, -0.06669],
					"cubes": [
						{
							"origin": [0.2795, -1.23762, 1.36111],
							"size": [0.10224, 2.6184, 0.67984],
							"uv": {
								"north": {"uv": [10, 24], "uv_size": [0.5, 2.5]},
								"east": {"uv": [11, 24], "uv_size": [0.5, 2.5]},
								"south": {"uv": [12, 24], "uv_size": [0.5, 2.5]},
								"west": {"uv": [13, 24], "uv_size": [0.5, 2.5]},
								"up": {"uv": [27, 25], "uv_size": [0.5, 0.5]},
								"down": {"uv": [27, 26.5], "uv_size": [0.5, -0.5]}
							}
						},
						{
							"origin": [-0.25015, -1.23762, 1.0126],
							"size": [0.63188, 2.6184, 0.34851],
							"uv": {
								"north": {"uv": [6, 24], "uv_size": [0.5, 2.5]},
								"east": {"uv": [7, 24], "uv_size": [0.5, 2.5]},
								"south": {"uv": [8, 24], "uv_size": [0.5, 2.5]},
								"west": {"uv": [9, 24], "uv_size": [0.5, 2.5]},
								"up": {"uv": [24, 27], "uv_size": [0.5, 0.5]},
								"down": {"uv": [27, 24.5], "uv_size": [0.5, -0.5]}
							}
						},
						{
							"origin": [-0.25015, -0.02813, 1.0126],
							"size": [0.63188, 1.40891, 0.34851],
							"pivot": [0.38173, 1.38078, 1.0126],
							"rotation": [-50, 0, 0],
							"uv": {
								"north": {"uv": [24, 25], "uv_size": [0.5, 1.5]},
								"east": {"uv": [25, 24], "uv_size": [0.5, 1.5]},
								"south": {"uv": [0, 26], "uv_size": [0.5, 1.5]},
								"west": {"uv": [26, 0], "uv_size": [0.5, 1.5]},
								"up": {"uv": [28, 0], "uv_size": [0.5, 0.5]},
								"down": {"uv": [1, 28.5], "uv_size": [0.5, -0.5]}
							}
						},
						{
							"origin": [-0.25015, -1.23762, 1.36111],
							"size": [0.10224, 2.6184, 0.67984],
							"uv": {
								"north": {"uv": [14, 24], "uv_size": [0.5, 2.5]},
								"east": {"uv": [15, 24], "uv_size": [0.5, 2.5]},
								"south": {"uv": [16, 24], "uv_size": [0.5, 2.5]},
								"west": {"uv": [17, 24], "uv_size": [0.5, 2.5]},
								"up": {"uv": [27, 27], "uv_size": [0.5, 0.5]},
								"down": {"uv": [0, 28.5], "uv_size": [0.5, -0.5]}
							}
						},
						{
							"origin": [-0.25015, -1.7409, -0.06669],
							"size": [0.63188, 1.40891, 0.34851],
							"pivot": [0.38173, -0.33199, -0.06669],
							"rotation": [50, 0, 0],
							"uv": {
								"north": {"uv": [1, 26], "uv_size": [0.5, 1.5]},
								"east": {"uv": [26, 2], "uv_size": [0.5, 1.5]},
								"south": {"uv": [26, 4], "uv_size": [0.5, 1.5]},
								"west": {"uv": [26, 6], "uv_size": [0.5, 1.5]},
								"up": {"uv": [28, 1], "uv_size": [0.5, 0.5]},
								"down": {"uv": [28, 2.5], "uv_size": [0.5, -0.5]}
							}
						}
					]
				},
				{
					"name": "bone27",
					"parent": "Muzzle",
					"pivot": [-0.64958, -0.4051, -5.21968],
					"cubes": [
						{
							"origin": [-0.74844, -0.64379, 1.76625],
							"size": [0.33755, 1.697, 1.52964],
							"pivot": [-0.41089, -0.64379, -5.21968],
							"rotation": [0, 0, 45],
							"uv": {
								"north": {"uv": [26, 15], "uv_size": [0.5, 1.5]},
								"east": {"uv": [21, 15], "uv_size": [1.5, 1.5]},
								"south": {"uv": [26, 17], "uv_size": [0.5, 1.5]},
								"west": {"uv": [21, 17], "uv_size": [1.5, 1.5]},
								"up": {"uv": [26, 19], "uv_size": [0.5, 1.5]},
								"down": {"uv": [21, 27.5], "uv_size": [0.5, -1.5]}
							}
						},
						{
							"origin": [-0.43658, -0.77297, 1.76625],
							"size": [0.33755, 1.697, 1.52964],
							"pivot": [-0.09904, -0.77297, -5.21968],
							"rotation": [0, 0, 22.5],
							"uv": {
								"north": {"uv": [22, 26], "uv_size": [0.5, 1.5]},
								"east": {"uv": [21, 19], "uv_size": [1.5, 1.5]},
								"south": {"uv": [23, 26], "uv_size": [0.5, 1.5]},
								"west": {"uv": [21, 21], "uv_size": [1.5, 1.5]},
								"up": {"uv": [26, 24], "uv_size": [0.5, 1.5]},
								"down": {"uv": [25, 27.5], "uv_size": [0.5, -1.5]}
							}
						},
						{
							"origin": [-0.09903, -0.77297, 1.76625],
							"size": [0.33755, 1.697, 1.52964],
							"uv": {
								"north": {"uv": [26, 26], "uv_size": [0.5, 1.5]},
								"east": {"uv": [22, 0], "uv_size": [1.5, 1.5]},
								"south": {"uv": [27, 0], "uv_size": [0.5, 1.5]},
								"west": {"uv": [22, 2], "uv_size": [1.5, 1.5]},
								"up": {"uv": [2, 27], "uv_size": [0.5, 1.5]},
								"down": {"uv": [27, 3.5], "uv_size": [0.5, -1.5]}
							}
						},
						{
							"origin": [-0.09903, -0.77297, 1.76625],
							"size": [0.33755, 1.697, 1.52964],
							"pivot": [0.06974, 0.07553, -3.32304],
							"rotation": [0, 0, -22.5],
							"uv": {
								"north": {"uv": [3, 27], "uv_size": [0.5, 1.5]},
								"east": {"uv": [22, 4], "uv_size": [1.5, 1.5]},
								"south": {"uv": [4, 27], "uv_size": [0.5, 1.5]},
								"west": {"uv": [22, 6], "uv_size": [1.5, 1.5]},
								"up": {"uv": [27, 4], "uv_size": [0.5, 1.5]},
								"down": {"uv": [5, 28.5], "uv_size": [0.5, -1.5]}
							}
						},
						{
							"origin": [-0.09903, -0.77297, 1.76625],
							"size": [0.33755, 1.697, 1.52964],
							"pivot": [0.06974, 0.07553, -3.32304],
							"rotation": [0, 0, -45],
							"uv": {
								"north": {"uv": [6, 27], "uv_size": [0.5, 1.5]},
								"east": {"uv": [23, 15], "uv_size": [1.5, 1.5]},
								"south": {"uv": [27, 6], "uv_size": [0.5, 1.5]},
								"west": {"uv": [23, 17], "uv_size": [1.5, 1.5]},
								"up": {"uv": [7, 27], "uv_size": [0.5, 1.5]},
								"down": {"uv": [8, 28.5], "uv_size": [0.5, -1.5]}
							}
						},
						{
							"origin": [-0.77876, -0.09324, 1.76625],
							"size": [1.697, 0.33755, 1.52964],
							"pivot": [0.06974, 0.07553, -3.32304],
							"rotation": [0, 0, 22.5],
							"uv": {
								"north": {"uv": [9, 27], "uv_size": [1.5, 0.5]},
								"east": {"uv": [11, 27], "uv_size": [1.5, 0.5]},
								"south": {"uv": [13, 27], "uv_size": [1.5, 0.5]},
								"west": {"uv": [15, 27], "uv_size": [1.5, 0.5]},
								"up": {"uv": [23, 19], "uv_size": [1.5, 1.5]},
								"down": {"uv": [21, 24.5], "uv_size": [1.5, -1.5]}
							}
						},
						{
							"origin": [-0.77876, -0.09324, 1.76625],
							"size": [1.697, 0.33755, 1.52964],
							"uv": {
								"north": {"uv": [27, 15], "uv_size": [1.5, 0.5]},
								"east": {"uv": [27, 16], "uv_size": [1.5, 0.5]},
								"south": {"uv": [17, 27], "uv_size": [1.5, 0.5]},
								"west": {"uv": [27, 17], "uv_size": [1.5, 0.5]},
								"up": {"uv": [23, 21], "uv_size": [1.5, 1.5]},
								"down": {"uv": [23, 24.5], "uv_size": [1.5, -1.5]}
							}
						},
						{
							"origin": [-0.64958, -0.4051, 1.76625],
							"size": [1.697, 0.33755, 1.52964],
							"pivot": [-0.64958, -0.4051, -5.21968],
							"rotation": [0, 0, -22.5],
							"uv": {
								"north": {"uv": [27, 18], "uv_size": [1.5, 0.5]},
								"east": {"uv": [19, 27], "uv_size": [1.5, 0.5]},
								"south": {"uv": [27, 19], "uv_size": [1.5, 0.5]},
								"west": {"uv": [27, 20], "uv_size": [1.5, 0.5]},
								"up": {"uv": [0, 24], "uv_size": [1.5, 1.5]},
								"down": {"uv": [24, 1.5], "uv_size": [1.5, -1.5]}
							}
						}
					]
				}
			]
		}
	]
}