{
	"format_version": "1.12.0",
	"minecraft:geometry": [
		{
			"description": {
				"identifier": "geometry.unknown",
				"texture_width": 64,
				"texture_height": 64,
				"visible_bounds_width": 4,
				"visible_bounds_height": 1.5,
				"visible_bounds_offset": [0, 0.25, 0]
			},
			"bones": [
				{
					"name": "stock4",
					"pivot": [0, -0.68775, 4.55336],
					"cubes": [
						{
							"origin": [0.57947, -0.3373, -1.09464],
							"size": [0.34529, 0.93951, 0.78967],
							"pivot": [0.92476, 0.60221, -0.88837],
							"rotation": [0, 0, 48],
							"uv": {
								"north": {"uv": [33, 25], "uv_size": [0.5, 1]},
								"east": {"uv": [28, 29], "uv_size": [1, 1]},
								"south": {"uv": [26, 33], "uv_size": [0.5, 1]},
								"west": {"uv": [29, 29], "uv_size": [1, 1]},
								"up": {"uv": [33, 26], "uv_size": [0.5, 1]},
								"down": {"uv": [33, 28], "uv_size": [0.5, -1]}
							}
						},
						{
							"origin": [-0.93174, -0.14624, -1.09464],
							"size": [0.9237, 0.74845, 0.78967],
							"pivot": [-0.93174, -0.14624, -1.09464],
							"rotation": [0, 0, 39],
							"uv": {
								"north": {"uv": [33, 28], "uv_size": [1, 0.5]},
								"east": {"uv": [33, 30], "uv_size": [1, 0.5]},
								"south": {"uv": [33, 31], "uv_size": [1, 0.5]},
								"west": {"uv": [32, 33], "uv_size": [1, 0.5]},
								"up": {"uv": [0, 30], "uv_size": [1, 1]},
								"down": {"uv": [1, 31], "uv_size": [1, -1]}
							}
						},
						{
							"origin": [0.00106, -0.14624, -1.09464],
							"size": [0.9237, 0.74845, 0.78967],
							"pivot": [0.92476, -0.14624, -1.09464],
							"rotation": [0, 0, -39],
							"uv": {
								"north": {"uv": [33, 32], "uv_size": [1, 0.5]},
								"east": {"uv": [33, 33], "uv_size": [1, 0.5]},
								"south": {"uv": [34, 0], "uv_size": [1, 0.5]},
								"west": {"uv": [34, 1], "uv_size": [1, 0.5]},
								"up": {"uv": [2, 30], "uv_size": [1, 1]},
								"down": {"uv": [30, 3], "uv_size": [1, -1]}
							}
						},
						{
							"origin": [-0.93174, -0.14624, -1.09464],
							"size": [1.8565, 0.74845, 0.78967],
							"uv": {
								"north": {"uv": [30, 3], "uv_size": [2, 0.5]},
								"east": {"uv": [2, 34], "uv_size": [1, 0.5]},
								"south": {"uv": [5, 30], "uv_size": [2, 0.5]},
								"west": {"uv": [34, 2], "uv_size": [1, 0.5]},
								"up": {"uv": [22, 3], "uv_size": [2, 1]},
								"down": {"uv": [22, 6], "uv_size": [2, -1]}
							}
						},
						{
							"origin": [-0.70249, -0.79446, -1.09464],
							"size": [1.40591, 0.64822, 0.78967],
							"uv": {
								"north": {"uv": [24, 31], "uv_size": [1.5, 0.5]},
								"east": {"uv": [3, 34], "uv_size": [1, 0.5]},
								"south": {"uv": [31, 24], "uv_size": [1.5, 0.5]},
								"west": {"uv": [34, 3], "uv_size": [1, 0.5]},
								"up": {"uv": [27, 4], "uv_size": [1.5, 1]},
								"down": {"uv": [17, 28], "uv_size": [1.5, -1]}
							}
						},
						{
							"origin": [-0.44953, -1.41897, -1.09464],
							"size": [0.89998, 0.64822, 0.78967],
							"uv": {
								"north": {"uv": [4, 34], "uv_size": [1, 0.5]},
								"east": {"uv": [34, 4], "uv_size": [1, 0.5]},
								"south": {"uv": [5, 34], "uv_size": [1, 0.5]},
								"west": {"uv": [34, 5], "uv_size": [1, 0.5]},
								"up": {"uv": [3, 30], "uv_size": [1, 1]},
								"down": {"uv": [30, 6], "uv_size": [1, -1]}
							}
						},
						{
							"origin": [-0.48906, -1.71936, -0.62034],
							"size": [0.97903, 0.64822, 1.83315],
							"uv": {
								"north": {"uv": [6, 34], "uv_size": [1, 0.5]},
								"east": {"uv": [30, 6], "uv_size": [2, 0.5]},
								"south": {"uv": [34, 6], "uv_size": [1, 0.5]},
								"west": {"uv": [7, 30], "uv_size": [2, 0.5]},
								"up": {"uv": [11, 23], "uv_size": [1, 2]},
								"down": {"uv": [23, 13], "uv_size": [1, -2]}
							}
						},
						{
							"origin": [-0.48906, -1.71936, -0.62034],
							"size": [0.97903, 0.41107, 1.83315],
							"pivot": [-0.48906, -1.71936, -0.62034],
							"rotation": [0, 0, -33],
							"uv": {
								"north": {"uv": [7, 34], "uv_size": [1, 0.5]},
								"east": {"uv": [30, 7], "uv_size": [2, 0.5]},
								"south": {"uv": [34, 7], "uv_size": [1, 0.5]},
								"west": {"uv": [30, 10], "uv_size": [2, 0.5]},
								"up": {"uv": [12, 23], "uv_size": [1, 2]},
								"down": {"uv": [13, 25], "uv_size": [1, -2]}
							}
						},
						{
							"origin": [-0.71294, -1.37461, -0.62034],
							"size": [1.4268, 0.17391, 1.83315],
							"uv": {
								"north": {"uv": [31, 25], "uv_size": [1.5, 0.5]},
								"east": {"uv": [30, 11], "uv_size": [2, 0.5]},
								"south": {"uv": [31, 26], "uv_size": [1.5, 0.5]},
								"west": {"uv": [30, 12], "uv_size": [2, 0.5]},
								"up": {"uv": [5, 20], "uv_size": [1.5, 2]},
								"down": {"uv": [20, 10], "uv_size": [1.5, -2]}
							}
						},
						{
							"origin": [-0.71294, -1.37461, -0.62034],
							"size": [0.51771, 0.17391, 1.05054],
							"pivot": [-0.71294, -1.2007, -0.62034],
							"rotation": [0, 0, -71],
							"uv": {
								"north": {"uv": [16, 36], "uv_size": [0.5, 0.5]},
								"east": {"uv": [8, 34], "uv_size": [1, 0.5]},
								"south": {"uv": [36, 16], "uv_size": [0.5, 0.5]},
								"west": {"uv": [34, 8], "uv_size": [1, 0.5]},
								"up": {"uv": [9, 34], "uv_size": [0.5, 1]},
								"down": {"uv": [34, 10], "uv_size": [0.5, -1]}
							}
						},
						{
							"origin": [0.54439, -0.88511, -0.62034],
							"size": [0.51771, 0.17391, 1.05054],
							"pivot": [0.54439, -0.7112, 0.43021],
							"rotation": [0, 0, 71],
							"uv": {
								"north": {"uv": [17, 36], "uv_size": [0.5, 0.5]},
								"east": {"uv": [10, 34], "uv_size": [1, 0.5]},
								"south": {"uv": [36, 17], "uv_size": [0.5, 0.5]},
								"west": {"uv": [34, 10], "uv_size": [1, 0.5]},
								"up": {"uv": [11, 34], "uv_size": [0.5, 1]},
								"down": {"uv": [34, 14], "uv_size": [0.5, -1]}
							}
						},
						{
							"origin": [0.97359, -0.88511, 0.43021],
							"size": [0.08851, 0.17391, 0.2895],
							"pivot": [0.54439, -0.7112, 0.43021],
							"rotation": [0, 0, 71],
							"uv": {
								"north": {"uv": [18, 36], "uv_size": [0.5, 0.5]},
								"east": {"uv": [36, 18], "uv_size": [0.5, 0.5]},
								"south": {"uv": [19, 36], "uv_size": [0.5, 0.5]},
								"west": {"uv": [36, 19], "uv_size": [0.5, 0.5]},
								"up": {"uv": [20, 36], "uv_size": [0.5, 0.5]},
								"down": {"uv": [36, 20.5], "uv_size": [0.5, -0.5]}
							}
						},
						{
							"origin": [-1.0621, -0.88511, 0.43021],
							"size": [0.08851, 0.17391, 0.2895],
							"pivot": [-0.54439, -0.7112, 0.43021],
							"rotation": [0, 0, -71],
							"uv": {
								"north": {"uv": [21, 36], "uv_size": [0.5, 0.5]},
								"east": {"uv": [36, 21], "uv_size": [0.5, 0.5]},
								"south": {"uv": [22, 36], "uv_size": [0.5, 0.5]},
								"west": {"uv": [36, 22], "uv_size": [0.5, 0.5]},
								"up": {"uv": [23, 36], "uv_size": [0.5, 0.5]},
								"down": {"uv": [36, 23.5], "uv_size": [0.5, -0.5]}
							}
						},
						{
							"origin": [-1.0621, -0.88511, 0.43021],
							"size": [0.2308, 0.17391, 0.09978],
							"pivot": [-0.54439, -0.7112, 0.43021],
							"rotation": [0, 0, -71],
							"uv": {
								"north": {"uv": [24, 36], "uv_size": [0.5, 0.5]},
								"east": {"uv": [36, 24], "uv_size": [0.5, 0.5]},
								"south": {"uv": [25, 36], "uv_size": [0.5, 0.5]},
								"west": {"uv": [36, 25], "uv_size": [0.5, 0.5]},
								"up": {"uv": [26, 36], "uv_size": [0.5, 0.5]},
								"down": {"uv": [36, 26.5], "uv_size": [0.5, -0.5]}
							}
						},
						{
							"origin": [0.8313, -0.88511, 0.43021],
							"size": [0.2308, 0.17391, 0.09978],
							"pivot": [0.54439, -0.7112, 0.43021],
							"rotation": [0, 0, 71],
							"uv": {
								"north": {"uv": [27, 36], "uv_size": [0.5, 0.5]},
								"east": {"uv": [36, 27], "uv_size": [0.5, 0.5]},
								"south": {"uv": [28, 36], "uv_size": [0.5, 0.5]},
								"west": {"uv": [36, 28], "uv_size": [0.5, 0.5]},
								"up": {"uv": [29, 36], "uv_size": [0.5, 0.5]},
								"down": {"uv": [36, 29.5], "uv_size": [0.5, -0.5]}
							}
						},
						{
							"origin": [0.54439, -0.88511, 0.27295],
							"size": [0.51771, 0.17391, 0.15726],
							"pivot": [0.54439, -0.7112, 0.43021],
							"rotation": [0, -34, 71],
							"uv": {
								"north": {"uv": [30, 36], "uv_size": [0.5, 0.5]},
								"east": {"uv": [36, 30], "uv_size": [0.5, 0.5]},
								"south": {"uv": [31, 36], "uv_size": [0.5, 0.5]},
								"west": {"uv": [36, 31], "uv_size": [0.5, 0.5]},
								"up": {"uv": [32, 36], "uv_size": [0.5, 0.5]},
								"down": {"uv": [36, 32.5], "uv_size": [0.5, -0.5]}
							}
						},
						{
							"origin": [-1.0621, -0.88511, 0.27295],
							"size": [0.51771, 0.17391, 0.15726],
							"pivot": [-0.54439, -0.7112, 0.43021],
							"rotation": [0, 34, -71],
							"uv": {
								"north": {"uv": [33, 36], "uv_size": [0.5, 0.5]},
								"east": {"uv": [36, 33], "uv_size": [0.5, 0.5]},
								"south": {"uv": [34, 36], "uv_size": [0.5, 0.5]},
								"west": {"uv": [36, 34], "uv_size": [0.5, 0.5]},
								"up": {"uv": [35, 36], "uv_size": [0.5, 0.5]},
								"down": {"uv": [36, 35.5], "uv_size": [0.5, -0.5]}
							}
						},
						{
							"origin": [-0.48906, -1.71936, -0.62034],
							"size": [0.97903, 0.41107, 1.83315],
							"pivot": [0.48998, -1.71936, -0.62034],
							"rotation": [0, 0, 33],
							"uv": {
								"north": {"uv": [14, 34], "uv_size": [1, 0.5]},
								"east": {"uv": [30, 13], "uv_size": [2, 0.5]},
								"south": {"uv": [34, 14], "uv_size": [1, 0.5]},
								"west": {"uv": [30, 14], "uv_size": [2, 0.5]},
								"up": {"uv": [16, 23], "uv_size": [1, 2]},
								"down": {"uv": [23, 18], "uv_size": [1, -2]}
							}
						},
						{
							"origin": [-0.44953, -1.41897, -1.09464],
							"size": [0.89998, 0.32411, 0.78967],
							"pivot": [-0.44953, -1.41897, -1.09464],
							"rotation": [0, 0, -36],
							"uv": {
								"north": {"uv": [15, 34], "uv_size": [1, 0.5]},
								"east": {"uv": [34, 15], "uv_size": [1, 0.5]},
								"south": {"uv": [16, 34], "uv_size": [1, 0.5]},
								"west": {"uv": [34, 16], "uv_size": [1, 0.5]},
								"up": {"uv": [10, 30], "uv_size": [1, 1]},
								"down": {"uv": [30, 16], "uv_size": [1, -1]}
							}
						},
						{
							"origin": [-0.64004, -1.15676, -1.09464],
							"size": [1.281, 0.38735, 0.78967],
							"uv": {
								"north": {"uv": [31, 27], "uv_size": [1.5, 0.5]},
								"east": {"uv": [17, 34], "uv_size": [1, 0.5]},
								"south": {"uv": [28, 31], "uv_size": [1.5, 0.5]},
								"west": {"uv": [18, 34], "uv_size": [1, 0.5]},
								"up": {"uv": [25, 27], "uv_size": [1.5, 1]},
								"down": {"uv": [27, 26], "uv_size": [1.5, -1]}
							}
						},
						{
							"origin": [-0.44953, -1.41897, -1.09464],
							"size": [0.89998, 0.32411, 0.78967],
							"pivot": [0.45045, -1.41897, -1.09464],
							"rotation": [0, 0, 36],
							"uv": {
								"north": {"uv": [34, 18], "uv_size": [1, 0.5]},
								"east": {"uv": [19, 34], "uv_size": [1, 0.5]},
								"south": {"uv": [34, 19], "uv_size": [1, 0.5]},
								"west": {"uv": [20, 34], "uv_size": [1, 0.5]},
								"up": {"uv": [19, 30], "uv_size": [1, 1]},
								"down": {"uv": [20, 31], "uv_size": [1, -1]}
							}
						},
						{
							"origin": [-0.93176, -0.3373, -1.09464],
							"size": [0.34529, 0.93951, 0.78967],
							"pivot": [-0.93176, 0.60221, -0.88837],
							"rotation": [0, 0, -48],
							"uv": {
								"north": {"uv": [34, 20], "uv_size": [0.5, 1]},
								"east": {"uv": [21, 30], "uv_size": [1, 1]},
								"south": {"uv": [21, 34], "uv_size": [0.5, 1]},
								"west": {"uv": [22, 30], "uv_size": [1, 1]},
								"up": {"uv": [34, 21], "uv_size": [0.5, 1]},
								"down": {"uv": [22, 35], "uv_size": [0.5, -1]}
							}
						},
						{
							"origin": [-0.70072, -0.0807, -1.09464],
							"size": [1.39444, 0.93951, 0.78967],
							"uv": {
								"north": {"uv": [27, 27], "uv_size": [1.5, 1]},
								"east": {"uv": [23, 30], "uv_size": [1, 1]},
								"south": {"uv": [2, 28], "uv_size": [1.5, 1]},
								"west": {"uv": [24, 30], "uv_size": [1, 1]},
								"up": {"uv": [28, 3], "uv_size": [1.5, 1]},
								"down": {"uv": [28, 6], "uv_size": [1.5, -1]}
							}
						},
						{
							"origin": [-0.80349, -0.0807, -0.32785],
							"size": [1.60788, 0.57587, 0.73434],
							"uv": {
								"north": {"uv": [31, 28], "uv_size": [1.5, 0.5]},
								"east": {"uv": [36, 36], "uv_size": [0.5, 0.5]},
								"south": {"uv": [30, 31], "uv_size": [1.5, 0.5]},
								"west": {"uv": [0, 37], "uv_size": [0.5, 0.5]},
								"up": {"uv": [31, 30], "uv_size": [1.5, 0.5]},
								"down": {"uv": [32, 0.5], "uv_size": [1.5, -0.5]}
							}
						},
						{
							"origin": [-0.57424, -0.71311, -0.32785],
							"size": [1.14938, 0.63241, 0.73434],
							"uv": {
								"north": {"uv": [34, 22], "uv_size": [1, 0.5]},
								"east": {"uv": [37, 0], "uv_size": [0.5, 0.5]},
								"south": {"uv": [23, 34], "uv_size": [1, 0.5]},
								"west": {"uv": [1, 37], "uv_size": [0.5, 0.5]},
								"up": {"uv": [34, 23], "uv_size": [1, 0.5]},
								"down": {"uv": [24, 34.5], "uv_size": [1, -0.5]}
							}
						},
						{
							"origin": [-0.46357, 0.23551, 0.41191],
							"size": [0.93594, 0.71146, 9.6039],
							"uv": {
								"north": {"uv": [25, 34], "uv_size": [1, 0.5]},
								"east": {"uv": [7, 6], "uv_size": [9.5, 0.5]},
								"south": {"uv": [34, 25], "uv_size": [1, 0.5]},
								"west": {"uv": [7, 7], "uv_size": [9.5, 0.5]},
								"up": {"uv": [0, 0], "uv_size": [1, 9.5]},
								"down": {"uv": [1, 9.5], "uv_size": [1, -9.5]}
							}
						},
						{
							"origin": [-0.46357, -0.00165, 8.34867],
							"size": [0.93594, 0.23715, 1.66714],
							"uv": {
								"north": {"uv": [26, 34], "uv_size": [1, 0.5]},
								"east": {"uv": [32, 1], "uv_size": [1.5, 0.5]},
								"south": {"uv": [34, 26], "uv_size": [1, 0.5]},
								"west": {"uv": [32, 2], "uv_size": [1.5, 0.5]},
								"up": {"uv": [28, 8], "uv_size": [1, 1.5]},
								"down": {"uv": [10, 29.5], "uv_size": [1, -1.5]}
							}
						},
						{
							"origin": [-0.62167, -0.16765, 2.36781],
							"size": [1.24424, 0.26877, 5.97544],
							"uv": {
								"north": {"uv": [27, 34], "uv_size": [1, 0.5]},
								"east": {"uv": [20, 2], "uv_size": [6, 0.5]},
								"south": {"uv": [34, 27], "uv_size": [1, 0.5]},
								"west": {"uv": [20, 10], "uv_size": [6, 0.5]},
								"up": {"uv": [4, 6], "uv_size": [1, 6]},
								"down": {"uv": [6, 10], "uv_size": [1, -6]}
							}
						},
						{
							"origin": [-0.72444, -1.38504, 2.33619],
							"size": [1.44977, 1.21739, 6.00706],
							"uv": {
								"north": {"uv": [28, 11], "uv_size": [1.5, 1]},
								"east": {"uv": [7, 4], "uv_size": [6, 1]},
								"south": {"uv": [28, 12], "uv_size": [1.5, 1]},
								"west": {"uv": [7, 5], "uv_size": [6, 1]},
								"up": {"uv": [2, 0], "uv_size": [1.5, 6]},
								"down": {"uv": [4, 6], "uv_size": [1.5, -6]}
							}
						},
						{
							"origin": [-0.72444, -1.52734, 6.81507],
							"size": [1.44977, 0.14229, 3.20074],
							"uv": {
								"north": {"uv": [32, 3], "uv_size": [1.5, 0.5]},
								"east": {"uv": [28, 16], "uv_size": [3, 0.5]},
								"south": {"uv": [32, 4], "uv_size": [1.5, 0.5]},
								"west": {"uv": [28, 17], "uv_size": [3, 0.5]},
								"up": {"uv": [10, 13], "uv_size": [1.5, 3]},
								"down": {"uv": [12, 16], "uv_size": [1.5, -3]}
							}
						},
						{
							"origin": [-0.72444, -1.52734, 6.81507],
							"size": [0.36677, 0.14229, 3.20074],
							"pivot": [-0.72444, -1.52734, 6.83421],
							"rotation": [0, 0, 50],
							"uv": {
								"north": {"uv": [37, 1], "uv_size": [0.5, 0.5]},
								"east": {"uv": [28, 22], "uv_size": [3, 0.5]},
								"south": {"uv": [2, 37], "uv_size": [0.5, 0.5]},
								"west": {"uv": [28, 23], "uv_size": [3, 0.5]},
								"up": {"uv": [14, 28], "uv_size": [0.5, 3]},
								"down": {"uv": [15, 31], "uv_size": [0.5, -3]}
							}
						},
						{
							"origin": [0.35857, -1.52734, 6.81507],
							"size": [0.36677, 0.14229, 3.20074],
							"pivot": [0.72534, -1.52734, 7.5931],
							"rotation": [0, 0, -50],
							"uv": {
								"north": {"uv": [37, 2], "uv_size": [0.5, 0.5]},
								"east": {"uv": [28, 24], "uv_size": [3, 0.5]},
								"south": {"uv": [3, 37], "uv_size": [0.5, 0.5]},
								"west": {"uv": [25, 28], "uv_size": [3, 0.5]},
								"up": {"uv": [17, 28], "uv_size": [0.5, 3]},
								"down": {"uv": [18, 31], "uv_size": [0.5, -3]}
							}
						},
						{
							"origin": [-0.48868, -1.8083, 6.81507],
							"size": [0.97826, 0.14229, 3.20074],
							"uv": {
								"north": {"uv": [28, 34], "uv_size": [1, 0.5]},
								"east": {"uv": [28, 28], "uv_size": [3, 0.5]},
								"south": {"uv": [34, 28], "uv_size": [1, 0.5]},
								"west": {"uv": [29, 0], "uv_size": [3, 0.5]},
								"up": {"uv": [3, 20], "uv_size": [1, 3]},
								"down": {"uv": [18, 23], "uv_size": [1, -3]}
							}
						},
						{
							"origin": [-0.72444, -1.38504, 2.33619],
							"size": [0.38258, 0.13439, 4.70356],
							"pivot": [-0.72444, -1.38504, 2.33619],
							"rotation": [0, 0, 57],
							"uv": {
								"north": {"uv": [37, 3], "uv_size": [0.5, 0.5]},
								"east": {"uv": [19, 20], "uv_size": [4.5, 0.5]},
								"south": {"uv": [4, 37], "uv_size": [0.5, 0.5]},
								"west": {"uv": [21, 6], "uv_size": [4.5, 0.5]},
								"up": {"uv": [19, 21], "uv_size": [0.5, 4.5]},
								"down": {"uv": [20, 25.5], "uv_size": [0.5, -4.5]}
							}
						},
						{
							"origin": [-0.51607, -1.7059, 2.33619],
							"size": [1.03214, 0.13439, 4.70356],
							"uv": {
								"north": {"uv": [29, 34], "uv_size": [1, 0.5]},
								"east": {"uv": [21, 7], "uv_size": [4.5, 0.5]},
								"south": {"uv": [34, 29], "uv_size": [1, 0.5]},
								"west": {"uv": [21, 13], "uv_size": [4.5, 0.5]},
								"up": {"uv": [14, 13], "uv_size": [1, 4.5]},
								"down": {"uv": [15, 17.5], "uv_size": [1, -4.5]}
							}
						},
						{
							"origin": [0.61543, -0.88118, 2.33619],
							"size": [0.38258, 0.13439, 4.70356],
							"pivot": [1.32523, -1.38504, 2.33619],
							"rotation": [0, 0, -57],
							"uv": {
								"north": {"uv": [37, 4], "uv_size": [0.5, 0.5]},
								"east": {"uv": [21, 14], "uv_size": [4.5, 0.5]},
								"south": {"uv": [5, 37], "uv_size": [0.5, 0.5]},
								"west": {"uv": [21, 15], "uv_size": [4.5, 0.5]},
								"up": {"uv": [21, 21], "uv_size": [0.5, 4.5]},
								"down": {"uv": [4, 26.5], "uv_size": [0.5, -4.5]}
							}
						},
						{
							"origin": [-0.8272, -1.472, 7.43167],
							"size": [1.65531, 1.2332, 2.58414],
							"uv": {
								"north": {"uv": [29, 1], "uv_size": [1.5, 1]},
								"east": {"uv": [20, 11], "uv_size": [2.5, 1]},
								"south": {"uv": [2, 29], "uv_size": [1.5, 1]},
								"west": {"uv": [20, 12], "uv_size": [2.5, 1]},
								"up": {"uv": [10, 16], "uv_size": [1.5, 2.5]},
								"down": {"uv": [12, 18.5], "uv_size": [1.5, -2.5]}
							}
						},
						{
							"origin": [-0.60586, -0.54381, 0.40733],
							"size": [1.21262, 0.30501, 3.38256],
							"uv": {
								"north": {"uv": [30, 34], "uv_size": [1, 0.5]},
								"east": {"uv": [23, 4], "uv_size": [3.5, 0.5]},
								"south": {"uv": [34, 30], "uv_size": [1, 0.5]},
								"west": {"uv": [24, 3], "uv_size": [3.5, 0.5]},
								"up": {"uv": [5, 16], "uv_size": [1, 3.5]},
								"down": {"uv": [7, 21.5], "uv_size": [1, -3.5]}
							}
						},
						{
							"origin": [-0.60586, -1.32642, 0.40733],
							"size": [1.21262, 0.17391, 3.38256],
							"uv": {
								"north": {"uv": [32, 34], "uv_size": [1, 0.5]},
								"east": {"uv": [24, 8], "uv_size": [3.5, 0.5]},
								"south": {"uv": [34, 32], "uv_size": [1, 0.5]},
								"west": {"uv": [24, 9], "uv_size": [3.5, 0.5]},
								"up": {"uv": [14, 18], "uv_size": [1, 3.5]},
								"down": {"uv": [15, 21.5], "uv_size": [1, -3.5]}
							}
						},
						{
							"origin": [0.28742, -1.32642, 0.40733],
							"size": [0.31934, 0.10277, 3.38256],
							"pivot": [0.60676, -1.32642, 1.20575],
							"rotation": [0, 0, -56],
							"uv": {
								"north": {"uv": [37, 5], "uv_size": [0.5, 0.5]},
								"east": {"uv": [24, 11], "uv_size": [3.5, 0.5]},
								"south": {"uv": [6, 37], "uv_size": [0.5, 0.5]},
								"west": {"uv": [24, 12], "uv_size": [3.5, 0.5]},
								"up": {"uv": [2, 24], "uv_size": [0.5, 3.5]},
								"down": {"uv": [14, 27.5], "uv_size": [0.5, -3.5]}
							}
						},
						{
							"origin": [-0.60626, -1.32567, 0.40733],
							"size": [0.31884, 0.10202, 3.38256],
							"pivot": [-0.60676, -1.32642, 1.20575],
							"rotation": [0, 0, 56],
							"uv": {
								"north": {"uv": [37, 6], "uv_size": [0.5, 0.5]},
								"east": {"uv": [24, 16], "uv_size": [3.5, 0.5]},
								"south": {"uv": [7, 37], "uv_size": [0.5, 0.5]},
								"west": {"uv": [24, 17], "uv_size": [3.5, 0.5]},
								"up": {"uv": [15, 24], "uv_size": [0.5, 3.5]},
								"down": {"uv": [24, 21.5], "uv_size": [0.5, -3.5]}
							}
						},
						{
							"origin": [-0.42757, -1.59074, 0.40733],
							"size": [0.85576, 0.1016, 3.38256],
							"uv": {
								"north": {"uv": [33, 34], "uv_size": [1, 0.5]},
								"east": {"uv": [24, 22], "uv_size": [3.5, 0.5]},
								"south": {"uv": [34, 33], "uv_size": [1, 0.5]},
								"west": {"uv": [24, 23], "uv_size": [3.5, 0.5]},
								"up": {"uv": [18, 16], "uv_size": [1, 3.5]},
								"down": {"uv": [10, 22.5], "uv_size": [1, -3.5]}
							}
						},
						{
							"origin": [-0.52681, -0.2388, 0.40733],
							"size": [1.05452, 0.33992, 3.38256],
							"uv": {
								"north": {"uv": [34, 34], "uv_size": [1, 0.5]},
								"east": {"uv": [24, 24], "uv_size": [3.5, 0.5]},
								"south": {"uv": [0, 35], "uv_size": [1, 0.5]},
								"west": {"uv": [25, 0], "uv_size": [3.5, 0.5]},
								"up": {"uv": [11, 19], "uv_size": [1, 3.5]},
								"down": {"uv": [12, 22.5], "uv_size": [1, -3.5]}
							}
						},
						{
							"origin": [-0.37661, 0.10112, 0.40733],
							"size": [0.75412, 0.78261, 3.38256],
							"uv": {
								"north": {"uv": [25, 30], "uv_size": [1, 1]},
								"east": {"uv": [17, 6], "uv_size": [3.5, 1]},
								"south": {"uv": [30, 25], "uv_size": [1, 1]},
								"west": {"uv": [17, 7], "uv_size": [3.5, 1]},
								"up": {"uv": [13, 19], "uv_size": [1, 3.5]},
								"down": {"uv": [16, 22.5], "uv_size": [1, -3.5]}
							}
						},
						{
							"origin": [-0.37661, 0.10112, 0.40733],
							"size": [0.28772, 0.78261, 3.38256],
							"pivot": [-0.37661, 0.88373, 1.20575],
							"rotation": [0, 0, -27],
							"uv": {
								"north": {"uv": [35, 0], "uv_size": [0.5, 1]},
								"east": {"uv": [18, 3], "uv_size": [3.5, 1]},
								"south": {"uv": [1, 35], "uv_size": [0.5, 1]},
								"west": {"uv": [18, 5], "uv_size": [3.5, 1]},
								"up": {"uv": [5, 25], "uv_size": [0.5, 3.5]},
								"down": {"uv": [6, 28.5], "uv_size": [0.5, -3.5]}
							}
						},
						{
							"origin": [0.08979, 0.10112, 0.40733],
							"size": [0.28772, 0.78261, 3.38256],
							"pivot": [0.37751, 0.88373, 1.20575],
							"rotation": [0, 0, 27],
							"uv": {
								"north": {"uv": [35, 1], "uv_size": [0.5, 1]},
								"east": {"uv": [19, 16], "uv_size": [3.5, 1]},
								"south": {"uv": [2, 35], "uv_size": [0.5, 1]},
								"west": {"uv": [19, 17], "uv_size": [3.5, 1]},
								"up": {"uv": [7, 25], "uv_size": [0.5, 3.5]},
								"down": {"uv": [8, 28.5], "uv_size": [0.5, -3.5]}
							}
						},
						{
							"origin": [-0.12025, 0.73767, 0.40733],
							"size": [0.2414, 0.27668, 3.38256],
							"uv": {
								"north": {"uv": [37, 7], "uv_size": [0.5, 0.5]},
								"east": {"uv": [25, 1], "uv_size": [3.5, 0.5]},
								"south": {"uv": [8, 37], "uv_size": [0.5, 0.5]},
								"west": {"uv": [25, 18], "uv_size": [3.5, 0.5]},
								"up": {"uv": [11, 25], "uv_size": [0.5, 3.5]},
								"down": {"uv": [12, 28.5], "uv_size": [0.5, -3.5]}
							}
						},
						{
							"origin": [0.0977, -0.2388, 0.40733],
							"size": [0.43001, 0.33992, 3.38256],
							"pivot": [0.52771, 0.10112, 1.20575],
							"rotation": [0, 0, 66],
							"uv": {
								"north": {"uv": [37, 8], "uv_size": [0.5, 0.5]},
								"east": {"uv": [25, 19], "uv_size": [3.5, 0.5]},
								"south": {"uv": [9, 37], "uv_size": [0.5, 0.5]},
								"west": {"uv": [25, 20], "uv_size": [3.5, 0.5]},
								"up": {"uv": [13, 25], "uv_size": [0.5, 3.5]},
								"down": {"uv": [16, 28.5], "uv_size": [0.5, -3.5]}
							}
						},
						{
							"origin": [-0.52681, -0.2388, 0.40733],
							"size": [0.46163, 0.33992, 3.38256],
							"pivot": [-0.52681, 0.10112, 1.20575],
							"rotation": [0, 0, -66],
							"uv": {
								"north": {"uv": [37, 9], "uv_size": [0.5, 0.5]},
								"east": {"uv": [25, 21], "uv_size": [3.5, 0.5]},
								"south": {"uv": [10, 37], "uv_size": [0.5, 0.5]},
								"west": {"uv": [23, 25], "uv_size": [3.5, 0.5]},
								"up": {"uv": [0, 26], "uv_size": [0.5, 3.5]},
								"down": {"uv": [1, 29.5], "uv_size": [0.5, -3.5]}
							}
						},
						{
							"origin": [0.42971, -0.52338, 0.40733],
							"size": [0.17705, 0.28458, 3.38256],
							"pivot": [0.60676, -0.2388, 1.20575],
							"rotation": [0, 0, 30],
							"uv": {
								"north": {"uv": [37, 10], "uv_size": [0.5, 0.5]},
								"east": {"uv": [26, 2], "uv_size": [3.5, 0.5]},
								"south": {"uv": [11, 37], "uv_size": [0.5, 0.5]},
								"west": {"uv": [26, 6], "uv_size": [3.5, 0.5]},
								"up": {"uv": [19, 26], "uv_size": [0.5, 3.5]},
								"down": {"uv": [20, 29.5], "uv_size": [0.5, -3.5]}
							}
						},
						{
							"origin": [-0.60586, -0.52338, 0.40733],
							"size": [0.17705, 0.28458, 3.38256],
							"pivot": [-0.60586, -0.2388, 1.20575],
							"rotation": [0, 0, -30],
							"uv": {
								"north": {"uv": [37, 11], "uv_size": [0.5, 0.5]},
								"east": {"uv": [26, 7], "uv_size": [3.5, 0.5]},
								"south": {"uv": [12, 37], "uv_size": [0.5, 0.5]},
								"west": {"uv": [26, 10], "uv_size": [3.5, 0.5]},
								"up": {"uv": [21, 26], "uv_size": [0.5, 3.5]},
								"down": {"uv": [22, 29.5], "uv_size": [0.5, -3.5]}
							}
						},
						{
							"origin": [0.42971, -0.54381, 0.40733],
							"size": [0.17705, 0.28458, 3.38256],
							"pivot": [0.60676, -0.54381, 1.20575],
							"rotation": [0, 0, -30],
							"uv": {
								"north": {"uv": [37, 12], "uv_size": [0.5, 0.5]},
								"east": {"uv": [26, 13], "uv_size": [3.5, 0.5]},
								"south": {"uv": [13, 37], "uv_size": [0.5, 0.5]},
								"west": {"uv": [26, 14], "uv_size": [3.5, 0.5]},
								"up": {"uv": [23, 26], "uv_size": [0.5, 3.5]},
								"down": {"uv": [24, 29.5], "uv_size": [0.5, -3.5]}
							}
						},
						{
							"origin": [-0.60586, -0.54381, 0.40733],
							"size": [0.17705, 0.28458, 3.38256],
							"pivot": [-0.60586, -0.54381, 1.20575],
							"rotation": [0, 0, 30],
							"uv": {
								"north": {"uv": [37, 13], "uv_size": [0.5, 0.5]},
								"east": {"uv": [26, 15], "uv_size": [3.5, 0.5]},
								"south": {"uv": [14, 37], "uv_size": [0.5, 0.5]},
								"west": {"uv": [25, 26], "uv_size": [3.5, 0.5]},
								"up": {"uv": [4, 27], "uv_size": [0.5, 3.5]},
								"down": {"uv": [9, 30.5], "uv_size": [0.5, -3.5]}
							}
						},
						{
							"origin": [-0.715, -0.58194, 0.32496],
							"size": [1.43089, 0.35991, 0.58288],
							"uv": {
								"north": {"uv": [32, 5], "uv_size": [1.5, 0.5]},
								"east": {"uv": [37, 14], "uv_size": [0.5, 0.5]},
								"south": {"uv": [32, 6], "uv_size": [1.5, 0.5]},
								"west": {"uv": [15, 37], "uv_size": [0.5, 0.5]},
								"up": {"uv": [32, 7], "uv_size": [1.5, 0.5]},
								"down": {"uv": [32, 8.5], "uv_size": [1.5, -0.5]}
							}
						},
						{
							"origin": [0.50698, -0.55784, 0.32496],
							"size": [0.20892, 0.33581, 0.58288],
							"pivot": [0.7159, -0.22203, 0.43563],
							"rotation": [0, 0, 30],
							"uv": {
								"north": {"uv": [37, 15], "uv_size": [0.5, 0.5]},
								"east": {"uv": [16, 37], "uv_size": [0.5, 0.5]},
								"south": {"uv": [37, 16], "uv_size": [0.5, 0.5]},
								"west": {"uv": [17, 37], "uv_size": [0.5, 0.5]},
								"up": {"uv": [37, 17], "uv_size": [0.5, 0.5]},
								"down": {"uv": [18, 37.5], "uv_size": [0.5, -0.5]}
							}
						},
						{
							"origin": [-0.715, -0.55784, 0.32496],
							"size": [0.20892, 0.33581, 0.58288],
							"pivot": [-0.715, -0.22203, 0.43563],
							"rotation": [0, 0, -30],
							"uv": {
								"north": {"uv": [37, 18], "uv_size": [0.5, 0.5]},
								"east": {"uv": [19, 37], "uv_size": [0.5, 0.5]},
								"south": {"uv": [37, 19], "uv_size": [0.5, 0.5]},
								"west": {"uv": [20, 37], "uv_size": [0.5, 0.5]},
								"up": {"uv": [37, 20], "uv_size": [0.5, 0.5]},
								"down": {"uv": [21, 37.5], "uv_size": [0.5, -0.5]}
							}
						},
						{
							"origin": [-0.715, -0.58194, 0.32496],
							"size": [0.20892, 0.33581, 0.58288],
							"pivot": [-0.715, -0.58194, 0.43563],
							"rotation": [0, 0, 30],
							"uv": {
								"north": {"uv": [37, 21], "uv_size": [0.5, 0.5]},
								"east": {"uv": [22, 37], "uv_size": [0.5, 0.5]},
								"south": {"uv": [37, 22], "uv_size": [0.5, 0.5]},
								"west": {"uv": [23, 37], "uv_size": [0.5, 0.5]},
								"up": {"uv": [37, 23], "uv_size": [0.5, 0.5]},
								"down": {"uv": [24, 37.5], "uv_size": [0.5, -0.5]}
							}
						},
						{
							"origin": [0.50698, -0.58194, 0.32496],
							"size": [0.20892, 0.33581, 0.58288],
							"pivot": [0.7159, -0.58194, 0.43563],
							"rotation": [0, 0, -30],
							"uv": {
								"north": {"uv": [37, 24], "uv_size": [0.5, 0.5]},
								"east": {"uv": [25, 37], "uv_size": [0.5, 0.5]},
								"south": {"uv": [37, 25], "uv_size": [0.5, 0.5]},
								"west": {"uv": [26, 37], "uv_size": [0.5, 0.5]},
								"up": {"uv": [37, 26], "uv_size": [0.5, 0.5]},
								"down": {"uv": [27, 37.5], "uv_size": [0.5, -0.5]}
							}
						},
						{
							"origin": [-0.62172, -0.22203, 0.32496],
							"size": [1.24433, 0.40111, 0.58288],
							"uv": {
								"north": {"uv": [35, 2], "uv_size": [1, 0.5]},
								"east": {"uv": [37, 27], "uv_size": [0.5, 0.5]},
								"south": {"uv": [3, 35], "uv_size": [1, 0.5]},
								"west": {"uv": [28, 37], "uv_size": [0.5, 0.5]},
								"up": {"uv": [35, 3], "uv_size": [1, 0.5]},
								"down": {"uv": [4, 35.5], "uv_size": [1, -0.5]}
							}
						},
						{
							"origin": [0.1152, -0.22203, 0.32496],
							"size": [0.50741, 0.40111, 0.58288],
							"pivot": [0.62262, 0.17908, 0.43563],
							"rotation": [0, 0, 66],
							"uv": {
								"north": {"uv": [37, 28], "uv_size": [0.5, 0.5]},
								"east": {"uv": [29, 37], "uv_size": [0.5, 0.5]},
								"south": {"uv": [37, 29], "uv_size": [0.5, 0.5]},
								"west": {"uv": [30, 37], "uv_size": [0.5, 0.5]},
								"up": {"uv": [37, 30], "uv_size": [0.5, 0.5]},
								"down": {"uv": [31, 37.5], "uv_size": [0.5, -0.5]}
							}
						},
						{
							"origin": [-0.62172, -0.22203, 0.32496],
							"size": [0.54473, 0.40111, 0.58288],
							"pivot": [-0.62172, 0.17908, 0.43563],
							"rotation": [0, 0, -66],
							"uv": {
								"north": {"uv": [37, 31], "uv_size": [0.5, 0.5]},
								"east": {"uv": [32, 37], "uv_size": [0.5, 0.5]},
								"south": {"uv": [37, 32], "uv_size": [0.5, 0.5]},
								"west": {"uv": [33, 37], "uv_size": [0.5, 0.5]},
								"up": {"uv": [37, 33], "uv_size": [0.5, 0.5]},
								"down": {"uv": [34, 37.5], "uv_size": [0.5, -0.5]}
							}
						},
						{
							"origin": [-0.44448, 0.17908, 0.32496],
							"size": [0.88986, 0.78119, 0.58288],
							"uv": {
								"north": {"uv": [26, 30], "uv_size": [1, 1]},
								"east": {"uv": [35, 4], "uv_size": [0.5, 1]},
								"south": {"uv": [30, 26], "uv_size": [1, 1]},
								"west": {"uv": [5, 35], "uv_size": [0.5, 1]},
								"up": {"uv": [35, 5], "uv_size": [1, 0.5]},
								"down": {"uv": [6, 35.5], "uv_size": [1, -0.5]}
							}
						},
						{
							"origin": [-0.44448, 0.03678, 0.32496],
							"size": [0.33951, 0.92348, 0.58288],
							"pivot": [-0.44448, 0.96026, 0.43563],
							"rotation": [0, 0, -27],
							"uv": {
								"north": {"uv": [35, 6], "uv_size": [0.5, 1]},
								"east": {"uv": [7, 35], "uv_size": [0.5, 1]},
								"south": {"uv": [35, 7], "uv_size": [0.5, 1]},
								"west": {"uv": [8, 35], "uv_size": [0.5, 1]},
								"up": {"uv": [37, 34], "uv_size": [0.5, 0.5]},
								"down": {"uv": [35, 37.5], "uv_size": [0.5, -0.5]}
							}
						},
						{
							"origin": [0.10587, 0.03678, 0.32496],
							"size": [0.33951, 0.92348, 0.58288],
							"pivot": [0.44538, 0.96026, 0.43563],
							"rotation": [0, 0, 27],
							"uv": {
								"north": {"uv": [35, 8], "uv_size": [0.5, 1]},
								"east": {"uv": [9, 35], "uv_size": [0.5, 1]},
								"south": {"uv": [35, 9], "uv_size": [0.5, 1]},
								"west": {"uv": [10, 35], "uv_size": [0.5, 1]},
								"up": {"uv": [37, 35], "uv_size": [0.5, 0.5]},
								"down": {"uv": [36, 37.5], "uv_size": [0.5, -0.5]}
							}
						},
						{
							"origin": [-0.14198, 0.78791, 0.32496],
							"size": [0.28486, 0.32648, 0.58288],
							"uv": {
								"north": {"uv": [37, 36], "uv_size": [0.5, 0.5]},
								"east": {"uv": [37, 37], "uv_size": [0.5, 0.5]},
								"south": {"uv": [0, 38], "uv_size": [0.5, 0.5]},
								"west": {"uv": [38, 0], "uv_size": [0.5, 0.5]},
								"up": {"uv": [1, 38], "uv_size": [0.5, 0.5]},
								"down": {"uv": [38, 1.5], "uv_size": [0.5, -0.5]}
							}
						},
						{
							"origin": [-0.64037, -1.42147, 0.32496],
							"size": [1.28164, 0.83953, 0.58288],
							"uv": {
								"north": {"uv": [29, 4], "uv_size": [1.5, 1]},
								"east": {"uv": [35, 10], "uv_size": [0.5, 1]},
								"south": {"uv": [5, 29], "uv_size": [1.5, 1]},
								"west": {"uv": [11, 35], "uv_size": [0.5, 1]},
								"up": {"uv": [32, 9], "uv_size": [1.5, 0.5]},
								"down": {"uv": [32, 10.5], "uv_size": [1.5, -0.5]}
							}
						},
						{
							"origin": [-0.50461, -1.69743, 0.82298],
							"size": [1.00979, 0, 0.37735],
							"uv": {
								"north": {"uv": [0, 0], "uv_size": [1, 0]},
								"east": {"uv": [0, 0], "uv_size": [0.5, 0]},
								"south": {"uv": [0, 0], "uv_size": [1, 0]},
								"west": {"uv": [0, 0], "uv_size": [0.5, 0]},
								"up": {"uv": [35, 11], "uv_size": [1, 0.5]},
								"down": {"uv": [12, 35.5], "uv_size": [1, -0.5]}
							}
						},
						{
							"origin": [-0.78768, -1.92259, 9.29644],
							"size": [1.57626, 1.49407, 0.71937],
							"uv": {
								"north": {"uv": [5, 22], "uv_size": [1.5, 1.5]},
								"east": {"uv": [26, 31], "uv_size": [0.5, 1.5]},
								"south": {"uv": [7, 22], "uv_size": [1.5, 1.5]},
								"west": {"uv": [32, 11], "uv_size": [0.5, 1.5]},
								"up": {"uv": [32, 13], "uv_size": [1.5, 0.5]},
								"down": {"uv": [32, 14.5], "uv_size": [1.5, -0.5]}
							}
						},
						{
							"origin": [-0.78768, -2.43643, 9.50198],
							"size": [1.57626, 0.51383, 0.51383],
							"uv": {
								"north": {"uv": [32, 15], "uv_size": [1.5, 0.5]},
								"east": {"uv": [2, 38], "uv_size": [0.5, 0.5]},
								"south": {"uv": [16, 32], "uv_size": [1.5, 0.5]},
								"west": {"uv": [38, 2], "uv_size": [0.5, 0.5]},
								"up": {"uv": [32, 16], "uv_size": [1.5, 0.5]},
								"down": {"uv": [32, 18.5], "uv_size": [1.5, -0.5]}
							}
						},
						{
							"origin": [-0.55052, -3.54315, 8.4664],
							"size": [1.10985, 0.63241, 1.54941],
							"uv": {
								"north": {"uv": [35, 12], "uv_size": [1, 0.5]},
								"east": {"uv": [13, 35], "uv_size": [1, 0.5]},
								"south": {"uv": [35, 13], "uv_size": [1, 0.5]},
								"west": {"uv": [14, 35], "uv_size": [1, 0.5]},
								"up": {"uv": [30, 27], "uv_size": [1, 1]},
								"down": {"uv": [28, 31], "uv_size": [1, -1]}
							}
						},
						{
							"origin": [-0.91416, -3.08136, 9.36759],
							"size": [1.82922, 4.17853, 0.67984],
							"uv": {
								"north": {"uv": [6, 0], "uv_size": [2, 4]},
								"east": {"uv": [17, 23], "uv_size": [0.5, 4]},
								"south": {"uv": [2, 6], "uv_size": [2, 4]},
								"west": {"uv": [18, 23], "uv_size": [0.5, 4]},
								"up": {"uv": [29, 30], "uv_size": [2, 0.5]},
								"down": {"uv": [30, 29.5], "uv_size": [2, -0.5]}
							}
						},
						{
							"origin": [-0.78768, 1.08982, 9.18866],
							"size": [1.57626, 0.98485, 0.64822],
							"pivot": [0.91506, 1.09717, 12.25629],
							"rotation": [22, 0, 0],
							"uv": {
								"north": {"uv": [7, 29], "uv_size": [1.5, 1]},
								"east": {"uv": [35, 14], "uv_size": [0.5, 1]},
								"south": {"uv": [29, 8], "uv_size": [1.5, 1]},
								"west": {"uv": [15, 35], "uv_size": [0.5, 1]},
								"up": {"uv": [19, 32], "uv_size": [1.5, 0.5]},
								"down": {"uv": [32, 19.5], "uv_size": [1.5, -0.5]}
							}
						},
						{
							"origin": [-0.78768, -2.74501, 9.39298],
							"size": [1.57626, 2.56588, 0.64822],
							"inflate": 0.0001,
							"pivot": [0.91506, 0.18403, 12.62523],
							"rotation": [-8, 0, 0],
							"uv": {
								"north": {"uv": [16, 16], "uv_size": [1.5, 2.5]},
								"east": {"uv": [29, 25], "uv_size": [0.5, 2.5]},
								"south": {"uv": [18, 0], "uv_size": [1.5, 2.5]},
								"west": {"uv": [27, 29], "uv_size": [0.5, 2.5]},
								"up": {"uv": [32, 20], "uv_size": [1.5, 0.5]},
								"down": {"uv": [32, 21.5], "uv_size": [1.5, -0.5]}
							}
						},
						{
							"origin": [0.28742, -0.72101, 9.36759],
							"size": [0.62764, 1.81818, 0.67984],
							"pivot": [0.91506, 1.09717, 12.25629],
							"rotation": [0, 0, 39],
							"uv": {
								"north": {"uv": [0, 31], "uv_size": [0.5, 2]},
								"east": {"uv": [1, 31], "uv_size": [0.5, 2]},
								"south": {"uv": [31, 1], "uv_size": [0.5, 2]},
								"west": {"uv": [2, 31], "uv_size": [0.5, 2]},
								"up": {"uv": [3, 38], "uv_size": [0.5, 0.5]},
								"down": {"uv": [38, 3.5], "uv_size": [0.5, -0.5]}
							}
						},
						{
							"origin": [-0.42639, -0.32603, 9.36759],
							"size": [0.85369, 1.81818, 0.67984],
							"uv": {
								"north": {"uv": [23, 18], "uv_size": [1, 2]},
								"east": {"uv": [3, 31], "uv_size": [0.5, 2]},
								"south": {"uv": [23, 21], "uv_size": [1, 2]},
								"west": {"uv": [4, 31], "uv_size": [0.5, 2]},
								"up": {"uv": [35, 15], "uv_size": [1, 0.5]},
								"down": {"uv": [16, 35.5], "uv_size": [1, -0.5]}
							}
						},
						{
							"origin": [-0.91416, -0.72101, 9.36759],
							"size": [0.62764, 1.81818, 0.67984],
							"pivot": [-0.91416, 1.09717, 12.25629],
							"rotation": [0, 0, -39],
							"uv": {
								"north": {"uv": [31, 4], "uv_size": [0.5, 2]},
								"east": {"uv": [5, 31], "uv_size": [0.5, 2]},
								"south": {"uv": [6, 31], "uv_size": [0.5, 2]},
								"west": {"uv": [7, 31], "uv_size": [0.5, 2]},
								"up": {"uv": [4, 38], "uv_size": [0.5, 0.5]},
								"down": {"uv": [38, 4.5], "uv_size": [0.5, -0.5]}
							}
						},
						{
							"origin": [0.28742, -3.08136, 9.66008],
							"size": [0.62764, 1.81818, 0.38735],
							"pivot": [0.91506, -3.08136, 12.25629],
							"rotation": [0, 0, -39],
							"uv": {
								"north": {"uv": [8, 31], "uv_size": [0.5, 2]},
								"east": {"uv": [31, 8], "uv_size": [0.5, 2]},
								"south": {"uv": [9, 31], "uv_size": [0.5, 2]},
								"west": {"uv": [10, 31], "uv_size": [0.5, 2]},
								"up": {"uv": [5, 38], "uv_size": [0.5, 0.5]},
								"down": {"uv": [38, 5.5], "uv_size": [0.5, -0.5]}
							}
						},
						{
							"origin": [-0.42639, -3.47635, 9.66008],
							"size": [0.85369, 1.81818, 0.38735],
							"uv": {
								"north": {"uv": [23, 23], "uv_size": [1, 2]},
								"east": {"uv": [11, 31], "uv_size": [0.5, 2]},
								"south": {"uv": [0, 24], "uv_size": [1, 2]},
								"west": {"uv": [12, 31], "uv_size": [0.5, 2]},
								"up": {"uv": [35, 16], "uv_size": [1, 0.5]},
								"down": {"uv": [17, 35.5], "uv_size": [1, -0.5]}
							}
						},
						{
							"origin": [-0.91416, -3.08136, 9.66008],
							"size": [0.62764, 1.81818, 0.38735],
							"pivot": [-0.91416, -3.08136, 12.25629],
							"rotation": [0, 0, 39],
							"uv": {
								"north": {"uv": [13, 31], "uv_size": [0.5, 2]},
								"east": {"uv": [14, 31], "uv_size": [0.5, 2]},
								"south": {"uv": [15, 31], "uv_size": [0.5, 2]},
								"west": {"uv": [31, 15], "uv_size": [0.5, 2]},
								"up": {"uv": [6, 38], "uv_size": [0.5, 0.5]},
								"down": {"uv": [38, 6.5], "uv_size": [0.5, -0.5]}
							}
						},
						{
							"origin": [-0.19479, -2.42824, 9.53945],
							"size": [0.39049, 0.36364, 0.62451],
							"pivot": [0.33008, -2.76054, 10.43021],
							"rotation": [38, 0, 0],
							"uv": {
								"north": {"uv": [8, 38], "uv_size": [0.5, 0.5]},
								"east": {"uv": [38, 8], "uv_size": [0.5, 0.5]},
								"south": {"uv": [9, 38], "uv_size": [0.5, 0.5]},
								"west": {"uv": [38, 9], "uv_size": [0.5, 0.5]},
								"up": {"uv": [10, 38], "uv_size": [0.5, 0.5]},
								"down": {"uv": [38, 10.5], "uv_size": [0.5, -0.5]}
							}
						},
						{
							"origin": [-0.19479, -2.76054, 9.24111],
							"size": [0.39049, 0.20553, 0.7747],
							"uv": {
								"north": {"uv": [11, 38], "uv_size": [0.5, 0.5]},
								"east": {"uv": [35, 18], "uv_size": [1, 0.5]},
								"south": {"uv": [38, 11], "uv_size": [0.5, 0.5]},
								"west": {"uv": [19, 35], "uv_size": [1, 0.5]},
								"up": {"uv": [35, 19], "uv_size": [0.5, 1]},
								"down": {"uv": [20, 36], "uv_size": [0.5, -1]}
							}
						},
						{
							"origin": [-0.19479, -0.64987, 8.7747],
							"size": [0.39049, 0.96443, 1.24111],
							"uv": {
								"north": {"uv": [35, 20], "uv_size": [0.5, 1]},
								"east": {"uv": [19, 31], "uv_size": [1, 1]},
								"south": {"uv": [21, 35], "uv_size": [0.5, 1]},
								"west": {"uv": [20, 31], "uv_size": [1, 1]},
								"up": {"uv": [35, 21], "uv_size": [0.5, 1]},
								"down": {"uv": [22, 36], "uv_size": [0.5, -1]}
							}
						},
						{
							"origin": [-0.19479, -2.5471, 9.11462],
							"size": [0.39049, 1.89723, 0.90119],
							"uv": {
								"north": {"uv": [31, 20], "uv_size": [0.5, 2]},
								"east": {"uv": [24, 0], "uv_size": [1, 2]},
								"south": {"uv": [21, 31], "uv_size": [0.5, 2]},
								"west": {"uv": [1, 24], "uv_size": [1, 2]},
								"up": {"uv": [35, 22], "uv_size": [0.5, 1]},
								"down": {"uv": [23, 36], "uv_size": [0.5, -1]}
							}
						},
						{
							"origin": [-0.19479, -3.27212, 9.32213],
							"size": [0.39049, 0.20553, 0.7747],
							"pivot": [0.19569, -2.55501, 11.67131],
							"rotation": [-18, 0, 0],
							"uv": {
								"north": {"uv": [12, 38], "uv_size": [0.5, 0.5]},
								"east": {"uv": [35, 23], "uv_size": [1, 0.5]},
								"south": {"uv": [38, 12], "uv_size": [0.5, 0.5]},
								"west": {"uv": [24, 35], "uv_size": [1, 0.5]},
								"up": {"uv": [35, 24], "uv_size": [0.5, 1]},
								"down": {"uv": [25, 36], "uv_size": [0.5, -1]}
							}
						},
						{
							"origin": [-0.55052, -3.12418, 9.1891],
							"size": [1.10985, 0.07905, 0.55677],
							"uv": {
								"north": {"uv": [35, 25], "uv_size": [1, 0.5]},
								"east": {"uv": [13, 38], "uv_size": [0.5, 0.5]},
								"south": {"uv": [26, 35], "uv_size": [1, 0.5]},
								"west": {"uv": [38, 13], "uv_size": [0.5, 0.5]},
								"up": {"uv": [35, 26], "uv_size": [1, 0.5]},
								"down": {"uv": [27, 35.5], "uv_size": [1, -0.5]}
							}
						},
						{
							"origin": [-0.55052, -3.13208, 9.1891],
							"size": [1.10985, 1.36759, 0.71146],
							"pivot": [0.55933, -3.04512, 9.1891],
							"rotation": [46, 0, 0],
							"uv": {
								"north": {"uv": [13, 29], "uv_size": [1, 1.5]},
								"east": {"uv": [24, 32], "uv_size": [0.5, 1.5]},
								"south": {"uv": [16, 29], "uv_size": [1, 1.5]},
								"west": {"uv": [25, 32], "uv_size": [0.5, 1.5]},
								"up": {"uv": [35, 27], "uv_size": [1, 0.5]},
								"down": {"uv": [28, 35.5], "uv_size": [1, -0.5]}
							}
						},
						{
							"origin": [-0.55052, -3.04512, 9.24466],
							"size": [1.10985, 0.45138, 0.50122],
							"uv": {
								"north": {"uv": [35, 28], "uv_size": [1, 0.5]},
								"east": {"uv": [14, 38], "uv_size": [0.5, 0.5]},
								"south": {"uv": [29, 35], "uv_size": [1, 0.5]},
								"west": {"uv": [38, 14], "uv_size": [0.5, 0.5]},
								"up": {"uv": [35, 29], "uv_size": [1, 0.5]},
								"down": {"uv": [30, 35.5], "uv_size": [1, -0.5]}
							}
						},
						{
							"origin": [-0.55052, -2.15552, 8.26789],
							"size": [1.10985, 0.45138, 0.69094],
							"uv": {
								"north": {"uv": [35, 30], "uv_size": [1, 0.5]},
								"east": {"uv": [15, 38], "uv_size": [0.5, 0.5]},
								"south": {"uv": [31, 35], "uv_size": [1, 0.5]},
								"west": {"uv": [38, 15], "uv_size": [0.5, 0.5]},
								"up": {"uv": [35, 31], "uv_size": [1, 0.5]},
								"down": {"uv": [32, 35.5], "uv_size": [1, -0.5]}
							}
						},
						{
							"origin": [-0.55052, -4.2495, 10.20623],
							"size": [1.10985, 0.63241, 0.26877],
							"pivot": [0.55933, -2.91074, 10.73851],
							"rotation": [-53, 0, 0],
							"uv": {
								"north": {"uv": [35, 32], "uv_size": [1, 0.5]},
								"east": {"uv": [16, 38], "uv_size": [0.5, 0.5]},
								"south": {"uv": [33, 35], "uv_size": [1, 0.5]},
								"west": {"uv": [38, 16], "uv_size": [0.5, 0.5]},
								"up": {"uv": [35, 33], "uv_size": [1, 0.5]},
								"down": {"uv": [34, 35.5], "uv_size": [1, -0.5]}
							}
						},
						{
							"origin": [-0.36608, -2.43643, 10.12615],
							"size": [0.27981, 0.51383, 0.51383],
							"pivot": [0.78858, -2.43643, 10.80965],
							"rotation": [0, -52, 0],
							"uv": {
								"north": {"uv": [17, 38], "uv_size": [0.5, 0.5]},
								"east": {"uv": [38, 17], "uv_size": [0.5, 0.5]},
								"south": {"uv": [18, 38], "uv_size": [0.5, 0.5]},
								"west": {"uv": [38, 18], "uv_size": [0.5, 0.5]},
								"up": {"uv": [19, 38], "uv_size": [0.5, 0.5]},
								"down": {"uv": [38, 19.5], "uv_size": [0.5, -0.5]}
							}
						},
						{
							"origin": [0.33649, -2.43643, 9.50198],
							"size": [0.27981, 0.51383, 0.51383],
							"uv": {
								"north": {"uv": [20, 38], "uv_size": [0.5, 0.5]},
								"east": {"uv": [38, 20], "uv_size": [0.5, 0.5]},
								"south": {"uv": [21, 38], "uv_size": [0.5, 0.5]},
								"west": {"uv": [38, 21], "uv_size": [0.5, 0.5]},
								"up": {"uv": [22, 38], "uv_size": [0.5, 0.5]},
								"down": {"uv": [38, 22.5], "uv_size": [0.5, -0.5]}
							}
						},
						{
							"origin": [-0.61631, -2.43643, 9.50198],
							"size": [0.27981, 0.51383, 0.51383],
							"uv": {
								"north": {"uv": [23, 38], "uv_size": [0.5, 0.5]},
								"east": {"uv": [38, 23], "uv_size": [0.5, 0.5]},
								"south": {"uv": [24, 38], "uv_size": [0.5, 0.5]},
								"west": {"uv": [38, 24], "uv_size": [0.5, 0.5]},
								"up": {"uv": [25, 38], "uv_size": [0.5, 0.5]},
								"down": {"uv": [38, 25.5], "uv_size": [0.5, -0.5]}
							}
						},
						{
							"origin": [0.08661, -2.43643, 10.12544],
							"size": [0.27981, 0.51383, 0.51383],
							"pivot": [-0.78768, -2.43643, 10.80965],
							"rotation": [0, 52, 0],
							"uv": {
								"north": {"uv": [26, 38], "uv_size": [0.5, 0.5]},
								"east": {"uv": [38, 26], "uv_size": [0.5, 0.5]},
								"south": {"uv": [27, 38], "uv_size": [0.5, 0.5]},
								"west": {"uv": [38, 27], "uv_size": [0.5, 0.5]},
								"up": {"uv": [28, 38], "uv_size": [0.5, 0.5]},
								"down": {"uv": [38, 28.5], "uv_size": [0.5, -0.5]}
							}
						},
						{
							"origin": [-0.78768, -1.74078, 9.29644],
							"size": [0.16124, 1.31225, 0.71937],
							"pivot": [-0.78768, -0.42852, 11.32349],
							"rotation": [0, 0, -44],
							"uv": {
								"north": {"uv": [27, 32], "uv_size": [0.5, 1.5]},
								"east": {"uv": [28, 32], "uv_size": [0.5, 1.5]},
								"south": {"uv": [29, 32], "uv_size": [0.5, 1.5]},
								"west": {"uv": [30, 32], "uv_size": [0.5, 1.5]},
								"up": {"uv": [29, 38], "uv_size": [0.5, 0.5]},
								"down": {"uv": [38, 29.5], "uv_size": [0.5, -0.5]}
							}
						},
						{
							"origin": [0.62734, -1.74078, 9.29644],
							"size": [0.16124, 1.31225, 0.71937],
							"pivot": [0.78858, -0.42852, 11.32349],
							"rotation": [0, 0, 44],
							"uv": {
								"north": {"uv": [31, 32], "uv_size": [0.5, 1.5]},
								"east": {"uv": [32, 31], "uv_size": [0.5, 1.5]},
								"south": {"uv": [0, 33], "uv_size": [0.5, 1.5]},
								"west": {"uv": [1, 33], "uv_size": [0.5, 1.5]},
								"up": {"uv": [30, 38], "uv_size": [0.5, 0.5]},
								"down": {"uv": [38, 30.5], "uv_size": [0.5, -0.5]}
							}
						},
						{
							"origin": [-0.67169, -1.33761, 9.29644],
							"size": [1.34429, 1.0211, 0.71937],
							"uv": {
								"north": {"uv": [29, 9], "uv_size": [1.5, 1]},
								"east": {"uv": [35, 34], "uv_size": [0.5, 1]},
								"south": {"uv": [29, 18], "uv_size": [1.5, 1]},
								"west": {"uv": [35, 35], "uv_size": [0.5, 1]},
								"up": {"uv": [32, 23], "uv_size": [1.5, 0.5]},
								"down": {"uv": [32, 29.5], "uv_size": [1.5, -0.5]}
							}
						},
						{
							"origin": [-0.8272, -1.75659, 9.34472],
							"size": [1.65531, 0.28458, 0.6711],
							"uv": {
								"north": {"uv": [2, 33], "uv_size": [1.5, 0.5]},
								"east": {"uv": [31, 38], "uv_size": [0.5, 0.5]},
								"south": {"uv": [4, 33], "uv_size": [1.5, 0.5]},
								"west": {"uv": [38, 31], "uv_size": [0.5, 0.5]},
								"up": {"uv": [6, 33], "uv_size": [1.5, 0.5]},
								"down": {"uv": [8, 33.5], "uv_size": [1.5, -0.5]}
							}
						},
						{
							"origin": [-0.8272, -1.75659, 9.34472],
							"size": [0.38258, 0.28458, 0.6711],
							"pivot": [-0.8272, -1.75659, 9.93302],
							"rotation": [0, 0, 27],
							"uv": {
								"north": {"uv": [32, 38], "uv_size": [0.5, 0.5]},
								"east": {"uv": [38, 32], "uv_size": [0.5, 0.5]},
								"south": {"uv": [33, 38], "uv_size": [0.5, 0.5]},
								"west": {"uv": [38, 33], "uv_size": [0.5, 0.5]},
								"up": {"uv": [34, 38], "uv_size": [0.5, 0.5]},
								"down": {"uv": [38, 34.5], "uv_size": [0.5, -0.5]}
							}
						},
						{
							"origin": [0.44552, -1.75659, 9.34472],
							"size": [0.38258, 0.28458, 0.6711],
							"pivot": [0.8281, -1.75659, 9.93302],
							"rotation": [0, 0, -27],
							"uv": {
								"north": {"uv": [35, 38], "uv_size": [0.5, 0.5]},
								"east": {"uv": [38, 35], "uv_size": [0.5, 0.5]},
								"south": {"uv": [36, 38], "uv_size": [0.5, 0.5]},
								"west": {"uv": [38, 36], "uv_size": [0.5, 0.5]},
								"up": {"uv": [37, 38], "uv_size": [0.5, 0.5]},
								"down": {"uv": [38, 37.5], "uv_size": [0.5, -0.5]}
							}
						},
						{
							"origin": [-0.48632, -1.93027, 9.34472],
							"size": [0.97354, 0.28458, 0.6711],
							"uv": {
								"north": {"uv": [0, 36], "uv_size": [1, 0.5]},
								"east": {"uv": [38, 38], "uv_size": [0.5, 0.5]},
								"south": {"uv": [36, 0], "uv_size": [1, 0.5]},
								"west": {"uv": [0, 39], "uv_size": [0.5, 0.5]},
								"up": {"uv": [1, 36], "uv_size": [1, 0.5]},
								"down": {"uv": [36, 1.5], "uv_size": [1, -0.5]}
							}
						},
						{
							"origin": [-0.8272, -0.40505, 7.08949],
							"size": [1.65531, 0.16625, 0.93049],
							"uv": {
								"north": {"uv": [10, 33], "uv_size": [1.5, 0.5]},
								"east": {"uv": [2, 36], "uv_size": [1, 0.5]},
								"south": {"uv": [33, 11], "uv_size": [1.5, 0.5]},
								"west": {"uv": [36, 2], "uv_size": [1, 0.5]},
								"up": {"uv": [29, 19], "uv_size": [1.5, 1]},
								"down": {"uv": [29, 21], "uv_size": [1.5, -1]}
							}
						},
						{
							"origin": [-0.8272, -1.472, 8.01998],
							"size": [1.65531, 1.33597, 0.2205],
							"pivot": [-0.8272, -1.472, 8.01998],
							"rotation": [37, 0, 0],
							"uv": {
								"north": {"uv": [22, 8], "uv_size": [1.5, 1.5]},
								"east": {"uv": [12, 33], "uv_size": [0.5, 1.5]},
								"south": {"uv": [14, 22], "uv_size": [1.5, 1.5]},
								"west": {"uv": [13, 33], "uv_size": [0.5, 1.5]},
								"up": {"uv": [33, 12], "uv_size": [1.5, 0.5]},
								"down": {"uv": [14, 33.5], "uv_size": [1.5, -0.5]}
							}
						},
						{
							"origin": [-0.8272, -1.29997, 7.41469],
							"size": [1.65531, 1.04348, 0.62366],
							"pivot": [-0.8272, -0.25649, 8.03835],
							"rotation": [30, 0, 0],
							"uv": {
								"north": {"uv": [29, 21], "uv_size": [1.5, 1]},
								"east": {"uv": [3, 36], "uv_size": [0.5, 1]},
								"south": {"uv": [25, 29], "uv_size": [1.5, 1]},
								"west": {"uv": [36, 3], "uv_size": [0.5, 1]},
								"up": {"uv": [16, 33], "uv_size": [1.5, 0.5]},
								"down": {"uv": [33, 17.5], "uv_size": [1.5, -0.5]}
							}
						},
						{
							"origin": [-0.8272, -0.60432, 7.41469],
							"size": [1.65531, 0.34783, 0.62366],
							"pivot": [-0.8272, -0.25649, 8.03835],
							"rotation": [13, 0, 0],
							"uv": {
								"north": {"uv": [18, 33], "uv_size": [1.5, 0.5]},
								"east": {"uv": [39, 0], "uv_size": [0.5, 0.5]},
								"south": {"uv": [20, 33], "uv_size": [1.5, 0.5]},
								"west": {"uv": [1, 39], "uv_size": [0.5, 0.5]},
								"up": {"uv": [22, 33], "uv_size": [1.5, 0.5]},
								"down": {"uv": [33, 24.5], "uv_size": [1.5, -0.5]}
							}
						},
						{
							"origin": [-0.8272, -1.24275, 6.49887],
							"size": [0.8806, 1.00395, 3.51694],
							"pivot": [-0.8272, -0.2388, 7.08717],
							"rotation": [0, 0, -63],
							"uv": {
								"north": {"uv": [22, 31], "uv_size": [1, 1]},
								"east": {"uv": [19, 18], "uv_size": [3.5, 1]},
								"south": {"uv": [31, 22], "uv_size": [1, 1]},
								"west": {"uv": [19, 19], "uv_size": [3.5, 1]},
								"up": {"uv": [17, 19], "uv_size": [1, 3.5]},
								"down": {"uv": [0, 23.5], "uv_size": [1, -3.5]}
							}
						},
						{
							"origin": [-0.44776, -1.24275, 2.352],
							"size": [0.50116, 1.00395, 4.73518],
							"pivot": [-0.8272, -0.2388, 7.08717],
							"rotation": [0, 0, -63],
							"uv": {
								"north": {"uv": [4, 36], "uv_size": [0.5, 1]},
								"east": {"uv": [13, 5], "uv_size": [4.5, 1]},
								"south": {"uv": [36, 4], "uv_size": [0.5, 1]},
								"west": {"uv": [16, 13], "uv_size": [4.5, 1]},
								"up": {"uv": [9, 22], "uv_size": [0.5, 4.5]},
								"down": {"uv": [22, 25.5], "uv_size": [0.5, -4.5]}
							}
						},
						{
							"origin": [0.01056, -1.24239, 2.35431],
							"size": [0.43792, 1.00395, 4.73518],
							"pivot": [0.82792, -0.23844, 7.08949],
							"rotation": [0, 0, 63],
							"uv": {
								"north": {"uv": [5, 36], "uv_size": [0.5, 1]},
								"east": {"uv": [16, 14], "uv_size": [4.5, 1]},
								"south": {"uv": [36, 5], "uv_size": [0.5, 1]},
								"west": {"uv": [16, 15], "uv_size": [4.5, 1]},
								"up": {"uv": [3, 23], "uv_size": [0.5, 4.5]},
								"down": {"uv": [10, 27.5], "uv_size": [0.5, -4.5]}
							}
						},
						{
							"origin": [-0.8272, -1.24275, 7.08717],
							"size": [0.69879, 1.00395, 0.2126],
							"pivot": [-0.8272, -0.2388, 7.08717],
							"rotation": [0, 36, -63],
							"uv": {
								"north": {"uv": [6, 36], "uv_size": [0.5, 1]},
								"east": {"uv": [36, 6], "uv_size": [0.5, 1]},
								"south": {"uv": [7, 36], "uv_size": [0.5, 1]},
								"west": {"uv": [36, 7], "uv_size": [0.5, 1]},
								"up": {"uv": [39, 1], "uv_size": [0.5, 0.5]},
								"down": {"uv": [2, 39.5], "uv_size": [0.5, -0.5]}
							}
						},
						{
							"origin": [0.78448, -1.24275, 6.87662],
							"size": [0.69879, 1.00395, 0.2126],
							"pivot": [0.8281, -0.2388, 5.97487],
							"rotation": [0, -36, 63],
							"uv": {
								"north": {"uv": [8, 36], "uv_size": [0.5, 1]},
								"east": {"uv": [36, 8], "uv_size": [0.5, 1]},
								"south": {"uv": [9, 36], "uv_size": [0.5, 1]},
								"west": {"uv": [36, 9], "uv_size": [0.5, 1]},
								"up": {"uv": [39, 2], "uv_size": [0.5, 0.5]},
								"down": {"uv": [3, 39.5], "uv_size": [0.5, -0.5]}
							}
						},
						{
							"origin": [0.00984, -1.24275, 6.50118],
							"size": [0.81777, 1.00476, 3.51463],
							"pivot": [0.8272, -0.2388, 10.60412],
							"rotation": [0, 0, 63],
							"uv": {
								"north": {"uv": [23, 31], "uv_size": [1, 1]},
								"east": {"uv": [20, 0], "uv_size": [3.5, 1]},
								"south": {"uv": [31, 23], "uv_size": [1, 1]},
								"west": {"uv": [20, 1], "uv_size": [3.5, 1]},
								"up": {"uv": [1, 20], "uv_size": [1, 3.5]},
								"down": {"uv": [2, 23.5], "uv_size": [1, -3.5]}
							}
						},
						{
							"origin": [0.23999, 0.23551, 0.41191],
							"size": [0.23238, 0.71146, 9.6039],
							"pivot": [0.47237, 0.94697, 2.33619],
							"rotation": [0, 0, 39],
							"uv": {
								"north": {"uv": [39, 3], "uv_size": [0.5, 0.5]},
								"east": {"uv": [8, 0], "uv_size": [9.5, 0.5]},
								"south": {"uv": [4, 39], "uv_size": [0.5, 0.5]},
								"west": {"uv": [8, 1], "uv_size": [9.5, 0.5]},
								"up": {"uv": [5, 6], "uv_size": [0.5, 9.5]},
								"down": {"uv": [7, 17.5], "uv_size": [0.5, -9.5]}
							}
						},
						{
							"origin": [-0.46357, 0.23551, 0.41191],
							"size": [0.23238, 0.71146, 9.6039],
							"pivot": [-0.46357, 0.94697, 2.33619],
							"rotation": [0, 0, -39],
							"uv": {
								"north": {"uv": [39, 4], "uv_size": [0.5, 0.5]},
								"east": {"uv": [8, 2], "uv_size": [9.5, 0.5]},
								"south": {"uv": [5, 39], "uv_size": [0.5, 0.5]},
								"west": {"uv": [8, 3], "uv_size": [9.5, 0.5]},
								"up": {"uv": [8, 8], "uv_size": [0.5, 9.5]},
								"down": {"uv": [9, 17.5], "uv_size": [0.5, -9.5]}
							}
						},
						{
							"origin": [-0.28297, 0.38175, 0.41191],
							"size": [0.23238, 0.71146, 9.6039],
							"pivot": [-0.28297, 1.09321, 2.33619],
							"rotation": [0, 0, -8],
							"uv": {
								"north": {"uv": [39, 5], "uv_size": [0.5, 0.5]},
								"east": {"uv": [10, 8], "uv_size": [9.5, 0.5]},
								"south": {"uv": [6, 39], "uv_size": [0.5, 0.5]},
								"west": {"uv": [10, 9], "uv_size": [9.5, 0.5]},
								"up": {"uv": [0, 10], "uv_size": [0.5, 9.5]},
								"down": {"uv": [1, 19.5], "uv_size": [0.5, -9.5]}
							}
						},
						{
							"origin": [-0.05285, 0.41409, 0.41191],
							"size": [0.11451, 0.71146, 9.6039],
							"uv": {
								"north": {"uv": [39, 6], "uv_size": [0.5, 0.5]},
								"east": {"uv": [10, 10], "uv_size": [9.5, 0.5]},
								"south": {"uv": [7, 39], "uv_size": [0.5, 0.5]},
								"west": {"uv": [10, 11], "uv_size": [9.5, 0.5]},
								"up": {"uv": [2, 10], "uv_size": [0.5, 9.5]},
								"down": {"uv": [3, 19.5], "uv_size": [0.5, -9.5]}
							}
						},
						{
							"origin": [0.05939, 0.38175, 0.41191],
							"size": [0.23238, 0.71146, 9.6039],
							"pivot": [0.29178, 1.09321, 2.33619],
							"rotation": [0, 0, 8],
							"uv": {
								"north": {"uv": [39, 7], "uv_size": [0.5, 0.5]},
								"east": {"uv": [10, 12], "uv_size": [9.5, 0.5]},
								"south": {"uv": [8, 39], "uv_size": [0.5, 0.5]},
								"west": {"uv": [13, 4], "uv_size": [9.5, 0.5]},
								"up": {"uv": [6, 10], "uv_size": [0.5, 9.5]},
								"down": {"uv": [4, 21.5], "uv_size": [0.5, -9.5]}
							}
						},
						{
							"origin": [-0.11574, -0.0807, -0.32785],
							"size": [0.92013, 0.57587, 0.73434],
							"pivot": [0.80439, -0.0807, 0.40649],
							"rotation": [0, 0, -38],
							"uv": {
								"north": {"uv": [10, 36], "uv_size": [1, 0.5]},
								"east": {"uv": [39, 8], "uv_size": [0.5, 0.5]},
								"south": {"uv": [36, 10], "uv_size": [1, 0.5]},
								"west": {"uv": [9, 39], "uv_size": [0.5, 0.5]},
								"up": {"uv": [11, 36], "uv_size": [1, 0.5]},
								"down": {"uv": [36, 11.5], "uv_size": [1, -0.5]}
							}
						},
						{
							"origin": [-0.80349, -0.0807, -0.32785],
							"size": [0.92013, 0.57587, 0.73434],
							"pivot": [-0.80349, -0.0807, 0.40649],
							"rotation": [0, 0, 38],
							"uv": {
								"north": {"uv": [12, 36], "uv_size": [1, 0.5]},
								"east": {"uv": [39, 9], "uv_size": [0.5, 0.5]},
								"south": {"uv": [36, 12], "uv_size": [1, 0.5]},
								"west": {"uv": [10, 39], "uv_size": [0.5, 0.5]},
								"up": {"uv": [13, 36], "uv_size": [1, 0.5]},
								"down": {"uv": [36, 13.5], "uv_size": [1, -0.5]}
							}
						},
						{
							"origin": [-0.80349, -0.0807, -0.32785],
							"size": [0.37468, 0.57587, 0.73434],
							"pivot": [-0.80349, 0.49517, 0.40649],
							"rotation": [0, 0, -50],
							"uv": {
								"north": {"uv": [39, 10], "uv_size": [0.5, 0.5]},
								"east": {"uv": [11, 39], "uv_size": [0.5, 0.5]},
								"south": {"uv": [39, 11], "uv_size": [0.5, 0.5]},
								"west": {"uv": [12, 39], "uv_size": [0.5, 0.5]},
								"up": {"uv": [39, 12], "uv_size": [0.5, 0.5]},
								"down": {"uv": [13, 39.5], "uv_size": [0.5, -0.5]}
							}
						},
						{
							"origin": [0.42971, -0.0807, -0.32785],
							"size": [0.37468, 0.57587, 0.73434],
							"pivot": [0.80439, 0.49517, 0.40649],
							"rotation": [0, 0, 50],
							"uv": {
								"north": {"uv": [39, 13], "uv_size": [0.5, 0.5]},
								"east": {"uv": [14, 39], "uv_size": [0.5, 0.5]},
								"south": {"uv": [39, 14], "uv_size": [0.5, 0.5]},
								"west": {"uv": [15, 39], "uv_size": [0.5, 0.5]},
								"up": {"uv": [39, 15], "uv_size": [0.5, 0.5]},
								"down": {"uv": [16, 39.5], "uv_size": [0.5, -0.5]}
							}
						},
						{
							"origin": [-0.44353, 0.20632, -0.32785],
							"size": [1.00709, 0.50472, 0.73434],
							"uv": {
								"north": {"uv": [14, 36], "uv_size": [1, 0.5]},
								"east": {"uv": [39, 16], "uv_size": [0.5, 0.5]},
								"south": {"uv": [36, 14], "uv_size": [1, 0.5]},
								"west": {"uv": [17, 39], "uv_size": [0.5, 0.5]},
								"up": {"uv": [15, 36], "uv_size": [1, 0.5]},
								"down": {"uv": [36, 15.5], "uv_size": [1, -0.5]}
							}
						},
						{
							"origin": [0.27583, 0.20632, -0.32785],
							"size": [0.28772, 0.57587, 0.73434],
							"uv": {
								"north": {"uv": [39, 17], "uv_size": [0.5, 0.5]},
								"east": {"uv": [18, 39], "uv_size": [0.5, 0.5]},
								"south": {"uv": [39, 18], "uv_size": [0.5, 0.5]},
								"west": {"uv": [19, 39], "uv_size": [0.5, 0.5]},
								"up": {"uv": [39, 19], "uv_size": [0.5, 0.5]},
								"down": {"uv": [20, 39.5], "uv_size": [0.5, -0.5]}
							}
						},
						{
							"origin": [-0.56265, 0.20632, -0.32785],
							"size": [0.28772, 0.57587, 0.73434],
							"uv": {
								"north": {"uv": [39, 20], "uv_size": [0.5, 0.5]},
								"east": {"uv": [21, 39], "uv_size": [0.5, 0.5]},
								"south": {"uv": [39, 21], "uv_size": [0.5, 0.5]},
								"west": {"uv": [22, 39], "uv_size": [0.5, 0.5]},
								"up": {"uv": [39, 22], "uv_size": [0.5, 0.5]},
								"down": {"uv": [23, 39.5], "uv_size": [0.5, -0.5]}
							}
						}
					]
				},
				{
					"name": "1t2_illuminated",
					"parent": "stock4",
					"pivot": [0, 0, 0],
					"cubes": [
						{
							"origin": [-0.54262, -1.25527, 0.40733],
							"size": [1.08614, 0.71146, 3.38256],
							"uv": {
								"north": {"uv": [31, 34], "uv_size": [1, 0.5]},
								"east": {"uv": [5, 24], "uv_size": [3.5, 0.5]},
								"south": {"uv": [34, 31], "uv_size": [1, 0.5]},
								"west": {"uv": [24, 5], "uv_size": [3.5, 0.5]},
								"up": {"uv": [8, 18], "uv_size": [1, 3.5]},
								"down": {"uv": [9, 21.5], "uv_size": [1, -3.5]}
							}
						}
					]
				}
			]
		}
	]
}