{
	"format_version": "1.12.0",
	"minecraft:geometry": [
		{
			"description": {
				"identifier": "geometry.unknown",
				"texture_width": 64,
				"texture_height": 64,
				"visible_bounds_width": 3,
				"visible_bounds_height": 1.5,
				"visible_bounds_offset": [0, 0.25, 0]
			},
			"bones": [
				{
					"name": "stock3",
					"pivot": [0.0624, -0.896, 5.28518],
					"cubes": [
						{
							"origin": [0.64271, -0.36101, -0.99978],
							"size": [0.34529, 0.93951, 0.56042],
							"pivot": [0.988, 0.5785, -0.79351],
							"rotation": [0, 0, 48],
							"uv": {
								"south": {"uv": [19, 33], "uv_size": [0.5, 1]},
								"up": {"uv": [21, 35], "uv_size": [0.5, 0.5]}
							}
						},
						{
							"origin": [-0.10328, -1.26307, -0.99978],
							"size": [1.09129, 0.769, 0.56042],
							"pivot": [0.988, -0.49407, -0.99978],
							"rotation": [0, 0, 44],
							"uv": {
								"south": {"uv": [15, 3], "uv_size": [1, 1]},
								"west": {"uv": [33, 19], "uv_size": [0.5, 1]}
							}
						},
						{
							"origin": [-0.8685, -0.49407, -0.99978],
							"size": [1.8565, 1.07256, 0.56042],
							"uv": {
								"east": {"uv": [33, 20], "uv_size": [0.5, 1]},
								"south": {"uv": [24, 22], "uv_size": [2, 1]},
								"west": {"uv": [33, 21], "uv_size": [0.5, 1]},
								"down": {"uv": [29, 15.5], "uv_size": [2, -0.5]}
							}
						},
						{
							"origin": [-0.86852, -0.36101, -0.99978],
							"size": [0.34529, 0.93951, 0.56042],
							"pivot": [-0.86852, 0.5785, -0.79351],
							"rotation": [0, 0, -48],
							"uv": {
								"south": {"uv": [33, 22], "uv_size": [0.5, 1]},
								"up": {"uv": [35, 21], "uv_size": [0.5, 0.5]}
							}
						},
						{
							"origin": [-0.86852, -1.26307, -0.99978],
							"size": [1.09129, 0.769, 0.56042],
							"pivot": [-0.86852, -0.49407, -0.99978],
							"rotation": [0, 0, -44],
							"uv": {
								"east": {"uv": [33, 23], "uv_size": [0.5, 1]},
								"south": {"uv": [16, 12], "uv_size": [1, 1]}
							}
						},
						{
							"origin": [-0.63748, -0.10441, -0.99978],
							"size": [1.39444, 0.93951, 0.56042],
							"uv": {
								"south": {"uv": [12, 26], "uv_size": [1.5, 1]},
								"up": {"uv": [2, 31], "uv_size": [1.5, 0.5]}
							}
						},
						{
							"origin": [-0.74836, -0.49407, -0.43936],
							"size": [1.61621, 1.07256, 0.7336],
							"uv": {
								"north": {"uv": [26, 19], "uv_size": [1.5, 1]},
								"east": {"uv": [24, 33], "uv_size": [0.5, 1]},
								"south": {"uv": [26, 20], "uv_size": [1.5, 1]},
								"west": {"uv": [33, 24], "uv_size": [0.5, 1]},
								"up": {"uv": [31, 2], "uv_size": [1.5, 0.5]},
								"down": {"uv": [4, 31.5], "uv_size": [1.5, -0.5]}
							}
						},
						{
							"origin": [-0.22344, -1.26307, -0.46223],
							"size": [1.09129, 0.769, 0.75647],
							"pivot": [0.86784, -0.49407, -0.26619],
							"rotation": [0, 0, 44],
							"uv": {
								"north": {"uv": [17, 29], "uv_size": [1, 1]},
								"east": {"uv": [18, 29], "uv_size": [1, 1]},
								"south": {"uv": [29, 18], "uv_size": [1, 1]},
								"west": {"uv": [19, 29], "uv_size": [1, 1]},
								"up": {"uv": [20, 29], "uv_size": [1, 1]},
								"down": {"uv": [21, 30], "uv_size": [1, -1]}
							}
						},
						{
							"origin": [0.52255, -0.36101, -0.47488],
							"size": [0.34529, 0.93951, 0.76912],
							"pivot": [0.86784, 0.57849, -0.05991],
							"rotation": [0, 0, 33],
							"uv": {
								"north": {"uv": [25, 33], "uv_size": [0.5, 1]},
								"east": {"uv": [22, 29], "uv_size": [1, 1]},
								"south": {"uv": [33, 25], "uv_size": [0.5, 1]},
								"west": {"uv": [23, 29], "uv_size": [1, 1]},
								"up": {"uv": [26, 33], "uv_size": [0.5, 1]},
								"down": {"uv": [33, 27], "uv_size": [0.5, -1]}
							}
						},
						{
							"origin": [-0.74836, -1.26307, -0.46223],
							"size": [1.09129, 0.769, 0.75647],
							"pivot": [-0.74836, -0.49407, -0.26619],
							"rotation": [0, 0, -44],
							"uv": {
								"north": {"uv": [24, 29], "uv_size": [1, 1]},
								"east": {"uv": [25, 29], "uv_size": [1, 1]},
								"south": {"uv": [26, 29], "uv_size": [1, 1]},
								"west": {"uv": [29, 27], "uv_size": [1, 1]},
								"up": {"uv": [29, 28], "uv_size": [1, 1]},
								"down": {"uv": [29, 30], "uv_size": [1, -1]}
							}
						},
						{
							"origin": [-0.74836, -0.36101, -0.47488],
							"size": [0.34529, 0.93951, 0.76912],
							"pivot": [-0.74836, 0.57849, -0.05991],
							"rotation": [0, 0, -33],
							"uv": {
								"north": {"uv": [27, 33], "uv_size": [0.5, 1]},
								"east": {"uv": [30, 0], "uv_size": [1, 1]},
								"south": {"uv": [28, 33], "uv_size": [0.5, 1]},
								"west": {"uv": [30, 1], "uv_size": [1, 1]},
								"up": {"uv": [33, 28], "uv_size": [0.5, 1]},
								"down": {"uv": [29, 34], "uv_size": [0.5, -1]}
							}
						},
						{
							"origin": [-0.45878, -0.17295, -0.47488],
							"size": [0.34529, 0.93951, 0.76912],
							"uv": {
								"north": {"uv": [33, 29], "uv_size": [0.5, 1]},
								"east": {"uv": [30, 2], "uv_size": [1, 1]},
								"south": {"uv": [30, 33], "uv_size": [0.5, 1]},
								"west": {"uv": [4, 30], "uv_size": [1, 1]},
								"up": {"uv": [31, 33], "uv_size": [0.5, 1]},
								"down": {"uv": [32, 34], "uv_size": [0.5, -1]}
							}
						},
						{
							"origin": [0.23297, -0.17295, -0.47488],
							"size": [0.34529, 0.93951, 0.76912],
							"uv": {
								"north": {"uv": [33, 33], "uv_size": [0.5, 1]},
								"east": {"uv": [5, 30], "uv_size": [1, 1]},
								"south": {"uv": [0, 34], "uv_size": [0.5, 1]},
								"west": {"uv": [30, 6], "uv_size": [1, 1]},
								"up": {"uv": [1, 34], "uv_size": [0.5, 1]},
								"down": {"uv": [2, 35], "uv_size": [0.5, -1]}
							}
						},
						{
							"origin": [-0.59026, -0.42841, 0.29424],
							"size": [1.3, 0.72864, 0.18972],
							"uv": {
								"north": {"uv": [31, 5], "uv_size": [1.5, 0.5]},
								"east": {"uv": [22, 35], "uv_size": [0.5, 0.5]},
								"south": {"uv": [31, 6], "uv_size": [1.5, 0.5]},
								"west": {"uv": [35, 22], "uv_size": [0.5, 0.5]},
								"up": {"uv": [31, 7], "uv_size": [1.5, 0.5]},
								"down": {"uv": [8, 31.5], "uv_size": [1.5, -0.5]}
							}
						},
						{
							"origin": [-0.67722, -0.7288, 3.37724],
							"size": [1.48182, 1.1318, 1.93676],
							"uv": {
								"north": {"uv": [26, 21], "uv_size": [1.5, 1]},
								"east": {"uv": [24, 23], "uv_size": [2, 1]},
								"south": {"uv": [22, 26], "uv_size": [1.5, 1]},
								"west": {"uv": [24, 24], "uv_size": [2, 1]},
								"up": {"uv": [11, 0], "uv_size": [1.5, 2]},
								"down": {"uv": [20, 5], "uv_size": [1.5, -2]}
							}
						},
						{
							"origin": [-0.6535, -0.7288, 5.314],
							"size": [1.43439, 0.89465, 4.3004],
							"uv": {
								"north": {"uv": [26, 22], "uv_size": [1.5, 1]},
								"east": {"uv": [12, 13], "uv_size": [4.5, 1]},
								"south": {"uv": [26, 23], "uv_size": [1.5, 1]},
								"west": {"uv": [4, 14], "uv_size": [4.5, 1]},
								"up": {"uv": [6, 4], "uv_size": [1.5, 4.5]},
								"down": {"uv": [8, 8.5], "uv_size": [1.5, -4.5]}
							}
						},
						{
							"origin": [0.47693, 0.16585, 5.314],
							"size": [0.23281, 0.19763, 4.3004],
							"pivot": [0.70974, 0.36348, 5.314],
							"rotation": [0, 0, 52],
							"uv": {
								"north": {"uv": [23, 35], "uv_size": [0.5, 0.5]},
								"east": {"uv": [21, 21], "uv_size": [4.5, 0.5]},
								"south": {"uv": [35, 23], "uv_size": [0.5, 0.5]},
								"west": {"uv": [22, 3], "uv_size": [4.5, 0.5]},
								"up": {"uv": [12, 21], "uv_size": [0.5, 4.5]},
								"down": {"uv": [13, 25.5], "uv_size": [0.5, -4.5]}
							}
						},
						{
							"origin": [-0.57445, 0.16585, 5.314],
							"size": [0.23281, 0.19763, 4.3004],
							"pivot": [-0.57445, 0.36348, 5.314],
							"rotation": [0, 0, -52],
							"uv": {
								"north": {"uv": [24, 35], "uv_size": [0.5, 0.5]},
								"east": {"uv": [22, 4], "uv_size": [4.5, 0.5]},
								"south": {"uv": [35, 24], "uv_size": [0.5, 0.5]},
								"west": {"uv": [22, 14], "uv_size": [4.5, 0.5]},
								"up": {"uv": [14, 22], "uv_size": [0.5, 4.5]},
								"down": {"uv": [15, 26.5], "uv_size": [0.5, -4.5]}
							}
						},
						{
							"origin": [-0.67722, -0.23868, 5.04523],
							"size": [1.48182, 0.15157, 0.26877],
							"pivot": [0.8046, -0.08712, 5.314],
							"rotation": [33, 0, 0],
							"uv": {
								"north": {"uv": [31, 12], "uv_size": [1.5, 0.5]},
								"east": {"uv": [25, 35], "uv_size": [0.5, 0.5]},
								"south": {"uv": [15, 31], "uv_size": [1.5, 0.5]},
								"west": {"uv": [35, 25], "uv_size": [0.5, 0.5]},
								"up": {"uv": [31, 15], "uv_size": [1.5, 0.5]},
								"down": {"uv": [31, 17.5], "uv_size": [1.5, -0.5]}
							}
						},
						{
							"origin": [-0.67722, -0.23868, 5.81643],
							"size": [1.48182, 0.15157, 0.26877],
							"pivot": [0.8046, -0.08712, 5.81643],
							"rotation": [-33, 0, 0],
							"uv": {
								"north": {"uv": [18, 31], "uv_size": [1.5, 0.5]},
								"east": {"uv": [26, 35], "uv_size": [0.5, 0.5]},
								"south": {"uv": [31, 18], "uv_size": [1.5, 0.5]},
								"west": {"uv": [35, 26], "uv_size": [0.5, 0.5]},
								"up": {"uv": [31, 19], "uv_size": [1.5, 0.5]},
								"down": {"uv": [20, 31.5], "uv_size": [1.5, -0.5]}
							}
						},
						{
							"origin": [-0.67722, -0.23868, 8.6974],
							"size": [1.48182, 0.15157, 0.26877],
							"pivot": [0.8046, -0.08712, 8.96617],
							"rotation": [33, 0, 0],
							"uv": {
								"north": {"uv": [31, 20], "uv_size": [1.5, 0.5]},
								"east": {"uv": [27, 35], "uv_size": [0.5, 0.5]},
								"south": {"uv": [31, 21], "uv_size": [1.5, 0.5]},
								"west": {"uv": [35, 27], "uv_size": [0.5, 0.5]},
								"up": {"uv": [31, 22], "uv_size": [1.5, 0.5]},
								"down": {"uv": [31, 23.5], "uv_size": [1.5, -0.5]}
							}
						},
						{
							"origin": [-0.67722, -0.23868, 9.46861],
							"size": [1.48182, 0.15157, 0.26877],
							"pivot": [0.8046, -0.08712, 9.46861],
							"rotation": [-33, 0, 0],
							"uv": {
								"north": {"uv": [24, 31], "uv_size": [1.5, 0.5]},
								"east": {"uv": [28, 35], "uv_size": [0.5, 0.5]},
								"south": {"uv": [31, 24], "uv_size": [1.5, 0.5]},
								"west": {"uv": [35, 28], "uv_size": [0.5, 0.5]},
								"up": {"uv": [31, 25], "uv_size": [1.5, 0.5]},
								"down": {"uv": [31, 26.5], "uv_size": [1.5, -0.5]}
							}
						},
						{
							"origin": [-0.67722, -0.7288, 5.81202],
							"size": [1.48182, 1.1318, 3.15415],
							"uv": {
								"north": {"uv": [24, 26], "uv_size": [1.5, 1]},
								"east": {"uv": [20, 5], "uv_size": [3, 1]},
								"south": {"uv": [26, 24], "uv_size": [1.5, 1]},
								"west": {"uv": [11, 20], "uv_size": [3, 1]},
								"up": {"uv": [14, 4], "uv_size": [1.5, 3]},
								"down": {"uv": [14, 10], "uv_size": [1.5, -3]}
							}
						},
						{
							"origin": [-0.67722, -0.7288, 9.4642],
							"size": [1.48182, 1.1318, 1.64427],
							"uv": {
								"north": {"uv": [26, 26], "uv_size": [1.5, 1]},
								"east": {"uv": [0, 27], "uv_size": [1.5, 1]},
								"south": {"uv": [2, 27], "uv_size": [1.5, 1]},
								"west": {"uv": [27, 3], "uv_size": [1.5, 1]},
								"up": {"uv": [20, 22], "uv_size": [1.5, 1.5]},
								"down": {"uv": [22, 23.5], "uv_size": [1.5, -1.5]}
							}
						},
						{
							"origin": [-0.67722, 0.403, 10.04918],
							"size": [1.48182, 0.43478, 1.05929],
							"uv": {
								"north": {"uv": [27, 31], "uv_size": [1.5, 0.5]},
								"east": {"uv": [3, 34], "uv_size": [1, 0.5]},
								"south": {"uv": [31, 28], "uv_size": [1.5, 0.5]},
								"west": {"uv": [34, 3], "uv_size": [1, 0.5]},
								"up": {"uv": [27, 4], "uv_size": [1.5, 1]},
								"down": {"uv": [12, 28], "uv_size": [1.5, -1]}
							}
						},
						{
							"origin": [0.2793, 0.403, 10.04918],
							"size": [0.5253, 0.43478, 1.05929],
							"pivot": [0.8046, 0.83778, 10.04918],
							"rotation": [0, 0, 24],
							"uv": {
								"north": {"uv": [29, 35], "uv_size": [0.5, 0.5]},
								"east": {"uv": [4, 34], "uv_size": [1, 0.5]},
								"south": {"uv": [35, 29], "uv_size": [0.5, 0.5]},
								"west": {"uv": [34, 4], "uv_size": [1, 0.5]},
								"up": {"uv": [5, 34], "uv_size": [0.5, 1]},
								"down": {"uv": [34, 7], "uv_size": [0.5, -1]}
							}
						},
						{
							"origin": [-0.67722, 0.403, 10.04918],
							"size": [0.5253, 0.43478, 1.05929],
							"pivot": [-0.67722, 0.83778, 10.04918],
							"rotation": [0, 0, -24],
							"uv": {
								"north": {"uv": [30, 35], "uv_size": [0.5, 0.5]},
								"east": {"uv": [7, 34], "uv_size": [1, 0.5]},
								"south": {"uv": [35, 30], "uv_size": [0.5, 0.5]},
								"west": {"uv": [34, 7], "uv_size": [1, 0.5]},
								"up": {"uv": [8, 34], "uv_size": [0.5, 1]},
								"down": {"uv": [9, 35], "uv_size": [0.5, -1]}
							}
						},
						{
							"origin": [-0.19733, 0.61666, 10.04918],
							"size": [0.52205, 0.43478, 1.05929],
							"uv": {
								"north": {"uv": [31, 35], "uv_size": [0.5, 0.5]},
								"east": {"uv": [34, 9], "uv_size": [1, 0.5]},
								"south": {"uv": [35, 31], "uv_size": [0.5, 0.5]},
								"west": {"uv": [10, 34], "uv_size": [1, 0.5]},
								"up": {"uv": [34, 10], "uv_size": [0.5, 1]},
								"down": {"uv": [11, 35], "uv_size": [0.5, -1]}
							}
						},
						{
							"origin": [-0.67722, 0.22909, 10.04918],
							"size": [1.48182, 0.6087, 1.05929],
							"pivot": [0.8046, 0.83778, 10.04918],
							"rotation": [-35, 0, 0],
							"uv": {
								"north": {"uv": [29, 31], "uv_size": [1.5, 0.5]},
								"east": {"uv": [12, 34], "uv_size": [1, 0.5]},
								"south": {"uv": [31, 29], "uv_size": [1.5, 0.5]},
								"west": {"uv": [13, 34], "uv_size": [1, 0.5]},
								"up": {"uv": [14, 27], "uv_size": [1.5, 1]},
								"down": {"uv": [27, 15], "uv_size": [1.5, -1]}
							}
						},
						{
							"origin": [-0.67722, -3.40074, 9.63811],
							"size": [1.48182, 2.67194, 1.47036],
							"uv": {
								"north": {"uv": [15, 0], "uv_size": [1.5, 2.5]},
								"east": {"uv": [4, 15], "uv_size": [1.5, 2.5]},
								"south": {"uv": [6, 15], "uv_size": [1.5, 2.5]},
								"west": {"uv": [15, 14], "uv_size": [1.5, 2.5]},
								"up": {"uv": [4, 24], "uv_size": [1.5, 1.5]},
								"down": {"uv": [8, 25.5], "uv_size": [1.5, -1.5]}
							}
						},
						{
							"origin": [0.4295, -3.40074, 9.63811],
							"size": [0.3751, 2.67194, 1.47036],
							"pivot": [0.8046, -3.40074, 9.63811],
							"rotation": [0, -43, 0],
							"uv": {
								"north": {"uv": [27, 28], "uv_size": [0.5, 2.5]},
								"east": {"uv": [16, 3], "uv_size": [1.5, 2.5]},
								"south": {"uv": [28, 28], "uv_size": [0.5, 2.5]},
								"west": {"uv": [16, 6], "uv_size": [1.5, 2.5]},
								"up": {"uv": [31, 30], "uv_size": [0.5, 1.5]},
								"down": {"uv": [0, 33.5], "uv_size": [0.5, -1.5]}
							}
						},
						{
							"origin": [-0.67722, -3.40074, 9.63811],
							"size": [0.3751, 2.67194, 1.47036],
							"pivot": [-0.67722, -3.40074, 9.63811],
							"rotation": [0, 43, 0],
							"uv": {
								"north": {"uv": [0, 29], "uv_size": [0.5, 2.5]},
								"east": {"uv": [16, 9], "uv_size": [1.5, 2.5]},
								"south": {"uv": [1, 29], "uv_size": [0.5, 2.5]},
								"west": {"uv": [0, 17], "uv_size": [1.5, 2.5]},
								"up": {"uv": [32, 0], "uv_size": [0.5, 1.5]},
								"down": {"uv": [1, 33.5], "uv_size": [0.5, -1.5]}
							}
						},
						{
							"origin": [-0.40289, -3.40074, 9.38229],
							"size": [0.93316, 2.67194, 1.47036],
							"uv": {
								"north": {"uv": [5, 21], "uv_size": [1, 2.5]},
								"east": {"uv": [17, 0], "uv_size": [1.5, 2.5]},
								"south": {"uv": [11, 21], "uv_size": [1, 2.5]},
								"west": {"uv": [2, 17], "uv_size": [1.5, 2.5]},
								"up": {"uv": [8, 15], "uv_size": [1, 1.5]},
								"down": {"uv": [18, 28.5], "uv_size": [1, -1.5]}
							}
						},
						{
							"origin": [-0.76418, -1.70113, 10.5393],
							"size": [1.65573, 1.0751, 0.95652],
							"uv": {
								"north": {"uv": [27, 15], "uv_size": [1.5, 1]},
								"east": {"uv": [30, 7], "uv_size": [1, 1]},
								"south": {"uv": [19, 27], "uv_size": [1.5, 1]},
								"west": {"uv": [8, 30], "uv_size": [1, 1]},
								"up": {"uv": [21, 27], "uv_size": [1.5, 1]},
								"down": {"uv": [23, 28], "uv_size": [1.5, -1]}
							}
						},
						{
							"origin": [-0.76418, -1.27426, 10.5393],
							"size": [1.65573, 0.64822, 0.6166],
							"pivot": [0.89156, -0.62604, 10.5393],
							"rotation": [27, 0, 0],
							"uv": {
								"north": {"uv": [2, 32], "uv_size": [1.5, 0.5]},
								"east": {"uv": [32, 35], "uv_size": [0.5, 0.5]},
								"south": {"uv": [32, 3], "uv_size": [1.5, 0.5]},
								"west": {"uv": [35, 32], "uv_size": [0.5, 0.5]},
								"up": {"uv": [4, 32], "uv_size": [1.5, 0.5]},
								"down": {"uv": [32, 4.5], "uv_size": [1.5, -0.5]}
							}
						},
						{
							"origin": [-0.76418, -1.77179, 10.83358],
							"size": [1.65573, 0.64822, 0.6166],
							"pivot": [0.89156, -1.12356, 10.83358],
							"rotation": [-27, 0, 0],
							"uv": {
								"north": {"uv": [6, 32], "uv_size": [1.5, 0.5]},
								"east": {"uv": [33, 35], "uv_size": [0.5, 0.5]},
								"south": {"uv": [8, 32], "uv_size": [1.5, 0.5]},
								"west": {"uv": [35, 33], "uv_size": [0.5, 0.5]},
								"up": {"uv": [32, 9], "uv_size": [1.5, 0.5]},
								"down": {"uv": [10, 32.5], "uv_size": [1.5, -0.5]}
							}
						},
						{
							"origin": [-0.76418, -3.56675, 11.05313],
							"size": [1.65573, 4.32411, 0.44269],
							"uv": {
								"north": {"uv": [8, 9], "uv_size": [1.5, 4.5]},
								"east": {"uv": [10, 24], "uv_size": [0.5, 4.5]},
								"south": {"uv": [10, 4], "uv_size": [1.5, 4.5]},
								"west": {"uv": [11, 24], "uv_size": [0.5, 4.5]},
								"up": {"uv": [32, 10], "uv_size": [1.5, 0.5]},
								"down": {"uv": [12, 32.5], "uv_size": [1.5, -0.5]}
							}
						},
						{
							"origin": [-0.76418, -4.9716, 9.38591],
							"size": [1.65573, 2.4664, 0.58498],
							"pivot": [0.89156, -4.9716, 9.38591],
							"rotation": [-43, 0, 0],
							"uv": {
								"north": {"uv": [8, 17], "uv_size": [1.5, 2.5]},
								"east": {"uv": [6, 29], "uv_size": [0.5, 2.5]},
								"south": {"uv": [10, 17], "uv_size": [1.5, 2.5]},
								"west": {"uv": [29, 6], "uv_size": [0.5, 2.5]},
								"up": {"uv": [32, 13], "uv_size": [1.5, 0.5]},
								"down": {"uv": [14, 32.5], "uv_size": [1.5, -0.5]}
							}
						},
						{
							"origin": [0.2714, -4.9716, 9.38591],
							"size": [0.62016, 0.90119, 0.58498],
							"pivot": [0.89156, -4.9716, 9.38591],
							"rotation": [-32.93434, -29.37927, -37.13806],
							"uv": {
								"north": {"uv": [34, 13], "uv_size": [0.5, 1]},
								"east": {"uv": [14, 34], "uv_size": [0.5, 1]},
								"south": {"uv": [34, 14], "uv_size": [0.5, 1]},
								"west": {"uv": [15, 34], "uv_size": [0.5, 1]},
								"up": {"uv": [34, 35], "uv_size": [0.5, 0.5]},
								"down": {"uv": [35, 34.5], "uv_size": [0.5, -0.5]}
							}
						},
						{
							"origin": [-0.95354, -5.29787, 9.08167],
							"size": [0.62016, 0.90119, 0.58498],
							"pivot": [-0.33338, -5.29787, 9.08166],
							"rotation": [-32.93434, 29.37927, 37.13806],
							"uv": {
								"north": {"uv": [16, 34], "uv_size": [0.5, 1]},
								"east": {"uv": [34, 16], "uv_size": [0.5, 1]},
								"south": {"uv": [17, 34], "uv_size": [0.5, 1]},
								"west": {"uv": [18, 34], "uv_size": [0.5, 1]},
								"up": {"uv": [35, 35], "uv_size": [0.5, 0.5]},
								"down": {"uv": [0, 36.5], "uv_size": [0.5, -0.5]}
							}
						},
						{
							"origin": [-0.95354, -5.29787, 9.08167],
							"size": [0.62016, 0.79413, 0.58498],
							"pivot": [-0.33338, -5.29787, 9.08166],
							"rotation": [0, 43, 90],
							"uv": {
								"north": {"uv": [19, 34], "uv_size": [0.5, 1]},
								"east": {"uv": [34, 19], "uv_size": [0.5, 1]},
								"south": {"uv": [20, 34], "uv_size": [0.5, 1]},
								"west": {"uv": [34, 20], "uv_size": [0.5, 1]},
								"up": {"uv": [36, 0], "uv_size": [0.5, 0.5]},
								"down": {"uv": [1, 36.5], "uv_size": [0.5, -0.5]}
							}
						},
						{
							"origin": [-0.76418, -0.20706, 11.05313],
							"size": [0.58063, 0.96443, 0.44269],
							"pivot": [-0.76418, 0.75736, 11.49582],
							"rotation": [0, 0, -44],
							"uv": {
								"north": {"uv": [21, 34], "uv_size": [0.5, 1]},
								"east": {"uv": [34, 21], "uv_size": [0.5, 1]},
								"south": {"uv": [22, 34], "uv_size": [0.5, 1]},
								"west": {"uv": [34, 22], "uv_size": [0.5, 1]},
								"up": {"uv": [36, 1], "uv_size": [0.5, 0.5]},
								"down": {"uv": [2, 36.5], "uv_size": [0.5, -0.5]}
							}
						},
						{
							"origin": [0.31092, -0.20706, 11.05313],
							"size": [0.58063, 0.96443, 0.44269],
							"pivot": [0.89156, 0.75736, 11.49582],
							"rotation": [0, 0, 44],
							"uv": {
								"north": {"uv": [23, 34], "uv_size": [0.5, 1]},
								"east": {"uv": [34, 23], "uv_size": [0.5, 1]},
								"south": {"uv": [24, 34], "uv_size": [0.5, 1]},
								"west": {"uv": [34, 24], "uv_size": [0.5, 1]},
								"up": {"uv": [36, 2], "uv_size": [0.5, 0.5]},
								"down": {"uv": [3, 36.5], "uv_size": [0.5, -0.5]}
							}
						},
						{
							"origin": [-0.3465, 0.19628, 11.05313],
							"size": [0.82039, 0.96443, 0.44269],
							"uv": {
								"north": {"uv": [30, 8], "uv_size": [1, 1]},
								"east": {"uv": [25, 34], "uv_size": [0.5, 1]},
								"south": {"uv": [9, 30], "uv_size": [1, 1]},
								"west": {"uv": [34, 25], "uv_size": [0.5, 1]},
								"up": {"uv": [26, 34], "uv_size": [1, 0.5]},
								"down": {"uv": [34, 26.5], "uv_size": [1, -0.5]}
							}
						},
						{
							"origin": [-0.67722, -2.02524, 3.86736],
							"size": [1.48182, 0.67984, 2.66403],
							"uv": {
								"north": {"uv": [32, 14], "uv_size": [1.5, 0.5]},
								"east": {"uv": [28, 25], "uv_size": [2.5, 0.5]},
								"south": {"uv": [16, 32], "uv_size": [1.5, 0.5]},
								"west": {"uv": [28, 26], "uv_size": [2.5, 0.5]},
								"up": {"uv": [12, 17], "uv_size": [1.5, 2.5]},
								"down": {"uv": [17, 14.5], "uv_size": [1.5, -2.5]}
							}
						},
						{
							"origin": [-0.14752, -3.31378, 4.5472],
							"size": [0.39086, 2.33992, 0.3909],
							"pivot": [0.03998, -1.15963, 4.76637],
							"rotation": [0, -45, 0],
							"uv": {
								"north": {"uv": [7, 29], "uv_size": [0.5, 2.5]},
								"east": {"uv": [29, 9], "uv_size": [0.5, 2.5]},
								"south": {"uv": [10, 29], "uv_size": [0.5, 2.5]},
								"west": {"uv": [11, 29], "uv_size": [0.5, 2.5]},
								"up": {"uv": [36, 3], "uv_size": [0.5, 0.5]},
								"down": {"uv": [4, 36.5], "uv_size": [0.5, -0.5]}
							}
						},
						{
							"origin": [-0.67722, -2.70509, 3.86736],
							"size": [1.48182, 0.29249, 2.72727],
							"uv": {
								"north": {"uv": [32, 16], "uv_size": [1.5, 0.5]},
								"east": {"uv": [29, 3], "uv_size": [2.5, 0.5]},
								"south": {"uv": [18, 32], "uv_size": [1.5, 0.5]},
								"west": {"uv": [29, 4], "uv_size": [2.5, 0.5]},
								"up": {"uv": [14, 17], "uv_size": [1.5, 2.5]},
								"down": {"uv": [17, 17.5], "uv_size": [1.5, -2.5]}
							}
						},
						{
							"origin": [-0.25034, -3.08453, 4.09661],
							"size": [0.62807, 0.29249, 2.19763],
							"uv": {
								"north": {"uv": [36, 4], "uv_size": [0.5, 0.5]},
								"east": {"uv": [30, 9], "uv_size": [2, 0.5]},
								"south": {"uv": [5, 36], "uv_size": [0.5, 0.5]},
								"west": {"uv": [30, 10], "uv_size": [2, 0.5]},
								"up": {"uv": [30, 11], "uv_size": [0.5, 2]},
								"down": {"uv": [12, 32], "uv_size": [0.5, -2]}
							}
						},
						{
							"origin": [-0.25034, -3.41655, 4.09661],
							"size": [0.62807, 0.33202, 0.3004],
							"uv": {
								"north": {"uv": [36, 5], "uv_size": [0.5, 0.5]},
								"east": {"uv": [6, 36], "uv_size": [0.5, 0.5]},
								"south": {"uv": [36, 6], "uv_size": [0.5, 0.5]},
								"west": {"uv": [7, 36], "uv_size": [0.5, 0.5]},
								"up": {"uv": [36, 7], "uv_size": [0.5, 0.5]},
								"down": {"uv": [8, 36.5], "uv_size": [0.5, -0.5]}
							}
						},
						{
							"origin": [-0.25034, -3.85551, 6.97463],
							"size": [0.62807, 1.25692, 0.11858],
							"pivot": [0.37772, -3.85551, 6.97463],
							"rotation": [38, 0, 0],
							"uv": {
								"north": {"uv": [20, 32], "uv_size": [0.5, 1.5]},
								"east": {"uv": [21, 32], "uv_size": [0.5, 1.5]},
								"south": {"uv": [22, 32], "uv_size": [0.5, 1.5]},
								"west": {"uv": [23, 32], "uv_size": [0.5, 1.5]},
								"up": {"uv": [36, 8], "uv_size": [0.5, 0.5]},
								"down": {"uv": [9, 36.5], "uv_size": [0.5, -0.5]}
							}
						},
						{
							"origin": [-0.25034, -3.44444, 6.78491],
							"size": [0.62807, 0.84585, 0.18972],
							"pivot": [0.37772, -3.85551, 6.97463],
							"rotation": [38, 0, 0],
							"uv": {
								"north": {"uv": [27, 34], "uv_size": [0.5, 1]},
								"east": {"uv": [34, 27], "uv_size": [0.5, 1]},
								"south": {"uv": [28, 34], "uv_size": [0.5, 1]},
								"west": {"uv": [34, 28], "uv_size": [0.5, 1]},
								"up": {"uv": [36, 9], "uv_size": [0.5, 0.5]},
								"down": {"uv": [10, 36.5], "uv_size": [0.5, -0.5]}
							}
						},
						{
							"origin": [-0.25034, -3.85551, 6.97463],
							"size": [0.62807, 0.32411, 0.1581],
							"pivot": [0.37772, -3.85551, 6.97463],
							"rotation": [78, 0, 0],
							"uv": {
								"north": {"uv": [36, 10], "uv_size": [0.5, 0.5]},
								"east": {"uv": [11, 36], "uv_size": [0.5, 0.5]},
								"south": {"uv": [36, 11], "uv_size": [0.5, 0.5]},
								"west": {"uv": [12, 36], "uv_size": [0.5, 0.5]},
								"up": {"uv": [36, 12], "uv_size": [0.5, 0.5]},
								"down": {"uv": [13, 36.5], "uv_size": [0.5, -0.5]}
							}
						},
						{
							"origin": [-0.25034, -3.70531, 7.13274],
							"size": [0.62807, 0.17391, 0.07905],
							"pivot": [0.37772, -3.85551, 6.97463],
							"rotation": [78, 0, 0],
							"uv": {
								"north": {"uv": [36, 13], "uv_size": [0.5, 0.5]},
								"east": {"uv": [14, 36], "uv_size": [0.5, 0.5]},
								"south": {"uv": [36, 14], "uv_size": [0.5, 0.5]},
								"west": {"uv": [15, 36], "uv_size": [0.5, 0.5]},
								"up": {"uv": [36, 15], "uv_size": [0.5, 0.5]},
								"down": {"uv": [16, 36.5], "uv_size": [0.5, -0.5]}
							}
						},
						{
							"origin": [-0.25034, -3.78812, 6.65761],
							"size": [0.62807, 1.2332, 0.3083],
							"pivot": [0.37772, -3.78812, 6.65761],
							"rotation": [55, 0, 0],
							"uv": {
								"north": {"uv": [29, 34], "uv_size": [0.5, 1]},
								"east": {"uv": [34, 29], "uv_size": [0.5, 1]},
								"south": {"uv": [30, 34], "uv_size": [0.5, 1]},
								"west": {"uv": [34, 30], "uv_size": [0.5, 1]},
								"up": {"uv": [36, 16], "uv_size": [0.5, 0.5]},
								"down": {"uv": [17, 36.5], "uv_size": [0.5, -0.5]}
							}
						},
						{
							"origin": [-0.67722, -2.4126, 3.86736],
							"size": [1.48182, 0.52964, 2.72727],
							"uv": {
								"north": {"uv": [24, 32], "uv_size": [1.5, 0.5]},
								"east": {"uv": [12, 29], "uv_size": [2.5, 0.5]},
								"south": {"uv": [26, 32], "uv_size": [1.5, 0.5]},
								"west": {"uv": [29, 14], "uv_size": [2.5, 0.5]},
								"up": {"uv": [18, 3], "uv_size": [1.5, 2.5]},
								"down": {"uv": [4, 20.5], "uv_size": [1.5, -2.5]}
							}
						},
						{
							"origin": [-0.67722, -1.796, 6.53139],
							"size": [1.48182, 0.45059, 4.16601],
							"pivot": [0.8046, -1.3454, 6.53139],
							"rotation": [-37, 0, 0],
							"uv": {
								"north": {"uv": [32, 27], "uv_size": [1.5, 0.5]},
								"east": {"uv": [25, 6], "uv_size": [4, 0.5]},
								"south": {"uv": [28, 32], "uv_size": [1.5, 0.5]},
								"west": {"uv": [25, 7], "uv_size": [4, 0.5]},
								"up": {"uv": [12, 9], "uv_size": [1.5, 4]},
								"down": {"uv": [0, 17], "uv_size": [1.5, -4]}
							}
						},
						{
							"origin": [-0.67722, -2.61022, 6.64997],
							"size": [1.48182, 0.26087, 4.04743],
							"pivot": [0.8046, -2.2624, 6.53139],
							"rotation": [-37, 0, 0],
							"uv": {
								"north": {"uv": [30, 32], "uv_size": [1.5, 0.5]},
								"east": {"uv": [25, 8], "uv_size": [4, 0.5]},
								"south": {"uv": [32, 30], "uv_size": [1.5, 0.5]},
								"west": {"uv": [25, 9], "uv_size": [4, 0.5]},
								"up": {"uv": [13, 0], "uv_size": [1.5, 4]},
								"down": {"uv": [2, 17], "uv_size": [1.5, -4]}
							}
						},
						{
							"origin": [-0.67722, -5.60627, 10.42863],
							"size": [1.48182, 2.20553, 0.67984],
							"pivot": [-0.67722, -3.40074, 11.10847],
							"rotation": [-45, 0, 0],
							"uv": {
								"north": {"uv": [14, 20], "uv_size": [1.5, 2]},
								"east": {"uv": [13, 30], "uv_size": [0.5, 2]},
								"south": {"uv": [20, 14], "uv_size": [1.5, 2]},
								"west": {"uv": [14, 30], "uv_size": [0.5, 2]},
								"up": {"uv": [33, 0], "uv_size": [1.5, 0.5]},
								"down": {"uv": [33, 1.5], "uv_size": [1.5, -0.5]}
							}
						},
						{
							"origin": [-0.67722, -4.85528, 9.51163],
							"size": [1.48182, 1.45455, 0.917],
							"pivot": [-0.67722, -3.40074, 11.10847],
							"rotation": [-45, 0, 0],
							"uv": {
								"north": {"uv": [20, 24], "uv_size": [1.5, 1.5]},
								"east": {"uv": [25, 27], "uv_size": [1, 1.5]},
								"south": {"uv": [22, 24], "uv_size": [1.5, 1.5]},
								"west": {"uv": [26, 27], "uv_size": [1, 1.5]},
								"up": {"uv": [27, 27], "uv_size": [1.5, 1]},
								"down": {"uv": [0, 29], "uv_size": [1.5, -1]}
							}
						},
						{
							"origin": [-0.67722, -0.7288, 5.3061],
							"size": [1.48182, 0.53892, 5.91304],
							"uv": {
								"north": {"uv": [2, 33], "uv_size": [1.5, 0.5]},
								"east": {"uv": [20, 16], "uv_size": [6, 0.5]},
								"south": {"uv": [33, 2], "uv_size": [1.5, 0.5]},
								"west": {"uv": [20, 17], "uv_size": [6, 0.5]},
								"up": {"uv": [0, 0], "uv_size": [1.5, 6]},
								"down": {"uv": [2, 6], "uv_size": [1.5, -6]}
							}
						},
						{
							"origin": [0.46903, -0.7288, 3.37724],
							"size": [0.33558, 1.11599, 7.09091],
							"pivot": [0.8046, -0.7288, 3.37724],
							"rotation": [0, 0, -56],
							"uv": {
								"north": {"uv": [31, 34], "uv_size": [0.5, 1]},
								"east": {"uv": [4, 0], "uv_size": [7, 1]},
								"south": {"uv": [34, 31], "uv_size": [0.5, 1]},
								"west": {"uv": [4, 1], "uv_size": [7, 1]},
								"up": {"uv": [16, 17], "uv_size": [0.5, 7]},
								"down": {"uv": [6, 25], "uv_size": [0.5, -7]}
							}
						},
						{
							"origin": [-0.48957, -1.00701, 3.37724],
							"size": [1.10652, 0.65749, 7.09091],
							"uv": {
								"north": {"uv": [32, 34], "uv_size": [1, 0.5]},
								"east": {"uv": [18, 6], "uv_size": [7, 0.5]},
								"south": {"uv": [34, 32], "uv_size": [1, 0.5]},
								"west": {"uv": [18, 7], "uv_size": [7, 0.5]},
								"up": {"uv": [4, 2], "uv_size": [1, 7]},
								"down": {"uv": [5, 9], "uv_size": [1, -7]}
							}
						},
						{
							"origin": [-0.67722, -0.7288, 3.37724],
							"size": [0.33558, 1.11599, 7.09091],
							"pivot": [-0.67722, -0.7288, 3.37724],
							"rotation": [0, 0, 56],
							"uv": {
								"north": {"uv": [33, 34], "uv_size": [0.5, 1]},
								"east": {"uv": [6, 2], "uv_size": [7, 1]},
								"south": {"uv": [34, 33], "uv_size": [0.5, 1]},
								"west": {"uv": [6, 3], "uv_size": [7, 1]},
								"up": {"uv": [7, 18], "uv_size": [0.5, 7]},
								"down": {"uv": [17, 25], "uv_size": [0.5, -7]}
							}
						},
						{
							"origin": [0.47693, -0.34145, 3.37724],
							"size": [0.32767, 0.74445, 1.93676],
							"pivot": [0.8046, 0.403, 3.37724],
							"rotation": [0, 0, 40],
							"uv": {
								"north": {"uv": [36, 17], "uv_size": [0.5, 0.5]},
								"east": {"uv": [30, 13], "uv_size": [2, 0.5]},
								"south": {"uv": [18, 36], "uv_size": [0.5, 0.5]},
								"west": {"uv": [30, 16], "uv_size": [2, 0.5]},
								"up": {"uv": [17, 30], "uv_size": [0.5, 2]},
								"down": {"uv": [30, 19], "uv_size": [0.5, -2]}
							}
						},
						{
							"origin": [0.47693, -0.34145, 5.81202],
							"size": [0.32767, 0.74445, 3.15415],
							"pivot": [0.8046, 0.403, 5.81202],
							"rotation": [0, 0, 40],
							"uv": {
								"north": {"uv": [36, 18], "uv_size": [0.5, 0.5]},
								"east": {"uv": [28, 5], "uv_size": [3, 0.5]},
								"south": {"uv": [19, 36], "uv_size": [0.5, 0.5]},
								"west": {"uv": [12, 28], "uv_size": [3, 0.5]},
								"up": {"uv": [2, 28], "uv_size": [0.5, 3]},
								"down": {"uv": [3, 31], "uv_size": [0.5, -3]}
							}
						},
						{
							"origin": [0.47693, -0.34145, 9.4642],
							"size": [0.32767, 0.74445, 1.83399],
							"pivot": [0.8046, 0.403, 9.4642],
							"rotation": [0, 0, 40],
							"uv": {
								"north": {"uv": [36, 19], "uv_size": [0.5, 0.5]},
								"east": {"uv": [18, 30], "uv_size": [2, 0.5]},
								"south": {"uv": [20, 36], "uv_size": [0.5, 0.5]},
								"west": {"uv": [20, 30], "uv_size": [2, 0.5]},
								"up": {"uv": [22, 30], "uv_size": [0.5, 2]},
								"down": {"uv": [23, 32], "uv_size": [0.5, -2]}
							}
						},
						{
							"origin": [-0.67722, -0.34145, 9.4642],
							"size": [0.32767, 0.74445, 1.64427],
							"pivot": [-0.67722, 0.403, 9.27447],
							"rotation": [0, 0, -40],
							"uv": {
								"north": {"uv": [36, 20], "uv_size": [0.5, 0.5]},
								"east": {"uv": [4, 33], "uv_size": [1.5, 0.5]},
								"south": {"uv": [21, 36], "uv_size": [0.5, 0.5]},
								"west": {"uv": [33, 5], "uv_size": [1.5, 0.5]},
								"up": {"uv": [6, 33], "uv_size": [0.5, 1.5]},
								"down": {"uv": [33, 7.5], "uv_size": [0.5, -1.5]}
							}
						},
						{
							"origin": [-0.67722, -0.34145, 3.37724],
							"size": [0.32767, 0.74445, 1.93676],
							"pivot": [-0.67722, 0.403, 3.37724],
							"rotation": [0, 0, -40],
							"uv": {
								"north": {"uv": [36, 21], "uv_size": [0.5, 0.5]},
								"east": {"uv": [24, 30], "uv_size": [2, 0.5]},
								"south": {"uv": [22, 36], "uv_size": [0.5, 0.5]},
								"west": {"uv": [30, 27], "uv_size": [2, 0.5]},
								"up": {"uv": [26, 30], "uv_size": [0.5, 2]},
								"down": {"uv": [30, 30], "uv_size": [0.5, -2]}
							}
						},
						{
							"origin": [-0.67722, -0.34145, 5.81202],
							"size": [0.32767, 0.74445, 3.15415],
							"pivot": [-0.67722, 0.403, 5.81202],
							"rotation": [0, 0, -40],
							"uv": {
								"north": {"uv": [36, 22], "uv_size": [0.5, 0.5]},
								"east": {"uv": [19, 28], "uv_size": [3, 0.5]},
								"south": {"uv": [23, 36], "uv_size": [0.5, 0.5]},
								"west": {"uv": [28, 19], "uv_size": [3, 0.5]},
								"up": {"uv": [15, 28], "uv_size": [0.5, 3]},
								"down": {"uv": [16, 31], "uv_size": [0.5, -3]}
							}
						},
						{
							"origin": [-0.42621, -0.13083, 3.37724],
							"size": [0.9798, 0.74445, 6.7668],
							"uv": {
								"north": {"uv": [34, 34], "uv_size": [1, 0.5]},
								"east": {"uv": [18, 8], "uv_size": [7, 0.5]},
								"south": {"uv": [0, 35], "uv_size": [1, 0.5]},
								"west": {"uv": [18, 9], "uv_size": [7, 0.5]},
								"up": {"uv": [0, 6], "uv_size": [1, 7]},
								"down": {"uv": [1, 13], "uv_size": [1, -7]}
							}
						},
						{
							"origin": [-0.42621, 0.61362, 3.37724],
							"size": [0.9798, 0.18182, 7.04348],
							"uv": {
								"north": {"uv": [35, 0], "uv_size": [1, 0.5]},
								"east": {"uv": [18, 10], "uv_size": [7, 0.5]},
								"south": {"uv": [1, 35], "uv_size": [1, 0.5]},
								"west": {"uv": [18, 11], "uv_size": [7, 0.5]},
								"up": {"uv": [2, 6], "uv_size": [1, 7]},
								"down": {"uv": [3, 13], "uv_size": [1, -7]}
							}
						},
						{
							"origin": [0.07972, 0.61362, 3.37724],
							"size": [0.47387, 0.18182, 7.04348],
							"pivot": [0.55359, 0.79544, 3.37724],
							"rotation": [0, 0, 22],
							"uv": {
								"north": {"uv": [36, 23], "uv_size": [0.5, 0.5]},
								"east": {"uv": [18, 18], "uv_size": [7, 0.5]},
								"south": {"uv": [24, 36], "uv_size": [0.5, 0.5]},
								"west": {"uv": [19, 0], "uv_size": [7, 0.5]},
								"up": {"uv": [18, 19], "uv_size": [0.5, 7]},
								"down": {"uv": [19, 26], "uv_size": [0.5, -7]}
							}
						},
						{
							"origin": [-0.42621, 0.61362, 3.37724],
							"size": [0.47387, 0.18182, 7.04348],
							"pivot": [-0.42621, 0.79544, 3.37724],
							"rotation": [0, 0, -22],
							"uv": {
								"north": {"uv": [36, 24], "uv_size": [0.5, 0.5]},
								"east": {"uv": [19, 1], "uv_size": [7, 0.5]},
								"south": {"uv": [25, 36], "uv_size": [0.5, 0.5]},
								"west": {"uv": [19, 2], "uv_size": [7, 0.5]},
								"up": {"uv": [0, 20], "uv_size": [0.5, 7]},
								"down": {"uv": [1, 27], "uv_size": [0.5, -7]}
							}
						},
						{
							"origin": [0.01316, 0.79114, 3.37724],
							"size": [0.10107, 0.18182, 7.04348],
							"uv": {
								"north": {"uv": [36, 25], "uv_size": [0.5, 0.5]},
								"east": {"uv": [19, 12], "uv_size": [7, 0.5]},
								"south": {"uv": [26, 36], "uv_size": [0.5, 0.5]},
								"west": {"uv": [19, 13], "uv_size": [7, 0.5]},
								"up": {"uv": [2, 20], "uv_size": [0.5, 7]},
								"down": {"uv": [3, 27], "uv_size": [0.5, -7]}
							}
						},
						{
							"origin": [-0.59026, 0.15478, 0.4144],
							"size": [1.3, 0.13913, 0.06957],
							"pivot": [0.70974, 0.15478, 0.48396],
							"rotation": [-48, 0, 0],
							"uv": {
								"north": {"uv": [7, 33], "uv_size": [1.5, 0.5]},
								"east": {"uv": [36, 26], "uv_size": [0.5, 0.5]},
								"south": {"uv": [33, 8], "uv_size": [1.5, 0.5]},
								"west": {"uv": [27, 36], "uv_size": [0.5, 0.5]},
								"up": {"uv": [9, 33], "uv_size": [1.5, 0.5]},
								"down": {"uv": [11, 33.5], "uv_size": [1.5, -0.5]}
							}
						},
						{
							"origin": [-0.59026, -0.40943, 0.4144],
							"size": [1.3, 0.13913, 0.06957],
							"pivot": [0.70974, -0.2703, 0.48396],
							"rotation": [48, 0, 0],
							"uv": {
								"north": {"uv": [33, 11], "uv_size": [1.5, 0.5]},
								"east": {"uv": [36, 27], "uv_size": [0.5, 0.5]},
								"south": {"uv": [33, 12], "uv_size": [1.5, 0.5]},
								"west": {"uv": [28, 36], "uv_size": [0.5, 0.5]},
								"up": {"uv": [13, 33], "uv_size": [1.5, 0.5]},
								"down": {"uv": [15, 33.5], "uv_size": [1.5, -0.5]}
							}
						},
						{
							"origin": [-0.59026, 0.23321, 0.48396],
							"size": [1.3, 0.06703, 3.20632],
							"uv": {
								"north": {"uv": [33, 15], "uv_size": [1.5, 0.5]},
								"east": {"uv": [28, 20], "uv_size": [3, 0.5]},
								"south": {"uv": [17, 33], "uv_size": [1.5, 0.5]},
								"west": {"uv": [28, 21], "uv_size": [3, 0.5]},
								"up": {"uv": [9, 14], "uv_size": [1.5, 3]},
								"down": {"uv": [14, 13], "uv_size": [1.5, -3]}
							}
						},
						{
							"origin": [-0.59026, -0.42841, 0.48396],
							"size": [1.3, 0.07093, 3.20632],
							"uv": {
								"north": {"uv": [33, 17], "uv_size": [1.5, 0.5]},
								"east": {"uv": [22, 28], "uv_size": [3, 0.5]},
								"south": {"uv": [33, 18], "uv_size": [1.5, 0.5]},
								"west": {"uv": [28, 22], "uv_size": [3, 0.5]},
								"up": {"uv": [11, 14], "uv_size": [1.5, 3]},
								"down": {"uv": [13, 17], "uv_size": [1.5, -3]}
							}
						},
						{
							"origin": [0.36468, -0.14624, 0.29424],
							"size": [0.34506, 0.44647, 3.63636],
							"pivot": [0.70974, 0.30023, 0.29424],
							"rotation": [0, 0, 43],
							"uv": {
								"north": {"uv": [36, 28], "uv_size": [0.5, 0.5]},
								"east": {"uv": [25, 10], "uv_size": [3.5, 0.5]},
								"south": {"uv": [29, 36], "uv_size": [0.5, 0.5]},
								"west": {"uv": [25, 11], "uv_size": [3.5, 0.5]},
								"up": {"uv": [16, 24], "uv_size": [0.5, 3.5]},
								"down": {"uv": [6, 28.5], "uv_size": [0.5, -3.5]}
							}
						},
						{
							"origin": [-0.59026, -0.14624, 0.29424],
							"size": [0.34506, 0.44647, 3.63636],
							"pivot": [-0.59026, 0.30023, 0.29424],
							"rotation": [0, 0, -43],
							"uv": {
								"north": {"uv": [36, 29], "uv_size": [0.5, 0.5]},
								"east": {"uv": [25, 18], "uv_size": [3.5, 0.5]},
								"south": {"uv": [30, 36], "uv_size": [0.5, 0.5]},
								"west": {"uv": [24, 25], "uv_size": [3.5, 0.5]},
								"up": {"uv": [7, 25], "uv_size": [0.5, 3.5]},
								"down": {"uv": [17, 28.5], "uv_size": [0.5, -3.5]}
							}
						},
						{
							"origin": [-0.3379, 0.08909, 0.29424],
							"size": [0.79528, 0.44647, 3.63636],
							"uv": {
								"north": {"uv": [35, 1], "uv_size": [1, 0.5]},
								"east": {"uv": [26, 0], "uv_size": [3.5, 0.5]},
								"south": {"uv": [2, 35], "uv_size": [1, 0.5]},
								"west": {"uv": [26, 1], "uv_size": [3.5, 0.5]},
								"up": {"uv": [19, 14], "uv_size": [1, 3.5]},
								"down": {"uv": [8, 23.5], "uv_size": [1, -3.5]}
							}
						},
						{
							"origin": [-0.3379, -0.66374, 0.29424],
							"size": [0.79528, 0.44647, 3.63636],
							"uv": {
								"north": {"uv": [35, 2], "uv_size": [1, 0.5]},
								"east": {"uv": [26, 2], "uv_size": [3.5, 0.5]},
								"south": {"uv": [3, 35], "uv_size": [1, 0.5]},
								"west": {"uv": [26, 12], "uv_size": [3.5, 0.5]},
								"up": {"uv": [9, 20], "uv_size": [1, 3.5]},
								"down": {"uv": [10, 23.5], "uv_size": [1, -3.5]}
							}
						},
						{
							"origin": [0.36468, -0.42841, 0.29424],
							"size": [0.34506, 0.44647, 3.63636],
							"pivot": [0.70974, -0.42841, 0.29424],
							"rotation": [0, 0, -43],
							"uv": {
								"north": {"uv": [36, 30], "uv_size": [0.5, 0.5]},
								"east": {"uv": [26, 13], "uv_size": [3.5, 0.5]},
								"south": {"uv": [31, 36], "uv_size": [0.5, 0.5]},
								"west": {"uv": [26, 16], "uv_size": [3.5, 0.5]},
								"up": {"uv": [4, 26], "uv_size": [0.5, 3.5]},
								"down": {"uv": [5, 29.5], "uv_size": [0.5, -3.5]}
							}
						},
						{
							"origin": [-0.59026, -0.42841, 0.29424],
							"size": [0.34506, 0.44647, 3.63636],
							"pivot": [-0.59026, -0.42841, 0.29424],
							"rotation": [0, 0, 43],
							"uv": {
								"north": {"uv": [36, 31], "uv_size": [0.5, 0.5]},
								"east": {"uv": [26, 17], "uv_size": [3.5, 0.5]},
								"south": {"uv": [32, 36], "uv_size": [0.5, 0.5]},
								"west": {"uv": [18, 26], "uv_size": [3.5, 0.5]},
								"up": {"uv": [8, 26], "uv_size": [0.5, 3.5]},
								"down": {"uv": [9, 29.5], "uv_size": [0.5, -3.5]}
							}
						},
						{
							"origin": [-0.47008, -1.18339, -0.99978],
							"size": [1.05966, 0.68933, 0.56042],
							"uv": {
								"east": {"uv": [36, 32], "uv_size": [0.5, 0.5]},
								"south": {"uv": [35, 4], "uv_size": [1, 0.5]},
								"west": {"uv": [33, 36], "uv_size": [0.5, 0.5]}
							}
						},
						{
							"origin": [0.23822, -1.18339, -0.99978],
							"size": [0.35136, 0.68933, 0.56042],
							"pivot": [0.58958, -1.18339, -0.99978],
							"rotation": [0, 0, -63],
							"uv": {
								"south": {"uv": [36, 33], "uv_size": [0.5, 0.5]},
								"down": {"uv": [34, 36.5], "uv_size": [0.5, -0.5]}
							}
						},
						{
							"origin": [-0.4701, -1.18339, -0.99978],
							"size": [0.35136, 0.68933, 0.56042],
							"pivot": [-0.4701, -1.18339, -0.99978],
							"rotation": [0, 0, 63],
							"uv": {
								"south": {"uv": [36, 34], "uv_size": [0.5, 0.5]},
								"down": {"uv": [35, 36.5], "uv_size": [0.5, -0.5]}
							}
						},
						{
							"origin": [-0.31059, -1.49646, -0.99978],
							"size": [0.74065, 0.68933, 0.56042],
							"uv": {
								"south": {"uv": [36, 35], "uv_size": [0.5, 0.5]},
								"down": {"uv": [36, 36.5], "uv_size": [0.5, -0.5]}
							}
						},
						{
							"origin": [-0.47008, -1.36679, -0.4773],
							"size": [1.05966, 0.69565, 1.08775],
							"inflate": 0.0001,
							"uv": {
								"north": {"uv": [5, 35], "uv_size": [1, 0.5]},
								"east": {"uv": [35, 5], "uv_size": [1, 0.5]},
								"south": {"uv": [6, 35], "uv_size": [1, 0.5]},
								"west": {"uv": [35, 6], "uv_size": [1, 0.5]},
								"up": {"uv": [29, 30], "uv_size": [1, 1]},
								"down": {"uv": [30, 31], "uv_size": [1, -1]}
							}
						},
						{
							"origin": [0.18762, -1.36679, -0.4773],
							"size": [0.40196, 0.69565, 1.08775],
							"pivot": [0.58958, -1.36679, -0.4773],
							"rotation": [0, 0, -51],
							"uv": {
								"north": {"uv": [0, 37], "uv_size": [0.5, 0.5]},
								"east": {"uv": [7, 35], "uv_size": [1, 0.5]},
								"south": {"uv": [37, 0], "uv_size": [0.5, 0.5]},
								"west": {"uv": [35, 7], "uv_size": [1, 0.5]},
								"up": {"uv": [8, 35], "uv_size": [0.5, 1]},
								"down": {"uv": [35, 9], "uv_size": [0.5, -1]}
							}
						},
						{
							"origin": [-0.4701, -1.36679, -0.4773],
							"size": [0.40196, 0.69565, 1.08775],
							"pivot": [-0.4701, -1.36679, -0.4773],
							"rotation": [0, 0, 51],
							"uv": {
								"north": {"uv": [1, 37], "uv_size": [0.5, 0.5]},
								"east": {"uv": [9, 35], "uv_size": [1, 0.5]},
								"south": {"uv": [37, 1], "uv_size": [0.5, 0.5]},
								"west": {"uv": [35, 9], "uv_size": [1, 0.5]},
								"up": {"uv": [10, 35], "uv_size": [0.5, 1]},
								"down": {"uv": [35, 11], "uv_size": [0.5, -1]}
							}
						},
						{
							"origin": [-0.21714, -1.67917, -0.4773],
							"size": [0.55377, 0.54637, 1.08775],
							"uv": {
								"north": {"uv": [2, 37], "uv_size": [0.5, 0.5]},
								"east": {"uv": [11, 35], "uv_size": [1, 0.5]},
								"south": {"uv": [37, 2], "uv_size": [0.5, 0.5]},
								"west": {"uv": [35, 11], "uv_size": [1, 0.5]},
								"up": {"uv": [12, 35], "uv_size": [0.5, 1]},
								"down": {"uv": [35, 13], "uv_size": [0.5, -1]}
							}
						},
						{
							"origin": [-0.38155, -1.27826, 0.61044],
							"size": [0.88259, 0.60711, 0.81581],
							"uv": {
								"north": {"uv": [13, 35], "uv_size": [1, 0.5]},
								"east": {"uv": [35, 13], "uv_size": [1, 0.5]},
								"south": {"uv": [14, 35], "uv_size": [1, 0.5]},
								"west": {"uv": [35, 14], "uv_size": [1, 0.5]},
								"up": {"uv": [31, 0], "uv_size": [1, 1]},
								"down": {"uv": [31, 2], "uv_size": [1, -1]}
							}
						},
						{
							"origin": [0.1813, -1.27826, 0.61044],
							"size": [0.31974, 0.60711, 0.81581],
							"pivot": [0.50104, -1.27826, 1.42625],
							"rotation": [0, 0, -56],
							"uv": {
								"north": {"uv": [3, 37], "uv_size": [0.5, 0.5]},
								"east": {"uv": [15, 35], "uv_size": [1, 0.5]},
								"south": {"uv": [37, 3], "uv_size": [0.5, 0.5]},
								"west": {"uv": [35, 15], "uv_size": [1, 0.5]},
								"up": {"uv": [16, 35], "uv_size": [0.5, 1]},
								"down": {"uv": [35, 17], "uv_size": [0.5, -1]}
							}
						},
						{
							"origin": [-0.38157, -1.27826, 0.61044],
							"size": [0.31974, 0.60711, 0.81581],
							"pivot": [-0.38157, -1.27826, 1.42625],
							"rotation": [0, 0, 56],
							"uv": {
								"north": {"uv": [4, 37], "uv_size": [0.5, 0.5]},
								"east": {"uv": [17, 35], "uv_size": [1, 0.5]},
								"south": {"uv": [37, 4], "uv_size": [0.5, 0.5]},
								"west": {"uv": [35, 17], "uv_size": [1, 0.5]},
								"up": {"uv": [18, 35], "uv_size": [0.5, 1]},
								"down": {"uv": [35, 19], "uv_size": [0.5, -1]}
							}
						},
						{
							"origin": [-0.20277, -1.54334, 0.61044],
							"size": [0.52501, 0.60711, 0.81581],
							"uv": {
								"north": {"uv": [5, 37], "uv_size": [0.5, 0.5]},
								"east": {"uv": [19, 35], "uv_size": [1, 0.5]},
								"south": {"uv": [37, 5], "uv_size": [0.5, 0.5]},
								"west": {"uv": [35, 19], "uv_size": [1, 0.5]},
								"up": {"uv": [20, 35], "uv_size": [0.5, 1]},
								"down": {"uv": [35, 21], "uv_size": [0.5, -1]}
							}
						}
					]
				},
				{
					"name": "1t2_illuminated",
					"parent": "stock3",
					"pivot": [0.8046, -2.2624, 6.53139],
					"cubes": [
						{
							"origin": [-0.51437, -0.42841, 0.48396],
							"size": [1.14822, 0.72864, 3.2],
							"uv": {
								"north": {"uv": [35, 3], "uv_size": [1, 0.5]},
								"east": {"uv": [28, 23], "uv_size": [3, 0.5]},
								"south": {"uv": [4, 35], "uv_size": [1, 0.5]},
								"west": {"uv": [28, 24], "uv_size": [3, 0.5]},
								"up": {"uv": [20, 19], "uv_size": [1, 3]},
								"down": {"uv": [4, 24], "uv_size": [1, -3]}
							}
						},
						{
							"origin": [-0.57445, 0.16585, 5.314],
							"size": [1.28419, 0.19763, 4.3004],
							"uv": {
								"north": {"uv": [31, 8], "uv_size": [1.5, 0.5]},
								"east": {"uv": [21, 19], "uv_size": [4.5, 0.5]},
								"south": {"uv": [31, 11], "uv_size": [1.5, 0.5]},
								"west": {"uv": [21, 20], "uv_size": [4.5, 0.5]},
								"up": {"uv": [4, 9], "uv_size": [1.5, 4.5]},
								"down": {"uv": [6, 13.5], "uv_size": [1.5, -4.5]}
							}
						},
						{
							"origin": [-0.60607, -2.4126, 6.06499],
							"size": [1.35534, 0.51383, 4.63241],
							"pivot": [0.8046, -2.2624, 6.53139],
							"rotation": [-37, 0, 0],
							"uv": {
								"north": {"uv": [32, 31], "uv_size": [1.5, 0.5]},
								"east": {"uv": [22, 15], "uv_size": [4.5, 0.5]},
								"south": {"uv": [32, 32], "uv_size": [1.5, 0.5]},
								"west": {"uv": [23, 5], "uv_size": [4.5, 0.5]},
								"up": {"uv": [10, 9], "uv_size": [1.5, 4.5]},
								"down": {"uv": [12, 8.5], "uv_size": [1.5, -4.5]}
							}
						}
					]
				}
			]
		}
	]
}