{
	"format_version": "1.12.0",
	"minecraft:geometry": [
		{
			"description": {
				"identifier": "geometry.unknown",
				"texture_width": 32,
				"texture_height": 32,
				"visible_bounds_width": 2,
				"visible_bounds_height": 1.5,
				"visible_bounds_offset": [0, 0.25, 0]
			},
			"bones": [
				{
					"name": "Muzzle2",
					"pivot": [0.0635, 0.06762, 0.69882],
					"cubes": [
						{
							"origin": [-0.35968, -1.04348, -5.94071],
							"size": [0.84585, 2.24506, 7.01186],
							"uv": {
								"north": {"uv": [5, 11], "uv_size": [1, 2]},
								"east": {"uv": [0, 0], "uv_size": [7, 2]},
								"south": {"uv": [5, 15], "uv_size": [1, 2]},
								"west": {"uv": [0, 2], "uv_size": [7, 2]},
								"up": {"uv": [4, 4], "uv_size": [1, 7]},
								"down": {"uv": [5, 11], "uv_size": [1, -7]}
							}
						},
						{
							"origin": [-0.35968, -1.04348, -5.94071],
							"size": [0.84585, 0.89328, 7.01186],
							"pivot": [0.48617, -1.04348, -5.94071],
							"rotation": [0, 0, 50],
							"uv": {
								"north": {"uv": [18, 6], "uv_size": [1, 1]},
								"east": {"uv": [6, 4], "uv_size": [7, 1]},
								"south": {"uv": [18, 7], "uv_size": [1, 1]},
								"west": {"uv": [6, 5], "uv_size": [7, 1]},
								"up": {"uv": [6, 6], "uv_size": [1, 7]},
								"down": {"uv": [7, 13], "uv_size": [1, -7]}
							}
						},
						{
							"origin": [-0.35968, -1.04348, -5.94071],
							"size": [0.84585, 0.89328, 7.01186],
							"pivot": [-0.35968, -1.04348, -5.94071],
							"rotation": [0, 0, -50],
							"uv": {
								"north": {"uv": [18, 8], "uv_size": [1, 1]},
								"east": {"uv": [7, 0], "uv_size": [7, 1]},
								"south": {"uv": [18, 9], "uv_size": [1, 1]},
								"west": {"uv": [7, 1], "uv_size": [7, 1]},
								"up": {"uv": [8, 6], "uv_size": [1, 7]},
								"down": {"uv": [9, 13], "uv_size": [1, -7]}
							}
						},
						{
							"origin": [-0.32806, 0.22925, -5.94071],
							"size": [0.81423, 0.97233, 7.01186],
							"pivot": [0.48617, 1.20158, -5.94071],
							"rotation": [0, 0, -45],
							"uv": {
								"north": {"uv": [18, 10], "uv_size": [1, 1]},
								"east": {"uv": [7, 2], "uv_size": [7, 1]},
								"south": {"uv": [18, 11], "uv_size": [1, 1]},
								"west": {"uv": [7, 3], "uv_size": [7, 1]},
								"up": {"uv": [10, 6], "uv_size": [1, 7]},
								"down": {"uv": [0, 18], "uv_size": [1, -7]}
							}
						},
						{
							"origin": [-1.31363, 0.78794, 1.07115],
							"size": [2.19763, 0.18972, 0.18182],
							"pivot": [0.89981, 0.78794, 1.25296],
							"rotation": [0, 0, -45],
							"uv": {
								"north": {"uv": [18, 12], "uv_size": [2, 0.5]},
								"east": {"uv": [20, 23], "uv_size": [0.5, 0.5]},
								"south": {"uv": [18, 13], "uv_size": [2, 0.5]},
								"west": {"uv": [21, 23], "uv_size": [0.5, 0.5]},
								"up": {"uv": [18, 14], "uv_size": [2, 0.5]},
								"down": {"uv": [18, 15.5], "uv_size": [2, -0.5]}
							}
						},
						{
							"origin": [-1.31363, 0.78794, 1.07115],
							"size": [2.19763, 0.17391, 0.18182],
							"pivot": [0.89981, 0.78794, 1.25296],
							"rotation": [15, 0, -45],
							"uv": {
								"north": {"uv": [18, 16], "uv_size": [2, 0.5]},
								"east": {"uv": [22, 23], "uv_size": [0.5, 0.5]},
								"south": {"uv": [17, 18], "uv_size": [2, 0.5]},
								"west": {"uv": [23, 23], "uv_size": [0.5, 0.5]},
								"up": {"uv": [18, 17], "uv_size": [2, 0.5]},
								"down": {"uv": [19, 0.5], "uv_size": [2, -0.5]}
							}
						},
						{
							"origin": [-1.28579, 0.50451, 1.05174],
							"size": [2.19763, 0.17391, 0.18182],
							"pivot": [0.52054, 0.59146, 1.14265],
							"rotation": [-15, 0, -45],
							"uv": {
								"north": {"uv": [19, 1], "uv_size": [2, 0.5]},
								"east": {"uv": [0, 24], "uv_size": [0.5, 0.5]},
								"south": {"uv": [19, 2], "uv_size": [2, 0.5]},
								"west": {"uv": [24, 0], "uv_size": [0.5, 0.5]},
								"up": {"uv": [19, 3], "uv_size": [2, 0.5]},
								"down": {"uv": [19, 4.5], "uv_size": [2, -0.5]}
							}
						},
						{
							"origin": [-0.78536, 0.50451, 1.05174],
							"size": [2.20553, 0.17391, 0.18182],
							"pivot": [-0.39405, 0.59146, 1.14265],
							"rotation": [-15, 0, 45],
							"uv": {
								"north": {"uv": [19, 5], "uv_size": [2, 0.5]},
								"east": {"uv": [1, 24], "uv_size": [0.5, 0.5]},
								"south": {"uv": [19, 6], "uv_size": [2, 0.5]},
								"west": {"uv": [24, 1], "uv_size": [0.5, 0.5]},
								"up": {"uv": [19, 7], "uv_size": [2, 0.5]},
								"down": {"uv": [19, 8.5], "uv_size": [2, -0.5]}
							}
						},
						{
							"origin": [-0.75752, 0.78794, 1.07115],
							"size": [2.20553, 0.18972, 0.18182],
							"pivot": [-0.77333, 0.78794, 1.25296],
							"rotation": [0, 0, 45],
							"uv": {
								"north": {"uv": [19, 9], "uv_size": [2, 0.5]},
								"east": {"uv": [2, 24], "uv_size": [0.5, 0.5]},
								"south": {"uv": [19, 10], "uv_size": [2, 0.5]},
								"west": {"uv": [24, 2], "uv_size": [0.5, 0.5]},
								"up": {"uv": [19, 11], "uv_size": [2, 0.5]},
								"down": {"uv": [13, 19.5], "uv_size": [2, -0.5]}
							}
						},
						{
							"origin": [-0.75752, 0.78794, 1.07115],
							"size": [2.20553, 0.17391, 0.18182],
							"pivot": [-0.77333, 0.78794, 1.25296],
							"rotation": [15, 0, 45],
							"uv": {
								"north": {"uv": [17, 19], "uv_size": [2, 0.5]},
								"east": {"uv": [3, 24], "uv_size": [0.5, 0.5]},
								"south": {"uv": [19, 18], "uv_size": [2, 0.5]},
								"west": {"uv": [24, 3], "uv_size": [0.5, 0.5]},
								"up": {"uv": [19, 19], "uv_size": [2, 0.5]},
								"down": {"uv": [3, 20.5], "uv_size": [2, -0.5]}
							}
						},
						{
							"origin": [-0.35968, 0.22925, -5.94071],
							"size": [0.81423, 0.97233, 7.01186],
							"pivot": [-0.35968, 1.20158, -5.94071],
							"rotation": [0, 0, 45],
							"uv": {
								"north": {"uv": [9, 19], "uv_size": [1, 1]},
								"east": {"uv": [11, 6], "uv_size": [7, 1]},
								"south": {"uv": [15, 19], "uv_size": [1, 1]},
								"west": {"uv": [11, 7], "uv_size": [7, 1]},
								"up": {"uv": [1, 11], "uv_size": [1, 7]},
								"down": {"uv": [2, 18], "uv_size": [1, -7]}
							}
						},
						{
							"origin": [-1.04723, -0.4662, -5.94071],
							"size": [2.22093, 0.98024, 7.01186],
							"uv": {
								"north": {"uv": [6, 15], "uv_size": [2, 1]},
								"east": {"uv": [11, 8], "uv_size": [7, 1]},
								"south": {"uv": [8, 15], "uv_size": [2, 1]},
								"west": {"uv": [11, 9], "uv_size": [7, 1]},
								"up": {"uv": [0, 4], "uv_size": [2, 7]},
								"down": {"uv": [2, 11], "uv_size": [2, -7]}
							}
						},
						{
							"origin": [-0.35968, -1.04348, 1.7747],
							"size": [0.84585, 2.24506, 0.64822],
							"uv": {
								"north": {"uv": [10, 15], "uv_size": [1, 2]},
								"east": {"uv": [5, 20], "uv_size": [0.5, 2]},
								"south": {"uv": [15, 10], "uv_size": [1, 2]},
								"west": {"uv": [7, 20], "uv_size": [0.5, 2]},
								"up": {"uv": [23, 0], "uv_size": [1, 0.5]},
								"down": {"uv": [23, 1.5], "uv_size": [1, -0.5]}
							}
						},
						{
							"origin": [-0.32806, 0.22925, 1.7747],
							"size": [0.81423, 0.97233, 0.64822],
							"pivot": [0.48617, 1.20158, -5.94071],
							"rotation": [0, 0, -45],
							"uv": {
								"north": {"uv": [8, 20], "uv_size": [1, 1]},
								"east": {"uv": [23, 2], "uv_size": [0.5, 1]},
								"south": {"uv": [9, 20], "uv_size": [1, 1]},
								"west": {"uv": [23, 3], "uv_size": [0.5, 1]},
								"up": {"uv": [5, 23], "uv_size": [1, 0.5]},
								"down": {"uv": [6, 23.5], "uv_size": [1, -0.5]}
							}
						},
						{
							"origin": [-1.04723, -0.4662, 1.7747],
							"size": [2.22093, 0.98024, 0.64822],
							"uv": {
								"north": {"uv": [15, 12], "uv_size": [2, 1]},
								"east": {"uv": [7, 23], "uv_size": [0.5, 1]},
								"south": {"uv": [15, 13], "uv_size": [2, 1]},
								"west": {"uv": [8, 23], "uv_size": [0.5, 1]},
								"up": {"uv": [10, 20], "uv_size": [2, 0.5]},
								"down": {"uv": [12, 20.5], "uv_size": [2, -0.5]}
							}
						},
						{
							"origin": [-0.35968, 0.22925, 1.7747],
							"size": [0.81423, 0.97233, 0.64822],
							"pivot": [-0.35968, 1.20158, -5.94071],
							"rotation": [0, 0, 45],
							"uv": {
								"north": {"uv": [20, 12], "uv_size": [1, 1]},
								"east": {"uv": [23, 8], "uv_size": [0.5, 1]},
								"south": {"uv": [20, 13], "uv_size": [1, 1]},
								"west": {"uv": [23, 9], "uv_size": [0.5, 1]},
								"up": {"uv": [23, 11], "uv_size": [1, 0.5]},
								"down": {"uv": [23, 12.5], "uv_size": [1, -0.5]}
							}
						},
						{
							"origin": [-0.35968, -1.04348, 1.7747],
							"size": [0.84585, 0.89328, 0.64822],
							"pivot": [0.48617, -1.04348, -5.94071],
							"rotation": [0, 0, 50],
							"uv": {
								"north": {"uv": [14, 20], "uv_size": [1, 1]},
								"east": {"uv": [23, 13], "uv_size": [0.5, 1]},
								"south": {"uv": [20, 14], "uv_size": [1, 1]},
								"west": {"uv": [23, 14], "uv_size": [0.5, 1]},
								"up": {"uv": [23, 15], "uv_size": [1, 0.5]},
								"down": {"uv": [23, 16.5], "uv_size": [1, -0.5]}
							}
						},
						{
							"origin": [-0.35968, -1.04348, 1.7747],
							"size": [0.84585, 0.89328, 0.64822],
							"pivot": [-0.35968, -1.04348, -5.94071],
							"rotation": [0, 0, -50],
							"uv": {
								"north": {"uv": [15, 20], "uv_size": [1, 1]},
								"east": {"uv": [23, 17], "uv_size": [0.5, 1]},
								"south": {"uv": [20, 15], "uv_size": [1, 1]},
								"west": {"uv": [18, 23], "uv_size": [0.5, 1]},
								"up": {"uv": [23, 18], "uv_size": [1, 0.5]},
								"down": {"uv": [19, 23.5], "uv_size": [1, -0.5]}
							}
						},
						{
							"origin": [-0.347, -1.01011, 0.62229],
							"size": [0.82047, 2.17771, 1.13486],
							"uv": {
								"north": {"uv": [15, 14], "uv_size": [1, 2]},
								"east": {"uv": [16, 0], "uv_size": [1, 2]},
								"south": {"uv": [16, 2], "uv_size": [1, 2]},
								"west": {"uv": [6, 16], "uv_size": [1, 2]},
								"up": {"uv": [16, 20], "uv_size": [1, 1]},
								"down": {"uv": [20, 17], "uv_size": [1, -1]}
							}
						},
						{
							"origin": [-0.31632, 0.22443, 0.62229],
							"size": [0.7898, 0.94316, 1.13486],
							"pivot": [0.47348, 1.1676, -5.7268],
							"rotation": [0, 0, -45],
							"uv": {
								"north": {"uv": [17, 20], "uv_size": [1, 1]},
								"east": {"uv": [20, 17], "uv_size": [1, 1]},
								"south": {"uv": [18, 20], "uv_size": [1, 1]},
								"west": {"uv": [19, 20], "uv_size": [1, 1]},
								"up": {"uv": [20, 20], "uv_size": [1, 1]},
								"down": {"uv": [0, 22], "uv_size": [1, -1]}
							}
						},
						{
							"origin": [-1.01391, -0.45015, 0.62229],
							"size": [2.15431, 0.95083, 1.13486],
							"uv": {
								"north": {"uv": [7, 16], "uv_size": [2, 1]},
								"east": {"uv": [21, 0], "uv_size": [1, 1]},
								"south": {"uv": [16, 10], "uv_size": [2, 1]},
								"west": {"uv": [1, 21], "uv_size": [1, 1]},
								"up": {"uv": [11, 16], "uv_size": [2, 1]},
								"down": {"uv": [16, 12], "uv_size": [2, -1]}
							}
						},
						{
							"origin": [-0.347, 0.22443, 0.62229],
							"size": [0.7898, 0.94316, 1.13486],
							"pivot": [-0.347, 1.1676, -5.7268],
							"rotation": [0, 0, 45],
							"uv": {
								"north": {"uv": [21, 1], "uv_size": [1, 1]},
								"east": {"uv": [2, 21], "uv_size": [1, 1]},
								"south": {"uv": [21, 2], "uv_size": [1, 1]},
								"west": {"uv": [3, 21], "uv_size": [1, 1]},
								"up": {"uv": [21, 3], "uv_size": [1, 1]},
								"down": {"uv": [4, 22], "uv_size": [1, -1]}
							}
						},
						{
							"origin": [-0.347, -1.01011, 0.62229],
							"size": [0.82047, 0.86648, 1.13486],
							"pivot": [0.47348, -1.01011, -5.7268],
							"rotation": [0, 0, 50],
							"uv": {
								"north": {"uv": [21, 4], "uv_size": [1, 1]},
								"east": {"uv": [21, 5], "uv_size": [1, 1]},
								"south": {"uv": [6, 21], "uv_size": [1, 1]},
								"west": {"uv": [21, 6], "uv_size": [1, 1]},
								"up": {"uv": [21, 7], "uv_size": [1, 1]},
								"down": {"uv": [8, 22], "uv_size": [1, -1]}
							}
						},
						{
							"origin": [-0.347, -1.01011, 0.62229],
							"size": [0.82047, 0.86648, 1.13486],
							"pivot": [-0.347, -1.01011, -5.7268],
							"rotation": [0, 0, -50],
							"uv": {
								"north": {"uv": [21, 8], "uv_size": [1, 1]},
								"east": {"uv": [9, 21], "uv_size": [1, 1]},
								"south": {"uv": [21, 9], "uv_size": [1, 1]},
								"west": {"uv": [10, 21], "uv_size": [1, 1]},
								"up": {"uv": [21, 10], "uv_size": [1, 1]},
								"down": {"uv": [11, 22], "uv_size": [1, -1]}
							}
						},
						{
							"origin": [-1.04723, 0.0002, 1.07115],
							"size": [2.22093, 0.17391, 0.17391],
							"uv": {
								"north": {"uv": [21, 11], "uv_size": [2, 0.5]},
								"east": {"uv": [10, 24], "uv_size": [0.5, 0.5]},
								"south": {"uv": [12, 21], "uv_size": [2, 0.5]},
								"west": {"uv": [24, 10], "uv_size": [0.5, 0.5]},
								"up": {"uv": [21, 12], "uv_size": [2, 0.5]},
								"down": {"uv": [21, 13.5], "uv_size": [2, -0.5]}
							}
						},
						{
							"origin": [-1.04723, 0.0002, 1.02372],
							"size": [2.22093, 0.17391, 0.22134],
							"pivot": [1.17371, 0.17412, 1.24506],
							"rotation": [-25, 0, 0],
							"uv": {
								"north": {"uv": [14, 21], "uv_size": [2, 0.5]},
								"east": {"uv": [11, 24], "uv_size": [0.5, 0.5]},
								"south": {"uv": [21, 14], "uv_size": [2, 0.5]},
								"west": {"uv": [24, 11], "uv_size": [0.5, 0.5]},
								"up": {"uv": [21, 15], "uv_size": [2, 0.5]},
								"down": {"uv": [16, 21.5], "uv_size": [2, -0.5]}
							}
						},
						{
							"origin": [-1.04723, -0.01609, 0.91069],
							"size": [2.22093, 0.17391, 0.26087],
							"pivot": [1.17371, 0.15782, 1.17156],
							"rotation": [25, 0, 0],
							"uv": {
								"north": {"uv": [21, 16], "uv_size": [2, 0.5]},
								"east": {"uv": [12, 24], "uv_size": [0.5, 0.5]},
								"south": {"uv": [21, 17], "uv_size": [2, 0.5]},
								"west": {"uv": [24, 12], "uv_size": [0.5, 0.5]},
								"up": {"uv": [18, 21], "uv_size": [2, 0.5]},
								"down": {"uv": [21, 18.5], "uv_size": [2, -0.5]}
							}
						}
					]
				},
				{
					"name": "1t2_illuminated",
					"parent": "Muzzle2",
					"pivot": [-0.16206, -1.20158, 1.96443],
					"cubes": [
						{
							"origin": [0.28854, -1.20158, 1.96443],
							"size": [0.10277, 2.55336, 0.36364],
							"uv": {
								"north": {"uv": [9, 16], "uv_size": [0.5, 2.5]},
								"east": {"uv": [13, 16], "uv_size": [0.5, 2.5]},
								"south": {"uv": [14, 16], "uv_size": [0.5, 2.5]},
								"west": {"uv": [16, 14], "uv_size": [0.5, 2.5]},
								"up": {"uv": [4, 24], "uv_size": [0.5, 0.5]},
								"down": {"uv": [24, 4.5], "uv_size": [0.5, -0.5]}
							}
						},
						{
							"origin": [0.28854, -1.20158, 1.96443],
							"size": [0.10277, 2.55336, 0.36364],
							"pivot": [0.3913, 1.35178, 1.96443],
							"rotation": [-68, 0, 0],
							"uv": {
								"north": {"uv": [15, 16], "uv_size": [0.5, 2.5]},
								"east": {"uv": [17, 0], "uv_size": [0.5, 2.5]},
								"south": {"uv": [3, 17], "uv_size": [0.5, 2.5]},
								"west": {"uv": [17, 3], "uv_size": [0.5, 2.5]},
								"up": {"uv": [5, 24], "uv_size": [0.5, 0.5]},
								"down": {"uv": [24, 5.5], "uv_size": [0.5, -0.5]}
							}
						},
						{
							"origin": [-0.26482, -1.20158, 1.96443],
							"size": [0.10277, 2.55336, 0.36364],
							"uv": {
								"north": {"uv": [10, 17], "uv_size": [0.5, 2.5]},
								"east": {"uv": [11, 17], "uv_size": [0.5, 2.5]},
								"south": {"uv": [12, 17], "uv_size": [0.5, 2.5]},
								"west": {"uv": [17, 12], "uv_size": [0.5, 2.5]},
								"up": {"uv": [7, 24], "uv_size": [0.5, 0.5]},
								"down": {"uv": [24, 7.5], "uv_size": [0.5, -0.5]}
							}
						},
						{
							"origin": [-0.26482, -1.20158, 1.96443],
							"size": [0.10277, 2.55336, 0.36364],
							"pivot": [-0.16206, 1.35178, 1.96443],
							"rotation": [-68, 0, 0],
							"uv": {
								"north": {"uv": [1, 18], "uv_size": [0.5, 2.5]},
								"east": {"uv": [2, 18], "uv_size": [0.5, 2.5]},
								"south": {"uv": [18, 3], "uv_size": [0.5, 2.5]},
								"west": {"uv": [6, 18], "uv_size": [0.5, 2.5]},
								"up": {"uv": [9, 24], "uv_size": [0.5, 0.5]},
								"down": {"uv": [24, 9.5], "uv_size": [0.5, -0.5]}
							}
						},
						{
							"origin": [0.28854, -1.20158, 1.96443],
							"size": [0.10277, 2.55336, 0.36364],
							"pivot": [0.3913, -1.20158, 1.96443],
							"rotation": [68, 0, 0],
							"uv": {
								"north": {"uv": [4, 17], "uv_size": [0.5, 2.5]},
								"east": {"uv": [5, 17], "uv_size": [0.5, 2.5]},
								"south": {"uv": [7, 17], "uv_size": [0.5, 2.5]},
								"west": {"uv": [8, 17], "uv_size": [0.5, 2.5]},
								"up": {"uv": [6, 24], "uv_size": [0.5, 0.5]},
								"down": {"uv": [24, 6.5], "uv_size": [0.5, -0.5]}
							}
						},
						{
							"origin": [-0.26482, -1.20158, 1.96443],
							"size": [0.10277, 2.55336, 0.36364],
							"pivot": [-0.16206, -1.20158, 1.96443],
							"rotation": [68, 0, 0],
							"uv": {
								"north": {"uv": [17, 15], "uv_size": [0.5, 2.5]},
								"east": {"uv": [16, 17], "uv_size": [0.5, 2.5]},
								"south": {"uv": [0, 18], "uv_size": [0.5, 2.5]},
								"west": {"uv": [18, 0], "uv_size": [0.5, 2.5]},
								"up": {"uv": [8, 24], "uv_size": [0.5, 0.5]},
								"down": {"uv": [24, 8.5], "uv_size": [0.5, -0.5]}
							}
						}
					]
				},
				{
					"name": "bone29",
					"parent": "Muzzle2",
					"pivot": [-0.64958, -0.41301, -5.22759],
					"cubes": [
						{
							"origin": [-0.74844, -0.65169, 1.21289],
							"size": [0.33755, 1.697, 2.0751],
							"pivot": [-0.41089, -0.65169, -5.22759],
							"rotation": [0, 0, 45],
							"uv": {
								"north": {"uv": [22, 8], "uv_size": [0.5, 1.5]},
								"south": {"uv": [22, 6], "uv_size": [2, 0.5]},
								"up": {"uv": [21, 19], "uv_size": [0.5, 2]},
								"down": {"uv": [20, 23], "uv_size": [0.5, -2]}
							}
						},
						{
							"origin": [-0.43658, -0.78087, 1.21289],
							"size": [0.33755, 1.697, 2.0751],
							"pivot": [-0.09904, -0.78087, -5.22759],
							"rotation": [0, 0, 22.5],
							"uv": {
								"north": {"uv": [10, 22], "uv_size": [0.5, 1.5]},
								"south": {"uv": [22, 6], "uv_size": [2, 0.5]},
								"up": {"uv": [21, 21], "uv_size": [0.5, 2]},
								"down": {"uv": [0, 24], "uv_size": [0.5, -2]}
							}
						},
						{
							"origin": [-0.09903, -0.78087, 1.21289],
							"size": [0.33755, 1.697, 2.0751],
							"uv": {
								"north": {"uv": [12, 22], "uv_size": [0.5, 1.5]},
								"south": {"uv": [22, 6], "uv_size": [2, 0.5]},
								"up": {"uv": [22, 0], "uv_size": [0.5, 2]},
								"down": {"uv": [1, 24], "uv_size": [0.5, -2]}
							}
						},
						{
							"origin": [-0.09903, -0.78087, 1.21289],
							"size": [0.33755, 1.697, 2.0751],
							"pivot": [0.06974, 0.06763, -3.33094],
							"rotation": [0, 0, -22.5],
							"uv": {
								"north": {"uv": [14, 22], "uv_size": [0.5, 1.5]},
								"south": {"uv": [22, 6], "uv_size": [2, 0.5]},
								"up": {"uv": [2, 22], "uv_size": [0.5, 2]},
								"down": {"uv": [22, 4], "uv_size": [0.5, -2]}
							}
						},
						{
							"origin": [-0.09903, -0.78087, 1.21289],
							"size": [0.33755, 1.697, 2.0751],
							"pivot": [0.06974, 0.06763, -3.33094],
							"rotation": [0, 0, -45],
							"uv": {
								"north": {"uv": [16, 22], "uv_size": [0.5, 1.5]},
								"south": {"uv": [22, 6], "uv_size": [2, 0.5]},
								"up": {"uv": [3, 22], "uv_size": [0.5, 2]},
								"down": {"uv": [4, 24], "uv_size": [0.5, -2]}
							}
						},
						{
							"origin": [-0.77876, -0.10115, 1.21289],
							"size": [1.697, 0.33755, 2.0751],
							"pivot": [0.06974, 0.06763, -3.33094],
							"rotation": [0, 0, 22.5],
							"uv": {
								"north": {"uv": [22, 10], "uv_size": [1.5, 0.5]},
								"east": {"uv": [22, 4], "uv_size": [2, 0.5]},
								"south": {"uv": [22, 6], "uv_size": [2, 0.5]},
								"west": {"uv": [5, 22], "uv_size": [2, 0.5]}
							}
						},
						{
							"origin": [-0.77876, -0.10115, 1.21289],
							"size": [1.697, 0.33755, 2.0751],
							"uv": {
								"north": {"uv": [22, 19], "uv_size": [1.5, 0.5]},
								"east": {"uv": [22, 5], "uv_size": [2, 0.5]},
								"south": {"uv": [22, 6], "uv_size": [2, 0.5]},
								"west": {"uv": [22, 6], "uv_size": [2, 0.5]}
							}
						},
						{
							"origin": [-0.64958, -0.41301, 1.21289],
							"size": [1.697, 0.33755, 2.0751],
							"pivot": [-0.64958, -0.41301, -5.22759],
							"rotation": [0, 0, -22.5],
							"uv": {
								"north": {"uv": [22, 21], "uv_size": [1.5, 0.5]},
								"east": {"uv": [7, 22], "uv_size": [2, 0.5]},
								"south": {"uv": [22, 6], "uv_size": [2, 0.5]},
								"west": {"uv": [22, 7], "uv_size": [2, 0.5]}
							}
						}
					]
				}
			]
		}
	]
}