{
	"format_version": "1.12.0",
	"minecraft:geometry": [
		{
			"description": {
				"identifier": "geometry.unknown",
				"texture_width": 512,
				"texture_height": 512,
				"visible_bounds_width": 2,
				"visible_bounds_height": 2,
				"visible_bounds_offset": [0, 0, 0]
			},
			"bones": [
				{
					"name": "root2",
					"pivot": [0, 0.10938, -0.4375]
				},
				{
					"name": "bighole",
					"parent": "root2",
					"pivot": [0.20313, -26.9375, -7.67187],
					"cubes": [
						{
							"origin": [-0.53242, -0.94276, -3.95291],
							"size": [0.97909, 0.154, 0.37181],
							"pivot": [-0.26523, -0.01536, -4.78011],
							"rotation": [22.5, 0, 0],
							"uv": {
								"north": {"uv": [1, 16], "uv_size": [0.5, 0.5]},
								"east": {"uv": [16, 1], "uv_size": [0.5, 0.5]},
								"south": {"uv": [2, 16], "uv_size": [0.5, 0.5]},
								"west": {"uv": [16, 2], "uv_size": [0.5, 0.5]},
								"up": {"uv": [3, 16], "uv_size": [0.5, 0.5]},
								"down": {"uv": [16, 3.5], "uv_size": [0.5, -0.5]}
							}
						},
						{
							"origin": [-0.53242, -1.05165, -3.84401],
							"size": [0.97909, 0.37181, 0.154],
							"pivot": [-0.26523, -0.01536, -4.78011],
							"rotation": [22.5, 0, 0],
							"uv": {
								"north": {"uv": [4, 16], "uv_size": [0.5, 0.5]},
								"east": {"uv": [16, 4], "uv_size": [0.5, 0.5]},
								"south": {"uv": [5, 16], "uv_size": [0.5, 0.5]},
								"west": {"uv": [16, 5], "uv_size": [0.5, 0.5]},
								"up": {"uv": [6, 16], "uv_size": [0.5, 0.5]},
								"down": {"uv": [16, 6.5], "uv_size": [0.5, -0.5]}
							}
						},
						{
							"origin": [-0.53242, 0.02268, -3.64832],
							"size": [0.97909, 0.154, 0.37181],
							"pivot": [-0.26523, -0.01536, -4.78011],
							"rotation": [-22.5, 0, 0],
							"uv": {
								"north": {"uv": [7, 16], "uv_size": [0.5, 0.5]},
								"east": {"uv": [16, 7], "uv_size": [0.5, 0.5]},
								"south": {"uv": [8, 16], "uv_size": [0.5, 0.5]},
								"west": {"uv": [16, 8], "uv_size": [0.5, 0.5]},
								"up": {"uv": [9, 16], "uv_size": [0.5, 0.5]},
								"down": {"uv": [16, 9.5], "uv_size": [0.5, -0.5]}
							}
						},
						{
							"origin": [-0.53242, -0.08622, -3.53942],
							"size": [0.97909, 0.37181, 0.154],
							"pivot": [-0.26523, -0.01536, -4.78011],
							"rotation": [-22.5, 0, 0],
							"uv": {
								"north": {"uv": [10, 16], "uv_size": [0.5, 0.5]},
								"east": {"uv": [16, 10], "uv_size": [0.5, 0.5]},
								"south": {"uv": [11, 16], "uv_size": [0.5, 0.5]},
								"west": {"uv": [16, 11], "uv_size": [0.5, 0.5]},
								"up": {"uv": [12, 16], "uv_size": [0.5, 0.5]},
								"down": {"uv": [16, 12.5], "uv_size": [0.5, -0.5]}
							}
						}
					]
				},
				{
					"name": "tinihole",
					"parent": "root2",
					"pivot": [0.20313, -6.72521, 1.75891]
				},
				{
					"name": "tinihole4",
					"parent": "root2",
					"pivot": [0.20313, -6.72521, -1.87955]
				},
				{
					"name": "tinihole3",
					"parent": "root2",
					"pivot": [0.20313, -7.86907, -1.18593]
				},
				{
					"name": "tinihole2",
					"parent": "root2",
					"pivot": [0.20313, -7.92991, 0.54203]
				},
				{
					"name": "main",
					"parent": "root2",
					"pivot": [0.20313, -26.9375, -7.67187],
					"cubes": [
						{
							"origin": [-0.56502, -0.56782, -3.80996],
							"size": [1.01303, 0.58521, 0.99784],
							"uv": {
								"north": {"uv": [19, 8], "uv_size": [0.5, 0.5]},
								"east": {"uv": [0, 12], "uv_size": [1, 0.5]},
								"south": {"uv": [9, 19], "uv_size": [0.5, 0.5]},
								"west": {"uv": [4, 12], "uv_size": [1, 0.5]},
								"up": {"uv": [10, 14], "uv_size": [0.5, 1]},
								"down": {"uv": [14, 11], "uv_size": [0.5, -1]}
							}
						},
						{
							"origin": [-0.56502, -0.56782, 0.61504],
							"size": [1.01303, 0.58521, 2.23905],
							"uv": {
								"north": {"uv": [19, 9], "uv_size": [0.5, 0.5]},
								"east": {"uv": [10, 5], "uv_size": [2, 0.5]},
								"south": {"uv": [10, 19], "uv_size": [0.5, 0.5]},
								"west": {"uv": [6, 10], "uv_size": [2, 0.5]},
								"up": {"uv": [4, 10], "uv_size": [0.5, 2]},
								"down": {"uv": [10, 8], "uv_size": [0.5, -2]}
							}
						},
						{
							"origin": [-0.56502, -1.03023, -3.80996],
							"size": [1.01303, 0.48675, 0.17036],
							"uv": {
								"north": {"uv": [19, 10], "uv_size": [0.5, 0.5]},
								"east": {"uv": [11, 19], "uv_size": [0.5, 0.5]},
								"south": {"uv": [19, 11], "uv_size": [0.5, 0.5]},
								"west": {"uv": [12, 19], "uv_size": [0.5, 0.5]},
								"up": {"uv": [19, 12], "uv_size": [0.5, 0.5]},
								"down": {"uv": [13, 19.5], "uv_size": [0.5, -0.5]}
							}
						},
						{
							"origin": [-0.56502, -0.77469, -3.91947],
							"size": [1.01303, 0.69362, 0.29205],
							"pivot": [-0.50266, -0.8477, -3.74911],
							"rotation": [-52.25, 0, 0],
							"uv": {
								"north": {"uv": [4, 12], "uv_size": [1, 0.5]},
								"east": {"uv": [4, 12], "uv_size": [1, 0.5]},
								"south": {"uv": [4, 12], "uv_size": [1, 0.5]},
								"west": {"uv": [4, 12], "uv_size": [1, 0.5]},
								"up": {"uv": [5, 12.5], "uv_size": [-1, -0.5]},
								"down": {"uv": [5, 12.5], "uv_size": [-1, -0.5]}
							}
						},
						{
							"origin": [-0.94002, -0.14969, -3.6851],
							"size": [1.74741, 0.2, 0.2],
							"pivot": [-0.50266, -0.2227, -3.51474],
							"rotation": [-45, 0, 0],
							"uv": {
								"north": {"uv": [19, 13], "uv_size": [0.5, 0.5]},
								"east": {"uv": [14, 19], "uv_size": [0.5, 0.5]},
								"south": {"uv": [19, 14], "uv_size": [0.5, 0.5]},
								"west": {"uv": [15, 19], "uv_size": [0.5, 0.5]},
								"up": {"uv": [19, 15], "uv_size": [0.5, 0.5]},
								"down": {"uv": [16, 19.5], "uv_size": [0.5, -0.5]}
							}
						},
						{
							"origin": [-0.94002, -0.14969, -1.6851],
							"size": [1.74741, 0.2, 0.2],
							"pivot": [-0.50266, -0.2227, -1.51474],
							"rotation": [-45, 0, 0],
							"uv": {
								"north": {"uv": [19, 13], "uv_size": [0.5, 0.5]},
								"east": {"uv": [14, 19], "uv_size": [0.5, 0.5]},
								"south": {"uv": [19, 14], "uv_size": [0.5, 0.5]},
								"west": {"uv": [15, 19], "uv_size": [0.5, 0.5]},
								"up": {"uv": [19, 15], "uv_size": [0.5, 0.5]},
								"down": {"uv": [16, 19.5], "uv_size": [0.5, -0.5]}
							}
						},
						{
							"origin": [-0.94002, -0.14969, 0.3149],
							"size": [1.74741, 0.2, 0.2],
							"pivot": [-0.50266, -0.2227, 0.48526],
							"rotation": [-45, 0, 0],
							"uv": {
								"north": {"uv": [19, 13], "uv_size": [0.5, 0.5]},
								"east": {"uv": [14, 19], "uv_size": [0.5, 0.5]},
								"south": {"uv": [19, 14], "uv_size": [0.5, 0.5]},
								"west": {"uv": [15, 19], "uv_size": [0.5, 0.5]},
								"up": {"uv": [19, 15], "uv_size": [0.5, 0.5]},
								"down": {"uv": [16, 19.5], "uv_size": [0.5, -0.5]}
							}
						},
						{
							"origin": [-0.94002, -0.14969, 2.3149],
							"size": [1.74741, 0.2, 0.2],
							"pivot": [-0.50266, -0.2227, 2.48526],
							"rotation": [-45, 0, 0],
							"uv": {
								"north": {"uv": [19, 13], "uv_size": [0.5, 0.5]},
								"east": {"uv": [14, 19], "uv_size": [0.5, 0.5]},
								"south": {"uv": [19, 14], "uv_size": [0.5, 0.5]},
								"west": {"uv": [15, 19], "uv_size": [0.5, 0.5]},
								"up": {"uv": [19, 15], "uv_size": [0.5, 0.5]},
								"down": {"uv": [16, 19.5], "uv_size": [0.5, -0.5]}
							}
						},
						{
							"origin": [-0.59627, -2.16531, -0.9976],
							"size": [1.07553, 0.1, 0.1],
							"pivot": [-0.50266, -2.23833, -0.82724],
							"rotation": [-45, 0, 0],
							"uv": {
								"north": {"uv": [19, 13], "uv_size": [0.5, 0.5]},
								"east": {"uv": [14, 19], "uv_size": [0.5, 0.5]},
								"south": {"uv": [19, 14], "uv_size": [0.5, 0.5]},
								"west": {"uv": [15, 19], "uv_size": [0.5, 0.5]},
								"up": {"uv": [19, 15], "uv_size": [0.5, 0.5]},
								"down": {"uv": [16, 19.5], "uv_size": [0.5, -0.5]}
							}
						},
						{
							"origin": [-0.59627, -2.80594, -0.16947],
							"size": [1.07553, 0.1, 0.1],
							"pivot": [-0.50266, -2.87895, 0.00089],
							"rotation": [-45, 0, 0],
							"uv": {
								"north": {"uv": [19, 13], "uv_size": [0.5, 0.5]},
								"east": {"uv": [14, 19], "uv_size": [0.5, 0.5]},
								"south": {"uv": [19, 14], "uv_size": [0.5, 0.5]},
								"west": {"uv": [15, 19], "uv_size": [0.5, 0.5]},
								"up": {"uv": [19, 15], "uv_size": [0.5, 0.5]},
								"down": {"uv": [16, 19.5], "uv_size": [0.5, -0.5]}
							}
						},
						{
							"origin": [-0.59627, -2.82156, 1.22115],
							"size": [1.07553, 0.1, 0.1],
							"pivot": [-0.50266, -2.89458, 1.39151],
							"rotation": [-45, 0, 0],
							"uv": {
								"north": {"uv": [19, 13], "uv_size": [0.5, 0.5]},
								"east": {"uv": [14, 19], "uv_size": [0.5, 0.5]},
								"south": {"uv": [19, 14], "uv_size": [0.5, 0.5]},
								"west": {"uv": [15, 19], "uv_size": [0.5, 0.5]},
								"up": {"uv": [19, 15], "uv_size": [0.5, 0.5]},
								"down": {"uv": [16, 19.5], "uv_size": [0.5, -0.5]}
							}
						},
						{
							"origin": [-0.59627, -1.64969, 2.47115],
							"size": [1.07553, 0.1, 0.1],
							"pivot": [-0.50266, -1.7227, 2.64151],
							"rotation": [-45, 0, 0],
							"uv": {
								"north": {"uv": [19, 13], "uv_size": [0.5, 0.5]},
								"east": {"uv": [14, 19], "uv_size": [0.5, 0.5]},
								"south": {"uv": [19, 14], "uv_size": [0.5, 0.5]},
								"west": {"uv": [15, 19], "uv_size": [0.5, 0.5]},
								"up": {"uv": [19, 15], "uv_size": [0.5, 0.5]},
								"down": {"uv": [16, 19.5], "uv_size": [0.5, -0.5]}
							}
						},
						{
							"origin": [-0.56502, -0.95722, -3.76128],
							"size": [1.01303, 0.24338, 0.1947],
							"pivot": [-0.50266, -0.8477, -3.74911],
							"rotation": [-27.5, 0, 0],
							"uv": {
								"north": {"uv": [19, 16], "uv_size": [0.5, 0.5]},
								"east": {"uv": [17, 19], "uv_size": [0.5, 0.5]},
								"south": {"uv": [19, 17], "uv_size": [0.5, 0.5]},
								"west": {"uv": [18, 19], "uv_size": [0.5, 0.5]},
								"up": {"uv": [19, 18], "uv_size": [0.5, 0.5]},
								"down": {"uv": [19, 19.5], "uv_size": [0.5, -0.5]}
							}
						},
						{
							"origin": [-0.56502, -1.20428, 2.29249],
							"size": [1.01303, 1.3629, 0.41484],
							"pivot": [-0.50266, -3.12694, -0.9444],
							"rotation": [-6, 0, 0],
							"uv": {
								"north": {"uv": [11, 14], "uv_size": [0.5, 1]},
								"east": {"uv": [14, 11], "uv_size": [0.5, 1]},
								"south": {"uv": [12, 14], "uv_size": [0.5, 1]},
								"west": {"uv": [14, 12], "uv_size": [0.5, 1]},
								"up": {"uv": [0, 20], "uv_size": [0.5, 0.5]},
								"down": {"uv": [20, 0.5], "uv_size": [0.5, -0.5]}
							}
						},
						{
							"origin": [-0.56502, -1.59652, 2.47346],
							"size": [1.01303, 1.3629, 0.41484],
							"pivot": [0.44801, -1.59652, 2.8883],
							"rotation": [-19, 0, 0],
							"uv": {
								"north": {"uv": [11, 14], "uv_size": [0.5, 1]},
								"east": {"uv": [14, 11], "uv_size": [0.5, 1]},
								"south": {"uv": [12, 14], "uv_size": [0.5, 1]},
								"west": {"uv": [14, 12], "uv_size": [0.5, 1]},
								"up": {"uv": [0, 20], "uv_size": [0.5, 0.5]},
								"down": {"uv": [20, 0.5], "uv_size": [0.5, -0.5]}
							}
						},
						{
							"origin": [-0.56502, -1.6603, 2.59335],
							"size": [1.01303, 0.52731, 0.24338],
							"pivot": [-0.50266, -0.94505, 2.64354],
							"rotation": [-23.75, 0, 0],
							"uv": {
								"north": {"uv": [1, 20], "uv_size": [0.5, 0.5]},
								"east": {"uv": [20, 1], "uv_size": [0.5, 0.5]},
								"south": {"uv": [2, 20], "uv_size": [0.5, 0.5]},
								"west": {"uv": [20, 2], "uv_size": [0.5, 0.5]},
								"up": {"uv": [3, 20], "uv_size": [0.5, 0.5]},
								"down": {"uv": [20, 3.5], "uv_size": [0.5, -0.5]}
							}
						},
						{
							"origin": [-0.56502, -0.45191, -3.1096],
							"size": [1.01303, 0.17036, 0.32229],
							"pivot": [-0.50266, -0.49481, -2.60525],
							"rotation": [-45, 0, 0],
							"uv": {
								"north": {"uv": [4, 20], "uv_size": [0.5, 0.5]},
								"east": {"uv": [20, 4], "uv_size": [0.5, 0.5]},
								"south": {"uv": [5, 20], "uv_size": [0.5, 0.5]},
								"west": {"uv": [20, 5], "uv_size": [0.5, 0.5]},
								"up": {"uv": [6, 20], "uv_size": [0.5, 0.5]},
								"down": {"uv": [20, 6.5], "uv_size": [0.5, -0.5]}
							}
						},
						{
							"origin": [-0.56502, -0.0008, 0.20657],
							"size": [1.01303, 0.17036, 0.33151],
							"pivot": [-0.50266, 0.18664, 0.76107],
							"rotation": [45, 0, 0],
							"uv": {
								"north": {"uv": [7, 20], "uv_size": [0.5, 0.5]},
								"east": {"uv": [20, 7], "uv_size": [0.5, 0.5]},
								"south": {"uv": [8, 20], "uv_size": [0.5, 0.5]},
								"west": {"uv": [20, 8], "uv_size": [0.5, 0.5]},
								"up": {"uv": [9, 20], "uv_size": [0.5, 0.5]},
								"down": {"uv": [20, 9.5], "uv_size": [0.5, -0.5]}
							}
						},
						{
							"origin": [-0.56502, -0.83078, 2.53658],
							"size": [1.01303, 0.34073, 0.18253],
							"pivot": [-0.50266, -0.72601, 2.61072],
							"rotation": [32.75, 0, 0],
							"uv": {
								"north": {"uv": [10, 20], "uv_size": [0.5, 0.5]},
								"east": {"uv": [20, 10], "uv_size": [0.5, 0.5]},
								"south": {"uv": [11, 20], "uv_size": [0.5, 0.5]},
								"west": {"uv": [20, 11], "uv_size": [0.5, 0.5]},
								"up": {"uv": [12, 20], "uv_size": [0.5, 0.5]},
								"down": {"uv": [20, 12.5], "uv_size": [0.5, -0.5]}
							}
						},
						{
							"origin": [-0.56502, -0.62391, 2.59742],
							"size": [1.01303, 0.25554, 0.09735],
							"pivot": [-0.50266, -0.72601, 2.61072],
							"rotation": [60.5, 0, 0],
							"uv": {
								"north": {"uv": [13, 20], "uv_size": [0.5, 0.5]},
								"east": {"uv": [20, 13], "uv_size": [0.5, 0.5]},
								"south": {"uv": [14, 20], "uv_size": [0.5, 0.5]},
								"west": {"uv": [20, 14], "uv_size": [0.5, 0.5]},
								"up": {"uv": [15, 20], "uv_size": [0.5, 0.5]},
								"down": {"uv": [20, 15.5], "uv_size": [0.5, -0.5]}
							}
						},
						{
							"origin": [-0.56502, -0.29576, 2.85582],
							"size": [1.01303, 0.09735, 0.04867],
							"pivot": [-0.50266, -0.25143, 2.87843],
							"rotation": [43.75, 0, 0],
							"uv": {
								"north": {"uv": [16, 20], "uv_size": [0.5, 0.5]},
								"east": {"uv": [20, 16], "uv_size": [0.5, 0.5]},
								"south": {"uv": [17, 20], "uv_size": [0.5, 0.5]},
								"west": {"uv": [20, 17], "uv_size": [0.5, 0.5]},
								"up": {"uv": [18, 20], "uv_size": [0.5, 0.5]},
								"down": {"uv": [20, 18.5], "uv_size": [0.5, -0.5]}
							}
						},
						{
							"origin": [-0.56502, -0.2544, 2.84141],
							"size": [1.01303, 0.14602, 0.03651],
							"pivot": [-0.50266, -0.22709, 2.84193],
							"rotation": [15, 0, 0],
							"uv": {
								"north": {"uv": [19, 20], "uv_size": [0.5, 0.5]},
								"east": {"uv": [20, 19], "uv_size": [0.5, 0.5]},
								"south": {"uv": [20, 20], "uv_size": [0.5, 0.5]},
								"west": {"uv": [0, 21], "uv_size": [0.5, 0.5]},
								"up": {"uv": [21, 0], "uv_size": [0.5, 0.5]},
								"down": {"uv": [1, 21.5], "uv_size": [0.5, -0.5]}
							}
						},
						{
							"origin": [-0.56502, -2.39313, -0.85737],
							"size": [1.01303, 1.83748, 0.59627],
							"uv": {
								"north": {"uv": [6, 11], "uv_size": [0.5, 1.5]},
								"east": {"uv": [11, 6], "uv_size": [0.5, 1.5]},
								"south": {"uv": [7, 11], "uv_size": [0.5, 1.5]},
								"west": {"uv": [8, 11], "uv_size": [0.5, 1.5]},
								"up": {"uv": [21, 1], "uv_size": [0.5, 0.5]},
								"down": {"uv": [2, 21.5], "uv_size": [0.5, -0.5]}
							}
						},
						{
							"origin": [-0.56502, -4.31579, 7.19834],
							"size": [1.01303, 1.25338, 0.3894],
							"pivot": [-0.50266, -6.45749, 3.68157],
							"rotation": [90, 0, 0],
							"uv": {
								"north": {"uv": [13, 14], "uv_size": [0.5, 1]},
								"east": {"uv": [14, 13], "uv_size": [0.5, 1]},
								"south": {"uv": [14, 14], "uv_size": [0.5, 1]},
								"west": {"uv": [0, 15], "uv_size": [0.5, 1]},
								"up": {"uv": [21, 2], "uv_size": [0.5, 0.5]},
								"down": {"uv": [3, 21.5], "uv_size": [0.5, -0.5]}
							}
						},
						{
							"origin": [-0.4555, -3.64651, 6.52906],
							"size": [0.79399, 0.81531, 0.1947],
							"pivot": [-0.50266, -6.45749, 3.45036],
							"rotation": [90, 0, 0],
							"uv": {
								"north": {"uv": [21, 3], "uv_size": [0.5, 0.5]},
								"east": {"uv": [4, 21], "uv_size": [0.5, 0.5]},
								"south": {"uv": [21, 4], "uv_size": [0.5, 0.5]},
								"west": {"uv": [5, 21], "uv_size": [0.5, 0.5]},
								"up": {"uv": [21, 5], "uv_size": [0.5, 0.5]},
								"down": {"uv": [6, 21.5], "uv_size": [0.5, -0.5]}
							}
						},
						{
							"origin": [-0.56502, -0.34878, 0.85842],
							"size": [1.01303, 1.92008, 0.43512],
							"pivot": [-0.50266, -1.95506, -1.72136],
							"rotation": [-45, 0, 0],
							"uv": {
								"north": {"uv": [11, 8], "uv_size": [0.5, 1.5]},
								"east": {"uv": [9, 11], "uv_size": [0.5, 1.5]},
								"south": {"uv": [10, 11], "uv_size": [0.5, 1.5]},
								"west": {"uv": [11, 11], "uv_size": [0.5, 1.5]},
								"up": {"uv": [21, 6], "uv_size": [0.5, 0.5]},
								"down": {"uv": [7, 21.5], "uv_size": [0.5, -0.5]}
							}
						},
						{
							"origin": [-0.56502, -3.20094, -0.77559],
							"size": [1.01303, 1.32639, 1.03434],
							"pivot": [-0.50266, -2.50265, -0.24894],
							"rotation": [41.25, 0, 0],
							"uv": {
								"north": {"uv": [15, 0], "uv_size": [0.5, 1]},
								"east": {"uv": [8, 10], "uv_size": [1, 1]},
								"south": {"uv": [1, 15], "uv_size": [0.5, 1]},
								"west": {"uv": [9, 10], "uv_size": [1, 1]},
								"up": {"uv": [15, 1], "uv_size": [0.5, 1]},
								"down": {"uv": [2, 16], "uv_size": [0.5, -1]}
							}
						},
						{
							"origin": [-0.56502, -2.08142, -0.94595],
							"size": [1.01303, 0.65711, 0.59627],
							"pivot": [-0.50266, -2.50265, -0.24894],
							"rotation": [23.75, 0, 0],
							"uv": {
								"north": {"uv": [21, 7], "uv_size": [0.5, 0.5]},
								"east": {"uv": [8, 21], "uv_size": [0.5, 0.5]},
								"south": {"uv": [21, 8], "uv_size": [0.5, 0.5]},
								"west": {"uv": [9, 21], "uv_size": [0.5, 0.5]},
								"up": {"uv": [21, 9], "uv_size": [0.5, 0.5]},
								"down": {"uv": [10, 21.5], "uv_size": [0.5, -0.5]}
							}
						},
						{
							"origin": [-0.56502, -1.43086, -1.30524],
							"size": [1.01303, 0.55976, 0.48675],
							"pivot": [-0.50266, -1.34662, -1.13726],
							"rotation": [-10.75, 0, 0],
							"uv": {
								"north": {"uv": [21, 10], "uv_size": [0.5, 0.5]},
								"east": {"uv": [11, 21], "uv_size": [0.5, 0.5]},
								"south": {"uv": [21, 11], "uv_size": [0.5, 0.5]},
								"west": {"uv": [12, 21], "uv_size": [0.5, 0.5]},
								"up": {"uv": [21, 12], "uv_size": [0.5, 0.5]},
								"down": {"uv": [13, 21.5], "uv_size": [0.5, -0.5]}
							}
						},
						{
							"origin": [-0.56502, -0.91978, -0.63596],
							"size": [1.01303, 0.46241, 0.10952],
							"pivot": [-0.50266, -1.34662, -1.13726],
							"rotation": [68.25, 0, 0],
							"uv": {
								"north": {"uv": [21, 13], "uv_size": [0.5, 0.5]},
								"east": {"uv": [14, 21], "uv_size": [0.5, 0.5]},
								"south": {"uv": [21, 14], "uv_size": [0.5, 0.5]},
								"west": {"uv": [15, 21], "uv_size": [0.5, 0.5]},
								"up": {"uv": [21, 15], "uv_size": [0.5, 0.5]},
								"down": {"uv": [16, 21.5], "uv_size": [0.5, -0.5]}
							}
						},
						{
							"origin": [-0.56502, -1.8081, -1.31741],
							"size": [1.01303, 0.42591, 0.47458],
							"pivot": [-0.50266, -1.66301, -1.73352],
							"rotation": [0.25, 0, 0],
							"uv": {
								"north": {"uv": [21, 16], "uv_size": [0.5, 0.5]},
								"east": {"uv": [17, 21], "uv_size": [0.5, 0.5]},
								"south": {"uv": [21, 17], "uv_size": [0.5, 0.5]},
								"west": {"uv": [18, 21], "uv_size": [0.5, 0.5]},
								"up": {"uv": [21, 18], "uv_size": [0.5, 0.5]},
								"down": {"uv": [19, 21.5], "uv_size": [0.5, -0.5]}
							}
						},
						{
							"origin": [-0.4555, -6.28713, -0.95473],
							"size": [0.79399, 0.20687, 0.69362],
							"pivot": [-0.50266, -2.70952, -4.02125],
							"rotation": [41.25, 0, 0],
							"uv": {
								"north": {"uv": [21, 19], "uv_size": [0.5, 0.5]},
								"east": {"uv": [20, 21], "uv_size": [0.5, 0.5]},
								"south": {"uv": [21, 20], "uv_size": [0.5, 0.5]},
								"west": {"uv": [21, 21], "uv_size": [0.5, 0.5]},
								"up": {"uv": [0, 22], "uv_size": [0.5, 0.5]},
								"down": {"uv": [22, 0.5], "uv_size": [0.5, -0.5]}
							}
						},
						{
							"origin": [-0.56502, -1.11111, -1.24902],
							"size": [1.01303, 0.69362, 0.34072],
							"pivot": [-0.50266, -0.8477, -1.14943],
							"rotation": [45.5, 0, 0],
							"uv": {
								"north": {"uv": [1, 22], "uv_size": [0.5, 0.5]},
								"east": {"uv": [22, 1], "uv_size": [0.5, 0.5]},
								"south": {"uv": [2, 22], "uv_size": [0.5, 0.5]},
								"west": {"uv": [22, 2], "uv_size": [0.5, 0.5]},
								"up": {"uv": [3, 22], "uv_size": [0.5, 0.5]},
								"down": {"uv": [22, 3.5], "uv_size": [0.5, -0.5]}
							}
						},
						{
							"origin": [-0.56502, -3.00157, -0.40713],
							"size": [1.01303, 0.42591, 0.20687],
							"pivot": [-0.50266, -2.70952, -4.02125],
							"rotation": [34.25, 0, 0],
							"uv": {
								"north": {"uv": [4, 22], "uv_size": [0.5, 0.5]},
								"east": {"uv": [22, 4], "uv_size": [0.5, 0.5]},
								"south": {"uv": [5, 22], "uv_size": [0.5, 0.5]},
								"west": {"uv": [22, 5], "uv_size": [0.5, 0.5]},
								"up": {"uv": [6, 22], "uv_size": [0.5, 0.5]},
								"down": {"uv": [22, 6.5], "uv_size": [0.5, -0.5]}
							}
						},
						{
							"origin": [-0.56502, -0.6707, -0.3132],
							"size": [1.01303, 0.20687, 0.45024],
							"pivot": [-0.50266, -0.55565, -0.07857],
							"rotation": [26, 0, 0],
							"uv": {
								"north": {"uv": [7, 22], "uv_size": [0.5, 0.5]},
								"east": {"uv": [22, 7], "uv_size": [0.5, 0.5]},
								"south": {"uv": [8, 22], "uv_size": [0.5, 0.5]},
								"west": {"uv": [22, 8], "uv_size": [0.5, 0.5]},
								"up": {"uv": [9, 22], "uv_size": [0.5, 0.5]},
								"down": {"uv": [22, 9.5], "uv_size": [0.5, -0.5]}
							}
						},
						{
							"origin": [-0.56502, -0.6342, -0.3132],
							"size": [1.01303, 0.08518, 0.14603],
							"pivot": [-0.50266, -0.55565, -0.07857],
							"rotation": [51.75, 0, 0],
							"uv": {
								"north": {"uv": [10, 22], "uv_size": [0.5, 0.5]},
								"east": {"uv": [22, 10], "uv_size": [0.5, 0.5]},
								"south": {"uv": [11, 22], "uv_size": [0.5, 0.5]},
								"west": {"uv": [22, 11], "uv_size": [0.5, 0.5]},
								"up": {"uv": [12, 22], "uv_size": [0.5, 0.5]},
								"down": {"uv": [22, 12.5], "uv_size": [0.5, -0.5]}
							}
						},
						{
							"origin": [-0.56502, -0.57335, -0.58091],
							"size": [1.01303, 0.12169, 0.27988],
							"pivot": [-0.50266, -0.55565, -0.07857],
							"rotation": [66.5, 0, 0],
							"uv": {
								"north": {"uv": [13, 22], "uv_size": [0.5, 0.5]},
								"east": {"uv": [22, 13], "uv_size": [0.5, 0.5]},
								"south": {"uv": [14, 22], "uv_size": [0.5, 0.5]},
								"west": {"uv": [22, 14], "uv_size": [0.5, 0.5]},
								"up": {"uv": [15, 22], "uv_size": [0.5, 0.5]},
								"down": {"uv": [22, 15.5], "uv_size": [0.5, -0.5]}
							}
						},
						{
							"origin": [-0.56502, -0.56782, -2.81433],
							"size": [1.01303, 0.354, 3.51456],
							"uv": {
								"north": {"uv": [16, 22], "uv_size": [0.5, 0.5]},
								"east": {"uv": [8, 8], "uv_size": [2.5, 0.5]},
								"south": {"uv": [22, 16], "uv_size": [0.5, 0.5]},
								"west": {"uv": [8, 9], "uv_size": [2.5, 0.5]},
								"up": {"uv": [1, 10], "uv_size": [0.5, 2.5]},
								"down": {"uv": [10, 4.5], "uv_size": [0.5, -2.5]}
							}
						}
					]
				},
				{
					"name": "wo_illuminated",
					"parent": "root2",
					"pivot": [0.20313, -26.9375, -7.67187],
					"cubes": [
						{
							"origin": [-0.55119, -2.82371, -0.83644],
							"size": [1.01663, 0.94916, 0.64494],
							"pivot": [-0.50266, -2.50265, -0.24894],
							"rotation": [41.25, 0, 0],
							"uv": {
								"north": {"uv": [15, 2], "uv_size": [0.5, 1]},
								"east": {"uv": [3, 15], "uv_size": [0.5, 1]},
								"south": {"uv": [4, 15], "uv_size": [0.5, 1]},
								"west": {"uv": [15, 4], "uv_size": [0.5, 1]},
								"up": {"uv": [17, 22], "uv_size": [0.5, 0.5]},
								"down": {"uv": [22, 17.5], "uv_size": [0.5, -0.5]}
							}
						},
						{
							"origin": [-0.55119, -2.08142, -0.99463],
							"size": [1.01663, 0.68145, 0.64494],
							"pivot": [-0.50266, -2.50265, -0.24894],
							"rotation": [23.75, 0, 0],
							"uv": {
								"north": {"uv": [15, 13], "uv_size": [0.5, 0.5]},
								"east": {"uv": [14, 15], "uv_size": [0.5, 0.5]},
								"south": {"uv": [15, 14], "uv_size": [0.5, 0.5]},
								"west": {"uv": [15, 15], "uv_size": [0.5, 0.5]},
								"up": {"uv": [0, 16], "uv_size": [0.5, 0.5]},
								"down": {"uv": [16, 0.5], "uv_size": [0.5, -0.5]}
							}
						},
						{
							"origin": [-0.55119, -1.76872, -1.39074],
							"size": [1.01663, 0.3894, 0.68145],
							"pivot": [-0.50266, -1.58999, -1.07641],
							"rotation": [5.25, 0, 0],
							"uv": {
								"north": {"uv": [18, 22], "uv_size": [0.5, 0.5]},
								"east": {"uv": [22, 18], "uv_size": [0.5, 0.5]},
								"south": {"uv": [19, 22], "uv_size": [0.5, 0.5]},
								"west": {"uv": [22, 19], "uv_size": [0.5, 0.5]},
								"up": {"uv": [20, 22], "uv_size": [0.5, 0.5]},
								"down": {"uv": [22, 20.5], "uv_size": [0.5, -0.5]}
							}
						},
						{
							"origin": [-0.55119, -1.63486, -1.45158],
							"size": [1.01663, 0.45024, 0.51109],
							"pivot": [-0.50266, -1.58999, -1.07641],
							"rotation": [-36, 0, 0],
							"uv": {
								"north": {"uv": [21, 22], "uv_size": [0.5, 0.5]},
								"east": {"uv": [22, 21], "uv_size": [0.5, 0.5]},
								"south": {"uv": [22, 22], "uv_size": [0.5, 0.5]},
								"west": {"uv": [0, 23], "uv_size": [0.5, 0.5]},
								"up": {"uv": [23, 0], "uv_size": [0.5, 0.5]},
								"down": {"uv": [1, 23.5], "uv_size": [0.5, -0.5]}
							}
						}
					]
				},
				{
					"name": "dz",
					"parent": "root2",
					"pivot": [-0.08266, 13.23781, -7.67187],
					"cubes": [
						{
							"origin": [0.34515, -0.85409, -3.82671],
							"size": [0.35373, 0.34384, 7.21817],
							"pivot": [-0.006, -0.43601, 0.76056],
							"rotation": [0, 0, -45],
							"uv": {
								"north": {"uv": [23, 2], "uv_size": [0.5, 0.5]},
								"east": {"uv": [2, 0], "uv_size": [6, 0.5]},
								"south": {"uv": [3, 23], "uv_size": [0.5, 0.5]},
								"west": {"uv": [2, 1], "uv_size": [6, 0.5]},
								"up": {"uv": [2, 2], "uv_size": [0.5, 6]},
								"down": {"uv": [3, 8], "uv_size": [0.5, -6]}
							}
						},
						{
							"origin": [-0.67518, -0.48334, -3.82671],
							"size": [1.21311, 0.26572, 7.21817],
							"uv": {
								"north": {"uv": [23, 2], "uv_size": [0.5, 0.5]},
								"east": {"uv": [2, 0], "uv_size": [6, 0.5]},
								"south": {"uv": [3, 23], "uv_size": [0.5, 0.5]},
								"west": {"uv": [2, 1], "uv_size": [6, 0.5]},
								"up": {"uv": [2, 2], "uv_size": [0.5, 6]},
								"down": {"uv": [3, 8], "uv_size": [0.5, -6]}
							}
						},
						{
							"origin": [-0.83663, -0.85409, -3.81109],
							"size": [0.35373, 0.34384, 7.20254],
							"pivot": [-0.13175, -0.43601, 0.76056],
							"rotation": [0, 0, 45],
							"uv": {
								"north": {"uv": [23.5, 2], "uv_size": [-0.5, 0.5]},
								"east": {"uv": [8, 1], "uv_size": [-6, 0.5]},
								"south": {"uv": [3.5, 23], "uv_size": [-0.5, 0.5]},
								"west": {"uv": [8, 0], "uv_size": [-6, 0.5]},
								"up": {"uv": [2.5, 2], "uv_size": [-0.5, 6]},
								"down": {"uv": [3.5, 8], "uv_size": [-0.5, -6]}
							}
						},
						{
							"origin": [-0.9258, -0.23322, -3.83206],
							"size": [1.71385, 0.34962, 7.22351],
							"uv": {
								"north": {"uv": [15, 10], "uv_size": [1, 0.5]},
								"east": {"uv": [5, 4], "uv_size": [4.5, 0.5]},
								"south": {"uv": [11, 15], "uv_size": [1, 0.5]},
								"west": {"uv": [5, 5], "uv_size": [4.5, 0.5]},
								"up": {"uv": [0, 0], "uv_size": [1, 4.5]},
								"down": {"uv": [1, 4.5], "uv_size": [1, -4.5]}
							}
						},
						{
							"origin": [-0.01487, 0.2485, -3.83206],
							"size": [0.35375, 0.40147, 7.22351],
							"pivot": [-0.08062, -0.159, -3.65038],
							"rotation": [0, 0, 45],
							"uv": {
								"north": {"uv": [23, 3], "uv_size": [0.5, 0.5]},
								"east": {"uv": [5, 6], "uv_size": [4.5, 0.5]},
								"south": {"uv": [4, 23], "uv_size": [0.5, 0.5]},
								"west": {"uv": [5, 7], "uv_size": [4.5, 0.5]},
								"up": {"uv": [1, 5], "uv_size": [0.5, 4.5]},
								"down": {"uv": [2, 12.5], "uv_size": [0.5, -4.5]}
							}
						},
						{
							"origin": [-0.46748, 0.11702, -3.83206],
							"size": [0.35375, 0.51085, 7.22351],
							"pivot": [-0.07924, -0.18111, -3.65038],
							"rotation": [0, 0, -45],
							"uv": {
								"north": {"uv": [23, 4], "uv_size": [0.5, 0.5]},
								"east": {"uv": [8, 0], "uv_size": [4.5, 0.5]},
								"south": {"uv": [5, 23], "uv_size": [0.5, 0.5]},
								"west": {"uv": [8, 1], "uv_size": [4.5, 0.5]},
								"up": {"uv": [3, 8], "uv_size": [0.5, 4.5]},
								"down": {"uv": [5, 12.5], "uv_size": [0.5, -4.5]}
							}
						}
					]
				}
			]
		}
	]
}