{
	"format_version": "1.12.0",
	"minecraft:geometry": [
		{
			"description": {
				"identifier": "geometry.unknown",
				"texture_width": 64,
				"texture_height": 64,
				"visible_bounds_width": 3,
				"visible_bounds_height": 2.5,
				"visible_bounds_offset": [0, 0.75, 0]
			},
			"bones": [
				{
					"name": "FMJ",
					"pivot": [0.46875, 0.15571, 0.71025],
					"cubes": [
						{
							"origin": [0.28125, -0.90679, -4.78975],
							"size": [0.6875, 0.25, 3.0625],
							"uv": {
								"north": {"uv": [28, 4], "uv_size": [1, 1]},
								"east": {"uv": [12, 8], "uv_size": [3, 1]},
								"south": {"uv": [28, 6], "uv_size": [1, 1]},
								"west": {"uv": [12, 10], "uv_size": [3, 1]},
								"up": {"uv": [12, 12], "uv_size": [1, 3]},
								"down": {"uv": [14, 3], "uv_size": [1, -3]}
							}
						},
						{
							"origin": [0.53125, -0.90679, -1.72725],
							"size": [0.1875, 0.25, 5.5625],
							"uv": {
								"north": {"uv": [28, 8], "uv_size": [1, 1]},
								"east": {"uv": [0, 0], "uv_size": [6, 1]},
								"south": {"uv": [28, 10], "uv_size": [1, 1]},
								"west": {"uv": [0, 2], "uv_size": [6, 1]},
								"up": {"uv": [0, 4], "uv_size": [1, 6]},
								"down": {"uv": [2, 10], "uv_size": [1, -6]}
							}
						},
						{
							"origin": [0.415, 1.03071, -1.97725],
							"size": [0.24125, 0.23743, 5.9375],
							"uv": {
								"north": {"uv": [12, 28], "uv_size": [1, 1]},
								"east": {"uv": [4, 4], "uv_size": [6, 1]},
								"south": {"uv": [14, 28], "uv_size": [1, 1]},
								"west": {"uv": [4, 6], "uv_size": [6, 1]},
								"up": {"uv": [4, 8], "uv_size": [1, 6]},
								"down": {"uv": [6, 14], "uv_size": [1, -6]}
							}
						},
						{
							"origin": [-0.65625, 1.03071, -1.97725],
							"size": [0.24125, 0.23743, 5.9375],
							"uv": {
								"north": {"uv": [28, 14], "uv_size": [1, 1]},
								"east": {"uv": [7, 0], "uv_size": [6, 1]},
								"south": {"uv": [16, 28], "uv_size": [1, 1]},
								"west": {"uv": [7, 2], "uv_size": [6, 1]},
								"up": {"uv": [8, 8], "uv_size": [1, 6]},
								"down": {"uv": [10, 14], "uv_size": [1, -6]}
							}
						},
						{
							"origin": [0.71875, -0.90679, 0.46025],
							"size": [0.1875, 0.25, 1.0625],
							"uv": {
								"north": {"uv": [28, 16], "uv_size": [1, 1]},
								"east": {"uv": [28, 18], "uv_size": [1, 1]},
								"south": {"uv": [20, 28], "uv_size": [1, 1]},
								"west": {"uv": [28, 20], "uv_size": [1, 1]},
								"up": {"uv": [22, 28], "uv_size": [1, 1]},
								"down": {"uv": [24, 29], "uv_size": [1, -1]}
							}
						},
						{
							"origin": [0.71875, -0.90679, 2.77275],
							"size": [0.1875, 0.25, 1.0625],
							"uv": {
								"north": {"uv": [26, 28], "uv_size": [1, 1]},
								"east": {"uv": [28, 28], "uv_size": [1, 1]},
								"south": {"uv": [3, 29], "uv_size": [1, 1]},
								"west": {"uv": [5, 29], "uv_size": [1, 1]},
								"up": {"uv": [7, 29], "uv_size": [1, 1]},
								"down": {"uv": [9, 30], "uv_size": [1, -1]}
							}
						},
						{
							"origin": [1.62312, -0.08554, 0.71025],
							"size": [0.3125, 0.1875, 0.5625],
							"uv": {
								"north": {"uv": [29, 12], "uv_size": [1, 1]},
								"east": {"uv": [29, 22], "uv_size": [1, 1]},
								"south": {"uv": [29, 24], "uv_size": [1, 1]},
								"west": {"uv": [29, 26], "uv_size": [1, 1]},
								"up": {"uv": [0, 30], "uv_size": [1, 1]},
								"down": {"uv": [30, 1], "uv_size": [1, -1]}
							}
						},
						{
							"origin": [1.62312, -0.08554, 3.02275],
							"size": [0.3125, 0.1875, 0.5625],
							"uv": {
								"north": {"uv": [30, 2], "uv_size": [1, 1]},
								"east": {"uv": [30, 4], "uv_size": [1, 1]},
								"south": {"uv": [30, 6], "uv_size": [1, 1]},
								"west": {"uv": [30, 8], "uv_size": [1, 1]},
								"up": {"uv": [30, 10], "uv_size": [1, 1]},
								"down": {"uv": [11, 31], "uv_size": [1, -1]}
							}
						},
						{
							"origin": [1.71151, -0.25159, 0.71025],
							"size": [0.125, 0.1875, 0.5625],
							"pivot": [2.14901, -0.25159, -0.85225],
							"rotation": [0, 0, 45],
							"uv": {
								"north": {"uv": [13, 30], "uv_size": [1, 1]},
								"east": {"uv": [30, 14], "uv_size": [1, 1]},
								"south": {"uv": [15, 30], "uv_size": [1, 1]},
								"west": {"uv": [30, 16], "uv_size": [1, 1]},
								"up": {"uv": [17, 30], "uv_size": [1, 1]},
								"down": {"uv": [30, 19], "uv_size": [1, -1]}
							}
						},
						{
							"origin": [1.84409, 0.44793, 0.71025],
							"size": [0.125, 0.1875, 0.5625],
							"pivot": [2.28159, 0.44793, -0.85225],
							"rotation": [0, 0, -45],
							"uv": {
								"north": {"uv": [19, 30], "uv_size": [1, 1]},
								"east": {"uv": [30, 20], "uv_size": [1, 1]},
								"south": {"uv": [21, 30], "uv_size": [1, 1]},
								"west": {"uv": [23, 30], "uv_size": [1, 1]},
								"up": {"uv": [25, 30], "uv_size": [1, 1]},
								"down": {"uv": [27, 31], "uv_size": [1, -1]}
							}
						},
						{
							"origin": [1.71151, -0.25159, 3.02275],
							"size": [0.125, 0.1875, 0.5625],
							"pivot": [2.14901, -0.25159, 1.46025],
							"rotation": [0, 0, 45],
							"uv": {
								"north": {"uv": [30, 28], "uv_size": [1, 1]},
								"east": {"uv": [29, 30], "uv_size": [1, 1]},
								"south": {"uv": [2, 31], "uv_size": [1, 1]},
								"west": {"uv": [4, 31], "uv_size": [1, 1]},
								"up": {"uv": [6, 31], "uv_size": [1, 1]},
								"down": {"uv": [8, 32], "uv_size": [1, -1]}
							}
						},
						{
							"origin": [1.84409, 0.44793, 3.02275],
							"size": [0.125, 0.1875, 0.5625],
							"pivot": [2.28159, 0.44793, 1.46025],
							"rotation": [0, 0, -45],
							"uv": {
								"north": {"uv": [31, 12], "uv_size": [1, 1]},
								"east": {"uv": [31, 22], "uv_size": [1, 1]},
								"south": {"uv": [31, 24], "uv_size": [1, 1]},
								"west": {"uv": [31, 26], "uv_size": [1, 1]},
								"up": {"uv": [31, 30], "uv_size": [1, 1]},
								"down": {"uv": [0, 33], "uv_size": [1, -1]}
							}
						},
						{
							"origin": [1.62312, 0.22696, 0.71025],
							"size": [0.375, 0.1875, 0.5625],
							"uv": {
								"north": {"uv": [32, 0], "uv_size": [1, 1]},
								"east": {"uv": [32, 2], "uv_size": [1, 1]},
								"south": {"uv": [32, 4], "uv_size": [1, 1]},
								"west": {"uv": [32, 6], "uv_size": [1, 1]},
								"up": {"uv": [32, 8], "uv_size": [1, 1]},
								"down": {"uv": [10, 33], "uv_size": [1, -1]}
							}
						},
						{
							"origin": [0.90625, -0.90679, 0.71025],
							"size": [1.1875, 0.25, 0.5625],
							"pivot": [0.84375, -0.90679, 0.89775],
							"rotation": [0, 0, -41],
							"uv": {
								"north": {"uv": [32, 10], "uv_size": [1, 1]},
								"east": {"uv": [12, 32], "uv_size": [1, 1]},
								"south": {"uv": [14, 32], "uv_size": [1, 1]},
								"west": {"uv": [32, 14], "uv_size": [1, 1]},
								"up": {"uv": [16, 32], "uv_size": [1, 1]},
								"down": {"uv": [32, 17], "uv_size": [1, -1]}
							}
						},
						{
							"origin": [0.90625, -0.90679, 3.02275],
							"size": [1.1875, 0.25, 0.5625],
							"pivot": [0.84375, -0.90679, 3.21025],
							"rotation": [0, 0, -41],
							"uv": {
								"north": {"uv": [18, 32], "uv_size": [1, 1]},
								"east": {"uv": [32, 18], "uv_size": [1, 1]},
								"south": {"uv": [20, 32], "uv_size": [1, 1]},
								"west": {"uv": [32, 20], "uv_size": [1, 1]},
								"up": {"uv": [22, 32], "uv_size": [1, 1]},
								"down": {"uv": [24, 33], "uv_size": [1, -1]}
							}
						},
						{
							"origin": [0.70893, 1.07946, 0.71025],
							"size": [1.25, 0.25, 0.5625],
							"pivot": [0.70893, 1.07946, 0.89775],
							"rotation": [0, 0, 43],
							"uv": {
								"north": {"uv": [26, 32], "uv_size": [1, 1]},
								"east": {"uv": [28, 32], "uv_size": [1, 1]},
								"south": {"uv": [32, 28], "uv_size": [1, 1]},
								"west": {"uv": [30, 32], "uv_size": [1, 1]},
								"up": {"uv": [32, 32], "uv_size": [1, 1]},
								"down": {"uv": [2, 34], "uv_size": [1, -1]}
							}
						},
						{
							"origin": [0.70893, 1.07946, 3.02275],
							"size": [1.25, 0.25, 0.5625],
							"pivot": [0.70893, 1.07946, 3.21025],
							"rotation": [0, 0, 43],
							"uv": {
								"north": {"uv": [4, 33], "uv_size": [1, 1]},
								"east": {"uv": [6, 33], "uv_size": [1, 1]},
								"south": {"uv": [8, 33], "uv_size": [1, 1]},
								"west": {"uv": [33, 12], "uv_size": [1, 1]},
								"up": {"uv": [33, 22], "uv_size": [1, 1]},
								"down": {"uv": [33, 25], "uv_size": [1, -1]}
							}
						},
						{
							"origin": [1.62312, 0.22696, 3.02275],
							"size": [0.375, 0.1875, 0.5625],
							"uv": {
								"north": {"uv": [33, 26], "uv_size": [1, 1]},
								"east": {"uv": [33, 30], "uv_size": [1, 1]},
								"south": {"uv": [0, 34], "uv_size": [1, 1]},
								"west": {"uv": [34, 0], "uv_size": [1, 1]},
								"up": {"uv": [34, 2], "uv_size": [1, 1]},
								"down": {"uv": [34, 5], "uv_size": [1, -1]}
							}
						},
						{
							"origin": [-0.71875, -0.90679, -1.72725],
							"size": [0.1875, 0.25, 5.5625],
							"uv": {
								"north": {"uv": [34, 6], "uv_size": [1, 1]},
								"east": {"uv": [11, 4], "uv_size": [6, 1]},
								"south": {"uv": [34, 8], "uv_size": [1, 1]},
								"west": {"uv": [11, 6], "uv_size": [6, 1]},
								"up": {"uv": [0, 11], "uv_size": [1, 6]},
								"down": {"uv": [2, 17], "uv_size": [1, -6]}
							}
						},
						{
							"origin": [-0.90625, -0.90679, 0.46025],
							"size": [0.1875, 0.25, 1.0625],
							"uv": {
								"north": {"uv": [10, 34], "uv_size": [1, 1]},
								"east": {"uv": [34, 10], "uv_size": [1, 1]},
								"south": {"uv": [12, 34], "uv_size": [1, 1]},
								"west": {"uv": [14, 34], "uv_size": [1, 1]},
								"up": {"uv": [34, 14], "uv_size": [1, 1]},
								"down": {"uv": [16, 35], "uv_size": [1, -1]}
							}
						},
						{
							"origin": [-2.09375, -0.90679, 0.71025],
							"size": [1.1875, 0.25, 0.5625],
							"pivot": [-0.84375, -0.90679, 0.89775],
							"rotation": [0, 0, 41],
							"uv": {
								"north": {"uv": [34, 16], "uv_size": [1, 1]},
								"east": {"uv": [18, 34], "uv_size": [1, 1]},
								"south": {"uv": [34, 18], "uv_size": [1, 1]},
								"west": {"uv": [20, 34], "uv_size": [1, 1]},
								"up": {"uv": [34, 20], "uv_size": [1, 1]},
								"down": {"uv": [22, 35], "uv_size": [1, -1]}
							}
						},
						{
							"origin": [-1.99812, -0.08554, 0.71025],
							"size": [0.375, 0.1875, 0.5625],
							"uv": {
								"north": {"uv": [24, 34], "uv_size": [1, 1]},
								"east": {"uv": [26, 34], "uv_size": [1, 1]},
								"south": {"uv": [28, 34], "uv_size": [1, 1]},
								"west": {"uv": [34, 28], "uv_size": [1, 1]},
								"up": {"uv": [30, 34], "uv_size": [1, 1]},
								"down": {"uv": [32, 35], "uv_size": [1, -1]}
							}
						},
						{
							"origin": [-1.99812, 0.22696, 0.71025],
							"size": [0.375, 0.1875, 0.5625],
							"uv": {
								"north": {"uv": [34, 32], "uv_size": [1, 1]},
								"east": {"uv": [34, 34], "uv_size": [1, 1]},
								"south": {"uv": [2, 35], "uv_size": [1, 1]},
								"west": {"uv": [4, 35], "uv_size": [1, 1]},
								"up": {"uv": [6, 35], "uv_size": [1, 1]},
								"down": {"uv": [8, 36], "uv_size": [1, -1]}
							}
						},
						{
							"origin": [-1.95893, 1.07946, 0.71025],
							"size": [1.25, 0.25, 0.5625],
							"pivot": [-0.70893, 1.07946, 0.89775],
							"rotation": [0, 0, -43],
							"uv": {
								"north": {"uv": [35, 12], "uv_size": [1, 1]},
								"east": {"uv": [35, 22], "uv_size": [1, 1]},
								"south": {"uv": [35, 24], "uv_size": [1, 1]},
								"west": {"uv": [35, 26], "uv_size": [1, 1]},
								"up": {"uv": [35, 30], "uv_size": [1, 1]},
								"down": {"uv": [0, 37], "uv_size": [1, -1]}
							}
						},
						{
							"origin": [-1.99812, 0.22696, 3.02275],
							"size": [0.375, 0.1875, 0.5625],
							"uv": {
								"north": {"uv": [36, 0], "uv_size": [1, 1]},
								"east": {"uv": [36, 2], "uv_size": [1, 1]},
								"south": {"uv": [36, 4], "uv_size": [1, 1]},
								"west": {"uv": [36, 6], "uv_size": [1, 1]},
								"up": {"uv": [36, 8], "uv_size": [1, 1]},
								"down": {"uv": [10, 37], "uv_size": [1, -1]}
							}
						},
						{
							"origin": [-1.95893, 1.07946, 3.02275],
							"size": [1.25, 0.25, 0.5625],
							"pivot": [-0.70893, 1.07946, 3.21025],
							"rotation": [0, 0, -43],
							"uv": {
								"north": {"uv": [36, 10], "uv_size": [1, 1]},
								"east": {"uv": [12, 36], "uv_size": [1, 1]},
								"south": {"uv": [14, 36], "uv_size": [1, 1]},
								"west": {"uv": [36, 14], "uv_size": [1, 1]},
								"up": {"uv": [16, 36], "uv_size": [1, 1]},
								"down": {"uv": [36, 17], "uv_size": [1, -1]}
							}
						},
						{
							"origin": [-1.99812, -0.08554, 3.02275],
							"size": [0.375, 0.1875, 0.5625],
							"uv": {
								"north": {"uv": [18, 36], "uv_size": [1, 1]},
								"east": {"uv": [36, 18], "uv_size": [1, 1]},
								"south": {"uv": [20, 36], "uv_size": [1, 1]},
								"west": {"uv": [36, 20], "uv_size": [1, 1]},
								"up": {"uv": [22, 36], "uv_size": [1, 1]},
								"down": {"uv": [24, 37], "uv_size": [1, -1]}
							}
						},
						{
							"origin": [-2.09375, -0.90679, 3.02275],
							"size": [1.1875, 0.25, 0.5625],
							"pivot": [-0.84375, -0.90679, 3.21025],
							"rotation": [0, 0, 41],
							"uv": {
								"north": {"uv": [26, 36], "uv_size": [1, 1]},
								"east": {"uv": [28, 36], "uv_size": [1, 1]},
								"south": {"uv": [36, 28], "uv_size": [1, 1]},
								"west": {"uv": [30, 36], "uv_size": [1, 1]},
								"up": {"uv": [32, 36], "uv_size": [1, 1]},
								"down": {"uv": [36, 33], "uv_size": [1, -1]}
							}
						},
						{
							"origin": [-0.90625, -0.90679, 2.77275],
							"size": [0.1875, 0.25, 1.0625],
							"uv": {
								"north": {"uv": [34, 36], "uv_size": [1, 1]},
								"east": {"uv": [36, 34], "uv_size": [1, 1]},
								"south": {"uv": [36, 36], "uv_size": [1, 1]},
								"west": {"uv": [2, 37], "uv_size": [1, 1]},
								"up": {"uv": [4, 37], "uv_size": [1, 1]},
								"down": {"uv": [6, 38], "uv_size": [1, -1]}
							}
						},
						{
							"origin": [-1.83651, -0.25159, 0.71025],
							"size": [0.125, 0.1875, 0.5625],
							"pivot": [-2.14901, -0.25159, -0.85225],
							"rotation": [0, 0, -45],
							"uv": {
								"north": {"uv": [8, 37], "uv_size": [1, 1]},
								"east": {"uv": [37, 12], "uv_size": [1, 1]},
								"south": {"uv": [37, 22], "uv_size": [1, 1]},
								"west": {"uv": [37, 24], "uv_size": [1, 1]},
								"up": {"uv": [37, 26], "uv_size": [1, 1]},
								"down": {"uv": [37, 31], "uv_size": [1, -1]}
							}
						},
						{
							"origin": [-1.96909, 0.44793, 0.71025],
							"size": [0.125, 0.1875, 0.5625],
							"pivot": [-2.28159, 0.44793, -0.85225],
							"rotation": [0, 0, 45],
							"uv": {
								"north": {"uv": [0, 38], "uv_size": [1, 1]},
								"east": {"uv": [38, 0], "uv_size": [1, 1]},
								"south": {"uv": [38, 2], "uv_size": [1, 1]},
								"west": {"uv": [38, 4], "uv_size": [1, 1]},
								"up": {"uv": [38, 6], "uv_size": [1, 1]},
								"down": {"uv": [38, 9], "uv_size": [1, -1]}
							}
						},
						{
							"origin": [-1.96909, 0.44793, 3.02275],
							"size": [0.125, 0.1875, 0.5625],
							"pivot": [-2.28159, 0.44793, 1.46025],
							"rotation": [0, 0, 45],
							"uv": {
								"north": {"uv": [10, 38], "uv_size": [1, 1]},
								"east": {"uv": [38, 10], "uv_size": [1, 1]},
								"south": {"uv": [12, 38], "uv_size": [1, 1]},
								"west": {"uv": [14, 38], "uv_size": [1, 1]},
								"up": {"uv": [38, 14], "uv_size": [1, 1]},
								"down": {"uv": [16, 39], "uv_size": [1, -1]}
							}
						},
						{
							"origin": [-1.83651, -0.25159, 3.02275],
							"size": [0.125, 0.1875, 0.5625],
							"pivot": [-2.14901, -0.25159, 1.46025],
							"rotation": [0, 0, -45],
							"uv": {
								"north": {"uv": [38, 16], "uv_size": [1, 1]},
								"east": {"uv": [18, 38], "uv_size": [1, 1]},
								"south": {"uv": [38, 18], "uv_size": [1, 1]},
								"west": {"uv": [20, 38], "uv_size": [1, 1]},
								"up": {"uv": [38, 20], "uv_size": [1, 1]},
								"down": {"uv": [22, 39], "uv_size": [1, -1]}
							}
						},
						{
							"origin": [0.96875, -0.90679, -4.78975],
							"size": [1.3125, 0.25, 3.0625],
							"pivot": [0.96875, -0.90679, -4.16475],
							"rotation": [0, 0, -40],
							"uv": {
								"north": {"uv": [24, 38], "uv_size": [1, 1]},
								"east": {"uv": [14, 12], "uv_size": [3, 1]},
								"south": {"uv": [26, 38], "uv_size": [1, 1]},
								"west": {"uv": [14, 14], "uv_size": [3, 1]},
								"up": {"uv": [4, 15], "uv_size": [1, 3]},
								"down": {"uv": [6, 18], "uv_size": [1, -3]}
							}
						},
						{
							"origin": [1.70311, -0.14505, -4.78975],
							"size": [0.4375, 0.125, 3.0625],
							"uv": {
								"north": {"uv": [28, 38], "uv_size": [1, 1]},
								"east": {"uv": [8, 15], "uv_size": [3, 1]},
								"south": {"uv": [38, 28], "uv_size": [1, 1]},
								"west": {"uv": [16, 0], "uv_size": [3, 1]},
								"up": {"uv": [16, 8], "uv_size": [1, 3]},
								"down": {"uv": [12, 19], "uv_size": [1, -3]}
							}
						},
						{
							"origin": [1.91712, 0.09831, -4.78975],
							"size": [0.375, 0.125, 3.0625],
							"pivot": [1.91712, 0.09831, -4.16475],
							"rotation": [0, 0, -48],
							"uv": {
								"north": {"uv": [30, 38], "uv_size": [1, 1]},
								"east": {"uv": [16, 2], "uv_size": [3, 1]},
								"south": {"uv": [32, 38], "uv_size": [1, 1]},
								"west": {"uv": [14, 16], "uv_size": [3, 1]},
								"up": {"uv": [8, 17], "uv_size": [1, 3]},
								"down": {"uv": [10, 20], "uv_size": [1, -3]}
							}
						},
						{
							"origin": [1.70015, 0.33563, -4.78975],
							"size": [0.375, 0.125, 3.0625],
							"uv": {
								"north": {"uv": [38, 32], "uv_size": [1, 1]},
								"east": {"uv": [0, 18], "uv_size": [3, 1]},
								"south": {"uv": [34, 38], "uv_size": [1, 1]},
								"west": {"uv": [18, 4], "uv_size": [3, 1]},
								"up": {"uv": [18, 6], "uv_size": [1, 3]},
								"down": {"uv": [18, 13], "uv_size": [1, -3]}
							}
						},
						{
							"origin": [1.30998, 0.6008, -4.78975],
							"size": [0.5, 0.125, 1.3125],
							"pivot": [1.43498, 0.6008, -4.16475],
							"rotation": [0, 0, 45],
							"uv": {
								"north": {"uv": [38, 34], "uv_size": [1, 1]},
								"east": {"uv": [36, 38], "uv_size": [1, 1]},
								"south": {"uv": [38, 36], "uv_size": [1, 1]},
								"west": {"uv": [38, 38], "uv_size": [1, 1]},
								"up": {"uv": [2, 39], "uv_size": [1, 1]},
								"down": {"uv": [4, 40], "uv_size": [1, -1]}
							}
						},
						{
							"origin": [1.30998, 0.6008, -3.03975],
							"size": [0.5, 0.125, 1.3125],
							"pivot": [1.43498, 0.6008, -2.41475],
							"rotation": [0, 0, 45],
							"uv": {
								"north": {"uv": [22, 40], "uv_size": [1, 1]},
								"east": {"uv": [24, 40], "uv_size": [1, 1]},
								"south": {"uv": [26, 40], "uv_size": [1, 1]},
								"west": {"uv": [28, 40], "uv_size": [1, 1]},
								"up": {"uv": [40, 28], "uv_size": [1, 1]},
								"down": {"uv": [30, 41], "uv_size": [1, -1]}
							}
						},
						{
							"origin": [-0.96875, -0.90679, -4.78975],
							"size": [0.6875, 0.25, 3.0625],
							"uv": {
								"north": {"uv": [32, 40], "uv_size": [1, 1]},
								"east": {"uv": [14, 18], "uv_size": [3, 1]},
								"south": {"uv": [40, 32], "uv_size": [1, 1]},
								"west": {"uv": [18, 14], "uv_size": [3, 1]},
								"up": {"uv": [18, 16], "uv_size": [1, 3]},
								"down": {"uv": [4, 22], "uv_size": [1, -3]}
							}
						},
						{
							"origin": [-2.28125, -0.90679, -4.78975],
							"size": [1.3125, 0.25, 3.0625],
							"pivot": [-0.96875, -0.90679, -4.16475],
							"rotation": [0, 0, 40],
							"uv": {
								"north": {"uv": [34, 40], "uv_size": [1, 1]},
								"east": {"uv": [0, 20], "uv_size": [3, 1]},
								"south": {"uv": [40, 34], "uv_size": [1, 1]},
								"west": {"uv": [20, 0], "uv_size": [3, 1]},
								"up": {"uv": [6, 19], "uv_size": [1, 3]},
								"down": {"uv": [20, 9], "uv_size": [1, -3]}
							}
						},
						{
							"origin": [-2.14061, -0.14505, -4.78975],
							"size": [0.4375, 0.125, 3.0625],
							"uv": {
								"north": {"uv": [36, 40], "uv_size": [1, 1]},
								"east": {"uv": [20, 2], "uv_size": [3, 1]},
								"south": {"uv": [40, 36], "uv_size": [1, 1]},
								"west": {"uv": [20, 10], "uv_size": [3, 1]},
								"up": {"uv": [12, 20], "uv_size": [1, 3]},
								"down": {"uv": [14, 23], "uv_size": [1, -3]}
							}
						},
						{
							"origin": [-2.19922, 0.0737, -4.78975],
							"size": [0.4375, 0.125, 3.0625],
							"pivot": [-1.76172, 0.0737, -4.16475],
							"rotation": [0, 0, -30],
							"uv": {
								"north": {"uv": [38, 40], "uv_size": [1, 1]},
								"east": {"uv": [20, 12], "uv_size": [3, 1]},
								"south": {"uv": [40, 38], "uv_size": [1, 1]},
								"west": {"uv": [16, 20], "uv_size": [3, 1]},
								"up": {"uv": [20, 16], "uv_size": [1, 3]},
								"down": {"uv": [20, 23], "uv_size": [1, -3]}
							}
						},
						{
							"origin": [-2.29212, 0.09831, -4.78975],
							"size": [0.375, 0.125, 3.0625],
							"pivot": [-1.91712, 0.09831, -4.16475],
							"rotation": [0, 0, 48],
							"uv": {
								"north": {"uv": [40, 40], "uv_size": [1, 1]},
								"east": {"uv": [8, 21], "uv_size": [3, 1]},
								"south": {"uv": [2, 41], "uv_size": [1, 1]},
								"west": {"uv": [0, 22], "uv_size": [3, 1]},
								"up": {"uv": [22, 4], "uv_size": [1, 3]},
								"down": {"uv": [22, 17], "uv_size": [1, -3]}
							}
						},
						{
							"origin": [-2.07515, 0.33563, -4.78975],
							"size": [0.375, 0.125, 3.0625],
							"uv": {
								"north": {"uv": [4, 41], "uv_size": [1, 1]},
								"east": {"uv": [22, 8], "uv_size": [3, 1]},
								"south": {"uv": [6, 41], "uv_size": [1, 1]},
								"west": {"uv": [16, 22], "uv_size": [3, 1]},
								"up": {"uv": [22, 18], "uv_size": [1, 3]},
								"down": {"uv": [22, 25], "uv_size": [1, -3]}
							}
						},
						{
							"origin": [-1.80998, 0.6008, -4.78975],
							"size": [0.5, 0.125, 1.3125],
							"pivot": [-1.43498, 0.6008, -4.16475],
							"rotation": [0, 0, -45],
							"uv": {
								"north": {"uv": [8, 41], "uv_size": [1, 1]},
								"east": {"uv": [41, 12], "uv_size": [1, 1]},
								"south": {"uv": [41, 22], "uv_size": [1, 1]},
								"west": {"uv": [41, 24], "uv_size": [1, 1]},
								"up": {"uv": [41, 26], "uv_size": [1, 1]},
								"down": {"uv": [41, 31], "uv_size": [1, -1]}
							}
						},
						{
							"origin": [-1.80998, 0.6008, -3.03975],
							"size": [0.5, 0.125, 1.3125],
							"pivot": [-1.43498, 0.6008, -2.41475],
							"rotation": [0, 0, -45],
							"uv": {
								"north": {"uv": [0, 42], "uv_size": [1, 1]},
								"east": {"uv": [42, 0], "uv_size": [1, 1]},
								"south": {"uv": [42, 2], "uv_size": [1, 1]},
								"west": {"uv": [42, 4], "uv_size": [1, 1]},
								"up": {"uv": [42, 6], "uv_size": [1, 1]},
								"down": {"uv": [42, 9], "uv_size": [1, -1]}
							}
						},
						{
							"origin": [0.415, 1.26814, -4.78975],
							"size": [0.29499, 0.25, 2.9375],
							"uv": {
								"north": {"uv": [28, 42], "uv_size": [1, 1]},
								"east": {"uv": [4, 23], "uv_size": [3, 1]},
								"south": {"uv": [42, 28], "uv_size": [1, 1]},
								"west": {"uv": [8, 23], "uv_size": [3, 1]},
								"up": {"uv": [0, 24], "uv_size": [1, 3]},
								"down": {"uv": [24, 3], "uv_size": [1, -3]}
							}
						},
						{
							"origin": [0.415, 1.51814, -4.78975],
							"size": [0.16999, 0.125, 2.9375],
							"uv": {
								"north": {"uv": [30, 42], "uv_size": [1, 1]},
								"east": {"uv": [24, 4], "uv_size": [3, 1]},
								"south": {"uv": [32, 42], "uv_size": [1, 1]},
								"west": {"uv": [24, 6], "uv_size": [3, 1]},
								"up": {"uv": [2, 24], "uv_size": [1, 3]},
								"down": {"uv": [24, 13], "uv_size": [1, -3]}
							}
						},
						{
							"origin": [0.78809, 2.63647, -4.78975],
							"size": [0.29499, 0.125, 2.9375],
							"pivot": [-0.60429, 2.59017, -4.16475],
							"rotation": [0, 0, 45],
							"uv": {
								"north": {"uv": [42, 32], "uv_size": [1, 1]},
								"east": {"uv": [12, 24], "uv_size": [3, 1]},
								"south": {"uv": [34, 42], "uv_size": [1, 1]},
								"west": {"uv": [24, 14], "uv_size": [3, 1]},
								"up": {"uv": [16, 24], "uv_size": [1, 3]},
								"down": {"uv": [24, 19], "uv_size": [1, -3]}
							}
						},
						{
							"origin": [0.415, 1.26814, 0.77275],
							"size": [0.29499, 0.25, 0.4375],
							"uv": {
								"north": {"uv": [42, 34], "uv_size": [1, 1]},
								"east": {"uv": [36, 42], "uv_size": [1, 1]},
								"south": {"uv": [42, 36], "uv_size": [1, 1]},
								"west": {"uv": [38, 42], "uv_size": [1, 1]},
								"up": {"uv": [42, 38], "uv_size": [1, 1]},
								"down": {"uv": [40, 43], "uv_size": [1, -1]}
							}
						},
						{
							"origin": [0.78809, 2.63647, 0.77275],
							"size": [0.29499, 0.125, 0.4375],
							"pivot": [-0.60429, 2.59017, 1.39775],
							"rotation": [0, 0, 45],
							"uv": {
								"north": {"uv": [42, 40], "uv_size": [1, 1]},
								"east": {"uv": [42, 42], "uv_size": [1, 1]},
								"south": {"uv": [2, 43], "uv_size": [1, 1]},
								"west": {"uv": [4, 43], "uv_size": [1, 1]},
								"up": {"uv": [6, 43], "uv_size": [1, 1]},
								"down": {"uv": [8, 44], "uv_size": [1, -1]}
							}
						},
						{
							"origin": [0.415, 1.51814, 0.77275],
							"size": [0.16999, 0.125, 0.4375],
							"uv": {
								"north": {"uv": [43, 12], "uv_size": [1, 1]},
								"east": {"uv": [43, 22], "uv_size": [1, 1]},
								"south": {"uv": [43, 24], "uv_size": [1, 1]},
								"west": {"uv": [43, 26], "uv_size": [1, 1]},
								"up": {"uv": [43, 30], "uv_size": [1, 1]},
								"down": {"uv": [0, 45], "uv_size": [1, -1]}
							}
						},
						{
							"origin": [0.415, 1.26814, 3.08525],
							"size": [0.29499, 0.25, 0.4375],
							"uv": {
								"north": {"uv": [44, 0], "uv_size": [1, 1]},
								"east": {"uv": [44, 2], "uv_size": [1, 1]},
								"south": {"uv": [44, 4], "uv_size": [1, 1]},
								"west": {"uv": [44, 6], "uv_size": [1, 1]},
								"up": {"uv": [44, 8], "uv_size": [1, 1]},
								"down": {"uv": [10, 45], "uv_size": [1, -1]}
							}
						},
						{
							"origin": [0.78809, 2.63647, 3.08525],
							"size": [0.29499, 0.125, 0.4375],
							"pivot": [-0.60429, 2.59017, 3.71025],
							"rotation": [0, 0, 45],
							"uv": {
								"north": {"uv": [46, 42], "uv_size": [1, 1]},
								"east": {"uv": [44, 46], "uv_size": [1, 1]},
								"south": {"uv": [46, 44], "uv_size": [1, 1]},
								"west": {"uv": [46, 46], "uv_size": [1, 1]},
								"up": {"uv": [2, 47], "uv_size": [1, 1]},
								"down": {"uv": [4, 48], "uv_size": [1, -1]}
							}
						},
						{
							"origin": [0.415, 1.51814, 3.08525],
							"size": [0.16999, 0.125, 0.4375],
							"uv": {
								"north": {"uv": [6, 47], "uv_size": [1, 1]},
								"east": {"uv": [8, 47], "uv_size": [1, 1]},
								"south": {"uv": [47, 12], "uv_size": [1, 1]},
								"west": {"uv": [47, 22], "uv_size": [1, 1]},
								"up": {"uv": [47, 24], "uv_size": [1, 1]},
								"down": {"uv": [47, 27], "uv_size": [1, -1]}
							}
						},
						{
							"origin": [-0.71, 1.26814, 3.08525],
							"size": [0.29499, 0.25, 0.4375],
							"uv": {
								"north": {"uv": [47, 30], "uv_size": [1, 1]},
								"east": {"uv": [0, 48], "uv_size": [1, 1]},
								"south": {"uv": [48, 0], "uv_size": [1, 1]},
								"west": {"uv": [48, 2], "uv_size": [1, 1]},
								"up": {"uv": [48, 4], "uv_size": [1, 1]},
								"down": {"uv": [48, 7], "uv_size": [1, -1]}
							}
						},
						{
							"origin": [-1.08308, 2.63647, 3.08525],
							"size": [0.29499, 0.125, 0.4375],
							"pivot": [0.60429, 2.59017, 3.71025],
							"rotation": [0, 0, -45],
							"uv": {
								"north": {"uv": [48, 8], "uv_size": [1, 1]},
								"east": {"uv": [10, 48], "uv_size": [1, 1]},
								"south": {"uv": [48, 10], "uv_size": [1, 1]},
								"west": {"uv": [12, 48], "uv_size": [1, 1]},
								"up": {"uv": [14, 48], "uv_size": [1, 1]},
								"down": {"uv": [48, 15], "uv_size": [1, -1]}
							}
						},
						{
							"origin": [-0.585, 1.51814, 3.08525],
							"size": [0.16999, 0.125, 0.4375],
							"uv": {
								"north": {"uv": [16, 48], "uv_size": [1, 1]},
								"east": {"uv": [48, 16], "uv_size": [1, 1]},
								"south": {"uv": [18, 48], "uv_size": [1, 1]},
								"west": {"uv": [48, 18], "uv_size": [1, 1]},
								"up": {"uv": [20, 48], "uv_size": [1, 1]},
								"down": {"uv": [48, 21], "uv_size": [1, -1]}
							}
						},
						{
							"origin": [-0.71, 1.26814, 0.77275],
							"size": [0.29499, 0.25, 0.4375],
							"uv": {
								"north": {"uv": [22, 48], "uv_size": [1, 1]},
								"east": {"uv": [24, 48], "uv_size": [1, 1]},
								"south": {"uv": [26, 48], "uv_size": [1, 1]},
								"west": {"uv": [28, 48], "uv_size": [1, 1]},
								"up": {"uv": [48, 28], "uv_size": [1, 1]},
								"down": {"uv": [30, 49], "uv_size": [1, -1]}
							}
						},
						{
							"origin": [-1.08308, 2.63647, 0.77275],
							"size": [0.29499, 0.125, 0.4375],
							"pivot": [0.60429, 2.59017, 1.39775],
							"rotation": [0, 0, -45],
							"uv": {
								"north": {"uv": [32, 48], "uv_size": [1, 1]},
								"east": {"uv": [48, 32], "uv_size": [1, 1]},
								"south": {"uv": [34, 48], "uv_size": [1, 1]},
								"west": {"uv": [48, 34], "uv_size": [1, 1]},
								"up": {"uv": [36, 48], "uv_size": [1, 1]},
								"down": {"uv": [48, 37], "uv_size": [1, -1]}
							}
						},
						{
							"origin": [-0.585, 1.51814, 0.77275],
							"size": [0.16999, 0.125, 0.4375],
							"uv": {
								"north": {"uv": [38, 48], "uv_size": [1, 1]},
								"east": {"uv": [48, 38], "uv_size": [1, 1]},
								"south": {"uv": [40, 48], "uv_size": [1, 1]},
								"west": {"uv": [48, 40], "uv_size": [1, 1]},
								"up": {"uv": [42, 48], "uv_size": [1, 1]},
								"down": {"uv": [48, 43], "uv_size": [1, -1]}
							}
						},
						{
							"origin": [-0.71, 1.26814, -4.78975],
							"size": [0.29499, 0.25, 2.9375],
							"uv": {
								"north": {"uv": [44, 48], "uv_size": [1, 1]},
								"east": {"uv": [18, 24], "uv_size": [3, 1]},
								"south": {"uv": [48, 44], "uv_size": [1, 1]},
								"west": {"uv": [24, 20], "uv_size": [3, 1]},
								"up": {"uv": [24, 22], "uv_size": [1, 3]},
								"down": {"uv": [4, 28], "uv_size": [1, -3]}
							}
						},
						{
							"origin": [-1.08308, 2.63647, -4.78975],
							"size": [0.29499, 0.125, 2.9375],
							"pivot": [0.60429, 2.59017, -4.16475],
							"rotation": [0, 0, -45],
							"uv": {
								"north": {"uv": [46, 48], "uv_size": [1, 1]},
								"east": {"uv": [6, 25], "uv_size": [3, 1]},
								"south": {"uv": [48, 46], "uv_size": [1, 1]},
								"west": {"uv": [26, 0], "uv_size": [3, 1]},
								"up": {"uv": [10, 25], "uv_size": [1, 3]},
								"down": {"uv": [26, 11], "uv_size": [1, -3]}
							}
						},
						{
							"origin": [-0.585, 1.51814, -4.78975],
							"size": [0.16999, 0.125, 2.9375],
							"uv": {
								"north": {"uv": [48, 48], "uv_size": [1, 1]},
								"east": {"uv": [26, 2], "uv_size": [3, 1]},
								"south": {"uv": [2, 49], "uv_size": [1, 1]},
								"west": {"uv": [12, 26], "uv_size": [3, 1]},
								"up": {"uv": [26, 16], "uv_size": [1, 3]},
								"down": {"uv": [18, 29], "uv_size": [1, -3]}
							}
						}
					]
				},
				{
					"name": "bone",
					"parent": "FMJ",
					"pivot": [1.76172, 0.0737, -4.16475]
				},
				{
					"name": "bone1_1",
					"parent": "FMJ",
					"pivot": [-0.39338, 1.09099, 0.31241],
					"cubes": [
						{
							"origin": [0.97318, 0.98449, -4.78975],
							"size": [0.5, 0.125, 0.8125],
							"pivot": [1.09818, 0.98449, -4.16475],
							"rotation": [0, 0, 50],
							"uv": {
								"north": {"uv": [6, 39], "uv_size": [1, 1]},
								"east": {"uv": [8, 39], "uv_size": [1, 1]},
								"south": {"uv": [39, 12], "uv_size": [1, 1]},
								"west": {"uv": [39, 22], "uv_size": [1, 1]},
								"up": {"uv": [39, 24], "uv_size": [1, 1]},
								"down": {"uv": [39, 27], "uv_size": [1, -1]}
							}
						},
						{
							"origin": [-0.96, 1.14314, -4.78975],
							"size": [1.91999, 0.125, 0.8125],
							"uv": {
								"north": {"uv": [26, 12], "uv_size": [2, 1]},
								"east": {"uv": [24, 42], "uv_size": [1, 1]},
								"south": {"uv": [20, 26], "uv_size": [2, 1]},
								"west": {"uv": [26, 42], "uv_size": [1, 1]},
								"up": {"uv": [26, 22], "uv_size": [2, 1]},
								"down": {"uv": [23, 27], "uv_size": [2, -1]}
							}
						},
						{
							"origin": [0.89638, 1.034, -4.78975],
							"size": [0.1875, 0.125, 0.8125],
							"pivot": [1.10127, 1.1127, -4.16475],
							"rotation": [0, 0, 35],
							"uv": {
								"north": {"uv": [39, 30], "uv_size": [1, 1]},
								"east": {"uv": [0, 40], "uv_size": [1, 1]},
								"south": {"uv": [40, 0], "uv_size": [1, 1]},
								"west": {"uv": [40, 2], "uv_size": [1, 1]},
								"up": {"uv": [40, 4], "uv_size": [1, 1]},
								"down": {"uv": [40, 7], "uv_size": [1, -1]}
							}
						},
						{
							"origin": [-1.47318, 0.98449, -4.78975],
							"size": [0.5, 0.125, 0.8125],
							"pivot": [-1.09818, 0.98449, -4.16475],
							"rotation": [0, 0, -50],
							"uv": {
								"north": {"uv": [10, 42], "uv_size": [1, 1]},
								"east": {"uv": [42, 10], "uv_size": [1, 1]},
								"south": {"uv": [12, 42], "uv_size": [1, 1]},
								"west": {"uv": [14, 42], "uv_size": [1, 1]},
								"up": {"uv": [42, 14], "uv_size": [1, 1]},
								"down": {"uv": [16, 43], "uv_size": [1, -1]}
							}
						},
						{
							"origin": [-1.08388, 1.034, -4.78975],
							"size": [0.1875, 0.125, 0.8125],
							"pivot": [-1.10127, 1.1127, -4.16475],
							"rotation": [0, 0, -35],
							"uv": {
								"north": {"uv": [42, 16], "uv_size": [1, 1]},
								"east": {"uv": [18, 42], "uv_size": [1, 1]},
								"south": {"uv": [42, 18], "uv_size": [1, 1]},
								"west": {"uv": [20, 42], "uv_size": [1, 1]},
								"up": {"uv": [42, 20], "uv_size": [1, 1]},
								"down": {"uv": [22, 43], "uv_size": [1, -1]}
							}
						},
						{
							"origin": [-1.47318, 0.98449, -2.35225],
							"size": [0.5, 0.125, 0.4375],
							"pivot": [-1.09818, 0.98449, -2.10225],
							"rotation": [0, 0, -50],
							"uv": {
								"north": {"uv": [8, 49], "uv_size": [1, 1]},
								"east": {"uv": [49, 12], "uv_size": [1, 1]},
								"south": {"uv": [49, 22], "uv_size": [1, 1]},
								"west": {"uv": [49, 24], "uv_size": [1, 1]},
								"up": {"uv": [49, 26], "uv_size": [1, 1]},
								"down": {"uv": [49, 31], "uv_size": [1, -1]}
							}
						},
						{
							"origin": [-1.08388, 1.034, -2.35225],
							"size": [0.1875, 0.125, 0.4375],
							"pivot": [-1.10127, 1.1127, -2.10225],
							"rotation": [0, 0, -35],
							"uv": {
								"north": {"uv": [0, 50], "uv_size": [1, 1]},
								"east": {"uv": [50, 0], "uv_size": [1, 1]},
								"south": {"uv": [50, 2], "uv_size": [1, 1]},
								"west": {"uv": [50, 4], "uv_size": [1, 1]},
								"up": {"uv": [50, 6], "uv_size": [1, 1]},
								"down": {"uv": [50, 9], "uv_size": [1, -1]}
							}
						},
						{
							"origin": [-0.96, 1.14314, -2.35225],
							"size": [1.91999, 0.125, 0.4375],
							"uv": {
								"north": {"uv": [26, 24], "uv_size": [2, 1]},
								"east": {"uv": [4, 49], "uv_size": [1, 1]},
								"south": {"uv": [26, 26], "uv_size": [2, 1]},
								"west": {"uv": [6, 49], "uv_size": [1, 1]},
								"up": {"uv": [6, 27], "uv_size": [2, 1]},
								"down": {"uv": [0, 29], "uv_size": [2, -1]}
							}
						},
						{
							"origin": [0.89638, 1.034, -2.35225],
							"size": [0.1875, 0.125, 0.4375],
							"pivot": [1.10127, 1.1127, -2.10225],
							"rotation": [0, 0, 35],
							"uv": {
								"north": {"uv": [40, 8], "uv_size": [1, 1]},
								"east": {"uv": [10, 40], "uv_size": [1, 1]},
								"south": {"uv": [40, 10], "uv_size": [1, 1]},
								"west": {"uv": [12, 40], "uv_size": [1, 1]},
								"up": {"uv": [14, 40], "uv_size": [1, 1]},
								"down": {"uv": [40, 15], "uv_size": [1, -1]}
							}
						},
						{
							"origin": [0.97318, 0.98449, -2.35225],
							"size": [0.5, 0.125, 0.4375],
							"pivot": [1.09818, 0.98449, -2.10225],
							"rotation": [0, 0, 50],
							"uv": {
								"north": {"uv": [16, 40], "uv_size": [1, 1]},
								"east": {"uv": [40, 16], "uv_size": [1, 1]},
								"south": {"uv": [18, 40], "uv_size": [1, 1]},
								"west": {"uv": [40, 18], "uv_size": [1, 1]},
								"up": {"uv": [20, 40], "uv_size": [1, 1]},
								"down": {"uv": [40, 21], "uv_size": [1, -1]}
							}
						},
						{
							"origin": [0.16076, 1.0123, 0.56241],
							"size": [0.29499, 0.25, 0.375],
							"pivot": [0.39338, 1.09099, 0.31241],
							"rotation": [0, 45, 0],
							"uv": {
								"north": {"uv": [26, 44], "uv_size": [1, 1]},
								"east": {"uv": [28, 44], "uv_size": [1, 1]},
								"south": {"uv": [44, 28], "uv_size": [1, 1]},
								"west": {"uv": [30, 44], "uv_size": [1, 1]},
								"up": {"uv": [32, 44], "uv_size": [1, 1]},
								"down": {"uv": [44, 33], "uv_size": [1, -1]}
							}
						},
						{
							"origin": [0.58444, 1.0123, 0.71025],
							"size": [0.29499, 0.25, 0.5625],
							"uv": {
								"north": {"uv": [18, 44], "uv_size": [1, 1]},
								"east": {"uv": [44, 18], "uv_size": [1, 1]},
								"south": {"uv": [20, 44], "uv_size": [1, 1]},
								"west": {"uv": [44, 20], "uv_size": [1, 1]},
								"up": {"uv": [22, 44], "uv_size": [1, 1]},
								"down": {"uv": [24, 45], "uv_size": [1, -1]}
							}
						},
						{
							"origin": [0.16076, 1.0123, 1.12491],
							"size": [0.29499, 0.25, 0.375],
							"pivot": [0.39338, 1.09099, 0.87491],
							"rotation": [0, 45, 0],
							"uv": {
								"north": {"uv": [34, 44], "uv_size": [1, 1]},
								"east": {"uv": [44, 34], "uv_size": [1, 1]},
								"south": {"uv": [36, 44], "uv_size": [1, 1]},
								"west": {"uv": [44, 36], "uv_size": [1, 1]},
								"up": {"uv": [38, 44], "uv_size": [1, 1]},
								"down": {"uv": [44, 39], "uv_size": [1, -1]}
							}
						},
						{
							"origin": [0.16076, 1.0123, 2.87491],
							"size": [0.29499, 0.25, 0.375],
							"pivot": [0.39338, 1.09099, 2.62491],
							"rotation": [0, 45, 0],
							"uv": {
								"north": {"uv": [4, 45], "uv_size": [1, 1]},
								"east": {"uv": [6, 45], "uv_size": [1, 1]},
								"south": {"uv": [8, 45], "uv_size": [1, 1]},
								"west": {"uv": [45, 12], "uv_size": [1, 1]},
								"up": {"uv": [45, 22], "uv_size": [1, 1]},
								"down": {"uv": [45, 25], "uv_size": [1, -1]}
							}
						},
						{
							"origin": [0.58444, 1.0123, 3.02275],
							"size": [0.29499, 0.25, 0.5625],
							"uv": {
								"north": {"uv": [44, 10], "uv_size": [1, 1]},
								"east": {"uv": [12, 44], "uv_size": [1, 1]},
								"south": {"uv": [14, 44], "uv_size": [1, 1]},
								"west": {"uv": [44, 14], "uv_size": [1, 1]},
								"up": {"uv": [16, 44], "uv_size": [1, 1]},
								"down": {"uv": [44, 17], "uv_size": [1, -1]}
							}
						},
						{
							"origin": [0.16076, 1.0123, 3.43741],
							"size": [0.29499, 0.25, 0.375],
							"pivot": [0.39338, 1.09099, 3.18741],
							"rotation": [0, 45, 0],
							"uv": {
								"north": {"uv": [40, 44], "uv_size": [1, 1]},
								"east": {"uv": [44, 40], "uv_size": [1, 1]},
								"south": {"uv": [42, 44], "uv_size": [1, 1]},
								"west": {"uv": [44, 42], "uv_size": [1, 1]},
								"up": {"uv": [44, 44], "uv_size": [1, 1]},
								"down": {"uv": [2, 46], "uv_size": [1, -1]}
							}
						},
						{
							"origin": [-0.45576, 1.0123, 3.43741],
							"size": [0.29499, 0.25, 0.375],
							"pivot": [-0.39338, 1.09099, 3.18741],
							"rotation": [0, -45, 0],
							"uv": {
								"north": {"uv": [45, 26], "uv_size": [1, 1]},
								"east": {"uv": [45, 30], "uv_size": [1, 1]},
								"south": {"uv": [0, 46], "uv_size": [1, 1]},
								"west": {"uv": [46, 0], "uv_size": [1, 1]},
								"up": {"uv": [46, 2], "uv_size": [1, 1]},
								"down": {"uv": [46, 5], "uv_size": [1, -1]}
							}
						},
						{
							"origin": [-0.87943, 1.0123, 3.02275],
							"size": [0.29499, 0.25, 0.5625],
							"uv": {
								"north": {"uv": [46, 36], "uv_size": [1, 1]},
								"east": {"uv": [38, 46], "uv_size": [1, 1]},
								"south": {"uv": [46, 38], "uv_size": [1, 1]},
								"west": {"uv": [40, 46], "uv_size": [1, 1]},
								"up": {"uv": [46, 40], "uv_size": [1, 1]},
								"down": {"uv": [42, 47], "uv_size": [1, -1]}
							}
						},
						{
							"origin": [-0.45576, 1.0123, 2.87491],
							"size": [0.29499, 0.25, 0.375],
							"pivot": [-0.39338, 1.09099, 2.62491],
							"rotation": [0, -45, 0],
							"uv": {
								"north": {"uv": [46, 6], "uv_size": [1, 1]},
								"east": {"uv": [46, 8], "uv_size": [1, 1]},
								"south": {"uv": [10, 46], "uv_size": [1, 1]},
								"west": {"uv": [46, 10], "uv_size": [1, 1]},
								"up": {"uv": [12, 46], "uv_size": [1, 1]},
								"down": {"uv": [14, 47], "uv_size": [1, -1]}
							}
						},
						{
							"origin": [-0.45576, 1.0123, 1.12491],
							"size": [0.29499, 0.25, 0.375],
							"pivot": [-0.39338, 1.09099, 0.87491],
							"rotation": [0, -45, 0],
							"uv": {
								"north": {"uv": [46, 14], "uv_size": [1, 1]},
								"east": {"uv": [16, 46], "uv_size": [1, 1]},
								"south": {"uv": [46, 16], "uv_size": [1, 1]},
								"west": {"uv": [18, 46], "uv_size": [1, 1]},
								"up": {"uv": [46, 18], "uv_size": [1, 1]},
								"down": {"uv": [20, 47], "uv_size": [1, -1]}
							}
						},
						{
							"origin": [-0.87943, 1.0123, 0.71025],
							"size": [0.29499, 0.25, 0.5625],
							"uv": {
								"north": {"uv": [30, 46], "uv_size": [1, 1]},
								"east": {"uv": [32, 46], "uv_size": [1, 1]},
								"south": {"uv": [46, 32], "uv_size": [1, 1]},
								"west": {"uv": [34, 46], "uv_size": [1, 1]},
								"up": {"uv": [46, 34], "uv_size": [1, 1]},
								"down": {"uv": [36, 47], "uv_size": [1, -1]}
							}
						},
						{
							"origin": [-0.45576, 1.0123, 0.56241],
							"size": [0.29499, 0.25, 0.375],
							"pivot": [-0.39338, 1.09099, 0.31241],
							"rotation": [0, -45, 0],
							"uv": {
								"north": {"uv": [46, 20], "uv_size": [1, 1]},
								"east": {"uv": [22, 46], "uv_size": [1, 1]},
								"south": {"uv": [24, 46], "uv_size": [1, 1]},
								"west": {"uv": [26, 46], "uv_size": [1, 1]},
								"up": {"uv": [28, 46], "uv_size": [1, 1]},
								"down": {"uv": [46, 29], "uv_size": [1, -1]}
							}
						}
					]
				}
			]
		}
	]
}