{
	"format_version": "1.12.0",
	"minecraft:geometry": [
		{
			"description": {
				"identifier": "geometry.unknown",
				"texture_width": 128,
				"texture_height": 128,
				"visible_bounds_width": 5,
				"visible_bounds_height": 2.5,
				"visible_bounds_offset": [0, 0.75, 0]
			},
			"bones": [
				{
					"name": "Sli",
					"pivot": [0, 0.0625, 0.5],
					"cubes": [
						{
							"origin": [-1.125, -0.6875, -12.5625],
							"size": [2.25, 0.3125, 1.6875],
							"uv": {
								"north": {"uv": [24, 34], "uv_size": [2, 1]},
								"east": {"uv": [34, 28], "uv_size": [2, 1]},
								"south": {"uv": [34, 30], "uv_size": [2, 1]},
								"west": {"uv": [0, 35], "uv_size": [2, 1]},
								"up": {"uv": [26, 14], "uv_size": [2, 2]},
								"down": {"uv": [26, 25], "uv_size": [2, -2]}
							}
						},
						{
							"origin": [-1.125, -0.375, -12.5625],
							"size": [2.25, 1.0625, 0.125],
							"uv": {
								"north": {"uv": [35, 0], "uv_size": [2, 1]},
								"east": {"uv": [51, 34], "uv_size": [1, 1]},
								"south": {"uv": [35, 2], "uv_size": [2, 1]},
								"west": {"uv": [51, 45], "uv_size": [1, 1]},
								"up": {"uv": [3, 35], "uv_size": [2, 1]},
								"down": {"uv": [35, 5], "uv_size": [2, -1]}
							}
						},
						{
							"origin": [-1.125, 0.6875, -12.4375],
							"size": [2.25, 0, 0.4375],
							"uv": {
								"north": {"uv": [3, 15], "uv_size": [2, 0]},
								"east": {"uv": [12, 11], "uv_size": [1, 0]},
								"south": {"uv": [16, 6], "uv_size": [2, 0]},
								"west": {"uv": [10, 16], "uv_size": [1, 0]},
								"up": {"uv": [6, 35], "uv_size": [2, 1]},
								"down": {"uv": [35, 7], "uv_size": [2, -1]}
							}
						},
						{
							"origin": [-1.65533, -0.6875, -12.03217],
							"size": [3.31066, 0.3125, 1.1875],
							"uv": {
								"north": {"uv": [29, 27], "uv_size": [3, 1]},
								"east": {"uv": [47, 51], "uv_size": [1, 1]},
								"south": {"uv": [30, 10], "uv_size": [3, 1]},
								"west": {"uv": [51, 47], "uv_size": [1, 1]},
								"up": {"uv": [16, 30], "uv_size": [3, 1]},
								"down": {"uv": [30, 17], "uv_size": [3, -1]}
							}
						},
						{
							"origin": [-0.28033, -1.125, -10.78217],
							"size": [0.56066, 0.6875, 2.1875],
							"uv": {
								"north": {"uv": [49, 51], "uv_size": [1, 1]},
								"east": {"uv": [35, 8], "uv_size": [2, 1]},
								"south": {"uv": [51, 49], "uv_size": [1, 1]},
								"west": {"uv": [9, 35], "uv_size": [2, 1]},
								"up": {"uv": [12, 35], "uv_size": [1, 2]},
								"down": {"uv": [14, 37], "uv_size": [1, -2]}
							}
						},
						{
							"origin": [-0.28033, -1.3125, -8.78217],
							"size": [0.56066, 0.375, 2.3125],
							"uv": {
								"north": {"uv": [51, 51], "uv_size": [1, 1]},
								"east": {"uv": [27, 35], "uv_size": [2, 1]},
								"south": {"uv": [52, 2], "uv_size": [1, 1]},
								"west": {"uv": [30, 35], "uv_size": [2, 1]},
								"up": {"uv": [33, 35], "uv_size": [1, 2]},
								"down": {"uv": [35, 37], "uv_size": [1, -2]}
							}
						},
						{
							"origin": [-0.28033, -1.125, -6.59467],
							"size": [0.56066, 0.125, 4.875],
							"uv": {
								"north": {"uv": [52, 4], "uv_size": [1, 1]},
								"east": {"uv": [14, 15], "uv_size": [5, 1]},
								"south": {"uv": [52, 6], "uv_size": [1, 1]},
								"west": {"uv": [0, 16], "uv_size": [5, 1]},
								"up": {"uv": [6, 16], "uv_size": [1, 5]},
								"down": {"uv": [8, 21], "uv_size": [1, -5]}
							}
						},
						{
							"origin": [-0.28033, 0.46816, -10.78217],
							"size": [0.56066, 0.75, 2.1875],
							"uv": {
								"north": {"uv": [52, 8], "uv_size": [1, 1]},
								"east": {"uv": [36, 12], "uv_size": [2, 1]},
								"south": {"uv": [52, 16], "uv_size": [1, 1]},
								"west": {"uv": [36, 14], "uv_size": [2, 1]},
								"up": {"uv": [16, 36], "uv_size": [1, 2]},
								"down": {"uv": [18, 38], "uv_size": [1, -2]}
							}
						},
						{
							"origin": [-0.31966, 1.10224, -8.78217],
							"size": [0.63933, 0.25, 2.3125],
							"uv": {
								"north": {"uv": [18, 52], "uv_size": [1, 1]},
								"east": {"uv": [20, 36], "uv_size": [2, 1]},
								"south": {"uv": [52, 18], "uv_size": [1, 1]},
								"west": {"uv": [36, 20], "uv_size": [2, 1]},
								"up": {"uv": [36, 22], "uv_size": [1, 2]},
								"down": {"uv": [23, 38], "uv_size": [1, -2]}
							}
						},
						{
							"origin": [-0.20167, 1.14403, -6.59467],
							"size": [0.40333, 0.125, 4.875],
							"uv": {
								"north": {"uv": [23, 52], "uv_size": [1, 1]},
								"east": {"uv": [16, 4], "uv_size": [5, 1]},
								"south": {"uv": [32, 52], "uv_size": [1, 1]},
								"west": {"uv": [10, 17], "uv_size": [5, 1]},
								"up": {"uv": [16, 17], "uv_size": [1, 5]},
								"down": {"uv": [0, 23], "uv_size": [1, -5]}
							}
						},
						{
							"origin": [0.16107, 0.10428, -10.78217],
							"size": [1.62316, 0.5625, 2.5],
							"pivot": [1.78423, 0.60428, -10.21967],
							"rotation": [0, 0, 20],
							"uv": {
								"north": {"uv": [36, 32], "uv_size": [2, 1]},
								"east": {"uv": [30, 18], "uv_size": [3, 1]},
								"south": {"uv": [0, 37], "uv_size": [2, 1]},
								"west": {"uv": [30, 29], "uv_size": [3, 1]},
								"up": {"uv": [0, 12], "uv_size": [2, 3]},
								"down": {"uv": [12, 3], "uv_size": [2, -3]}
							}
						},
						{
							"origin": [0.19286, 0.4456, -8.78217],
							"size": [1.74816, 0.3125, 2.3125],
							"pivot": [1.94102, 0.6956, -8.21967],
							"rotation": [0, 0, 20],
							"uv": {
								"north": {"uv": [3, 37], "uv_size": [2, 1]},
								"east": {"uv": [6, 37], "uv_size": [2, 1]},
								"south": {"uv": [9, 37], "uv_size": [2, 1]},
								"west": {"uv": [25, 37], "uv_size": [2, 1]},
								"up": {"uv": [26, 26], "uv_size": [2, 2]},
								"down": {"uv": [27, 12], "uv_size": [2, -2]}
							}
						},
						{
							"origin": [0.07486, 0.54989, -6.53217],
							"size": [1.74816, 0.125, 4.8125],
							"pivot": [1.82302, 0.61239, -4.46967],
							"rotation": [0, 0, 20],
							"uv": {
								"north": {"uv": [37, 25], "uv_size": [2, 1]},
								"east": {"uv": [18, 17], "uv_size": [5, 1]},
								"south": {"uv": [37, 27], "uv_size": [2, 1]},
								"west": {"uv": [19, 6], "uv_size": [5, 1]},
								"up": {"uv": [0, 0], "uv_size": [2, 5]},
								"down": {"uv": [3, 5], "uv_size": [2, -5]}
							}
						},
						{
							"origin": [-1.88211, -1.12877, -10.78217],
							"size": [1.62316, 0.5, 2.1875],
							"pivot": [-0.25895, -1.06627, -10.21967],
							"rotation": [0, 0, 20],
							"uv": {
								"north": {"uv": [28, 37], "uv_size": [2, 1]},
								"east": {"uv": [37, 29], "uv_size": [2, 1]},
								"south": {"uv": [37, 34], "uv_size": [2, 1]},
								"west": {"uv": [37, 36], "uv_size": [2, 1]},
								"up": {"uv": [18, 27], "uv_size": [2, 2]},
								"down": {"uv": [0, 30], "uv_size": [2, -2]}
							}
						},
						{
							"origin": [0.25895, -1.12877, -10.78217],
							"size": [1.62316, 0.625, 2.1875],
							"pivot": [0.25895, -1.06627, -10.21967],
							"rotation": [0, 0, -20],
							"uv": {
								"north": {"uv": [38, 0], "uv_size": [2, 1]},
								"east": {"uv": [38, 2], "uv_size": [2, 1]},
								"south": {"uv": [38, 4], "uv_size": [2, 1]},
								"west": {"uv": [38, 6], "uv_size": [2, 1]},
								"up": {"uv": [28, 0], "uv_size": [2, 2]},
								"down": {"uv": [3, 30], "uv_size": [2, -2]}
							}
						},
						{
							"origin": [0.25895, -1.31627, -8.78217],
							"size": [1.74816, 0.3125, 2.3125],
							"pivot": [0.25895, -1.25377, -8.21967],
							"rotation": [0, 0, -20],
							"uv": {
								"north": {"uv": [38, 8], "uv_size": [2, 1]},
								"east": {"uv": [38, 10], "uv_size": [2, 1]},
								"south": {"uv": [12, 38], "uv_size": [2, 1]},
								"west": {"uv": [38, 16], "uv_size": [2, 1]},
								"up": {"uv": [28, 3], "uv_size": [2, 2]},
								"down": {"uv": [6, 30], "uv_size": [2, -2]}
							}
						},
						{
							"origin": [0.25895, -1.12877, -6.59467],
							"size": [1.74816, 0.125, 4.875],
							"pivot": [0.25895, -1.06627, -4.46967],
							"rotation": [0, 0, -20],
							"uv": {
								"north": {"uv": [38, 18], "uv_size": [2, 1]},
								"east": {"uv": [19, 8], "uv_size": [5, 1]},
								"south": {"uv": [20, 38], "uv_size": [2, 1]},
								"west": {"uv": [10, 19], "uv_size": [5, 1]},
								"up": {"uv": [0, 6], "uv_size": [2, 5]},
								"down": {"uv": [6, 5], "uv_size": [2, -5]}
							}
						},
						{
							"origin": [1.75703, -0.59301, -10.78217],
							"size": [0.31066, 0.3125, 2.1875],
							"pivot": [1.75703, -0.53051, -10.21967],
							"rotation": [0, 0, -51],
							"uv": {
								"north": {"uv": [52, 32], "uv_size": [1, 1]},
								"east": {"uv": [38, 22], "uv_size": [2, 1]},
								"south": {"uv": [34, 52], "uv_size": [1, 1]},
								"west": {"uv": [31, 38], "uv_size": [2, 1]},
								"up": {"uv": [34, 38], "uv_size": [1, 2]},
								"down": {"uv": [36, 40], "uv_size": [1, -2]}
							}
						},
						{
							"origin": [1.87449, -0.73776, -8.78217],
							"size": [0.37316, 0.25, 2.3125],
							"pivot": [1.87449, -0.67526, -8.21967],
							"rotation": [0, 0, -51],
							"uv": {
								"north": {"uv": [36, 52], "uv_size": [1, 1]},
								"east": {"uv": [38, 38], "uv_size": [2, 1]},
								"south": {"uv": [41, 52], "uv_size": [1, 1]},
								"west": {"uv": [0, 39], "uv_size": [2, 1]},
								"up": {"uv": [3, 39], "uv_size": [1, 2]},
								"down": {"uv": [5, 41], "uv_size": [1, -2]}
							}
						},
						{
							"origin": [1.87449, -0.55026, -6.59467],
							"size": [0.18566, 0.125, 4.875],
							"pivot": [1.87449, -0.48776, -4.46967],
							"rotation": [0, 0, -51],
							"uv": {
								"north": {"uv": [43, 52], "uv_size": [1, 1]},
								"east": {"uv": [18, 19], "uv_size": [5, 1]},
								"south": {"uv": [45, 52], "uv_size": [1, 1]},
								"west": {"uv": [20, 15], "uv_size": [5, 1]},
								"up": {"uv": [2, 18], "uv_size": [1, 5]},
								"down": {"uv": [4, 23], "uv_size": [1, -5]}
							}
						},
						{
							"origin": [1.50295, -0.32842, -10.78217],
							"size": [0.49816, 0.75, 2.1875],
							"uv": {
								"north": {"uv": [0, 53], "uv_size": [1, 1]},
								"east": {"uv": [7, 39], "uv_size": [2, 1]},
								"south": {"uv": [53, 0], "uv_size": [1, 1]},
								"west": {"uv": [39, 12], "uv_size": [2, 1]},
								"up": {"uv": [10, 39], "uv_size": [1, 2]},
								"down": {"uv": [15, 41], "uv_size": [1, -2]}
							}
						},
						{
							"origin": [1.90974, -0.42459, -8.78217],
							"size": [0.24816, 0.9375, 2.3125],
							"uv": {
								"north": {"uv": [2, 53], "uv_size": [1, 1]},
								"east": {"uv": [39, 14], "uv_size": [2, 1]},
								"south": {"uv": [4, 53], "uv_size": [1, 1]},
								"west": {"uv": [17, 39], "uv_size": [2, 1]},
								"up": {"uv": [23, 39], "uv_size": [1, 2]},
								"down": {"uv": [25, 41], "uv_size": [1, -2]}
							}
						},
						{
							"origin": [1.91674, -0.38281, -6.46967],
							"size": [0.12316, 0.8125, 4.75],
							"uv": {
								"north": {"uv": [10, 53], "uv_size": [1, 1]},
								"east": {"uv": [10, 21], "uv_size": [5, 1]},
								"south": {"uv": [53, 13], "uv_size": [1, 1]},
								"west": {"uv": [21, 10], "uv_size": [5, 1]},
								"up": {"uv": [18, 21], "uv_size": [1, 5]},
								"down": {"uv": [20, 26], "uv_size": [1, -5]}
							}
						},
						{
							"origin": [-1.2899, -0.38281, -1.71967],
							"size": [2.57981, 0.84779, 2.4375],
							"uv": {
								"north": {"uv": [0, 31], "uv_size": [3, 1]},
								"east": {"uv": [39, 20], "uv_size": [2, 1]},
								"south": {"uv": [31, 0], "uv_size": [3, 1]},
								"west": {"uv": [27, 39], "uv_size": [2, 1]},
								"up": {"uv": [3, 12], "uv_size": [3, 2]},
								"down": {"uv": [12, 6], "uv_size": [3, -2]}
							}
						},
						{
							"origin": [0.83005, -1.39961, -1.71967],
							"size": [0.37316, 1.125, 2.4375],
							"pivot": [1.08005, -0.46211, 0.53033],
							"rotation": [0, 0, 36],
							"uv": {
								"north": {"uv": [15, 53], "uv_size": [1, 1]},
								"east": {"uv": [39, 31], "uv_size": [2, 1]},
								"south": {"uv": [20, 53], "uv_size": [1, 1]},
								"west": {"uv": [12, 40], "uv_size": [2, 1]},
								"up": {"uv": [20, 40], "uv_size": [1, 2]},
								"down": {"uv": [40, 26], "uv_size": [1, -2]}
							}
						},
						{
							"origin": [-1.20321, -1.39961, -1.71967],
							"size": [0.37316, 1.125, 2.4375],
							"pivot": [-1.08005, -0.46211, 0.53033],
							"rotation": [0, 0, -36],
							"uv": {
								"north": {"uv": [53, 20], "uv_size": [1, 1]},
								"east": {"uv": [40, 27], "uv_size": [2, 1]},
								"south": {"uv": [53, 22], "uv_size": [1, 1]},
								"west": {"uv": [40, 29], "uv_size": [2, 1]},
								"up": {"uv": [30, 40], "uv_size": [1, 2]},
								"down": {"uv": [32, 42], "uv_size": [1, -2]}
							}
						},
						{
							"origin": [0.27519, 0.23742, -1.71967],
							"size": [0.56066, 1.125, 2.4375],
							"pivot": [0.71269, 1.04992, 0.53033],
							"rotation": [0, 0, -36],
							"uv": {
								"north": {"uv": [53, 24], "uv_size": [1, 1]},
								"east": {"uv": [40, 33], "uv_size": [2, 1]},
								"south": {"uv": [53, 26], "uv_size": [1, 1]},
								"west": {"uv": [40, 35], "uv_size": [2, 1]},
								"up": {"uv": [38, 40], "uv_size": [1, 2]},
								"down": {"uv": [40, 42], "uv_size": [1, -2]}
							}
						},
						{
							"origin": [-0.83585, 0.23742, -1.71967],
							"size": [0.56066, 1.125, 2.4375],
							"pivot": [-0.71269, 1.04992, 0.53033],
							"rotation": [0, 0, 36],
							"uv": {
								"north": {"uv": [30, 53], "uv_size": [1, 1]},
								"east": {"uv": [0, 41], "uv_size": [2, 1]},
								"south": {"uv": [53, 34], "uv_size": [1, 1]},
								"west": {"uv": [41, 0], "uv_size": [2, 1]},
								"up": {"uv": [41, 2], "uv_size": [1, 2]},
								"down": {"uv": [41, 7], "uv_size": [1, -2]}
							}
						},
						{
							"origin": [-0.62864, 0.95986, -1.71967],
							"size": [1.25729, 0.41526, 2.4375],
							"uv": {
								"north": {"uv": [53, 36], "uv_size": [1, 1]},
								"east": {"uv": [7, 41], "uv_size": [2, 1]},
								"south": {"uv": [38, 53], "uv_size": [1, 1]},
								"west": {"uv": [41, 8], "uv_size": [2, 1]},
								"up": {"uv": [41, 16], "uv_size": [1, 2]},
								"down": {"uv": [17, 43], "uv_size": [1, -2]}
							}
						},
						{
							"origin": [-0.25364, 1.33486, -1.28217],
							"size": [0.50729, 0.16526, 1.125],
							"uv": {
								"north": {"uv": [53, 38], "uv_size": [1, 1]},
								"east": {"uv": [53, 40], "uv_size": [1, 1]},
								"south": {"uv": [53, 42], "uv_size": [1, 1]},
								"west": {"uv": [53, 44], "uv_size": [1, 1]},
								"up": {"uv": [53, 46], "uv_size": [1, 1]},
								"down": {"uv": [47, 54], "uv_size": [1, -1]}
							}
						},
						{
							"origin": [-0.25131, -1.48518, -1.28217],
							"size": [0.50262, 0.2887, 1.125],
							"uv": {
								"north": {"uv": [53, 48], "uv_size": [1, 1]},
								"east": {"uv": [49, 53], "uv_size": [1, 1]},
								"south": {"uv": [53, 50], "uv_size": [1, 1]},
								"west": {"uv": [51, 53], "uv_size": [1, 1]},
								"up": {"uv": [53, 52], "uv_size": [1, 1]},
								"down": {"uv": [54, 3], "uv_size": [1, -1]}
							}
						},
						{
							"origin": [-0.74458, 1.28619, -1.28217],
							"size": [0.56979, 0.22776, 1.125],
							"pivot": [-0.30177, 1.57363, -0.34467],
							"rotation": [0, 0, 14],
							"uv": {
								"north": {"uv": [54, 4], "uv_size": [1, 1]},
								"east": {"uv": [6, 54], "uv_size": [1, 1]},
								"south": {"uv": [54, 6], "uv_size": [1, 1]},
								"west": {"uv": [8, 54], "uv_size": [1, 1]},
								"up": {"uv": [54, 8], "uv_size": [1, 1]},
								"down": {"uv": [54, 11], "uv_size": [1, -1]}
							}
						},
						{
							"origin": [0.17479, 1.22369, -1.28217],
							"size": [0.56979, 0.29026, 1.125],
							"pivot": [0.30177, 1.57363, -0.34467],
							"rotation": [0, 0, -14],
							"uv": {
								"north": {"uv": [12, 54], "uv_size": [1, 1]},
								"east": {"uv": [54, 15], "uv_size": [1, 1]},
								"south": {"uv": [17, 54], "uv_size": [1, 1]},
								"west": {"uv": [54, 17], "uv_size": [1, 1]},
								"up": {"uv": [22, 54], "uv_size": [1, 1]},
								"down": {"uv": [24, 55], "uv_size": [1, -1]}
							}
						},
						{
							"origin": [0.65665, -1.69383, -1.28217],
							"size": [0.31979, 0.47776, 1.125],
							"pivot": [0.53363, -1.53138, -0.34467],
							"rotation": [0, 0, -41],
							"uv": {
								"north": {"uv": [26, 54], "uv_size": [1, 1]},
								"east": {"uv": [28, 54], "uv_size": [1, 1]},
								"south": {"uv": [54, 28], "uv_size": [1, 1]},
								"west": {"uv": [54, 30], "uv_size": [1, 1]},
								"up": {"uv": [32, 54], "uv_size": [1, 1]},
								"down": {"uv": [54, 33], "uv_size": [1, -1]}
							}
						},
						{
							"origin": [0.23638, -1.56776, -1.28217],
							"size": [0.50729, 0.35276, 1.125],
							"pivot": [0.70688, -1.50983, -0.34467],
							"rotation": [0, 0, 10],
							"uv": {
								"north": {"uv": [34, 54], "uv_size": [1, 1]},
								"east": {"uv": [36, 54], "uv_size": [1, 1]},
								"south": {"uv": [40, 54], "uv_size": [1, 1]},
								"west": {"uv": [42, 54], "uv_size": [1, 1]},
								"up": {"uv": [44, 54], "uv_size": [1, 1]},
								"down": {"uv": [53, 55], "uv_size": [1, -1]}
							}
						},
						{
							"origin": [-0.74367, -1.56776, -1.28217],
							"size": [0.50729, 0.29026, 1.125],
							"pivot": [-0.70688, -1.50983, -0.34467],
							"rotation": [0, 0, -10],
							"uv": {
								"north": {"uv": [0, 55], "uv_size": [1, 1]},
								"east": {"uv": [55, 0], "uv_size": [1, 1]},
								"south": {"uv": [2, 55], "uv_size": [1, 1]},
								"west": {"uv": [4, 55], "uv_size": [1, 1]},
								"up": {"uv": [10, 55], "uv_size": [1, 1]},
								"down": {"uv": [55, 13], "uv_size": [1, -1]}
							}
						},
						{
							"origin": [-0.97644, -1.69383, -1.28217],
							"size": [0.31979, 0.47776, 1.125],
							"pivot": [-0.53363, -1.53138, -0.34467],
							"rotation": [0, 0, 41],
							"uv": {
								"north": {"uv": [14, 55], "uv_size": [1, 1]},
								"east": {"uv": [19, 55], "uv_size": [1, 1]},
								"south": {"uv": [55, 19], "uv_size": [1, 1]},
								"west": {"uv": [55, 21], "uv_size": [1, 1]},
								"up": {"uv": [55, 23], "uv_size": [1, 1]},
								"down": {"uv": [55, 26], "uv_size": [1, -1]}
							}
						},
						{
							"origin": [0.70353, 1.07477, -1.28217],
							"size": [0.31979, 0.29026, 1.125],
							"pivot": [1.14635, 1.42471, -0.34467],
							"rotation": [0, 0, 34],
							"uv": {
								"north": {"uv": [30, 55], "uv_size": [1, 1]},
								"east": {"uv": [55, 34], "uv_size": [1, 1]},
								"south": {"uv": [55, 36], "uv_size": [1, 1]},
								"west": {"uv": [38, 55], "uv_size": [1, 1]},
								"up": {"uv": [55, 38], "uv_size": [1, 1]},
								"down": {"uv": [55, 41], "uv_size": [1, -1]}
							}
						},
						{
							"origin": [0.96865, 0.52094, -1.28217],
							"size": [1.38229, 0.66526, 0.3125],
							"pivot": [1.41146, 1.24589, -0.34467],
							"rotation": [0, 0, 34],
							"uv": {
								"north": {"uv": [55, 42], "uv_size": [1, 1]},
								"east": {"uv": [55, 44], "uv_size": [1, 1]},
								"south": {"uv": [46, 55], "uv_size": [1, 1]},
								"west": {"uv": [55, 46], "uv_size": [1, 1]},
								"up": {"uv": [48, 55], "uv_size": [1, 1]},
								"down": {"uv": [55, 49], "uv_size": [1, -1]}
							}
						},
						{
							"origin": [2.09949, 0.58587, -1.28217],
							"size": [0.63229, 0.10276, 0.3125],
							"uv": {
								"north": {"uv": [50, 55], "uv_size": [1, 1]},
								"east": {"uv": [55, 50], "uv_size": [1, 1]},
								"south": {"uv": [55, 52], "uv_size": [1, 1]},
								"west": {"uv": [55, 54], "uv_size": [1, 1]},
								"up": {"uv": [56, 2], "uv_size": [1, 1]},
								"down": {"uv": [56, 5], "uv_size": [1, -1]}
							}
						},
						{
							"origin": [2.12037, -0.5905, -1.28217],
							"size": [0.63229, 0.10276, 0.3125],
							"uv": {
								"north": {"uv": [6, 56], "uv_size": [1, 1]},
								"east": {"uv": [56, 6], "uv_size": [1, 1]},
								"south": {"uv": [8, 56], "uv_size": [1, 1]},
								"west": {"uv": [56, 8], "uv_size": [1, 1]},
								"up": {"uv": [56, 10], "uv_size": [1, 1]},
								"down": {"uv": [12, 57], "uv_size": [1, -1]}
							}
						},
						{
							"origin": [2.12037, -0.5905, -0.46967],
							"size": [0.63229, 0.10276, 0.3125],
							"uv": {
								"north": {"uv": [56, 14], "uv_size": [1, 1]},
								"east": {"uv": [16, 56], "uv_size": [1, 1]},
								"south": {"uv": [56, 16], "uv_size": [1, 1]},
								"west": {"uv": [21, 56], "uv_size": [1, 1]},
								"up": {"uv": [23, 56], "uv_size": [1, 1]},
								"down": {"uv": [25, 57], "uv_size": [1, -1]}
							}
						},
						{
							"origin": [-2.82532, -0.51784, -1.28217],
							"size": [5.65064, 1.11293, 0.3125],
							"uv": {
								"north": {"uv": [7, 12], "uv_size": [6, 1]},
								"east": {"uv": [27, 56], "uv_size": [1, 1]},
								"south": {"uv": [12, 7], "uv_size": [6, 1]},
								"west": {"uv": [56, 27], "uv_size": [1, 1]},
								"up": {"uv": [12, 9], "uv_size": [6, 1]},
								"down": {"uv": [7, 15], "uv_size": [6, -1]}
							}
						},
						{
							"origin": [-2.82532, -0.51784, -0.46967],
							"size": [5.65064, 1.11293, 0.3125],
							"uv": {
								"north": {"uv": [14, 11], "uv_size": [6, 1]},
								"east": {"uv": [56, 29], "uv_size": [1, 1]},
								"south": {"uv": [14, 13], "uv_size": [6, 1]},
								"west": {"uv": [56, 31], "uv_size": [1, 1]},
								"up": {"uv": [15, 0], "uv_size": [6, 1]},
								"down": {"uv": [15, 3], "uv_size": [6, -1]}
							}
						},
						{
							"origin": [2.19016, -0.01784, -1.59467],
							"size": [0.51016, 0.11293, 1.6875],
							"uv": {
								"north": {"uv": [32, 56], "uv_size": [1, 1]},
								"east": {"uv": [41, 10], "uv_size": [2, 1]},
								"south": {"uv": [34, 56], "uv_size": [1, 1]},
								"west": {"uv": [41, 22], "uv_size": [2, 1]},
								"up": {"uv": [27, 41], "uv_size": [1, 2]},
								"down": {"uv": [34, 43], "uv_size": [1, -2]}
							}
						},
						{
							"origin": [2.73862, -0.42222, -1.59467],
							"size": [0.19766, 0.11293, 1.6875],
							"pivot": [3.30643, 0.17773, -0.65717],
							"rotation": [0, 0, 45],
							"uv": {
								"north": {"uv": [36, 56], "uv_size": [1, 1]},
								"east": {"uv": [41, 37], "uv_size": [2, 1]},
								"south": {"uv": [40, 56], "uv_size": [1, 1]},
								"west": {"uv": [3, 42], "uv_size": [2, 1]},
								"up": {"uv": [36, 41], "uv_size": [1, 2]},
								"down": {"uv": [10, 44], "uv_size": [1, -2]}
							}
						},
						{
							"origin": [2.44807, -0.59506, -1.59467],
							"size": [0.19766, 0.11293, 1.6875],
							"pivot": [3.01588, 0.00488, -0.65717],
							"rotation": [0, 0, 45],
							"uv": {
								"north": {"uv": [42, 56], "uv_size": [1, 1]},
								"east": {"uv": [12, 42], "uv_size": [2, 1]},
								"south": {"uv": [44, 56], "uv_size": [1, 1]},
								"west": {"uv": [42, 12], "uv_size": [2, 1]},
								"up": {"uv": [15, 42], "uv_size": [1, 2]},
								"down": {"uv": [42, 21], "uv_size": [1, -2]}
							}
						},
						{
							"origin": [2.32993, -0.15761, -1.59467],
							"size": [0.23062, 0.39247, 1.6875],
							"uv": {
								"north": {"uv": [52, 56], "uv_size": [1, 1]},
								"east": {"uv": [42, 14], "uv_size": [2, 1]},
								"south": {"uv": [54, 56], "uv_size": [1, 1]},
								"west": {"uv": [22, 42], "uv_size": [2, 1]},
								"up": {"uv": [42, 24], "uv_size": [1, 2]},
								"down": {"uv": [25, 44], "uv_size": [1, -2]}
							}
						},
						{
							"origin": [1.9542, -0.42222, -1.59467],
							"size": [0.19766, 0.11293, 1.6875],
							"pivot": [1.58405, 0.17773, -0.65717],
							"rotation": [0, 0, -45],
							"uv": {
								"north": {"uv": [56, 56], "uv_size": [1, 1]},
								"east": {"uv": [42, 31], "uv_size": [2, 1]},
								"south": {"uv": [0, 57], "uv_size": [1, 1]},
								"west": {"uv": [42, 39], "uv_size": [2, 1]},
								"up": {"uv": [42, 41], "uv_size": [1, 2]},
								"down": {"uv": [0, 45], "uv_size": [1, -2]}
							}
						},
						{
							"origin": [2.24474, -0.59506, -1.59467],
							"size": [0.19766, 0.11293, 1.6875],
							"pivot": [1.87459, 0.00488, -0.65717],
							"rotation": [0, 0, -45],
							"uv": {
								"north": {"uv": [57, 0], "uv_size": [1, 1]},
								"east": {"uv": [43, 2], "uv_size": [2, 1]},
								"south": {"uv": [2, 57], "uv_size": [1, 1]},
								"west": {"uv": [43, 4], "uv_size": [2, 1]},
								"up": {"uv": [6, 43], "uv_size": [1, 2]},
								"down": {"uv": [8, 45], "uv_size": [1, -2]}
							}
						},
						{
							"origin": [-2.70032, -0.01784, -1.59467],
							"size": [0.51016, 0.11293, 1.6875],
							"uv": {
								"north": {"uv": [4, 57], "uv_size": [1, 1]},
								"east": {"uv": [43, 6], "uv_size": [2, 1]},
								"south": {"uv": [10, 57], "uv_size": [1, 1]},
								"west": {"uv": [43, 16], "uv_size": [2, 1]},
								"up": {"uv": [19, 43], "uv_size": [1, 2]},
								"down": {"uv": [43, 29], "uv_size": [1, -2]}
							}
						},
						{
							"origin": [-2.15186, -0.42222, -1.59467],
							"size": [0.19766, 0.11293, 1.6875],
							"pivot": [-1.58405, 0.17773, -0.65717],
							"rotation": [0, 0, 45],
							"uv": {
								"north": {"uv": [57, 12], "uv_size": [1, 1]},
								"east": {"uv": [29, 43], "uv_size": [2, 1]},
								"south": {"uv": [14, 57], "uv_size": [1, 1]},
								"west": {"uv": [43, 33], "uv_size": [2, 1]},
								"up": {"uv": [32, 43], "uv_size": [1, 2]},
								"down": {"uv": [38, 45], "uv_size": [1, -2]}
							}
						},
						{
							"origin": [-2.93628, -0.42222, -1.59467],
							"size": [0.19766, 0.11293, 1.6875],
							"pivot": [-3.30643, 0.17773, -0.65717],
							"rotation": [0, 0, -45],
							"uv": {
								"north": {"uv": [18, 57], "uv_size": [1, 1]},
								"east": {"uv": [43, 35], "uv_size": [2, 1]},
								"south": {"uv": [57, 18], "uv_size": [1, 1]},
								"west": {"uv": [44, 0], "uv_size": [2, 1]},
								"up": {"uv": [40, 43], "uv_size": [1, 2]},
								"down": {"uv": [2, 46], "uv_size": [1, -2]}
							}
						},
						{
							"origin": [-2.56055, -0.15761, -1.59467],
							"size": [0.23062, 0.39247, 1.6875],
							"uv": {
								"north": {"uv": [57, 20], "uv_size": [1, 1]},
								"east": {"uv": [44, 8], "uv_size": [2, 1]},
								"south": {"uv": [57, 22], "uv_size": [1, 1]},
								"west": {"uv": [44, 10], "uv_size": [2, 1]},
								"up": {"uv": [4, 44], "uv_size": [1, 2]},
								"down": {"uv": [12, 46], "uv_size": [1, -2]}
							}
						},
						{
							"origin": [-2.64574, -0.59506, -1.59467],
							"size": [0.19766, 0.11293, 1.6875],
							"pivot": [-3.01588, 0.00488, -0.65717],
							"rotation": [0, 0, -45],
							"uv": {
								"north": {"uv": [57, 24], "uv_size": [1, 1]},
								"east": {"uv": [44, 18], "uv_size": [2, 1]},
								"south": {"uv": [29, 57], "uv_size": [1, 1]},
								"west": {"uv": [44, 20], "uv_size": [2, 1]},
								"up": {"uv": [17, 44], "uv_size": [1, 2]},
								"down": {"uv": [21, 46], "uv_size": [1, -2]}
							}
						},
						{
							"origin": [-2.4424, -0.59506, -1.59467],
							"size": [0.19766, 0.11293, 1.6875],
							"pivot": [-1.87459, 0.00488, -0.65717],
							"rotation": [0, 0, 45],
							"uv": {
								"north": {"uv": [57, 33], "uv_size": [1, 1]},
								"east": {"uv": [44, 22], "uv_size": [2, 1]},
								"south": {"uv": [57, 35], "uv_size": [1, 1]},
								"west": {"uv": [44, 24], "uv_size": [2, 1]},
								"up": {"uv": [23, 44], "uv_size": [1, 2]},
								"down": {"uv": [27, 46], "uv_size": [1, -2]}
							}
						},
						{
							"origin": [2.64428, 0.25527, -1.28217],
							"size": [0.13229, 0.10276, 0.3125],
							"pivot": [3.08709, 0.41772, -0.34467],
							"rotation": [0, 0, 45],
							"uv": {
								"north": {"uv": [57, 37], "uv_size": [1, 1]},
								"east": {"uv": [38, 57], "uv_size": [1, 1]},
								"south": {"uv": [57, 39], "uv_size": [1, 1]},
								"west": {"uv": [57, 41], "uv_size": [1, 1]},
								"up": {"uv": [57, 43], "uv_size": [1, 1]},
								"down": {"uv": [57, 46], "uv_size": [1, -1]}
							}
						},
						{
							"origin": [2.64428, -0.85765, -1.28217],
							"size": [0.13229, 0.10276, 0.3125],
							"pivot": [3.08709, -0.69521, -0.34467],
							"rotation": [0, 0, 45],
							"uv": {
								"north": {"uv": [46, 57], "uv_size": [1, 1]},
								"east": {"uv": [57, 47], "uv_size": [1, 1]},
								"south": {"uv": [48, 57], "uv_size": [1, 1]},
								"west": {"uv": [57, 49], "uv_size": [1, 1]},
								"up": {"uv": [50, 57], "uv_size": [1, 1]},
								"down": {"uv": [57, 52], "uv_size": [1, -1]}
							}
						},
						{
							"origin": [2.64428, -0.85765, -0.46967],
							"size": [0.13229, 0.10276, 0.3125],
							"pivot": [3.08709, -0.69521, 0.46783],
							"rotation": [0, 0, 45],
							"uv": {
								"north": {"uv": [57, 53], "uv_size": [1, 1]},
								"east": {"uv": [58, 2], "uv_size": [1, 1]},
								"south": {"uv": [58, 4], "uv_size": [1, 1]},
								"west": {"uv": [6, 58], "uv_size": [1, 1]},
								"up": {"uv": [58, 6], "uv_size": [1, 1]},
								"down": {"uv": [8, 59], "uv_size": [1, -1]}
							}
						},
						{
							"origin": [2.09949, 0.58587, -0.46967],
							"size": [0.63229, 0.10276, 0.3125],
							"uv": {
								"north": {"uv": [58, 8], "uv_size": [1, 1]},
								"east": {"uv": [58, 10], "uv_size": [1, 1]},
								"south": {"uv": [12, 58], "uv_size": [1, 1]},
								"west": {"uv": [58, 14], "uv_size": [1, 1]},
								"up": {"uv": [16, 58], "uv_size": [1, 1]},
								"down": {"uv": [58, 17], "uv_size": [1, -1]}
							}
						},
						{
							"origin": [2.64428, 0.25527, -0.46967],
							"size": [0.13229, 0.10276, 0.3125],
							"pivot": [3.08709, 0.41772, 0.46783],
							"rotation": [0, 0, 45],
							"uv": {
								"north": {"uv": [20, 58], "uv_size": [1, 1]},
								"east": {"uv": [22, 58], "uv_size": [1, 1]},
								"south": {"uv": [24, 58], "uv_size": [1, 1]},
								"west": {"uv": [26, 58], "uv_size": [1, 1]},
								"up": {"uv": [58, 26], "uv_size": [1, 1]},
								"down": {"uv": [58, 29], "uv_size": [1, -1]}
							}
						},
						{
							"origin": [0.96865, 0.52094, -0.46967],
							"size": [1.38229, 0.66526, 0.3125],
							"pivot": [1.41146, 1.24589, 0.46783],
							"rotation": [0, 0, 34],
							"uv": {
								"north": {"uv": [58, 30], "uv_size": [1, 1]},
								"east": {"uv": [31, 58], "uv_size": [1, 1]},
								"south": {"uv": [33, 58], "uv_size": [1, 1]},
								"west": {"uv": [35, 58], "uv_size": [1, 1]},
								"up": {"uv": [40, 58], "uv_size": [1, 1]},
								"down": {"uv": [42, 59], "uv_size": [1, -1]}
							}
						},
						{
							"origin": [-2.75266, -0.5905, -1.28217],
							"size": [0.63229, 0.10276, 0.3125],
							"uv": {
								"north": {"uv": [44, 58], "uv_size": [1, 1]},
								"east": {"uv": [52, 58], "uv_size": [1, 1]},
								"south": {"uv": [54, 58], "uv_size": [1, 1]},
								"west": {"uv": [58, 55], "uv_size": [1, 1]},
								"up": {"uv": [56, 58], "uv_size": [1, 1]},
								"down": {"uv": [58, 58], "uv_size": [1, -1]}
							}
						},
						{
							"origin": [-2.77657, -0.85765, -1.28217],
							"size": [0.13229, 0.10276, 0.3125],
							"pivot": [-3.08709, -0.69521, -0.34467],
							"rotation": [0, 0, -45],
							"uv": {
								"north": {"uv": [0, 59], "uv_size": [1, 1]},
								"east": {"uv": [59, 0], "uv_size": [1, 1]},
								"south": {"uv": [2, 59], "uv_size": [1, 1]},
								"west": {"uv": [4, 59], "uv_size": [1, 1]},
								"up": {"uv": [10, 59], "uv_size": [1, 1]},
								"down": {"uv": [59, 13], "uv_size": [1, -1]}
							}
						},
						{
							"origin": [-2.77657, 0.25527, -1.28217],
							"size": [0.13229, 0.10276, 0.3125],
							"pivot": [-3.08709, 0.41772, -0.34467],
							"rotation": [0, 0, -45],
							"uv": {
								"north": {"uv": [14, 59], "uv_size": [1, 1]},
								"east": {"uv": [18, 59], "uv_size": [1, 1]},
								"south": {"uv": [59, 18], "uv_size": [1, 1]},
								"west": {"uv": [59, 20], "uv_size": [1, 1]},
								"up": {"uv": [59, 22], "uv_size": [1, 1]},
								"down": {"uv": [59, 25], "uv_size": [1, -1]}
							}
						},
						{
							"origin": [-2.73178, 0.58587, -1.28217],
							"size": [0.63229, 0.10276, 0.3125],
							"uv": {
								"north": {"uv": [28, 59], "uv_size": [1, 1]},
								"east": {"uv": [59, 32], "uv_size": [1, 1]},
								"south": {"uv": [59, 34], "uv_size": [1, 1]},
								"west": {"uv": [59, 36], "uv_size": [1, 1]},
								"up": {"uv": [37, 59], "uv_size": [1, 1]},
								"down": {"uv": [59, 39], "uv_size": [1, -1]}
							}
						},
						{
							"origin": [-2.35094, 0.58344, -1.28217],
							"size": [1.38229, 0.60276, 0.3125],
							"pivot": [-1.41146, 1.24589, -0.34467],
							"rotation": [0, 0, -34],
							"uv": {
								"north": {"uv": [59, 40], "uv_size": [1, 1]},
								"east": {"uv": [59, 42], "uv_size": [1, 1]},
								"south": {"uv": [59, 44], "uv_size": [1, 1]},
								"west": {"uv": [46, 59], "uv_size": [1, 1]},
								"up": {"uv": [59, 46], "uv_size": [1, 1]},
								"down": {"uv": [48, 60], "uv_size": [1, -1]}
							}
						},
						{
							"origin": [-2.35094, 0.58344, -0.46967],
							"size": [1.38229, 0.60276, 0.3125],
							"pivot": [-1.41146, 1.24589, 0.46783],
							"rotation": [0, 0, -34],
							"uv": {
								"north": {"uv": [59, 48], "uv_size": [1, 1]},
								"east": {"uv": [50, 59], "uv_size": [1, 1]},
								"south": {"uv": [59, 50], "uv_size": [1, 1]},
								"west": {"uv": [59, 52], "uv_size": [1, 1]},
								"up": {"uv": [58, 59], "uv_size": [1, 1]},
								"down": {"uv": [60, 3], "uv_size": [1, -1]}
							}
						},
						{
							"origin": [0.59794, -0.86589, -0.46967],
							"size": [1.56979, 0.79026, 0.3125],
							"pivot": [1.66242, -0.70345, 0.46783],
							"rotation": [0, 0, -34],
							"uv": {
								"north": {"uv": [34, 44], "uv_size": [2, 1]},
								"east": {"uv": [60, 4], "uv_size": [1, 1]},
								"south": {"uv": [44, 37], "uv_size": [2, 1]},
								"west": {"uv": [6, 60], "uv_size": [1, 1]},
								"up": {"uv": [44, 41], "uv_size": [2, 1]},
								"down": {"uv": [42, 45], "uv_size": [2, -1]}
							}
						},
						{
							"origin": [0.72294, -0.86589, -1.28217],
							"size": [1.44479, 1.04026, 0.3125],
							"pivot": [1.66242, -0.70345, -0.34467],
							"rotation": [0, 0, -34],
							"uv": {
								"north": {"uv": [60, 6], "uv_size": [1, 1]},
								"east": {"uv": [8, 60], "uv_size": [1, 1]},
								"south": {"uv": [60, 8], "uv_size": [1, 1]},
								"west": {"uv": [60, 10], "uv_size": [1, 1]},
								"up": {"uv": [12, 60], "uv_size": [1, 1]},
								"down": {"uv": [60, 15], "uv_size": [1, -1]}
							}
						},
						{
							"origin": [-2.16773, -0.86589, -1.28217],
							"size": [1.44479, 0.60276, 0.3125],
							"pivot": [-1.66242, -0.70345, -0.34467],
							"rotation": [0, 0, 34],
							"uv": {
								"north": {"uv": [16, 60], "uv_size": [1, 1]},
								"east": {"uv": [60, 16], "uv_size": [1, 1]},
								"south": {"uv": [20, 60], "uv_size": [1, 1]},
								"west": {"uv": [22, 60], "uv_size": [1, 1]},
								"up": {"uv": [24, 60], "uv_size": [1, 1]},
								"down": {"uv": [26, 61], "uv_size": [1, -1]}
							}
						},
						{
							"origin": [-2.16773, -0.86589, -0.46967],
							"size": [1.63229, 0.60276, 0.3125],
							"pivot": [-1.66242, -0.70345, 0.46783],
							"rotation": [0, 0, 34],
							"uv": {
								"north": {"uv": [45, 12], "uv_size": [2, 1]},
								"east": {"uv": [60, 26], "uv_size": [1, 1]},
								"south": {"uv": [14, 45], "uv_size": [2, 1]},
								"west": {"uv": [60, 28], "uv_size": [1, 1]},
								"up": {"uv": [45, 14], "uv_size": [2, 1]},
								"down": {"uv": [45, 27], "uv_size": [2, -1]}
							}
						},
						{
							"origin": [-2.73178, 0.58587, -0.46967],
							"size": [0.63229, 0.10276, 0.3125],
							"uv": {
								"north": {"uv": [30, 60], "uv_size": [1, 1]},
								"east": {"uv": [60, 30], "uv_size": [1, 1]},
								"south": {"uv": [32, 60], "uv_size": [1, 1]},
								"west": {"uv": [34, 60], "uv_size": [1, 1]},
								"up": {"uv": [39, 60], "uv_size": [1, 1]},
								"down": {"uv": [41, 61], "uv_size": [1, -1]}
							}
						},
						{
							"origin": [-2.77657, 0.25527, -0.46967],
							"size": [0.13229, 0.10276, 0.3125],
							"pivot": [-3.08709, 0.41772, 0.46783],
							"rotation": [0, 0, -45],
							"uv": {
								"north": {"uv": [43, 60], "uv_size": [1, 1]},
								"east": {"uv": [52, 60], "uv_size": [1, 1]},
								"south": {"uv": [54, 60], "uv_size": [1, 1]},
								"west": {"uv": [60, 54], "uv_size": [1, 1]},
								"up": {"uv": [56, 60], "uv_size": [1, 1]},
								"down": {"uv": [60, 57], "uv_size": [1, -1]}
							}
						},
						{
							"origin": [-2.77657, -0.85765, -0.46967],
							"size": [0.13229, 0.10276, 0.3125],
							"pivot": [-3.08709, -0.69521, 0.46783],
							"rotation": [0, 0, -45],
							"uv": {
								"north": {"uv": [60, 58], "uv_size": [1, 1]},
								"east": {"uv": [60, 60], "uv_size": [1, 1]},
								"south": {"uv": [0, 61], "uv_size": [1, 1]},
								"west": {"uv": [61, 0], "uv_size": [1, 1]},
								"up": {"uv": [2, 61], "uv_size": [1, 1]},
								"down": {"uv": [4, 62], "uv_size": [1, -1]}
							}
						},
						{
							"origin": [-2.75266, -0.5905, -0.46967],
							"size": [0.63229, 0.10276, 0.3125],
							"uv": {
								"north": {"uv": [10, 61], "uv_size": [1, 1]},
								"east": {"uv": [61, 12], "uv_size": [1, 1]},
								"south": {"uv": [14, 61], "uv_size": [1, 1]},
								"west": {"uv": [18, 61], "uv_size": [1, 1]},
								"up": {"uv": [61, 18], "uv_size": [1, 1]},
								"down": {"uv": [61, 21], "uv_size": [1, -1]}
							}
						},
						{
							"origin": [-1.02332, 1.26227, -1.28217],
							"size": [0.31979, 0.10276, 1.125],
							"pivot": [-1.14635, 1.42471, -0.34467],
							"rotation": [0, 0, -34],
							"uv": {
								"north": {"uv": [61, 22], "uv_size": [1, 1]},
								"east": {"uv": [61, 24], "uv_size": [1, 1]},
								"south": {"uv": [28, 61], "uv_size": [1, 1]},
								"west": {"uv": [61, 32], "uv_size": [1, 1]},
								"up": {"uv": [61, 34], "uv_size": [1, 1]},
								"down": {"uv": [36, 62], "uv_size": [1, -1]}
							}
						},
						{
							"origin": [-0.62864, -1.29014, -1.71967],
							"size": [1.25729, 0.47776, 2.4375],
							"uv": {
								"north": {"uv": [61, 36], "uv_size": [1, 1]},
								"east": {"uv": [45, 28], "uv_size": [2, 1]},
								"south": {"uv": [61, 38], "uv_size": [1, 1]},
								"west": {"uv": [29, 45], "uv_size": [2, 1]},
								"up": {"uv": [10, 45], "uv_size": [1, 2]},
								"down": {"uv": [25, 47], "uv_size": [1, -2]}
							}
						},
						{
							"origin": [-2.00111, -0.32842, -10.78217],
							"size": [0.43566, 0.75, 2.1875],
							"uv": {
								"north": {"uv": [61, 40], "uv_size": [1, 1]},
								"east": {"uv": [45, 30], "uv_size": [2, 1]},
								"south": {"uv": [61, 42], "uv_size": [1, 1]},
								"west": {"uv": [45, 39], "uv_size": [2, 1]},
								"up": {"uv": [45, 43], "uv_size": [1, 2]},
								"down": {"uv": [0, 48], "uv_size": [1, -2]}
							}
						},
						{
							"origin": [-2.06769, -0.59301, -10.78217],
							"size": [0.31066, 0.375, 2.1875],
							"pivot": [-1.75703, -0.53051, -10.21967],
							"rotation": [0, 0, 51],
							"uv": {
								"north": {"uv": [61, 44], "uv_size": [1, 1]},
								"east": {"uv": [46, 2], "uv_size": [2, 1]},
								"south": {"uv": [45, 61], "uv_size": [1, 1]},
								"west": {"uv": [46, 4], "uv_size": [2, 1]},
								"up": {"uv": [6, 46], "uv_size": [1, 2]},
								"down": {"uv": [8, 48], "uv_size": [1, -2]}
							}
						},
						{
							"origin": [1.64187, 0.06975, -10.78217],
							"size": [0.31066, 0.375, 2.1875],
							"pivot": [1.95253, 0.38225, -10.21967],
							"rotation": [0, 0, 51],
							"uv": {
								"north": {"uv": [61, 46], "uv_size": [1, 1]},
								"east": {"uv": [46, 6], "uv_size": [2, 1]},
								"south": {"uv": [47, 61], "uv_size": [1, 1]},
								"west": {"uv": [46, 16], "uv_size": [2, 1]},
								"up": {"uv": [19, 46], "uv_size": [1, 2]},
								"down": {"uv": [32, 48], "uv_size": [1, -2]}
							}
						},
						{
							"origin": [1.79867, 0.22357, -8.78217],
							"size": [0.31066, 0.3125, 2.3125],
							"pivot": [2.10933, 0.47357, -8.21967],
							"rotation": [0, 0, 51],
							"uv": {
								"north": {"uv": [61, 48], "uv_size": [1, 1]},
								"east": {"uv": [46, 32], "uv_size": [2, 1]},
								"south": {"uv": [49, 61], "uv_size": [1, 1]},
								"west": {"uv": [34, 46], "uv_size": [2, 1]},
								"up": {"uv": [46, 34], "uv_size": [1, 2]},
								"down": {"uv": [37, 48], "uv_size": [1, -2]}
							}
						},
						{
							"origin": [1.68067, 0.32786, -6.53217],
							"size": [0.31066, 0.125, 4.8125],
							"pivot": [1.99133, 0.39036, -4.46967],
							"rotation": [0, 0, 51],
							"uv": {
								"north": {"uv": [61, 50], "uv_size": [1, 1]},
								"east": {"uv": [21, 12], "uv_size": [5, 1]},
								"south": {"uv": [61, 52], "uv_size": [1, 1]},
								"west": {"uv": [22, 0], "uv_size": [5, 1]},
								"up": {"uv": [6, 22], "uv_size": [1, 5]},
								"down": {"uv": [8, 27], "uv_size": [1, -5]}
							}
						},
						{
							"origin": [-1.82302, 0.54989, -6.59467],
							"size": [1.74816, 0.125, 4.875],
							"pivot": [-1.82302, 0.61239, -4.46967],
							"rotation": [0, 0, -20],
							"uv": {
								"north": {"uv": [39, 46], "uv_size": [2, 1]},
								"east": {"uv": [22, 2], "uv_size": [5, 1]},
								"south": {"uv": [42, 46], "uv_size": [2, 1]},
								"west": {"uv": [22, 4], "uv_size": [5, 1]},
								"up": {"uv": [3, 6], "uv_size": [2, 5]},
								"down": {"uv": [6, 11], "uv_size": [2, -5]}
							}
						},
						{
							"origin": [-1.99133, 0.32786, -6.59467],
							"size": [0.31066, 0.125, 4.875],
							"pivot": [-1.99133, 0.39036, -4.46967],
							"rotation": [0, 0, -51],
							"uv": {
								"north": {"uv": [62, 4], "uv_size": [1, 1]},
								"east": {"uv": [22, 21], "uv_size": [5, 1]},
								"south": {"uv": [6, 62], "uv_size": [1, 1]},
								"west": {"uv": [10, 23], "uv_size": [5, 1]},
								"up": {"uv": [16, 23], "uv_size": [1, 5]},
								"down": {"uv": [22, 28], "uv_size": [1, -5]}
							}
						},
						{
							"origin": [-2.0399, -0.38281, -6.59467],
							"size": [0.12316, 0.8125, 4.875],
							"uv": {
								"north": {"uv": [62, 26], "uv_size": [1, 1]},
								"east": {"uv": [0, 24], "uv_size": [5, 1]},
								"south": {"uv": [62, 28], "uv_size": [1, 1]},
								"west": {"uv": [24, 17], "uv_size": [5, 1]},
								"up": {"uv": [24, 23], "uv_size": [1, 5]},
								"down": {"uv": [10, 30], "uv_size": [1, -5]}
							}
						},
						{
							"origin": [-2.00711, -1.12877, -6.65717],
							"size": [1.74816, 0.125, 4.9375],
							"pivot": [-0.25895, -1.06627, -4.46967],
							"rotation": [0, 0, 20],
							"uv": {
								"north": {"uv": [47, 10], "uv_size": [2, 1]},
								"east": {"uv": [24, 19], "uv_size": [5, 1]},
								"south": {"uv": [12, 47], "uv_size": [2, 1]},
								"west": {"uv": [25, 6], "uv_size": [5, 1]},
								"up": {"uv": [9, 0], "uv_size": [2, 5]},
								"down": {"uv": [9, 11], "uv_size": [2, -5]}
							}
						},
						{
							"origin": [0.93029, -1.22591, -5.78217],
							"size": [0.62316, 0.125, 0.25],
							"pivot": [0.24279, -1.16341, -8.28217],
							"rotation": [0, 0, -20],
							"uv": {
								"north": {"uv": [42, 64], "uv_size": [1, 1]},
								"east": {"uv": [50, 64], "uv_size": [1, 1]},
								"south": {"uv": [52, 64], "uv_size": [1, 1]},
								"west": {"uv": [54, 64], "uv_size": [1, 1]},
								"up": {"uv": [64, 54], "uv_size": [1, 1]},
								"down": {"uv": [64, 57], "uv_size": [1, -1]}
							}
						},
						{
							"origin": [0.27148, 0.58416, -4.93252],
							"size": [0.62316, 0.125, 0.25],
							"pivot": [-0.41602, 0.64666, -7.43252],
							"rotation": [-45, 0, -20],
							"uv": {
								"north": {"uv": [14, 65], "uv_size": [1, 1]},
								"east": {"uv": [18, 65], "uv_size": [1, 1]},
								"south": {"uv": [65, 18], "uv_size": [1, 1]},
								"west": {"uv": [65, 20], "uv_size": [1, 1]},
								"up": {"uv": [65, 22], "uv_size": [1, 1]},
								"down": {"uv": [65, 25], "uv_size": [1, -1]}
							}
						},
						{
							"origin": [-2.06015, -0.55026, -6.65717],
							"size": [0.18566, 0.125, 4.9375],
							"pivot": [-1.87449, -0.48776, -4.46967],
							"rotation": [0, 0, 51],
							"uv": {
								"north": {"uv": [67, 46], "uv_size": [1, 1]},
								"east": {"uv": [25, 8], "uv_size": [5, 1]},
								"south": {"uv": [48, 67], "uv_size": [1, 1]},
								"west": {"uv": [0, 26], "uv_size": [5, 1]},
								"up": {"uv": [12, 25], "uv_size": [1, 5]},
								"down": {"uv": [14, 30], "uv_size": [1, -5]}
							}
						},
						{
							"origin": [-1.94102, 0.4456, -8.78217],
							"size": [1.74816, 0.3125, 2.3125],
							"pivot": [-1.94102, 0.6956, -8.21967],
							"rotation": [0, 0, -20],
							"uv": {
								"north": {"uv": [6, 49], "uv_size": [2, 1]},
								"east": {"uv": [49, 6], "uv_size": [2, 1]},
								"south": {"uv": [9, 49], "uv_size": [2, 1]},
								"west": {"uv": [12, 49], "uv_size": [2, 1]},
								"up": {"uv": [29, 13], "uv_size": [2, 2]},
								"down": {"uv": [21, 31], "uv_size": [2, -2]}
							}
						},
						{
							"origin": [-2.10933, 0.22357, -8.78217],
							"size": [0.31066, 0.3125, 2.3125],
							"pivot": [-2.10933, 0.47357, -8.21967],
							"rotation": [0, 0, -51],
							"uv": {
								"north": {"uv": [67, 48], "uv_size": [1, 1]},
								"east": {"uv": [15, 49], "uv_size": [2, 1]},
								"south": {"uv": [67, 50], "uv_size": [1, 1]},
								"west": {"uv": [49, 16], "uv_size": [2, 1]},
								"up": {"uv": [30, 47], "uv_size": [1, 2]},
								"down": {"uv": [18, 51], "uv_size": [1, -2]}
							}
						},
						{
							"origin": [-2.1579, -0.42459, -8.78217],
							"size": [0.37316, 0.9375, 2.3125],
							"uv": {
								"north": {"uv": [67, 52], "uv_size": [1, 1]},
								"east": {"uv": [20, 49], "uv_size": [2, 1]},
								"south": {"uv": [56, 67], "uv_size": [1, 1]},
								"west": {"uv": [27, 49], "uv_size": [2, 1]},
								"up": {"uv": [32, 49], "uv_size": [1, 2]},
								"down": {"uv": [37, 51], "uv_size": [1, -2]}
							}
						},
						{
							"origin": [-2.24765, -0.73776, -8.78217],
							"size": [0.37316, 0.25, 2.3125],
							"pivot": [-1.87449, -0.67526, -8.21967],
							"rotation": [0, 0, 51],
							"uv": {
								"north": {"uv": [67, 64], "uv_size": [1, 1]},
								"east": {"uv": [49, 32], "uv_size": [2, 1]},
								"south": {"uv": [68, 2], "uv_size": [1, 1]},
								"west": {"uv": [48, 49], "uv_size": [2, 1]},
								"up": {"uv": [50, 8], "uv_size": [1, 2]},
								"down": {"uv": [50, 20], "uv_size": [1, -2]}
							}
						},
						{
							"origin": [-2.00711, -1.31627, -8.78217],
							"size": [1.74816, 0.3125, 2.3125],
							"pivot": [-0.25895, -1.25377, -8.21967],
							"rotation": [0, 0, 20],
							"uv": {
								"north": {"uv": [50, 0], "uv_size": [2, 1]},
								"east": {"uv": [50, 21], "uv_size": [2, 1]},
								"south": {"uv": [23, 50], "uv_size": [2, 1]},
								"west": {"uv": [50, 23], "uv_size": [2, 1]},
								"up": {"uv": [29, 21], "uv_size": [2, 2]},
								"down": {"uv": [24, 31], "uv_size": [2, -2]}
							}
						},
						{
							"origin": [-1.95253, 0.13225, -10.78217],
							"size": [0.31066, 0.3125, 2.1875],
							"pivot": [-1.95253, 0.38225, -10.21967],
							"rotation": [0, 0, -51],
							"uv": {
								"north": {"uv": [68, 4], "uv_size": [1, 1]},
								"east": {"uv": [34, 50], "uv_size": [2, 1]},
								"south": {"uv": [6, 68], "uv_size": [1, 1]},
								"west": {"uv": [50, 36], "uv_size": [2, 1]},
								"up": {"uv": [30, 50], "uv_size": [1, 2]},
								"down": {"uv": [39, 52], "uv_size": [1, -2]}
							}
						},
						{
							"origin": [-1.78423, -0.08322, -10.78217],
							"size": [1.62316, 0.75, 2.125],
							"pivot": [-1.78423, 0.60428, -10.21967],
							"rotation": [0, 0, -20],
							"uv": {
								"north": {"uv": [41, 50], "uv_size": [2, 1]},
								"east": {"uv": [50, 41], "uv_size": [2, 1]},
								"south": {"uv": [50, 43], "uv_size": [2, 1]},
								"west": {"uv": [44, 50], "uv_size": [2, 1]},
								"up": {"uv": [29, 24], "uv_size": [2, 2]},
								"down": {"uv": [27, 31], "uv_size": [2, -2]}
							}
						},
						{
							"origin": [-1.59283, -0.375, -12.03217],
							"size": [3.18566, 0.875, 0.25],
							"uv": {
								"north": {"uv": [31, 2], "uv_size": [3, 1]},
								"east": {"uv": [68, 6], "uv_size": [1, 1]},
								"south": {"uv": [4, 31], "uv_size": [3, 1]},
								"west": {"uv": [8, 68], "uv_size": [1, 1]},
								"up": {"uv": [31, 4], "uv_size": [3, 1]},
								"down": {"uv": [31, 7], "uv_size": [3, -1]}
							}
						},
						{
							"origin": [-1.59283, -0.375, -10.96967],
							"size": [3.18566, 0.875, 0.125],
							"uv": {
								"north": {"uv": [8, 31], "uv_size": [3, 1]},
								"east": {"uv": [68, 8], "uv_size": [1, 1]},
								"south": {"uv": [31, 8], "uv_size": [3, 1]},
								"west": {"uv": [68, 10], "uv_size": [1, 1]},
								"up": {"uv": [12, 31], "uv_size": [3, 1]},
								"down": {"uv": [30, 32], "uv_size": [3, -1]}
							}
						},
						{
							"origin": [-1.59283, 0.46339, -11.05806],
							"size": [3.18566, 0.125, 0.25],
							"pivot": [0.53033, 0.58839, -11.05806],
							"rotation": [-45, 0, 0],
							"uv": {
								"north": {"uv": [32, 12], "uv_size": [3, 1]},
								"east": {"uv": [12, 68], "uv_size": [1, 1]},
								"south": {"uv": [32, 14], "uv_size": [3, 1]},
								"west": {"uv": [68, 14], "uv_size": [1, 1]},
								"up": {"uv": [16, 32], "uv_size": [3, 1]},
								"down": {"uv": [20, 33], "uv_size": [3, -1]}
							}
						},
						{
							"origin": [-1.59283, -0.34911, -11.80806],
							"size": [3.18566, 0.125, 0.25],
							"pivot": [0.53033, -0.22411, -11.80806],
							"rotation": [-45, 0, 0],
							"uv": {
								"north": {"uv": [32, 20], "uv_size": [3, 1]},
								"east": {"uv": [16, 68], "uv_size": [1, 1]},
								"south": {"uv": [32, 22], "uv_size": [3, 1]},
								"west": {"uv": [68, 16], "uv_size": [1, 1]},
								"up": {"uv": [24, 32], "uv_size": [3, 1]},
								"down": {"uv": [32, 25], "uv_size": [3, -1]}
							}
						},
						{
							"origin": [-1.59283, 0.28661, -11.87056],
							"size": [3.18566, 0.125, 0.25],
							"pivot": [0.53033, 0.41161, -11.87056],
							"rotation": [45, 0, 0],
							"uv": {
								"north": {"uv": [0, 33], "uv_size": [3, 1]},
								"east": {"uv": [20, 68], "uv_size": [1, 1]},
								"south": {"uv": [4, 33], "uv_size": [3, 1]},
								"west": {"uv": [22, 68], "uv_size": [1, 1]},
								"up": {"uv": [8, 33], "uv_size": [3, 1]},
								"down": {"uv": [12, 34], "uv_size": [3, -1]}
							}
						},
						{
							"origin": [-1.59283, -0.52589, -11.12056],
							"size": [3.18566, 0.125, 0.25],
							"pivot": [0.53033, -0.40089, -11.12056],
							"rotation": [45, 0, 0],
							"uv": {
								"north": {"uv": [33, 26], "uv_size": [3, 1]},
								"east": {"uv": [24, 68], "uv_size": [1, 1]},
								"south": {"uv": [28, 33], "uv_size": [3, 1]},
								"west": {"uv": [26, 68], "uv_size": [1, 1]},
								"up": {"uv": [32, 33], "uv_size": [3, 1]},
								"down": {"uv": [34, 11], "uv_size": [3, -1]}
							}
						},
						{
							"origin": [0.74372, -0.6875, -11.892],
							"size": [0.75, 0.3125, 1.5625],
							"pivot": [1.74372, -0.5625, -11.767],
							"rotation": [0, -45, 0],
							"uv": {
								"north": {"uv": [68, 26], "uv_size": [1, 1]},
								"east": {"uv": [0, 51], "uv_size": [2, 1]},
								"south": {"uv": [68, 28], "uv_size": [1, 1]},
								"west": {"uv": [3, 51], "uv_size": [2, 1]},
								"up": {"uv": [6, 51], "uv_size": [1, 2]},
								"down": {"uv": [8, 53], "uv_size": [1, -2]}
							}
						},
						{
							"origin": [0.74372, 0.5, -11.892],
							"size": [0.75, 0.1875, 1.5625],
							"pivot": [1.74372, 0.5, -11.767],
							"rotation": [0, -45, 0],
							"uv": {
								"north": {"uv": [30, 68], "uv_size": [1, 1]},
								"east": {"uv": [10, 51], "uv_size": [2, 1]},
								"south": {"uv": [68, 30], "uv_size": [1, 1]},
								"west": {"uv": [51, 11], "uv_size": [2, 1]},
								"up": {"uv": [13, 51], "uv_size": [1, 2]},
								"down": {"uv": [51, 15], "uv_size": [1, -2]}
							}
						},
						{
							"origin": [-1.49372, -0.6875, -11.892],
							"size": [0.75, 0.3125, 1.5625],
							"pivot": [-1.74372, -0.5625, -11.767],
							"rotation": [0, 45, 0],
							"uv": {
								"north": {"uv": [32, 68], "uv_size": [1, 1]},
								"east": {"uv": [15, 51], "uv_size": [2, 1]},
								"south": {"uv": [34, 68], "uv_size": [1, 1]},
								"west": {"uv": [20, 51], "uv_size": [2, 1]},
								"up": {"uv": [51, 25], "uv_size": [1, 2]},
								"down": {"uv": [26, 53], "uv_size": [1, -2]}
							}
						},
						{
							"origin": [-1.49372, 0.5, -11.892],
							"size": [0.75, 0.1875, 1.5625],
							"pivot": [-1.74372, 0.5, -11.767],
							"rotation": [0, 45, 0],
							"uv": {
								"north": {"uv": [38, 68], "uv_size": [1, 1]},
								"east": {"uv": [51, 28], "uv_size": [2, 1]},
								"south": {"uv": [40, 68], "uv_size": [1, 1]},
								"west": {"uv": [51, 30], "uv_size": [2, 1]},
								"up": {"uv": [28, 51], "uv_size": [1, 2]},
								"down": {"uv": [51, 40], "uv_size": [1, -2]}
							}
						},
						{
							"origin": [-1.65533, 0.5, -12.03217],
							"size": [3.31066, 0.1875, 1.1875],
							"uv": {
								"north": {"uv": [16, 34], "uv_size": [3, 1]},
								"east": {"uv": [42, 68], "uv_size": [1, 1]},
								"south": {"uv": [34, 16], "uv_size": [3, 1]},
								"west": {"uv": [50, 68], "uv_size": [1, 1]},
								"up": {"uv": [34, 18], "uv_size": [3, 1]},
								"down": {"uv": [20, 35], "uv_size": [3, -1]}
							}
						}
					]
				},
				{
					"name": "bone1_illuminated",
					"parent": "Sli",
					"pivot": [-2.1038, 0.43082, -8.53217],
					"cubes": [
						{
							"origin": [0.24279, -1.22591, -6.34467],
							"size": [1.74816, 0.125, 0.5625],
							"pivot": [0.24279, -1.16341, -8.53217],
							"rotation": [0, 0, -20],
							"uv": {
								"north": {"uv": [24, 48], "uv_size": [2, 1]},
								"east": {"uv": [66, 28], "uv_size": [1, 1]},
								"south": {"uv": [48, 26], "uv_size": [2, 1]},
								"west": {"uv": [30, 66], "uv_size": [1, 1]},
								"up": {"uv": [48, 28], "uv_size": [2, 1]},
								"down": {"uv": [48, 31], "uv_size": [2, -1]}
							}
						},
						{
							"origin": [2.04174, -0.38281, -6.34467],
							"size": [0.06066, 0.8125, 0.5625],
							"uv": {
								"north": {"uv": [50, 66], "uv_size": [1, 1]},
								"east": {"uv": [52, 66], "uv_size": [1, 1]},
								"south": {"uv": [54, 66], "uv_size": [1, 1]},
								"west": {"uv": [66, 54], "uv_size": [1, 1]},
								"up": {"uv": [66, 56], "uv_size": [1, 1]},
								"down": {"uv": [58, 67], "uv_size": [1, -1]}
							}
						},
						{
							"origin": [1.74317, -0.40598, -6.34467],
							"size": [0.31066, 0.0607, 0.5625],
							"pivot": [2.05383, -0.34348, -8.53217],
							"rotation": [0, 0, -51],
							"uv": {
								"north": {"uv": [66, 30], "uv_size": [1, 1]},
								"east": {"uv": [32, 66], "uv_size": [1, 1]},
								"south": {"uv": [34, 66], "uv_size": [1, 1]},
								"west": {"uv": [38, 66], "uv_size": [1, 1]},
								"up": {"uv": [40, 66], "uv_size": [1, 1]},
								"down": {"uv": [42, 67], "uv_size": [1, -1]}
							}
						},
						{
							"origin": [2.04174, -0.13281, -5.78217],
							"size": [0.06066, 0.3125, 0.25],
							"uv": {
								"north": {"uv": [63, 18], "uv_size": [1, 1]},
								"east": {"uv": [63, 20], "uv_size": [1, 1]},
								"south": {"uv": [63, 22], "uv_size": [1, 1]},
								"west": {"uv": [63, 24], "uv_size": [1, 1]},
								"up": {"uv": [28, 63], "uv_size": [1, 1]},
								"down": {"uv": [63, 33], "uv_size": [1, -1]}
							}
						},
						{
							"origin": [0.16988, -0.13281, -4.80124],
							"size": [0.06066, 0.3125, 0.25],
							"pivot": [-0.01762, -0.32031, -7.30124],
							"rotation": [0, 45, 0],
							"uv": {
								"north": {"uv": [44, 63], "uv_size": [1, 1]},
								"east": {"uv": [63, 44], "uv_size": [1, 1]},
								"south": {"uv": [46, 63], "uv_size": [1, 1]},
								"west": {"uv": [63, 46], "uv_size": [1, 1]},
								"up": {"uv": [48, 63], "uv_size": [1, 1]},
								"down": {"uv": [63, 49], "uv_size": [1, -1]}
							}
						},
						{
							"origin": [1.79314, 0.36832, -6.34467],
							"size": [0.31066, 0.0607, 0.5625],
							"pivot": [2.1038, 0.43082, -8.53217],
							"rotation": [0, 0, 51],
							"uv": {
								"north": {"uv": [66, 58], "uv_size": [1, 1]},
								"east": {"uv": [60, 66], "uv_size": [1, 1]},
								"south": {"uv": [66, 60], "uv_size": [1, 1]},
								"west": {"uv": [62, 66], "uv_size": [1, 1]},
								"up": {"uv": [66, 62], "uv_size": [1, 1]},
								"down": {"uv": [64, 67], "uv_size": [1, -1]}
							}
						},
						{
							"origin": [0.13736, 0.54989, -6.34467],
							"size": [1.74816, 0.125, 0.5625],
							"pivot": [1.88552, 0.61239, -8.53217],
							"rotation": [0, 0, 20],
							"uv": {
								"north": {"uv": [0, 49], "uv_size": [2, 1]},
								"east": {"uv": [67, 44], "uv_size": [1, 1]},
								"south": {"uv": [49, 2], "uv_size": [2, 1]},
								"west": {"uv": [46, 67], "uv_size": [1, 1]},
								"up": {"uv": [3, 49], "uv_size": [2, 1]},
								"down": {"uv": [49, 5], "uv_size": [2, -1]}
							}
						},
						{
							"origin": [0.13736, 0.54989, -2.28217],
							"size": [1.74816, 0.125, 0.5625],
							"pivot": [1.88552, 0.61239, -4.46967],
							"rotation": [0, 0, 20],
							"uv": {
								"north": {"uv": [47, 41], "uv_size": [2, 1]},
								"east": {"uv": [26, 66], "uv_size": [1, 1]},
								"south": {"uv": [47, 43], "uv_size": [2, 1]},
								"west": {"uv": [66, 26], "uv_size": [1, 1]},
								"up": {"uv": [48, 12], "uv_size": [2, 1]},
								"down": {"uv": [48, 15], "uv_size": [2, -1]}
							}
						},
						{
							"origin": [1.79314, 0.36832, -2.28217],
							"size": [0.31066, 0.0607, 0.5625],
							"pivot": [2.1038, 0.43082, -4.46967],
							"rotation": [0, 0, 51],
							"uv": {
								"north": {"uv": [66, 14], "uv_size": [1, 1]},
								"east": {"uv": [16, 66], "uv_size": [1, 1]},
								"south": {"uv": [66, 16], "uv_size": [1, 1]},
								"west": {"uv": [20, 66], "uv_size": [1, 1]},
								"up": {"uv": [22, 66], "uv_size": [1, 1]},
								"down": {"uv": [24, 67], "uv_size": [1, -1]}
							}
						},
						{
							"origin": [2.04174, -0.38281, -2.28217],
							"size": [0.06066, 0.8125, 0.5625],
							"uv": {
								"north": {"uv": [6, 66], "uv_size": [1, 1]},
								"east": {"uv": [66, 6], "uv_size": [1, 1]},
								"south": {"uv": [8, 66], "uv_size": [1, 1]},
								"west": {"uv": [66, 8], "uv_size": [1, 1]},
								"up": {"uv": [66, 10], "uv_size": [1, 1]},
								"down": {"uv": [12, 67], "uv_size": [1, -1]}
							}
						},
						{
							"origin": [2.04174, -0.13281, -2.53217],
							"size": [0.06066, 0.3125, 0.25],
							"uv": {
								"north": {"uv": [2, 63], "uv_size": [1, 1]},
								"east": {"uv": [4, 63], "uv_size": [1, 1]},
								"south": {"uv": [10, 63], "uv_size": [1, 1]},
								"west": {"uv": [63, 12], "uv_size": [1, 1]},
								"up": {"uv": [14, 63], "uv_size": [1, 1]},
								"down": {"uv": [18, 64], "uv_size": [1, -1]}
							}
						},
						{
							"origin": [0.16988, -0.13281, -1.80124],
							"size": [0.06066, 0.3125, 0.25],
							"pivot": [-0.01762, -0.32031, -4.30124],
							"rotation": [0, 45, 0],
							"uv": {
								"north": {"uv": [63, 34], "uv_size": [1, 1]},
								"east": {"uv": [36, 63], "uv_size": [1, 1]},
								"south": {"uv": [63, 36], "uv_size": [1, 1]},
								"west": {"uv": [63, 38], "uv_size": [1, 1]},
								"up": {"uv": [63, 40], "uv_size": [1, 1]},
								"down": {"uv": [63, 43], "uv_size": [1, -1]}
							}
						},
						{
							"origin": [1.74317, -0.40598, -2.28217],
							"size": [0.31066, 0.0607, 0.5625],
							"pivot": [2.05383, -0.34348, -4.46967],
							"rotation": [0, 0, -51],
							"uv": {
								"north": {"uv": [65, 50], "uv_size": [1, 1]},
								"east": {"uv": [65, 52], "uv_size": [1, 1]},
								"south": {"uv": [56, 65], "uv_size": [1, 1]},
								"west": {"uv": [65, 64], "uv_size": [1, 1]},
								"up": {"uv": [66, 2], "uv_size": [1, 1]},
								"down": {"uv": [66, 5], "uv_size": [1, -1]}
							}
						},
						{
							"origin": [0.24279, -1.22591, -2.28217],
							"size": [1.74816, 0.125, 0.5625],
							"pivot": [0.24279, -1.16341, -4.46967],
							"rotation": [0, 0, -20],
							"uv": {
								"north": {"uv": [47, 22], "uv_size": [2, 1]},
								"east": {"uv": [48, 65], "uv_size": [1, 1]},
								"south": {"uv": [47, 24], "uv_size": [2, 1]},
								"west": {"uv": [65, 48], "uv_size": [1, 1]},
								"up": {"uv": [27, 47], "uv_size": [2, 1]},
								"down": {"uv": [47, 38], "uv_size": [2, -1]}
							}
						},
						{
							"origin": [0.93029, -1.22591, -2.53217],
							"size": [0.62316, 0.125, 0.25],
							"pivot": [0.24279, -1.16341, -5.03217],
							"rotation": [0, 0, -20],
							"uv": {
								"north": {"uv": [30, 64], "uv_size": [1, 1]},
								"east": {"uv": [64, 30], "uv_size": [1, 1]},
								"south": {"uv": [32, 64], "uv_size": [1, 1]},
								"west": {"uv": [34, 64], "uv_size": [1, 1]},
								"up": {"uv": [38, 64], "uv_size": [1, 1]},
								"down": {"uv": [40, 65], "uv_size": [1, -1]}
							}
						},
						{
							"origin": [0.27148, 0.58416, -1.93252],
							"size": [0.62316, 0.125, 0.25],
							"pivot": [-0.41602, 0.64666, -4.43252],
							"rotation": [-45, 0, -20],
							"uv": {
								"north": {"uv": [0, 65], "uv_size": [1, 1]},
								"east": {"uv": [65, 0], "uv_size": [1, 1]},
								"south": {"uv": [2, 65], "uv_size": [1, 1]},
								"west": {"uv": [4, 65], "uv_size": [1, 1]},
								"up": {"uv": [10, 65], "uv_size": [1, 1]},
								"down": {"uv": [65, 13], "uv_size": [1, -1]}
							}
						},
						{
							"origin": [-1.99095, -1.22591, -6.34467],
							"size": [1.74816, 0.125, 0.5625],
							"pivot": [-0.24279, -1.16341, -8.53217],
							"rotation": [0, 0, 20],
							"uv": {
								"north": {"uv": [34, 48], "uv_size": [2, 1]},
								"east": {"uv": [66, 66], "uv_size": [1, 1]},
								"south": {"uv": [48, 34], "uv_size": [2, 1]},
								"west": {"uv": [0, 67], "uv_size": [1, 1]},
								"up": {"uv": [39, 48], "uv_size": [2, 1]},
								"down": {"uv": [48, 40], "uv_size": [2, -1]}
							}
						},
						{
							"origin": [-1.55345, -1.22591, -5.78217],
							"size": [0.62316, 0.125, 0.25],
							"pivot": [-0.24279, -1.16341, -8.28217],
							"rotation": [0, 0, 20],
							"uv": {
								"north": {"uv": [65, 40], "uv_size": [1, 1]},
								"east": {"uv": [65, 42], "uv_size": [1, 1]},
								"south": {"uv": [44, 65], "uv_size": [1, 1]},
								"west": {"uv": [65, 44], "uv_size": [1, 1]},
								"up": {"uv": [46, 65], "uv_size": [1, 1]},
								"down": {"uv": [65, 47], "uv_size": [1, -1]}
							}
						},
						{
							"origin": [-0.89464, 0.58416, -4.93252],
							"size": [0.62316, 0.125, 0.25],
							"pivot": [0.41602, 0.64666, -7.43252],
							"rotation": [-45, 0, 20],
							"uv": {
								"north": {"uv": [28, 65], "uv_size": [1, 1]},
								"east": {"uv": [65, 32], "uv_size": [1, 1]},
								"south": {"uv": [65, 34], "uv_size": [1, 1]},
								"west": {"uv": [36, 65], "uv_size": [1, 1]},
								"up": {"uv": [65, 36], "uv_size": [1, 1]},
								"down": {"uv": [65, 39], "uv_size": [1, -1]}
							}
						},
						{
							"origin": [-1.55345, -1.22591, -2.53217],
							"size": [0.62316, 0.125, 0.25],
							"pivot": [-0.24279, -1.16341, -5.03217],
							"rotation": [0, 0, 20],
							"uv": {
								"north": {"uv": [20, 64], "uv_size": [1, 1]},
								"east": {"uv": [22, 64], "uv_size": [1, 1]},
								"south": {"uv": [24, 64], "uv_size": [1, 1]},
								"west": {"uv": [26, 64], "uv_size": [1, 1]},
								"up": {"uv": [64, 26], "uv_size": [1, 1]},
								"down": {"uv": [64, 29], "uv_size": [1, -1]}
							}
						},
						{
							"origin": [-0.89464, 0.58416, -1.93252],
							"size": [0.62316, 0.125, 0.25],
							"pivot": [0.41602, 0.64666, -4.43252],
							"rotation": [-45, 0, 20],
							"uv": {
								"north": {"uv": [64, 58], "uv_size": [1, 1]},
								"east": {"uv": [59, 64], "uv_size": [1, 1]},
								"south": {"uv": [64, 60], "uv_size": [1, 1]},
								"west": {"uv": [61, 64], "uv_size": [1, 1]},
								"up": {"uv": [64, 62], "uv_size": [1, 1]},
								"down": {"uv": [63, 65], "uv_size": [1, -1]}
							}
						},
						{
							"origin": [-1.99095, -1.22591, -2.28217],
							"size": [1.74816, 0.125, 0.5625],
							"pivot": [-0.24279, -1.16341, -4.46967],
							"rotation": [0, 0, 20],
							"uv": {
								"north": {"uv": [15, 47], "uv_size": [2, 1]},
								"east": {"uv": [16, 64], "uv_size": [1, 1]},
								"south": {"uv": [47, 18], "uv_size": [2, 1]},
								"west": {"uv": [64, 16], "uv_size": [1, 1]},
								"up": {"uv": [47, 20], "uv_size": [2, 1]},
								"down": {"uv": [21, 48], "uv_size": [2, -1]}
							}
						},
						{
							"origin": [-2.05383, -0.40598, -2.28217],
							"size": [0.31066, 0.0607, 0.5625],
							"pivot": [-2.05383, -0.34348, -4.46967],
							"rotation": [0, 0, 51],
							"uv": {
								"north": {"uv": [16, 62], "uv_size": [1, 1]},
								"east": {"uv": [62, 16], "uv_size": [1, 1]},
								"south": {"uv": [20, 62], "uv_size": [1, 1]},
								"west": {"uv": [22, 62], "uv_size": [1, 1]},
								"up": {"uv": [24, 62], "uv_size": [1, 1]},
								"down": {"uv": [26, 63], "uv_size": [1, -1]}
							}
						},
						{
							"origin": [-2.1024, -0.13281, -2.53217],
							"size": [0.06066, 0.3125, 0.25],
							"uv": {
								"north": {"uv": [42, 62], "uv_size": [1, 1]},
								"east": {"uv": [51, 62], "uv_size": [1, 1]},
								"south": {"uv": [53, 62], "uv_size": [1, 1]},
								"west": {"uv": [62, 54], "uv_size": [1, 1]},
								"up": {"uv": [55, 62], "uv_size": [1, 1]},
								"down": {"uv": [62, 57], "uv_size": [1, -1]}
							}
						},
						{
							"origin": [-2.1024, -0.38281, -2.28217],
							"size": [0.06066, 0.8125, 0.5625],
							"uv": {
								"north": {"uv": [30, 62], "uv_size": [1, 1]},
								"east": {"uv": [62, 30], "uv_size": [1, 1]},
								"south": {"uv": [32, 62], "uv_size": [1, 1]},
								"west": {"uv": [34, 62], "uv_size": [1, 1]},
								"up": {"uv": [38, 62], "uv_size": [1, 1]},
								"down": {"uv": [40, 63], "uv_size": [1, -1]}
							}
						},
						{
							"origin": [-0.23054, -0.13281, -1.80124],
							"size": [0.06066, 0.3125, 0.25],
							"pivot": [0.01762, -0.32031, -4.30124],
							"rotation": [0, -45, 0],
							"uv": {
								"north": {"uv": [62, 58], "uv_size": [1, 1]},
								"east": {"uv": [60, 62], "uv_size": [1, 1]},
								"south": {"uv": [62, 60], "uv_size": [1, 1]},
								"west": {"uv": [62, 62], "uv_size": [1, 1]},
								"up": {"uv": [0, 63], "uv_size": [1, 1]},
								"down": {"uv": [63, 1], "uv_size": [1, -1]}
							}
						},
						{
							"origin": [-2.05383, -0.40598, -6.34467],
							"size": [0.31066, 0.0607, 0.5625],
							"pivot": [-2.05383, -0.34348, -8.53217],
							"rotation": [0, 0, 51],
							"uv": {
								"north": {"uv": [67, 0], "uv_size": [1, 1]},
								"east": {"uv": [2, 67], "uv_size": [1, 1]},
								"south": {"uv": [4, 67], "uv_size": [1, 1]},
								"west": {"uv": [10, 67], "uv_size": [1, 1]},
								"up": {"uv": [67, 12], "uv_size": [1, 1]},
								"down": {"uv": [14, 68], "uv_size": [1, -1]}
							}
						},
						{
							"origin": [-2.1024, -0.38281, -6.34467],
							"size": [0.06066, 0.8125, 0.5625],
							"uv": {
								"north": {"uv": [18, 67], "uv_size": [1, 1]},
								"east": {"uv": [67, 18], "uv_size": [1, 1]},
								"south": {"uv": [67, 20], "uv_size": [1, 1]},
								"west": {"uv": [67, 22], "uv_size": [1, 1]},
								"up": {"uv": [67, 24], "uv_size": [1, 1]},
								"down": {"uv": [28, 68], "uv_size": [1, -1]}
							}
						},
						{
							"origin": [-2.1024, -0.13281, -5.78217],
							"size": [0.06066, 0.3125, 0.25],
							"uv": {
								"north": {"uv": [63, 50], "uv_size": [1, 1]},
								"east": {"uv": [63, 52], "uv_size": [1, 1]},
								"south": {"uv": [57, 63], "uv_size": [1, 1]},
								"west": {"uv": [64, 2], "uv_size": [1, 1]},
								"up": {"uv": [64, 4], "uv_size": [1, 1]},
								"down": {"uv": [6, 65], "uv_size": [1, -1]}
							}
						},
						{
							"origin": [-0.23054, -0.13281, -4.80124],
							"size": [0.06066, 0.3125, 0.25],
							"pivot": [0.01762, -0.32031, -7.30124],
							"rotation": [0, -45, 0],
							"uv": {
								"north": {"uv": [64, 6], "uv_size": [1, 1]},
								"east": {"uv": [8, 64], "uv_size": [1, 1]},
								"south": {"uv": [64, 8], "uv_size": [1, 1]},
								"west": {"uv": [64, 10], "uv_size": [1, 1]},
								"up": {"uv": [12, 64], "uv_size": [1, 1]},
								"down": {"uv": [64, 15], "uv_size": [1, -1]}
							}
						},
						{
							"origin": [-2.1038, 0.36832, -2.28217],
							"size": [0.31066, 0.0607, 0.5625],
							"pivot": [-2.1038, 0.43082, -4.46967],
							"rotation": [0, 0, -51],
							"uv": {
								"north": {"uv": [62, 6], "uv_size": [1, 1]},
								"east": {"uv": [8, 62], "uv_size": [1, 1]},
								"south": {"uv": [62, 8], "uv_size": [1, 1]},
								"west": {"uv": [62, 10], "uv_size": [1, 1]},
								"up": {"uv": [12, 62], "uv_size": [1, 1]},
								"down": {"uv": [62, 15], "uv_size": [1, -1]}
							}
						},
						{
							"origin": [-1.88552, 0.54989, -2.28217],
							"size": [1.74816, 0.125, 0.5625],
							"pivot": [-1.88552, 0.61239, -4.46967],
							"rotation": [0, 0, -20],
							"uv": {
								"north": {"uv": [45, 46], "uv_size": [2, 1]},
								"east": {"uv": [58, 61], "uv_size": [1, 1]},
								"south": {"uv": [47, 0], "uv_size": [2, 1]},
								"west": {"uv": [62, 2], "uv_size": [1, 1]},
								"up": {"uv": [2, 47], "uv_size": [2, 1]},
								"down": {"uv": [47, 9], "uv_size": [2, -1]}
							}
						},
						{
							"origin": [-1.88552, 0.54989, -6.34467],
							"size": [1.74816, 0.125, 0.5625],
							"pivot": [-1.88552, 0.61239, -8.53217],
							"rotation": [0, 0, -20],
							"uv": {
								"north": {"uv": [42, 48], "uv_size": [2, 1]},
								"east": {"uv": [67, 42], "uv_size": [1, 1]},
								"south": {"uv": [45, 48], "uv_size": [2, 1]},
								"west": {"uv": [44, 67], "uv_size": [1, 1]},
								"up": {"uv": [48, 45], "uv_size": [2, 1]},
								"down": {"uv": [48, 48], "uv_size": [2, -1]}
							}
						},
						{
							"origin": [-2.1038, 0.36832, -6.34467],
							"size": [0.31066, 0.0607, 0.5625],
							"pivot": [-2.1038, 0.43082, -8.53217],
							"rotation": [0, 0, -51],
							"uv": {
								"north": {"uv": [67, 32], "uv_size": [1, 1]},
								"east": {"uv": [67, 34], "uv_size": [1, 1]},
								"south": {"uv": [36, 67], "uv_size": [1, 1]},
								"west": {"uv": [67, 36], "uv_size": [1, 1]},
								"up": {"uv": [67, 38], "uv_size": [1, 1]},
								"down": {"uv": [67, 41], "uv_size": [1, -1]}
							}
						}
					]
				}
			]
		}
	]
}