{
	"format_version": "1.12.0",
	"minecraft:geometry": [
		{
			"description": {
				"identifier": "geometry.grip_vertical_military",
				"texture_width": 32,
				"texture_height": 32,
				"visible_bounds_width": 4,
				"visible_bounds_height": 2,
				"visible_bounds_offset": [0, 0, 0]
			},
			"bones": [
				{
					"name": "grip_vertical_military",
					"pivot": [0, 0, -2.07812]
				},
				{
					"name": "guard",
					"parent": "grip_vertical_military",
					"pivot": [0, -0.25, -1.29687],
					"cubes": [
						{
							"origin": [-0.78125, -1.40625, -6.6875],
							"size": [1.5625, 0.96875, 3.34375],
							"uv": {
								"north": {"uv": [19, 19], "uv_size": [1.5, 1]},
								"east": {"uv": [19, 19], "uv_size": [1.5, 1]},
								"south": {"uv": [19, 19], "uv_size": [1.5, 1]},
								"west": {"uv": [19, 19], "uv_size": [1.5, 1]},
								"up": {"uv": [20.5, 20], "uv_size": [-1.5, -1]},
								"down": {"uv": [20.5, 20], "uv_size": [-1.5, -1]}
							}
						},
						{
							"origin": [0.60938, -1.64062, -6.6875],
							"size": [0.17188, 0.23438, 3.34375],
							"pivot": [0.78125, -1.40625, -6.6875],
							"rotation": [0, 0, 46],
							"uv": {
								"north": {"uv": [19, 19], "uv_size": [1.5, 1]},
								"east": {"uv": [19, 19], "uv_size": [1.5, 1]},
								"south": {"uv": [19, 19], "uv_size": [1.5, 1]},
								"west": {"uv": [19, 19], "uv_size": [1.5, 1]},
								"up": {"uv": [20.5, 20], "uv_size": [-1.5, -1]},
								"down": {"uv": [20.5, 20], "uv_size": [-1.5, -1]}
							}
						},
						{
							"origin": [-0.78126, -1.64062, -6.6875],
							"size": [0.17188, 0.23438, 3.34375],
							"pivot": [-0.78125, -1.40625, -6.6875],
							"rotation": [0, 0, -46],
							"uv": {
								"north": {"uv": [19, 19], "uv_size": [1.5, 1]},
								"east": {"uv": [19, 19], "uv_size": [1.5, 1]},
								"south": {"uv": [19, 19], "uv_size": [1.5, 1]},
								"west": {"uv": [19, 19], "uv_size": [1.5, 1]},
								"up": {"uv": [20.5, 20], "uv_size": [-1.5, -1]},
								"down": {"uv": [20.5, 20], "uv_size": [-1.5, -1]}
							}
						},
						{
							"origin": [-0.61265, -1.56906, -6.6875],
							"size": [1.22531, 0.23438, 3.34375],
							"uv": {
								"north": {"uv": [19, 19], "uv_size": [1.5, 1]},
								"east": {"uv": [19, 19], "uv_size": [1.5, 1]},
								"south": {"uv": [19, 19], "uv_size": [1.5, 1]},
								"west": {"uv": [19, 19], "uv_size": [1.5, 1]},
								"up": {"uv": [20.5, 20], "uv_size": [-1.5, -1]},
								"down": {"uv": [20.5, 20], "uv_size": [-1.5, -1]}
							}
						},
						{
							"origin": [0.60937, -0.3882, -7.41064],
							"size": [0.17188, 0.23438, 4.0625],
							"pivot": [0.78125, -0.3882, -7.41064],
							"rotation": [0, 0, -46],
							"uv": {
								"north": {"uv": [19, 19], "uv_size": [1.5, 1]},
								"east": {"uv": [19, 19], "uv_size": [1.5, 1]},
								"south": {"uv": [19, 19], "uv_size": [1.5, 1]},
								"west": {"uv": [19, 19], "uv_size": [1.5, 1]},
								"up": {"uv": [20.5, 20], "uv_size": [-1.5, -1]},
								"down": {"uv": [20.5, 20], "uv_size": [-1.5, -1]}
							}
						},
						{
							"origin": [-0.61265, -0.36601, -7.41064],
							"size": [0.17188, 0.51563, 4.0625],
							"pivot": [-0.61265, -0.22539, -7.41064],
							"rotation": [0, 0, 14],
							"uv": {
								"north": {"uv": [19, 19], "uv_size": [1.5, 1]},
								"east": {"uv": [19, 19], "uv_size": [1.5, 1]},
								"south": {"uv": [19, 19], "uv_size": [1.5, 1]},
								"west": {"uv": [19, 19], "uv_size": [1.5, 1]},
								"up": {"uv": [20.5, 20], "uv_size": [-1.5, -1]},
								"down": {"uv": [20.5, 20], "uv_size": [-1.5, -1]}
							}
						},
						{
							"origin": [0.44078, -0.36601, -7.41064],
							"size": [0.17188, 0.51563, 4.0625],
							"pivot": [0.61265, -0.22539, -7.41064],
							"rotation": [0, 0, -14],
							"uv": {
								"north": {"uv": [19, 19], "uv_size": [1.5, 1]},
								"east": {"uv": [19, 19], "uv_size": [1.5, 1]},
								"south": {"uv": [19, 19], "uv_size": [1.5, 1]},
								"west": {"uv": [19, 19], "uv_size": [1.5, 1]},
								"up": {"uv": [20.5, 20], "uv_size": [-1.5, -1]},
								"down": {"uv": [20.5, 20], "uv_size": [-1.5, -1]}
							}
						},
						{
							"origin": [-0.49579, -0.41873, -7.41064],
							"size": [0.97595, 0.51563, 4.0625],
							"uv": {
								"north": {"uv": [19, 19], "uv_size": [1.5, 1]},
								"east": {"uv": [19, 19], "uv_size": [1.5, 1]},
								"south": {"uv": [19, 19], "uv_size": [1.5, 1]},
								"west": {"uv": [19, 19], "uv_size": [1.5, 1]},
								"up": {"uv": [20.5, 20], "uv_size": [-1.5, -1]},
								"down": {"uv": [20.5, 20], "uv_size": [-1.5, -1]}
							}
						},
						{
							"origin": [-0.49579, -0.41873, 2.32374],
							"size": [0.97595, 0.51563, 0.8125],
							"uv": {
								"north": {"uv": [19, 19], "uv_size": [1.5, 1]},
								"east": {"uv": [19, 19], "uv_size": [1.5, 1]},
								"south": {"uv": [19, 19], "uv_size": [1.5, 1]},
								"west": {"uv": [19, 19], "uv_size": [1.5, 1]},
								"up": {"uv": [20.5, 20], "uv_size": [-1.5, -1]},
								"down": {"uv": [20.5, 20], "uv_size": [-1.5, -1]}
							}
						},
						{
							"origin": [-0.78125, -0.3882, -7.41064],
							"size": [0.17188, 0.23438, 4.0625],
							"pivot": [-0.78125, -0.3882, -7.41064],
							"rotation": [0, 0, 46],
							"uv": {
								"north": {"uv": [19, 19], "uv_size": [1.5, 1]},
								"east": {"uv": [19, 19], "uv_size": [1.5, 1]},
								"south": {"uv": [19, 19], "uv_size": [1.5, 1]},
								"west": {"uv": [19, 19], "uv_size": [1.5, 1]},
								"up": {"uv": [20.5, 20], "uv_size": [-1.5, -1]},
								"down": {"uv": [20.5, 20], "uv_size": [-1.5, -1]}
							}
						},
						{
							"origin": [0.60937, -0.37944, 2.3206],
							"size": [0.18095, 0.22561, 0.81296],
							"pivot": [0.78125, -0.3882, 2.30811],
							"rotation": [0, 0, -46],
							"uv": {
								"north": {"uv": [19, 19], "uv_size": [1.5, 1]},
								"east": {"uv": [19, 19], "uv_size": [1.5, 1]},
								"south": {"uv": [19, 19], "uv_size": [1.5, 1]},
								"west": {"uv": [19, 19], "uv_size": [1.5, 1]},
								"up": {"uv": [20.5, 20], "uv_size": [-1.5, -1]},
								"down": {"uv": [20.5, 20], "uv_size": [-1.5, -1]}
							}
						},
						{
							"origin": [-0.79032, -0.37944, 2.3206],
							"size": [0.18095, 0.22561, 0.81296],
							"pivot": [-0.78125, -0.3882, 2.30811],
							"rotation": [0, 0, 46],
							"uv": {
								"north": {"uv": [19, 19], "uv_size": [1.5, 1]},
								"east": {"uv": [19, 19], "uv_size": [1.5, 1]},
								"south": {"uv": [19, 19], "uv_size": [1.5, 1]},
								"west": {"uv": [19, 19], "uv_size": [1.5, 1]},
								"up": {"uv": [20.5, 20], "uv_size": [-1.5, -1]},
								"down": {"uv": [20.5, 20], "uv_size": [-1.5, -1]}
							}
						},
						{
							"origin": [0.44078, -0.36601, 2.30811],
							"size": [0.17188, 0.51563, 0.82813],
							"pivot": [0.61265, -0.22539, 2.30811],
							"rotation": [0, 0, -14],
							"uv": {
								"north": {"uv": [19, 19], "uv_size": [1.5, 1]},
								"east": {"uv": [19, 19], "uv_size": [1.5, 1]},
								"south": {"uv": [19, 19], "uv_size": [1.5, 1]},
								"west": {"uv": [19, 19], "uv_size": [1.5, 1]},
								"up": {"uv": [20.5, 20], "uv_size": [-1.5, -1]},
								"down": {"uv": [20.5, 20], "uv_size": [-1.5, -1]}
							}
						},
						{
							"origin": [-0.61265, -0.36601, 2.30811],
							"size": [0.17188, 0.51563, 0.82813],
							"pivot": [-0.61265, -0.22539, 2.30811],
							"rotation": [0, 0, 14],
							"uv": {
								"north": {"uv": [19, 19], "uv_size": [1.5, 1]},
								"east": {"uv": [19, 19], "uv_size": [1.5, 1]},
								"south": {"uv": [19, 19], "uv_size": [1.5, 1]},
								"west": {"uv": [19, 19], "uv_size": [1.5, 1]},
								"up": {"uv": [20.5, 20], "uv_size": [-1.5, -1]},
								"down": {"uv": [20.5, 20], "uv_size": [-1.5, -1]}
							}
						},
						{
							"origin": [-0.78125, -1.40625, -3.39062],
							"size": [1.5625, 0.98828, 1.82109],
							"pivot": [1, -0.4375, -3.34375],
							"rotation": [-36, 0, 0],
							"uv": {
								"north": {"uv": [19, 19], "uv_size": [1.5, 1]},
								"east": {"uv": [19, 19], "uv_size": [1.5, 1]},
								"south": {"uv": [19, 19], "uv_size": [1.5, 1]},
								"west": {"uv": [19, 19], "uv_size": [1.5, 1]},
								"up": {"uv": [20.5, 20], "uv_size": [-1.5, -1]},
								"down": {"uv": [20.5, 20], "uv_size": [-1.5, -1]}
							}
						},
						{
							"origin": [-0.78125, -1.92566, -5.20543],
							"size": [1.5625, 0.96875, 3.45313],
							"pivot": [0.78125, -1.92566, -3.78355],
							"rotation": [-23, 0, 0],
							"uv": {
								"north": {"uv": [19, 19], "uv_size": [1.5, 1]},
								"east": {"uv": [19, 19], "uv_size": [1.5, 1]},
								"south": {"uv": [19, 19], "uv_size": [1.5, 1]},
								"west": {"uv": [19, 19], "uv_size": [1.5, 1]},
								"up": {"uv": [20.5, 20], "uv_size": [-1.5, -1]},
								"down": {"uv": [20.5, 20], "uv_size": [-1.5, -1]}
							}
						},
						{
							"origin": [-0.78125, -2.71934, -1.91378],
							"size": [1.5625, 0.96875, 4.92188],
							"uv": {
								"north": {"uv": [19, 19], "uv_size": [1.5, 1]},
								"east": {"uv": [19, 19], "uv_size": [1.5, 1]},
								"south": {"uv": [19, 19], "uv_size": [1.5, 1]},
								"west": {"uv": [19, 19], "uv_size": [1.5, 1]},
								"up": {"uv": [20.5, 20], "uv_size": [-1.5, -1]},
								"down": {"uv": [20.5, 20], "uv_size": [-1.5, -1]}
							}
						},
						{
							"origin": [-0.78125, -2.58, 2.3206],
							"size": [1.5625, 2.20441, 0.81296],
							"uv": {
								"north": {"uv": [19, 19], "uv_size": [1.5, 1]},
								"east": {"uv": [19, 19], "uv_size": [1.5, 1]},
								"south": {"uv": [19, 19], "uv_size": [1.5, 1]},
								"west": {"uv": [19, 19], "uv_size": [1.5, 1]},
								"up": {"uv": [20.5, 20], "uv_size": [-1.5, -1]},
								"down": {"uv": [20.5, 20], "uv_size": [-1.5, -1]}
							}
						},
						{
							"origin": [-0.78125, -1.98504, -2.04794],
							"size": [1.5625, 0.54183, 0.95705],
							"pivot": [1, -1.40692, -1.93464],
							"rotation": [-25, 0, 0],
							"uv": {
								"north": {"uv": [19, 19], "uv_size": [1.5, 1]},
								"east": {"uv": [19, 19], "uv_size": [1.5, 1]},
								"south": {"uv": [19, 19], "uv_size": [1.5, 1]},
								"west": {"uv": [19, 19], "uv_size": [1.5, 1]},
								"up": {"uv": [20.5, 20], "uv_size": [-1.5, -1]},
								"down": {"uv": [20.5, 20], "uv_size": [-1.5, -1]}
							}
						},
						{
							"origin": [-0.78125, -2.60778, 1.80172],
							"size": [1.5625, 0.625, 1.25],
							"pivot": [0.78125, -1.98278, 1.80172],
							"rotation": [50, 0, 0],
							"uv": {
								"north": {"uv": [19, 19], "uv_size": [1.5, 1]},
								"east": {"uv": [19, 19], "uv_size": [1.5, 1]},
								"south": {"uv": [19, 19], "uv_size": [1.5, 1]},
								"west": {"uv": [19, 19], "uv_size": [1.5, 1]},
								"up": {"uv": [20.5, 20], "uv_size": [-1.5, -1]},
								"down": {"uv": [20.5, 20], "uv_size": [-1.5, -1]}
							}
						},
						{
							"origin": [-0.78125, -2.71934, 2.67997],
							"size": [1.5625, 0.1875, 0.32813],
							"pivot": [0.78125, -2.71934, 3.0081],
							"rotation": [-42, 0, 0],
							"uv": {
								"north": {"uv": [19, 19], "uv_size": [1.5, 1]},
								"east": {"uv": [19, 19], "uv_size": [1.5, 1]},
								"south": {"uv": [19, 19], "uv_size": [1.5, 1]},
								"west": {"uv": [19, 19], "uv_size": [1.5, 1]},
								"up": {"uv": [20.5, 20], "uv_size": [-1.5, -1]},
								"down": {"uv": [20.5, 20], "uv_size": [-1.5, -1]}
							}
						},
						{
							"origin": [-0.78125, -0.67611, -7.47203],
							"size": [1.5625, 0.15625, 1.125],
							"pivot": [0.78125, -0.67611, -7.30016],
							"rotation": [-50, 0, 0],
							"uv": {
								"north": {"uv": [19, 19], "uv_size": [1.5, 1]},
								"east": {"uv": [19, 19], "uv_size": [1.5, 1]},
								"south": {"uv": [19, 19], "uv_size": [1.5, 1]},
								"west": {"uv": [19, 19], "uv_size": [1.5, 1]},
								"up": {"uv": [20.5, 20], "uv_size": [-1.5, -1]},
								"down": {"uv": [20.5, 20], "uv_size": [-1.5, -1]}
							}
						},
						{
							"origin": [-0.78125, -0.54445, -7.41064],
							"size": [1.5625, 0.15625, 4.0625],
							"uv": {
								"north": {"uv": [19, 19], "uv_size": [1.5, 1]},
								"east": {"uv": [19, 19], "uv_size": [1.5, 1]},
								"south": {"uv": [19, 19], "uv_size": [1.5, 1]},
								"west": {"uv": [19, 19], "uv_size": [1.5, 1]},
								"up": {"uv": [20.5, 20], "uv_size": [-1.5, -1]},
								"down": {"uv": [20.5, 20], "uv_size": [-1.5, -1]}
							}
						}
					]
				},
				{
					"name": "bone42",
					"parent": "guard",
					"pivot": [0, -6.8125, 3.0625],
					"cubes": [
						{
							"origin": [-0.78125, -1.18508, -6.84814],
							"size": [1.5625, 0.4375, 0.20313],
							"uv": {
								"north": {"uv": [19, 19], "uv_size": [1.5, 1]},
								"east": {"uv": [19, 19], "uv_size": [1.5, 1]},
								"south": {"uv": [19, 19], "uv_size": [1.5, 1]},
								"west": {"uv": [19, 19], "uv_size": [1.5, 1]},
								"up": {"uv": [20.5, 20], "uv_size": [-1.5, -1]},
								"down": {"uv": [20.5, 20], "uv_size": [-1.5, -1]}
							}
						},
						{
							"origin": [-0.78125, -0.96633, -7.05126],
							"size": [1.5625, 0.21875, 0.20313],
							"uv": {
								"north": {"uv": [19, 19], "uv_size": [1.5, 1]},
								"east": {"uv": [19, 19], "uv_size": [1.5, 1]},
								"south": {"uv": [19, 19], "uv_size": [1.5, 1]},
								"west": {"uv": [19, 19], "uv_size": [1.5, 1]},
								"up": {"uv": [20.5, 20], "uv_size": [-1.5, -1]},
								"down": {"uv": [20.5, 20], "uv_size": [-1.5, -1]}
							}
						},
						{
							"origin": [-0.78125, -0.74758, -7.23876],
							"size": [1.5625, 0.20313, 0.59375],
							"uv": {
								"north": {"uv": [19, 19], "uv_size": [1.5, 1]},
								"east": {"uv": [19, 19], "uv_size": [1.5, 1]},
								"south": {"uv": [19, 19], "uv_size": [1.5, 1]},
								"west": {"uv": [19, 19], "uv_size": [1.5, 1]},
								"up": {"uv": [20.5, 20], "uv_size": [-1.5, -1]},
								"down": {"uv": [20.5, 20], "uv_size": [-1.5, -1]}
							}
						}
					]
				},
				{
					"name": "b1ne_illuminated",
					"parent": "guard",
					"pivot": [0.59703, -0.14726, -10.12939],
					"cubes": [
						{
							"origin": [0.42515, -0.11601, -7.41064],
							"size": [0.17188, 0.125, 4.0625],
							"pivot": [0.59703, -0.14726, -7.41064],
							"rotation": [0, 0, -14],
							"uv": {
								"north": {"uv": [30.5, 20], "uv_size": [1.5, 1]},
								"east": {"uv": [30.5, 20], "uv_size": [1.5, 1]},
								"south": {"uv": [30.5, 20], "uv_size": [1.5, 1]},
								"west": {"uv": [19, 30], "uv_size": [11, 0.5]},
								"up": {"uv": [32, 21], "uv_size": [-1.5, -1]},
								"down": {"uv": [32, 21], "uv_size": [-1.5, -1]}
							}
						},
						{
							"origin": [-0.59703, -0.11601, -7.41064],
							"size": [0.17188, 0.125, 4.0625],
							"pivot": [-0.59703, -0.14726, -7.41064],
							"rotation": [0, 0, 14],
							"uv": {
								"north": {"uv": [19, 19], "uv_size": [1.5, 1]},
								"east": {"uv": [19, 30], "uv_size": [11, 0.5]},
								"south": {"uv": [19, 19], "uv_size": [1.5, 1]},
								"west": {"uv": [19, 19], "uv_size": [1.5, 1]},
								"up": {"uv": [20.5, 20], "uv_size": [-1.5, -1]},
								"down": {"uv": [20.5, 20], "uv_size": [-1.5, -1]}
							}
						}
					]
				},
				{
					"name": "bipod",
					"parent": "guard",
					"pivot": [0, -0.15625, -16.04687]
				},
				{
					"name": "l2",
					"parent": "bipod",
					"pivot": [1.40016, -1.96527, -19.8027],
					"rotation": [0, 0, -22.5],
					"cubes": [
						{
							"origin": [1.30641, -5.21766, -18.06272],
							"size": [0.375, 0.88389, 0.88388],
							"inflate": -0.001,
							"pivot": [0.90016, -1.96527, -19.45895],
							"rotation": [45, 0, 0],
							"uv": {
								"north": {"uv": [21, 23], "uv_size": [0.5, 1]},
								"east": {"uv": [10, 20], "uv_size": [1, 1]},
								"south": {"uv": [19, 24], "uv_size": [0.5, 1]},
								"west": {"uv": [22, 10], "uv_size": [1, 1]},
								"down": {"uv": [26, 2], "uv_size": [0.5, -1]}
							}
						},
						{
							"origin": [1.30642, -2.62544, -16.76206],
							"size": [0.37499, 0.88388, 0.88388],
							"inflate": -0.001,
							"pivot": [0.16002, -1.7392, -16.88665],
							"rotation": [45, 0, 0],
							"uv": {
								"north": {"uv": [26, 2], "uv_size": [0.5, 1]},
								"east": {"uv": [11, 22], "uv_size": [1, 1]},
								"south": {"uv": [4, 26], "uv_size": [0.5, 1]},
								"west": {"uv": [22, 11], "uv_size": [1, 1]},
								"up": {"uv": [5, 26], "uv_size": [0.5, 1]}
							}
						},
						{
							"origin": [1.30641, -4.74653, -16.43749],
							"size": [0.5, 2.6875, 0.5],
							"inflate": -0.001,
							"uv": {
								"north": {"uv": [5, 10], "uv_size": [0.5, 9.5]},
								"south": {"uv": [6, 10], "uv_size": [0.5, 9.5]},
								"west": {"uv": [7, 10], "uv_size": [0.5, 9.5]},
								"up": {"uv": [27, 17], "uv_size": [0.5, 0.5]},
								"down": {"uv": [18, 27.5], "uv_size": [0.5, -0.5]}
							}
						},
						{
							"origin": [1.30641, -10.55903, -16.43749],
							"size": [0.5, 5.8125, 0.125],
							"inflate": -0.001,
							"uv": {
								"north": {"uv": [5, 10], "uv_size": [0.5, 9.5]},
								"south": {"uv": [6, 10], "uv_size": [0.5, 9.5]},
								"west": {"uv": [7, 10], "uv_size": [0.5, 9.5]},
								"up": {"uv": [27, 17], "uv_size": [0.5, 0.5]},
								"down": {"uv": [18, 27.5], "uv_size": [0.5, -0.5]}
							}
						},
						{
							"origin": [1.30641, -10.55903, -16.06249],
							"size": [0.5, 5.8125, 0.125],
							"inflate": -0.001,
							"uv": {
								"north": {"uv": [5, 10], "uv_size": [0.5, 9.5]},
								"south": {"uv": [6, 10], "uv_size": [0.5, 9.5]},
								"west": {"uv": [7, 10], "uv_size": [0.5, 9.5]},
								"up": {"uv": [27, 17], "uv_size": [0.5, 0.5]},
								"down": {"uv": [18, 27.5], "uv_size": [0.5, -0.5]}
							}
						},
						{
							"origin": [1.30641, -11.49653, -16.43749],
							"size": [0.5, 0.9375, 0.5],
							"inflate": -0.001,
							"uv": {
								"north": {"uv": [5, 10], "uv_size": [0.5, 9.5]},
								"south": {"uv": [6, 10], "uv_size": [0.5, 9.5]},
								"west": {"uv": [7, 10], "uv_size": [0.5, 9.5]},
								"up": {"uv": [27, 17], "uv_size": [0.5, 0.5]},
								"down": {"uv": [18, 27.5], "uv_size": [0.5, -0.5]}
							}
						},
						{
							"origin": [1.30641, -2.65277, -16.79687],
							"size": [0.375, 1, 1.25],
							"uv": {
								"north": {"uv": [10, 26], "uv_size": [0.5, 1]},
								"east": {"uv": [17, 19], "uv_size": [1.5, 1]},
								"south": {"uv": [26, 10], "uv_size": [0.5, 1]},
								"west": {"uv": [19, 19], "uv_size": [1.5, 1]},
								"up": {"uv": [23, 10], "uv_size": [0.5, 1.5]},
								"down": {"uv": [11, 24.5], "uv_size": [0.5, -1.5]}
							}
						},
						{
							"origin": [1.30641, -1.65277, -16.48437],
							"size": [0.375, 1, 0.625],
							"uv": {
								"north": {"uv": [11, 0], "uv_size": [0.5, 9]},
								"east": {"uv": [11, 9], "uv_size": [0.5, 9]},
								"south": {"uv": [12, 0], "uv_size": [0.5, 9]},
								"west": {"uv": [12, 9], "uv_size": [0.5, 9]},
								"up": {"uv": [19, 27], "uv_size": [0.5, 0.5]},
								"down": {"uv": [27, 19.5], "uv_size": [0.5, -0.5]}
							}
						},
						{
							"origin": [1.11891, -11.49653, -16.74999],
							"size": [0.1875, 9.09375, 1.125],
							"uv": {
								"east": {"uv": [0, 0], "uv_size": [1, 18]},
								"west": {"uv": [1, 0], "uv_size": [1, 18]},
								"up": {"uv": [12, 26], "uv_size": [0.5, 1]},
								"down": {"uv": [26, 13], "uv_size": [0.5, -1]}
							}
						},
						{
							"origin": [1.11891, -11.49653, -16.93749],
							"size": [0.1875, 9.09375, 0.1875],
							"uv": {
								"north": {"uv": [13, 0], "uv_size": [0.5, 9]},
								"east": {"uv": [13, 9], "uv_size": [0.5, 9]},
								"west": {"uv": [14, 0], "uv_size": [0.5, 9]},
								"up": {"uv": [20, 27], "uv_size": [0.5, 0.5]},
								"down": {"uv": [27, 20.5], "uv_size": [0.5, -0.5]}
							}
						},
						{
							"origin": [1.11891, -11.49653, -15.62499],
							"size": [0.1875, 9.09375, 0.1875],
							"uv": {
								"east": {"uv": [14, 9], "uv_size": [0.5, 9]},
								"south": {"uv": [15, 0], "uv_size": [0.5, 9]},
								"west": {"uv": [15, 9], "uv_size": [0.5, 9]},
								"up": {"uv": [21, 27], "uv_size": [0.5, 0.5]},
								"down": {"uv": [27, 21.5], "uv_size": [0.5, -0.5]}
							}
						},
						{
							"origin": [0.90016, -4.53958, -17.38464],
							"size": [1, 0.5, 0.5],
							"pivot": [0.90016, -1.96527, -19.45895],
							"rotation": [45, 0, 0],
							"uv": {
								"north": {"uv": [13, 26], "uv_size": [1, 0.5]},
								"east": {"uv": [22, 27], "uv_size": [0.5, 0.5]},
								"south": {"uv": [26, 13], "uv_size": [1, 0.5]},
								"west": {"uv": [27, 22], "uv_size": [0.5, 0.5]},
								"up": {"uv": [14, 26], "uv_size": [1, 0.5]},
								"down": {"uv": [15, 26.5], "uv_size": [1, -0.5]}
							}
						}
					]
				},
				{
					"name": "bone_illuminated",
					"parent": "l2",
					"pivot": [0, -9.125, -7.15625],
					"cubes": [
						{
							"origin": [1.29079, -11.18403, -16.45312],
							"size": [0.53125, 0.1875, 0.53125],
							"inflate": -0.001,
							"uv": {
								"north": {"uv": [13, 30], "uv_size": [0.5, 0.5]},
								"south": {"uv": [30, 13], "uv_size": [0.5, 0.5]},
								"west": {"uv": [14, 30], "uv_size": [0.5, 0.5]},
								"up": {"uv": [30, 14], "uv_size": [0.5, 0.5]},
								"down": {"uv": [15, 30.5], "uv_size": [0.5, -0.5]}
							}
						},
						{
							"origin": [1.29079, -2.68403, -16.45312],
							"size": [0.53125, 0.1875, 0.53125],
							"inflate": -0.001,
							"uv": {
								"north": {"uv": [13, 30], "uv_size": [0.5, 0.5]},
								"south": {"uv": [30, 13], "uv_size": [0.5, 0.5]},
								"west": {"uv": [14, 30], "uv_size": [0.5, 0.5]},
								"up": {"uv": [30, 14], "uv_size": [0.5, 0.5]},
								"down": {"uv": [15, 30.5], "uv_size": [0.5, -0.5]}
							}
						}
					]
				},
				{
					"name": "bone",
					"parent": "l2",
					"pivot": [1.78669, -12.74614, -19.8125],
					"cubes": [
						{
							"origin": [1.35329, -12.37153, -16.35937],
							"size": [0.375, 9.875, 0.375],
							"uv": {
								"north": {"uv": [4, 0], "uv_size": [0.5, 10]},
								"east": {"uv": [5, 0], "uv_size": [0.5, 10]},
								"south": {"uv": [6, 0], "uv_size": [0.5, 10]},
								"west": {"uv": [7, 0], "uv_size": [0.5, 10]}
							}
						},
						{
							"origin": [1.24391, -12.49653, -16.48437],
							"size": [0.625, 0.875, 0.625],
							"uv": {
								"north": {"uv": [6, 26], "uv_size": [0.5, 1]},
								"east": {"uv": [7, 26], "uv_size": [0.5, 1]},
								"south": {"uv": [8, 26], "uv_size": [0.5, 1]},
								"west": {"uv": [9, 26], "uv_size": [0.5, 1]},
								"up": {"uv": [27, 18], "uv_size": [0.5, 0.5]}
							}
						},
						{
							"origin": [1.03669, -12.80864, -16.54687],
							"size": [1.6875, 0.3125, 0.75],
							"pivot": [1.78669, -12.74614, -19.8125],
							"rotation": [0, 0, 30],
							"uv": {
								"north": {"uv": [25, 21], "uv_size": [1.5, 0.5]},
								"east": {"uv": [27, 13], "uv_size": [1, 0.5]},
								"south": {"uv": [22, 25], "uv_size": [1.5, 0.5]},
								"west": {"uv": [14, 27], "uv_size": [1, 0.5]},
								"up": {"uv": [20, 15], "uv_size": [1.5, 1]},
								"down": {"uv": [20, 17], "uv_size": [1.5, -1]}
							}
						},
						{
							"origin": [0.66169, -12.80864, -17.29687],
							"size": [2.4375, 0.375, 0.75],
							"pivot": [1.78669, -12.74614, -19.8125],
							"rotation": [0, 0, 30],
							"uv": {
								"north": {"uv": [22, 5], "uv_size": [2.5, 0.5]},
								"east": {"uv": [27, 12], "uv_size": [1, 0.5]},
								"south": {"uv": [22, 6], "uv_size": [2.5, 0.5]},
								"west": {"uv": [13, 27], "uv_size": [1, 0.5]},
								"up": {"uv": [19, 6], "uv_size": [2.5, 1]},
								"down": {"uv": [19, 8], "uv_size": [2.5, -1]}
							}
						},
						{
							"origin": [0.66169, -12.80864, -15.79687],
							"size": [2.4375, 0.375, 0.75],
							"pivot": [1.78669, -12.74614, -19.8125],
							"rotation": [0, 0, 30],
							"uv": {
								"north": {"uv": [6, 21], "uv_size": [2.5, 0.5]},
								"east": {"uv": [11, 26], "uv_size": [1, 0.5]},
								"south": {"uv": [9, 21], "uv_size": [2.5, 0.5]},
								"west": {"uv": [26, 11], "uv_size": [1, 0.5]},
								"up": {"uv": [15, 18], "uv_size": [2.5, 1]},
								"down": {"uv": [18, 19], "uv_size": [2.5, -1]}
							}
						}
					]
				},
				{
					"name": "l3",
					"parent": "bipod",
					"pivot": [-1.40016, -1.96527, -19.8027],
					"rotation": [0, 0, 22.5],
					"cubes": [
						{
							"origin": [-1.68141, -5.21766, -18.06272],
							"size": [0.375, 0.88389, 0.88388],
							"inflate": -0.001,
							"pivot": [-0.90016, -1.96527, -19.45895],
							"rotation": [45, 0, 0],
							"uv": {
								"north": {"uv": [16, 26], "uv_size": [0.5, 1]},
								"east": {"uv": [12, 22], "uv_size": [1, 1]},
								"south": {"uv": [17, 26], "uv_size": [0.5, 1]},
								"west": {"uv": [13, 22], "uv_size": [1, 1]},
								"down": {"uv": [26, 18], "uv_size": [0.5, -1]}
							}
						},
						{
							"origin": [-1.68141, -2.62544, -16.76206],
							"size": [0.37499, 0.88388, 0.88388],
							"inflate": -0.001,
							"pivot": [-0.16002, -1.7392, -16.88665],
							"rotation": [45, 0, 0],
							"uv": {
								"north": {"uv": [18, 26], "uv_size": [0.5, 1]},
								"east": {"uv": [14, 22], "uv_size": [1, 1]},
								"south": {"uv": [26, 18], "uv_size": [0.5, 1]},
								"west": {"uv": [22, 14], "uv_size": [1, 1]},
								"up": {"uv": [19, 26], "uv_size": [0.5, 1]}
							}
						},
						{
							"origin": [-1.80641, -4.74653, -16.43749],
							"size": [0.5, 2.6875, 0.5],
							"inflate": -0.001,
							"uv": {
								"north": {"uv": [8, 10], "uv_size": [0.5, 9.5]},
								"east": {"uv": [9, 10], "uv_size": [0.5, 9.5]},
								"south": {"uv": [10, 10], "uv_size": [0.5, 9.5]},
								"up": {"uv": [23, 27], "uv_size": [0.5, 0.5]},
								"down": {"uv": [27, 23.5], "uv_size": [0.5, -0.5]}
							}
						},
						{
							"origin": [-1.80641, -10.55903, -16.43749],
							"size": [0.5, 5.8125, 0.125],
							"inflate": -0.001,
							"uv": {
								"north": {"uv": [8, 10], "uv_size": [0.5, 9.5]},
								"east": {"uv": [9, 10], "uv_size": [0.5, 9.5]},
								"south": {"uv": [10, 10], "uv_size": [0.5, 9.5]},
								"up": {"uv": [23, 27], "uv_size": [0.5, 0.5]},
								"down": {"uv": [27, 23.5], "uv_size": [0.5, -0.5]}
							}
						},
						{
							"origin": [-1.80641, -10.55903, -16.06249],
							"size": [0.5, 5.8125, 0.125],
							"inflate": -0.001,
							"uv": {
								"north": {"uv": [8, 10], "uv_size": [0.5, 9.5]},
								"east": {"uv": [9, 10], "uv_size": [0.5, 9.5]},
								"south": {"uv": [10, 10], "uv_size": [0.5, 9.5]},
								"up": {"uv": [23, 27], "uv_size": [0.5, 0.5]},
								"down": {"uv": [27, 23.5], "uv_size": [0.5, -0.5]}
							}
						},
						{
							"origin": [-1.80641, -11.49653, -16.43749],
							"size": [0.5, 0.9375, 0.5],
							"inflate": -0.001,
							"uv": {
								"north": {"uv": [8, 10], "uv_size": [0.5, 9.5]},
								"east": {"uv": [9, 10], "uv_size": [0.5, 9.5]},
								"south": {"uv": [10, 10], "uv_size": [0.5, 9.5]},
								"up": {"uv": [23, 27], "uv_size": [0.5, 0.5]},
								"down": {"uv": [27, 23.5], "uv_size": [0.5, -0.5]}
							}
						},
						{
							"origin": [-1.68141, -2.65277, -16.79687],
							"size": [0.375, 1, 1.25],
							"uv": {
								"north": {"uv": [23, 26], "uv_size": [0.5, 1]},
								"east": {"uv": [20, 0], "uv_size": [1.5, 1]},
								"south": {"uv": [24, 26], "uv_size": [0.5, 1]},
								"west": {"uv": [20, 1], "uv_size": [1.5, 1]},
								"up": {"uv": [12, 23], "uv_size": [0.5, 1.5]},
								"down": {"uv": [13, 24.5], "uv_size": [0.5, -1.5]}
							}
						},
						{
							"origin": [-1.68141, -1.65277, -16.48437],
							"size": [0.375, 1, 0.625],
							"uv": {
								"north": {"uv": [16, 0], "uv_size": [0.5, 9]},
								"east": {"uv": [16, 9], "uv_size": [0.5, 9]},
								"south": {"uv": [17, 0], "uv_size": [0.5, 9]},
								"west": {"uv": [17, 9], "uv_size": [0.5, 9]},
								"up": {"uv": [27, 24], "uv_size": [0.5, 0.5]},
								"down": {"uv": [25, 27.5], "uv_size": [0.5, -0.5]}
							}
						},
						{
							"origin": [-1.30641, -11.49653, -16.74999],
							"size": [0.1875, 9.09375, 1.125],
							"uv": {
								"east": {"uv": [2, 0], "uv_size": [1, 18]},
								"west": {"uv": [3, 0], "uv_size": [1, 18]},
								"up": {"uv": [25, 26], "uv_size": [0.5, 1]},
								"down": {"uv": [26, 26], "uv_size": [0.5, -1]}
							}
						},
						{
							"origin": [-1.30641, -11.49653, -16.93749],
							"size": [0.1875, 9.09375, 0.1875],
							"uv": {
								"north": {"uv": [0, 18], "uv_size": [0.5, 9]},
								"east": {"uv": [18, 0], "uv_size": [0.5, 9]},
								"west": {"uv": [1, 18], "uv_size": [0.5, 9]},
								"up": {"uv": [27, 25], "uv_size": [0.5, 0.5]},
								"down": {"uv": [26, 27.5], "uv_size": [0.5, -0.5]}
							}
						},
						{
							"origin": [-1.30641, -11.49653, -15.62499],
							"size": [0.1875, 9.09375, 0.1875],
							"uv": {
								"east": {"uv": [2, 18], "uv_size": [0.5, 9]},
								"south": {"uv": [3, 18], "uv_size": [0.5, 9]},
								"west": {"uv": [18, 9], "uv_size": [0.5, 9]},
								"up": {"uv": [27, 26], "uv_size": [0.5, 0.5]},
								"down": {"uv": [27, 27.5], "uv_size": [0.5, -0.5]}
							}
						},
						{
							"origin": [-1.90016, -4.53958, -17.38464],
							"size": [1, 0.5, 0.5],
							"pivot": [-0.90016, -1.96527, -19.45895],
							"rotation": [45, 0, 0],
							"uv": {
								"north": {"uv": [26, 26], "uv_size": [1, 0.5]},
								"east": {"uv": [0, 28], "uv_size": [0.5, 0.5]},
								"south": {"uv": [0, 27], "uv_size": [1, 0.5]},
								"west": {"uv": [28, 0], "uv_size": [0.5, 0.5]},
								"up": {"uv": [27, 0], "uv_size": [1, 0.5]},
								"down": {"uv": [1, 27.5], "uv_size": [1, -0.5]}
							}
						}
					]
				},
				{
					"name": "bon2e_illuminated",
					"parent": "l3",
					"pivot": [0, -9.125, -7.15625],
					"cubes": [
						{
							"origin": [-1.82203, -11.18403, -16.45312],
							"size": [0.53125, 0.1875, 0.53125],
							"inflate": -0.001,
							"uv": {
								"north": {"uv": [30, 15], "uv_size": [0.5, 0.5]},
								"east": {"uv": [16, 30], "uv_size": [0.5, 0.5]},
								"south": {"uv": [30, 16], "uv_size": [0.5, 0.5]},
								"up": {"uv": [17, 30], "uv_size": [0.5, 0.5]},
								"down": {"uv": [30, 17.5], "uv_size": [0.5, -0.5]}
							}
						},
						{
							"origin": [-1.82203, -2.68403, -16.45312],
							"size": [0.53125, 0.1875, 0.53125],
							"inflate": -0.001,
							"uv": {
								"north": {"uv": [30, 15], "uv_size": [0.5, 0.5]},
								"east": {"uv": [16, 30], "uv_size": [0.5, 0.5]},
								"south": {"uv": [30, 16], "uv_size": [0.5, 0.5]},
								"up": {"uv": [17, 30], "uv_size": [0.5, 0.5]},
								"down": {"uv": [30, 17.5], "uv_size": [0.5, -0.5]}
							}
						}
					]
				},
				{
					"name": "bone2",
					"parent": "l3",
					"pivot": [0, -9.125, -7.15625],
					"cubes": [
						{
							"origin": [-3.09919, -12.80864, -17.29687],
							"size": [2.4375, 0.375, 0.75],
							"pivot": [-1.78669, -12.74614, -19.8125],
							"rotation": [0, 0, -30],
							"uv": {
								"north": {"uv": [22, 7], "uv_size": [2.5, 0.5]},
								"east": {"uv": [27, 14], "uv_size": [1, 0.5]},
								"south": {"uv": [8, 22], "uv_size": [2.5, 0.5]},
								"west": {"uv": [15, 27], "uv_size": [1, 0.5]},
								"up": {"uv": [19, 8], "uv_size": [2.5, 1]},
								"down": {"uv": [19, 10], "uv_size": [2.5, -1]}
							}
						},
						{
							"origin": [-2.72419, -12.80864, -16.54687],
							"size": [1.6875, 0.3125, 0.75],
							"pivot": [-1.78669, -12.74614, -19.8125],
							"rotation": [0, 0, -30],
							"uv": {
								"north": {"uv": [25, 22], "uv_size": [1.5, 0.5]},
								"east": {"uv": [27, 15], "uv_size": [1, 0.5]},
								"south": {"uv": [25, 23], "uv_size": [1.5, 0.5]},
								"west": {"uv": [16, 27], "uv_size": [1, 0.5]},
								"up": {"uv": [17, 20], "uv_size": [1.5, 1]},
								"down": {"uv": [20, 18], "uv_size": [1.5, -1]}
							}
						},
						{
							"origin": [-3.09919, -12.80864, -15.79687],
							"size": [2.4375, 0.375, 0.75],
							"pivot": [-1.78669, -12.74614, -19.8125],
							"rotation": [0, 0, -30],
							"uv": {
								"north": {"uv": [22, 8], "uv_size": [2.5, 0.5]},
								"east": {"uv": [27, 16], "uv_size": [1, 0.5]},
								"south": {"uv": [22, 9], "uv_size": [2.5, 0.5]},
								"west": {"uv": [17, 27], "uv_size": [1, 0.5]},
								"up": {"uv": [19, 10], "uv_size": [2.5, 1]},
								"down": {"uv": [19, 12], "uv_size": [2.5, -1]}
							}
						},
						{
							"origin": [-1.86891, -12.49653, -16.48437],
							"size": [0.625, 0.875, 0.625],
							"uv": {
								"north": {"uv": [26, 19], "uv_size": [0.5, 1]},
								"east": {"uv": [20, 26], "uv_size": [0.5, 1]},
								"south": {"uv": [21, 26], "uv_size": [0.5, 1]},
								"west": {"uv": [22, 26], "uv_size": [0.5, 1]},
								"up": {"uv": [24, 27], "uv_size": [0.5, 0.5]}
							}
						},
						{
							"origin": [-1.72829, -12.37153, -16.35937],
							"size": [0.375, 9.875, 0.375],
							"uv": {
								"north": {"uv": [8, 0], "uv_size": [0.5, 10]},
								"east": {"uv": [9, 0], "uv_size": [0.5, 10]},
								"south": {"uv": [10, 0], "uv_size": [0.5, 10]},
								"west": {"uv": [4, 10], "uv_size": [0.5, 10]}
							}
						}
					]
				},
				{
					"name": "mid",
					"parent": "bipod",
					"pivot": [0, -1.2972, -19.93973],
					"cubes": [
						{
							"origin": [0.64248, -2.40012, -16.57812],
							"size": [0.28702, 1.8125, 0.8125],
							"pivot": [1.24793, -1.12001, -16.17187],
							"rotation": [0, 0, -22.5],
							"uv": {
								"north": {"uv": [15, 22], "uv_size": [0.5, 2]},
								"east": {"uv": [19, 14], "uv_size": [1, 2]},
								"south": {"uv": [22, 15], "uv_size": [0.5, 2]},
								"west": {"uv": [15, 19], "uv_size": [1, 2]},
								"down": {"uv": [27, 2], "uv_size": [0.5, -1]}
							}
						},
						{
							"origin": [-0.75, -1.5, -16.57812],
							"size": [1.5, 0.75, 0.8125],
							"uv": {
								"north": {"uv": [20, 2], "uv_size": [1.5, 1]},
								"south": {"uv": [20, 3], "uv_size": [1.5, 1]},
								"up": {"uv": [4, 20], "uv_size": [1.5, 1]},
								"down": {"uv": [20, 5], "uv_size": [1.5, -1]}
							}
						},
						{
							"origin": [-0.625, -1.34375, -16.85937],
							"size": [1.25, 0.75, 0.1875],
							"uv": {
								"north": {"uv": [20, 5], "uv_size": [1.5, 1]},
								"east": {"uv": [2, 27], "uv_size": [0.5, 1]},
								"south": {"uv": [6, 20], "uv_size": [1.5, 1]},
								"west": {"uv": [27, 2], "uv_size": [0.5, 1]},
								"up": {"uv": [23, 3], "uv_size": [1.5, 0.5]}
							}
						},
						{
							"origin": [-0.53033, -1.56343, -16.85937],
							"size": [1.06066, 0.21968, 0.1875],
							"uv": {
								"north": {"uv": [27, 4], "uv_size": [1, 0.5]},
								"south": {"uv": [5, 27], "uv_size": [1, 0.5]},
								"down": {"uv": [27, 5.5], "uv_size": [1, -0.5]}
							}
						},
						{
							"origin": [-0.53033, -1.56343, -15.67187],
							"size": [1.06066, 0.21968, 0.1875],
							"uv": {
								"north": {"uv": [6, 27], "uv_size": [1, 0.5]},
								"south": {"uv": [27, 6], "uv_size": [1, 0.5]},
								"down": {"uv": [7, 27.5], "uv_size": [1, -0.5]}
							}
						},
						{
							"origin": [-0.57452, -1.89239, -16.85937],
							"size": [0.31066, 0.31066, 0.1875],
							"pivot": [0, -1.40625, -16.85937],
							"rotation": [0, 0, 45],
							"uv": {
								"north": {"uv": [1, 28], "uv_size": [0.5, 0.5]},
								"east": {"uv": [28, 1], "uv_size": [0.5, 0.5]},
								"south": {"uv": [2, 28], "uv_size": [0.5, 0.5]},
								"west": {"uv": [28, 2], "uv_size": [0.5, 0.5]},
								"up": {"uv": [3, 28], "uv_size": [0.5, 0.5]},
								"down": {"uv": [28, 3.5], "uv_size": [0.5, -0.5]}
							}
						},
						{
							"origin": [-0.1875, -1.25, -16.92187],
							"size": [0.375, 0.375, 1.51563],
							"pivot": [0, -1.0625, -3.56249],
							"rotation": [0, 0, -45],
							"uv": {
								"north": {"uv": [4, 28], "uv_size": [0.5, 0.5]},
								"east": {"uv": [23, 14], "uv_size": [1.5, 0.5]},
								"south": {"uv": [28, 4], "uv_size": [0.5, 0.5]},
								"west": {"uv": [23, 15], "uv_size": [1.5, 0.5]},
								"up": {"uv": [14, 23], "uv_size": [0.5, 1.5]},
								"down": {"uv": [20, 24.5], "uv_size": [0.5, -1.5]}
							}
						},
						{
							"origin": [-0.48614, -1.14239, -15.67187],
							"size": [0.31066, 0.31066, 0.1875],
							"pivot": [0, -1.40625, -17.35937],
							"rotation": [0, 0, -45],
							"uv": {
								"north": {"uv": [5, 28], "uv_size": [0.5, 0.5]},
								"east": {"uv": [28, 5], "uv_size": [0.5, 0.5]},
								"south": {"uv": [6, 28], "uv_size": [0.5, 0.5]},
								"west": {"uv": [28, 6], "uv_size": [0.5, 0.5]},
								"up": {"uv": [7, 28], "uv_size": [0.5, 0.5]},
								"down": {"uv": [28, 7.5], "uv_size": [0.5, -0.5]}
							}
						},
						{
							"origin": [0.17548, -1.14239, -15.67187],
							"size": [0.31066, 0.31066, 0.1875],
							"pivot": [0, -1.40625, -17.35937],
							"rotation": [0, 0, 45],
							"uv": {
								"north": {"uv": [13, 28], "uv_size": [0.5, 0.5]},
								"east": {"uv": [28, 13], "uv_size": [0.5, 0.5]},
								"south": {"uv": [14, 28], "uv_size": [0.5, 0.5]},
								"west": {"uv": [28, 14], "uv_size": [0.5, 0.5]},
								"up": {"uv": [15, 28], "uv_size": [0.5, 0.5]},
								"down": {"uv": [28, 15.5], "uv_size": [0.5, -0.5]}
							}
						},
						{
							"origin": [0.26386, -1.89239, -16.85937],
							"size": [0.31066, 0.31066, 0.1875],
							"pivot": [0, -1.40625, -16.85937],
							"rotation": [0, 0, -45],
							"uv": {
								"north": {"uv": [10, 28], "uv_size": [0.5, 0.5]},
								"east": {"uv": [28, 10], "uv_size": [0.5, 0.5]},
								"south": {"uv": [11, 28], "uv_size": [0.5, 0.5]},
								"west": {"uv": [28, 11], "uv_size": [0.5, 0.5]},
								"up": {"uv": [12, 28], "uv_size": [0.5, 0.5]},
								"down": {"uv": [28, 12.5], "uv_size": [0.5, -0.5]}
							}
						},
						{
							"origin": [-0.9295, -2.40012, -16.57812],
							"size": [0.28702, 1.8125, 0.8125],
							"pivot": [-1.24793, -1.12001, -16.17187],
							"rotation": [0, 0, 22.5],
							"uv": {
								"north": {"uv": [16, 22], "uv_size": [0.5, 2]},
								"east": {"uv": [16, 19], "uv_size": [1, 2]},
								"south": {"uv": [17, 22], "uv_size": [0.5, 2]},
								"west": {"uv": [19, 16], "uv_size": [1, 2]},
								"down": {"uv": [3, 28], "uv_size": [0.5, -1]}
							}
						},
						{
							"origin": [0.6434, -2.40073, -16.34374],
							"size": [0.28702, 1.8125, 0.34375],
							"inflate": 0.002,
							"pivot": [1.24885, -1.12062, -16.17187],
							"rotation": [0, 0, -22.5],
							"uv": {
								"north": {"uv": [7, 23], "uv_size": [0.5, 2]},
								"east": {"uv": [8, 23], "uv_size": [0.5, 2]},
								"south": {"uv": [9, 23], "uv_size": [0.5, 2]},
								"west": {"uv": [10, 23], "uv_size": [0.5, 2]},
								"down": {"uv": [30, 18.5], "uv_size": [0.5, -0.5]}
							}
						},
						{
							"origin": [-0.75, -1.5, -16.34374],
							"size": [1.5, 0.75, 0.34375],
							"inflate": 0.002,
							"uv": {
								"north": {"uv": [19, 20], "uv_size": [1.5, 1]},
								"south": {"uv": [4, 21], "uv_size": [1.5, 1]},
								"up": {"uv": [24, 25], "uv_size": [1.5, 0.5]},
								"down": {"uv": [25, 24.5], "uv_size": [1.5, -0.5]}
							}
						},
						{
							"origin": [-0.93042, -2.40073, -16.34374],
							"size": [0.28702, 1.8125, 0.34375],
							"inflate": 0.002,
							"pivot": [-1.24885, -1.12062, -16.17187],
							"rotation": [0, 0, 22.5],
							"uv": {
								"north": {"uv": [22, 22], "uv_size": [0.5, 2]},
								"east": {"uv": [23, 1], "uv_size": [0.5, 2]},
								"south": {"uv": [5, 23], "uv_size": [0.5, 2]},
								"west": {"uv": [6, 23], "uv_size": [0.5, 2]},
								"down": {"uv": [18, 30.5], "uv_size": [0.5, -0.5]}
							}
						},
						{
							"origin": [-0.625, -1.34375, -15.67187],
							"size": [1.25, 0.75, 0.1875],
							"uv": {
								"north": {"uv": [8, 20], "uv_size": [1.5, 1]},
								"east": {"uv": [27, 3], "uv_size": [0.5, 1]},
								"south": {"uv": [20, 14], "uv_size": [1.5, 1]},
								"west": {"uv": [4, 27], "uv_size": [0.5, 1]},
								"up": {"uv": [23, 16], "uv_size": [1.5, 0.5]}
							}
						},
						{
							"origin": [-0.625, -0.59375, -16.85937],
							"size": [1.25, 0.125, 1.375],
							"uv": {
								"north": {"uv": [23, 20], "uv_size": [1.5, 0.5]},
								"east": {"uv": [23, 21], "uv_size": [1.5, 0.5]},
								"south": {"uv": [23, 22], "uv_size": [1.5, 0.5]},
								"west": {"uv": [23, 23], "uv_size": [1.5, 0.5]},
								"up": {"uv": [19, 12], "uv_size": [1.5, 1.5]}
							}
						},
						{
							"origin": [-0.625, -0.34375, -17.29687],
							"size": [1.25, 0.25, 2.25],
							"uv": {
								"north": {"uv": [24, 1], "uv_size": [1.5, 0.5]},
								"east": {"uv": [12, 21], "uv_size": [2.5, 0.5]},
								"south": {"uv": [24, 2], "uv_size": [1.5, 0.5]},
								"west": {"uv": [21, 12], "uv_size": [2.5, 0.5]},
								"up": {"uv": [11, 18], "uv_size": [1.5, 2.5]},
								"down": {"uv": [13, 20.5], "uv_size": [1.5, -2.5]}
							}
						},
						{
							"origin": [-0.67188, -0.375, -15.43749],
							"size": [0.125, 0.29688, 0.84375],
							"uv": {
								"north": {"uv": [12, 30], "uv_size": [0.5, 0.5]},
								"east": {"uv": [27, 10], "uv_size": [1, 0.5]},
								"south": {"uv": [30, 12], "uv_size": [0.5, 0.5]},
								"west": {"uv": [11, 27], "uv_size": [1, 0.5]},
								"up": {"uv": [27, 11], "uv_size": [0.5, 1]},
								"down": {"uv": [12, 28], "uv_size": [0.5, -1]}
							}
						},
						{
							"origin": [-0.68751, -0.375, -14.93749],
							"size": [0.01563, 0.29688, 0.07813],
							"uv": {
								"north": {"uv": [9, 30], "uv_size": [0.5, 0.5]},
								"east": {"uv": [30, 9], "uv_size": [0.5, 0.5]},
								"south": {"uv": [10, 30], "uv_size": [0.5, 0.5]},
								"west": {"uv": [30, 10], "uv_size": [0.5, 0.5]},
								"up": {"uv": [11, 30], "uv_size": [0.5, 0.5]},
								"down": {"uv": [30, 11.5], "uv_size": [0.5, -0.5]}
							}
						},
						{
							"origin": [-0.68751, -0.375, -14.68749],
							"size": [0.01563, 0.29688, 0.07813],
							"uv": {
								"north": {"uv": [6, 30], "uv_size": [0.5, 0.5]},
								"east": {"uv": [30, 6], "uv_size": [0.5, 0.5]},
								"south": {"uv": [7, 30], "uv_size": [0.5, 0.5]},
								"west": {"uv": [30, 7], "uv_size": [0.5, 0.5]},
								"up": {"uv": [8, 30], "uv_size": [0.5, 0.5]},
								"down": {"uv": [30, 8.5], "uv_size": [0.5, -0.5]}
							}
						},
						{
							"origin": [-0.68751, -0.375, -14.81249],
							"size": [0.01563, 0.29688, 0.07813],
							"uv": {
								"north": {"uv": [3, 30], "uv_size": [0.5, 0.5]},
								"east": {"uv": [30, 3], "uv_size": [0.5, 0.5]},
								"south": {"uv": [4, 30], "uv_size": [0.5, 0.5]},
								"west": {"uv": [30, 4], "uv_size": [0.5, 0.5]},
								"up": {"uv": [5, 30], "uv_size": [0.5, 0.5]},
								"down": {"uv": [30, 5.5], "uv_size": [0.5, -0.5]}
							}
						},
						{
							"origin": [-0.68751, -0.375, -15.06249],
							"size": [0.01563, 0.29688, 0.07813],
							"uv": {
								"north": {"uv": [0, 30], "uv_size": [0.5, 0.5]},
								"east": {"uv": [30, 0], "uv_size": [0.5, 0.5]},
								"south": {"uv": [1, 30], "uv_size": [0.5, 0.5]},
								"west": {"uv": [30, 1], "uv_size": [0.5, 0.5]},
								"up": {"uv": [2, 30], "uv_size": [0.5, 0.5]},
								"down": {"uv": [30, 2.5], "uv_size": [0.5, -0.5]}
							}
						},
						{
							"origin": [-0.68751, -0.375, -15.43749],
							"size": [0.01563, 0.29688, 0.32813],
							"uv": {
								"north": {"uv": [29, 26], "uv_size": [0.5, 0.5]},
								"east": {"uv": [27, 29], "uv_size": [0.5, 0.5]},
								"south": {"uv": [29, 27], "uv_size": [0.5, 0.5]},
								"west": {"uv": [28, 29], "uv_size": [0.5, 0.5]},
								"up": {"uv": [29, 28], "uv_size": [0.5, 0.5]},
								"down": {"uv": [29, 29.5], "uv_size": [0.5, -0.5]}
							}
						},
						{
							"origin": [0.67188, -0.375, -14.93749],
							"size": [0.01563, 0.29688, 0.07813],
							"uv": {
								"north": {"uv": [29, 23], "uv_size": [0.5, 0.5]},
								"east": {"uv": [24, 29], "uv_size": [0.5, 0.5]},
								"south": {"uv": [29, 24], "uv_size": [0.5, 0.5]},
								"west": {"uv": [25, 29], "uv_size": [0.5, 0.5]},
								"up": {"uv": [29, 25], "uv_size": [0.5, 0.5]},
								"down": {"uv": [26, 29.5], "uv_size": [0.5, -0.5]}
							}
						},
						{
							"origin": [0.67188, -0.375, -14.68749],
							"size": [0.01563, 0.29688, 0.07813],
							"uv": {
								"north": {"uv": [29, 20], "uv_size": [0.5, 0.5]},
								"east": {"uv": [21, 29], "uv_size": [0.5, 0.5]},
								"south": {"uv": [29, 21], "uv_size": [0.5, 0.5]},
								"west": {"uv": [22, 29], "uv_size": [0.5, 0.5]},
								"up": {"uv": [29, 22], "uv_size": [0.5, 0.5]},
								"down": {"uv": [23, 29.5], "uv_size": [0.5, -0.5]}
							}
						},
						{
							"origin": [0.54688, -0.375, -15.43749],
							"size": [0.125, 0.29688, 0.84375],
							"uv": {
								"north": {"uv": [29, 19], "uv_size": [0.5, 0.5]},
								"east": {"uv": [27, 8], "uv_size": [1, 0.5]},
								"south": {"uv": [20, 29], "uv_size": [0.5, 0.5]},
								"west": {"uv": [9, 27], "uv_size": [1, 0.5]},
								"up": {"uv": [27, 9], "uv_size": [0.5, 1]},
								"down": {"uv": [10, 28], "uv_size": [0.5, -1]}
							}
						},
						{
							"origin": [0.67188, -0.375, -14.81249],
							"size": [0.01563, 0.29688, 0.07813],
							"uv": {
								"north": {"uv": [29, 16], "uv_size": [0.5, 0.5]},
								"east": {"uv": [17, 29], "uv_size": [0.5, 0.5]},
								"south": {"uv": [29, 17], "uv_size": [0.5, 0.5]},
								"west": {"uv": [18, 29], "uv_size": [0.5, 0.5]},
								"up": {"uv": [29, 18], "uv_size": [0.5, 0.5]},
								"down": {"uv": [19, 29.5], "uv_size": [0.5, -0.5]}
							}
						},
						{
							"origin": [0.67188, -0.375, -15.06249],
							"size": [0.01563, 0.29688, 0.07813],
							"uv": {
								"north": {"uv": [29, 13], "uv_size": [0.5, 0.5]},
								"east": {"uv": [14, 29], "uv_size": [0.5, 0.5]},
								"south": {"uv": [29, 14], "uv_size": [0.5, 0.5]},
								"west": {"uv": [15, 29], "uv_size": [0.5, 0.5]},
								"up": {"uv": [29, 15], "uv_size": [0.5, 0.5]},
								"down": {"uv": [16, 29.5], "uv_size": [0.5, -0.5]}
							}
						},
						{
							"origin": [0.67188, -0.375, -15.43749],
							"size": [0.01563, 0.29688, 0.32813],
							"uv": {
								"north": {"uv": [29, 10], "uv_size": [0.5, 0.5]},
								"east": {"uv": [11, 29], "uv_size": [0.5, 0.5]},
								"south": {"uv": [29, 11], "uv_size": [0.5, 0.5]},
								"west": {"uv": [12, 29], "uv_size": [0.5, 0.5]},
								"up": {"uv": [29, 12], "uv_size": [0.5, 0.5]},
								"down": {"uv": [13, 29.5], "uv_size": [0.5, -0.5]}
							}
						},
						{
							"origin": [-0.65402, 0.08709, -15.88912],
							"size": [1.30804, 0.19892, 0.08239],
							"pivot": [0.01635, 0.12501, -16.55289],
							"rotation": [-22.5, 0, 0],
							"uv": {
								"north": {"uv": [25, 3], "uv_size": [1.5, 0.5]},
								"east": {"uv": [29, 5], "uv_size": [0.5, 0.5]},
								"south": {"uv": [4, 25], "uv_size": [1.5, 0.5]},
								"west": {"uv": [6, 29], "uv_size": [0.5, 0.5]},
								"up": {"uv": [25, 4], "uv_size": [1.5, 0.5]},
								"down": {"uv": [25, 5.5], "uv_size": [1.5, -0.5]}
							}
						},
						{
							"origin": [-0.65402, -0.42942, -16.05208],
							"size": [1.30804, 0.19892, 0.08239],
							"pivot": [0.01635, 0.12501, -16.55289],
							"rotation": [22.5, 0, 0],
							"uv": {
								"north": {"uv": [24, 19], "uv_size": [1.5, 0.5]},
								"east": {"uv": [29, 4], "uv_size": [0.5, 0.5]},
								"south": {"uv": [21, 24], "uv_size": [1.5, 0.5]},
								"west": {"uv": [5, 29], "uv_size": [0.5, 0.5]},
								"up": {"uv": [23, 24], "uv_size": [1.5, 0.5]},
								"down": {"uv": [25, 0.5], "uv_size": [1.5, -0.5]}
							}
						},
						{
							"origin": [-0.65402, 0.14536, -15.94737],
							"size": [1.30804, 0.08239, 0.19892],
							"pivot": [0.01635, 0.12501, -16.55289],
							"rotation": [-22.5, 0, 0],
							"uv": {
								"north": {"uv": [15, 24], "uv_size": [1.5, 0.5]},
								"east": {"uv": [29, 3], "uv_size": [0.5, 0.5]},
								"south": {"uv": [17, 24], "uv_size": [1.5, 0.5]},
								"west": {"uv": [4, 29], "uv_size": [0.5, 0.5]},
								"up": {"uv": [24, 17], "uv_size": [1.5, 0.5]},
								"down": {"uv": [24, 18.5], "uv_size": [1.5, -0.5]}
							}
						},
						{
							"origin": [-0.65402, -0.37116, -16.11033],
							"size": [1.30804, 0.08239, 0.19892],
							"pivot": [0.01635, 0.12501, -16.55289],
							"rotation": [22.5, 0, 0],
							"uv": {
								"north": {"uv": [24, 10], "uv_size": [1.5, 0.5]},
								"east": {"uv": [29, 2], "uv_size": [0.5, 0.5]},
								"south": {"uv": [24, 11], "uv_size": [1.5, 0.5]},
								"west": {"uv": [3, 29], "uv_size": [0.5, 0.5]},
								"up": {"uv": [24, 12], "uv_size": [1.5, 0.5]},
								"down": {"uv": [24, 13.5], "uv_size": [1.5, -0.5]}
							}
						},
						{
							"origin": [-0.65402, -0.37116, -16.98533],
							"size": [1.30804, 0.08239, 0.19892],
							"pivot": [0.01635, 0.12501, -17.42789],
							"rotation": [22.5, 0, 0],
							"uv": {
								"north": {"uv": [25, 16], "uv_size": [1.5, 0.5]},
								"east": {"uv": [29, 9], "uv_size": [0.5, 0.5]},
								"south": {"uv": [18, 25], "uv_size": [1.5, 0.5]},
								"west": {"uv": [10, 29], "uv_size": [0.5, 0.5]},
								"up": {"uv": [20, 25], "uv_size": [1.5, 0.5]},
								"down": {"uv": [25, 20.5], "uv_size": [1.5, -0.5]}
							}
						},
						{
							"origin": [-0.65402, 0.14536, -16.82237],
							"size": [1.30804, 0.08239, 0.19892],
							"pivot": [0.01635, 0.12501, -17.42789],
							"rotation": [-22.5, 0, 0],
							"uv": {
								"north": {"uv": [14, 25], "uv_size": [1.5, 0.5]},
								"east": {"uv": [29, 8], "uv_size": [0.5, 0.5]},
								"south": {"uv": [25, 14], "uv_size": [1.5, 0.5]},
								"west": {"uv": [9, 29], "uv_size": [0.5, 0.5]},
								"up": {"uv": [25, 15], "uv_size": [1.5, 0.5]},
								"down": {"uv": [16, 25.5], "uv_size": [1.5, -0.5]}
							}
						},
						{
							"origin": [-0.65402, -0.42942, -16.92708],
							"size": [1.30804, 0.19892, 0.08239],
							"pivot": [0.01635, 0.12501, -17.42789],
							"rotation": [22.5, 0, 0],
							"uv": {
								"north": {"uv": [25, 8], "uv_size": [1.5, 0.5]},
								"east": {"uv": [29, 7], "uv_size": [0.5, 0.5]},
								"south": {"uv": [25, 9], "uv_size": [1.5, 0.5]},
								"west": {"uv": [8, 29], "uv_size": [0.5, 0.5]},
								"up": {"uv": [10, 25], "uv_size": [1.5, 0.5]},
								"down": {"uv": [12, 25.5], "uv_size": [1.5, -0.5]}
							}
						},
						{
							"origin": [-0.65402, 0.08709, -16.76412],
							"size": [1.30804, 0.19892, 0.08239],
							"pivot": [0.01635, 0.12501, -17.42789],
							"rotation": [-22.5, 0, 0],
							"uv": {
								"north": {"uv": [6, 25], "uv_size": [1.5, 0.5]},
								"east": {"uv": [29, 6], "uv_size": [0.5, 0.5]},
								"south": {"uv": [25, 6], "uv_size": [1.5, 0.5]},
								"west": {"uv": [7, 29], "uv_size": [0.5, 0.5]},
								"up": {"uv": [25, 7], "uv_size": [1.5, 0.5]},
								"down": {"uv": [8, 25.5], "uv_size": [1.5, -0.5]}
							}
						},
						{
							"origin": [-0.53661, -0.43214, -17.29687],
							"size": [1.07322, 0.21339, 2.25],
							"uv": {
								"north": {"uv": [27, 7], "uv_size": [1, 0.5]},
								"east": {"uv": [22, 4], "uv_size": [2.5, 0.5]},
								"south": {"uv": [8, 27], "uv_size": [1, 0.5]},
								"west": {"uv": [5, 22], "uv_size": [2.5, 0.5]},
								"up": {"uv": [19, 0], "uv_size": [1, 2.5]},
								"down": {"uv": [19, 5.5], "uv_size": [1, -2.5]}
							}
						},
						{
							"origin": [-0.22411, -0.68214, -16.39062],
							"size": [0.44822, 0.46339, 0.4375],
							"uv": {
								"north": {"uv": [18, 28], "uv_size": [0.5, 0.5]},
								"east": {"uv": [28, 18], "uv_size": [0.5, 0.5]},
								"south": {"uv": [19, 28], "uv_size": [0.5, 0.5]},
								"west": {"uv": [28, 19], "uv_size": [0.5, 0.5]},
								"up": {"uv": [20, 28], "uv_size": [0.5, 0.5]},
								"down": {"uv": [28, 20.5], "uv_size": [0.5, -0.5]}
							}
						},
						{
							"origin": [6.66379, 1.58805, -17.29687],
							"size": [0.125, 0.125, 2.25],
							"pivot": [6.03879, -6.8182, -3.51562],
							"rotation": [0, 0, -45],
							"uv": {
								"north": {"uv": [16, 28], "uv_size": [0.5, 0.5]},
								"east": {"uv": [21, 13], "uv_size": [2.5, 0.5]},
								"south": {"uv": [28, 16], "uv_size": [0.5, 0.5]},
								"west": {"uv": [15, 21], "uv_size": [2.5, 0.5]},
								"up": {"uv": [18, 21], "uv_size": [0.5, 2.5]},
								"down": {"uv": [21, 20.5], "uv_size": [0.5, -2.5]}
							}
						},
						{
							"origin": [-6.78879, 1.58805, -17.29687],
							"size": [0.125, 0.125, 2.25],
							"pivot": [-6.03879, -6.8182, -3.51562],
							"rotation": [0, 0, 45],
							"uv": {
								"north": {"uv": [17, 28], "uv_size": [0.5, 0.5]},
								"east": {"uv": [19, 21], "uv_size": [2.5, 0.5]},
								"south": {"uv": [28, 17], "uv_size": [0.5, 0.5]},
								"west": {"uv": [22, 0], "uv_size": [2.5, 0.5]},
								"up": {"uv": [22, 1], "uv_size": [0.5, 2.5]},
								"down": {"uv": [4, 24.5], "uv_size": [0.5, -2.5]}
							}
						},
						{
							"origin": [0.375, -0.09375, -17.04687],
							"size": [0.25, 0.25, 1.75],
							"uv": {
								"north": {"uv": [8, 28], "uv_size": [0.5, 0.5]},
								"east": {"uv": [22, 17], "uv_size": [2, 0.5]},
								"south": {"uv": [28, 8], "uv_size": [0.5, 0.5]},
								"west": {"uv": [22, 18], "uv_size": [2, 0.5]},
								"up": {"uv": [19, 22], "uv_size": [0.5, 2]}
							}
						},
						{
							"origin": [0.375, -0.5638, -15.69868],
							"size": [0.25, 0.1875, 0.35355],
							"pivot": [0, -0.59505, -14.85493],
							"rotation": [-45, 0, 0],
							"uv": {
								"north": {"uv": [21, 28], "uv_size": [0.5, 0.5]},
								"east": {"uv": [28, 21], "uv_size": [0.5, 0.5]},
								"south": {"uv": [22, 28], "uv_size": [0.5, 0.5]},
								"west": {"uv": [28, 22], "uv_size": [0.5, 0.5]},
								"up": {"uv": [23, 28], "uv_size": [0.5, 0.5]}
							}
						},
						{
							"origin": [0.375, -0.5638, -16.99863],
							"size": [0.25, 0.1875, 0.35355],
							"pivot": [0, -0.59505, -17.48882],
							"rotation": [45, 0, 0],
							"uv": {
								"north": {"uv": [28, 23], "uv_size": [0.5, 0.5]},
								"east": {"uv": [24, 28], "uv_size": [0.5, 0.5]},
								"south": {"uv": [28, 24], "uv_size": [0.5, 0.5]},
								"west": {"uv": [25, 28], "uv_size": [0.5, 0.5]},
								"up": {"uv": [28, 25], "uv_size": [0.5, 0.5]}
							}
						},
						{
							"origin": [-0.625, -0.5638, -15.69868],
							"size": [0.25, 0.1875, 0.35355],
							"pivot": [0, -0.59505, -14.85493],
							"rotation": [-45, 0, 0],
							"uv": {
								"north": {"uv": [0, 29], "uv_size": [0.5, 0.5]},
								"east": {"uv": [29, 0], "uv_size": [0.5, 0.5]},
								"south": {"uv": [1, 29], "uv_size": [0.5, 0.5]},
								"west": {"uv": [29, 1], "uv_size": [0.5, 0.5]},
								"up": {"uv": [2, 29], "uv_size": [0.5, 0.5]}
							}
						},
						{
							"origin": [-0.625, -0.5638, -16.99863],
							"size": [0.25, 0.1875, 0.35355],
							"pivot": [0, -0.59505, -17.48882],
							"rotation": [45, 0, 0],
							"uv": {
								"north": {"uv": [26, 28], "uv_size": [0.5, 0.5]},
								"east": {"uv": [28, 26], "uv_size": [0.5, 0.5]},
								"south": {"uv": [27, 28], "uv_size": [0.5, 0.5]},
								"west": {"uv": [28, 27], "uv_size": [0.5, 0.5]},
								"up": {"uv": [28, 28], "uv_size": [0.5, 0.5]}
							}
						},
						{
							"origin": [-0.625, -0.09375, -17.04687],
							"size": [0.25, 0.25, 1.75],
							"uv": {
								"north": {"uv": [9, 28], "uv_size": [0.5, 0.5]},
								"east": {"uv": [22, 19], "uv_size": [2, 0.5]},
								"south": {"uv": [28, 9], "uv_size": [0.5, 0.5]},
								"west": {"uv": [20, 22], "uv_size": [2, 0.5]},
								"up": {"uv": [22, 20], "uv_size": [0.5, 2]}
							}
						}
					]
				}
			]
		}
	]
}