{
	"format_version": "1.12.0",
	"minecraft:geometry": [
		{
			"description": {
				"identifier": "geometry.枪口",
				"texture_width": 128,
				"texture_height": 128,
				"visible_bounds_width": 2,
				"visible_bounds_height": 2.5,
				"visible_bounds_offset": [0, 0.75, 0]
			},
			"bones": [
				{
					"name": "root",
					"pivot": [0, -0.5, 0]
				},
				{
					"name": "qg_illuminated",
					"parent": "root",
					"pivot": [1, -9.1875, 16.15625],
					"cubes": [
						{
							"origin": [-0.30469, 1.375, -2.86719],
							"size": [0.60938, 0.25, 2.83594],
							"uv": {
								"north": {"uv": [3, 12], "uv_size": [0.625, 0.25]},
								"east": {"uv": [8, 5], "uv_size": [2.875, 0.25]},
								"south": {"uv": [8, 12], "uv_size": [0.625, 0.25]},
								"west": {"uv": [0, 9], "uv_size": [2.875, 0.25]},
								"up": {"uv": [4, 6], "uv_size": [0.625, 2.875]},
								"down": {"uv": [5, 8.875], "uv_size": [0.625, -2.875]}
							}
						},
						{
							"origin": [-0.41913, 1.24974, -2.86719],
							"size": [0.375, 0.25, 2.83594],
							"pivot": [-0.35663, 1.18724, 0.73438],
							"rotation": [0, 0, -38],
							"uv": {
								"north": {"uv": [12, 12], "uv_size": [0.375, 0.25]},
								"east": {"uv": [9, 2], "uv_size": [2.875, 0.25]},
								"south": {"uv": [0, 13], "uv_size": [0.375, 0.25]},
								"west": {"uv": [3, 9], "uv_size": [2.875, 0.25]},
								"up": {"uv": [8, 2], "uv_size": [0.375, 2.875]},
								"down": {"uv": [6, 10.875], "uv_size": [0.375, -2.875]}
							}
						},
						{
							"origin": [0.04413, 1.24974, -2.86719],
							"size": [0.375, 0.25, 2.83594],
							"pivot": [0.35663, 1.18724, 0.73438],
							"rotation": [0, 0, 38],
							"uv": {
								"north": {"uv": [1, 13], "uv_size": [0.375, 0.25]},
								"east": {"uv": [9, 3], "uv_size": [2.875, 0.25]},
								"south": {"uv": [2, 13], "uv_size": [0.375, 0.25]},
								"west": {"uv": [9, 4], "uv_size": [2.875, 0.25]},
								"up": {"uv": [7, 8], "uv_size": [0.375, 2.875]},
								"down": {"uv": [8, 10.875], "uv_size": [0.375, -2.875]}
							}
						},
						{
							"origin": [-0.51767, 0.41626, -2.86719],
							"size": [1.0625, 0.25, 2.83594],
							"pivot": [0.48233, 0.35376, 0.73438],
							"rotation": [0, 0, 79],
							"uv": {
								"north": {"uv": [12, 2], "uv_size": [1.125, 0.25]},
								"east": {"uv": [9, 6], "uv_size": [2.875, 0.25]},
								"south": {"uv": [12, 3], "uv_size": [1.125, 0.25]},
								"west": {"uv": [9, 7], "uv_size": [2.875, 0.25]},
								"up": {"uv": [4, 0], "uv_size": [1.125, 2.875]},
								"down": {"uv": [4, 5.875], "uv_size": [1.125, -2.875]}
							}
						},
						{
							"origin": [0.55101, -0.21047, -2.86719],
							"size": [0.25, 0.5625, 2.83594],
							"uv": {
								"north": {"uv": [9, 12], "uv_size": [0.25, 0.625]},
								"east": {"uv": [6, 6], "uv_size": [2.875, 0.625]},
								"south": {"uv": [10, 12], "uv_size": [0.25, 0.625]},
								"west": {"uv": [6, 7], "uv_size": [2.875, 0.625]},
								"up": {"uv": [9, 8], "uv_size": [0.25, 2.875]},
								"down": {"uv": [0, 12.875], "uv_size": [0.25, -2.875]}
							}
						},
						{
							"origin": [0.57328, -1.32557, -2.86719],
							"size": [1.25, 0.25, 2.83594],
							"pivot": [0.63578, -1.38807, 0.73438],
							"rotation": [0, 0, -79],
							"uv": {
								"north": {"uv": [6, 11], "uv_size": [1.25, 0.25]},
								"east": {"uv": [1, 10], "uv_size": [2.875, 0.25]},
								"south": {"uv": [8, 11], "uv_size": [1.25, 0.25]},
								"west": {"uv": [10, 8], "uv_size": [2.875, 0.25]},
								"up": {"uv": [0, 0], "uv_size": [1.25, 2.875]},
								"down": {"uv": [2, 2.875], "uv_size": [1.25, -2.875]}
							}
						},
						{
							"origin": [-0.5625, -1.4375, -2.86719],
							"size": [1.125, 0.25, 2.83594],
							"uv": {
								"north": {"uv": [12, 4], "uv_size": [1.125, 0.25]},
								"east": {"uv": [10, 9], "uv_size": [2.875, 0.25]},
								"south": {"uv": [6, 12], "uv_size": [1.125, 0.25]},
								"west": {"uv": [10, 10], "uv_size": [2.875, 0.25]},
								"up": {"uv": [0, 6], "uv_size": [1.125, 2.875]},
								"down": {"uv": [6, 2.875], "uv_size": [1.125, -2.875]}
							}
						},
						{
							"origin": [-1.82328, -1.32557, -2.86719],
							"size": [1.25, 0.25, 2.83594],
							"pivot": [-0.63578, -1.38807, 0.73438],
							"rotation": [0, 0, 79],
							"uv": {
								"north": {"uv": [10, 11], "uv_size": [1.25, 0.25]},
								"east": {"uv": [11, 0], "uv_size": [2.875, 0.25]},
								"south": {"uv": [1, 12], "uv_size": [1.25, 0.25]},
								"west": {"uv": [1, 11], "uv_size": [2.875, 0.25]},
								"up": {"uv": [0, 3], "uv_size": [1.25, 2.875]},
								"down": {"uv": [2, 5.875], "uv_size": [1.25, -2.875]}
							}
						},
						{
							"origin": [-0.80101, -0.21047, -2.86719],
							"size": [0.25, 0.5625, 2.83594],
							"uv": {
								"north": {"uv": [11, 12], "uv_size": [0.25, 0.625]},
								"east": {"uv": [8, 0], "uv_size": [2.875, 0.625]},
								"south": {"uv": [12, 11], "uv_size": [0.25, 0.625]},
								"west": {"uv": [8, 1], "uv_size": [2.875, 0.625]},
								"up": {"uv": [4, 10], "uv_size": [0.25, 2.875]},
								"down": {"uv": [5, 12.875], "uv_size": [0.25, -2.875]}
							}
						},
						{
							"origin": [-0.54483, 0.41626, -2.86719],
							"size": [1.0625, 0.25, 2.83594],
							"pivot": [-0.48233, 0.35376, 0.73438],
							"rotation": [0, 0, -79],
							"uv": {
								"north": {"uv": [12, 6], "uv_size": [1.125, 0.25]},
								"east": {"uv": [11, 1], "uv_size": [2.875, 0.25]},
								"south": {"uv": [12, 7], "uv_size": [1.125, 0.25]},
								"west": {"uv": [11, 5], "uv_size": [2.875, 0.25]},
								"up": {"uv": [2, 6], "uv_size": [1.125, 2.875]},
								"down": {"uv": [6, 5.875], "uv_size": [1.125, -2.875]}
							}
						}
					]
				}
			]
		}
	]
}