{
	"format_version": "1.12.0",
	"minecraft:geometry": [
		{
			"description": {
				"identifier": "geometry.unknown",
				"texture_width": 64,
				"texture_height": 64,
				"visible_bounds_width": 6,
				"visible_bounds_height": 3,
				"visible_bounds_offset": [0, 0.5, 0]
			},
			"bones": [
				{
					"name": "suppressor",
					"pivot": [-0.3125, -0.8125, 0.0625],
					"cubes": [
						{
							"origin": [-0.5625, -0.8125, -11.5625],
							"size": [0.25, 1.6875, 11.625],
							"uv": {
								"north": {"uv": [44, 38], "uv_size": [1, 2]},
								"east": {"uv": [0, 0], "uv_size": [12, 2]},
								"south": {"uv": [44, 41], "uv_size": [1, 2]},
								"west": {"uv": [0, 3], "uv_size": [12, 2]},
								"up": {"uv": [0, 12], "uv_size": [1, 12]},
								"down": {"uv": [2, 24], "uv_size": [1, -12]}
							}
						},
						{
							"origin": [0.5625, -0.8125, -11.5625],
							"size": [0.25, 1.6875, 11.625],
							"uv": {
								"north": {"uv": [44, 44], "uv_size": [1, 2]},
								"east": {"uv": [0, 6], "uv_size": [12, 2]},
								"south": {"uv": [45, 18], "uv_size": [1, 2]},
								"west": {"uv": [0, 9], "uv_size": [12, 2]},
								"up": {"uv": [4, 12], "uv_size": [1, 12]},
								"down": {"uv": [6, 24], "uv_size": [1, -12]}
							}
						},
						{
							"origin": [0.5625, -1.375, -11.5625],
							"size": [0.25, 0.5625, 11.625],
							"pivot": [0.8125, -0.8125, -11.5625],
							"rotation": [0, 0, 25],
							"uv": {
								"north": {"uv": [45, 21], "uv_size": [1, 1]},
								"east": {"uv": [8, 12], "uv_size": [12, 1]},
								"south": {"uv": [45, 23], "uv_size": [1, 1]},
								"west": {"uv": [13, 0], "uv_size": [12, 1]},
								"up": {"uv": [8, 14], "uv_size": [1, 12]},
								"down": {"uv": [10, 26], "uv_size": [1, -12]}
							}
						},
						{
							"origin": [-0.5625, -1.375, -11.5625],
							"size": [0.25, 0.5625, 11.625],
							"pivot": [-0.5625, -0.8125, -11.5625],
							"rotation": [0, 0, -25],
							"uv": {
								"north": {"uv": [45, 25], "uv_size": [1, 1]},
								"east": {"uv": [13, 2], "uv_size": [12, 1]},
								"south": {"uv": [45, 27], "uv_size": [1, 1]},
								"west": {"uv": [13, 4], "uv_size": [12, 1]},
								"up": {"uv": [12, 14], "uv_size": [1, 12]},
								"down": {"uv": [14, 26], "uv_size": [1, -12]}
							}
						},
						{
							"origin": [0.3482, 0.71664, -11.5625],
							"size": [0.25, 0.5, 11.625],
							"pivot": [0.3482, 1.27914, -11.5625],
							"rotation": [0, 0, -25],
							"uv": {
								"north": {"uv": [45, 29], "uv_size": [1, 1]},
								"east": {"uv": [13, 6], "uv_size": [12, 1]},
								"south": {"uv": [46, 14], "uv_size": [1, 1]},
								"west": {"uv": [13, 8], "uv_size": [12, 1]},
								"up": {"uv": [16, 14], "uv_size": [1, 12]},
								"down": {"uv": [18, 26], "uv_size": [1, -12]}
							}
						},
						{
							"origin": [-0.3482, 0.71664, -11.5625],
							"size": [0.25, 0.5, 11.625],
							"pivot": [-0.0982, 1.27914, -11.5625],
							"rotation": [0, 0, 25],
							"uv": {
								"north": {"uv": [46, 38], "uv_size": [1, 1]},
								"east": {"uv": [13, 10], "uv_size": [12, 1]},
								"south": {"uv": [46, 40], "uv_size": [1, 1]},
								"west": {"uv": [20, 14], "uv_size": [12, 1]},
								"up": {"uv": [20, 16], "uv_size": [1, 12]},
								"down": {"uv": [22, 28], "uv_size": [1, -12]}
							}
						},
						{
							"origin": [-0.32478, -1.6348, -11.5625],
							"size": [0.25, 0.3125, 11.625],
							"pivot": [-0.32478, -1.3223, -11.5625],
							"rotation": [0, 0, -63],
							"uv": {
								"north": {"uv": [46, 42], "uv_size": [1, 1]},
								"east": {"uv": [21, 12], "uv_size": [12, 1]},
								"south": {"uv": [46, 44], "uv_size": [1, 1]},
								"west": {"uv": [24, 16], "uv_size": [12, 1]},
								"up": {"uv": [24, 18], "uv_size": [1, 12]},
								"down": {"uv": [0, 37], "uv_size": [1, -12]}
							}
						},
						{
							"origin": [0.20925, 0.93477, -11.5625],
							"size": [0.25, 0.3125, 11.625],
							"pivot": [0.20925, 1.24727, -11.5625],
							"rotation": [0, 0, -63],
							"uv": {
								"north": {"uv": [46, 46], "uv_size": [1, 1]},
								"east": {"uv": [26, 0], "uv_size": [12, 1]},
								"south": {"uv": [47, 12], "uv_size": [1, 1]},
								"west": {"uv": [26, 2], "uv_size": [12, 1]},
								"up": {"uv": [2, 25], "uv_size": [1, 12]},
								"down": {"uv": [4, 37], "uv_size": [1, -12]}
							}
						},
						{
							"origin": [-0.20925, 0.93477, -11.5625],
							"size": [0.25, 0.3125, 11.625],
							"pivot": [0.04075, 1.24727, -11.5625],
							"rotation": [0, 0, 63],
							"uv": {
								"north": {"uv": [47, 18], "uv_size": [1, 1]},
								"east": {"uv": [26, 4], "uv_size": [12, 1]},
								"south": {"uv": [47, 20], "uv_size": [1, 1]},
								"west": {"uv": [26, 6], "uv_size": [12, 1]},
								"up": {"uv": [6, 25], "uv_size": [1, 12]},
								"down": {"uv": [26, 30], "uv_size": [1, -12]}
							}
						},
						{
							"origin": [0.32478, -1.6348, -11.5625],
							"size": [0.25, 0.3125, 11.625],
							"pivot": [0.57478, -1.3223, -11.5625],
							"rotation": [0, 0, 63],
							"uv": {
								"north": {"uv": [47, 22], "uv_size": [1, 1]},
								"east": {"uv": [26, 8], "uv_size": [12, 1]},
								"south": {"uv": [47, 24], "uv_size": [1, 1]},
								"west": {"uv": [26, 10], "uv_size": [12, 1]},
								"up": {"uv": [8, 27], "uv_size": [1, 12]},
								"down": {"uv": [10, 39], "uv_size": [1, -12]}
							}
						},
						{
							"origin": [-0.04634, -1.65167, -11.5625],
							"size": [0.34268, 0.5, 11.625],
							"uv": {
								"north": {"uv": [47, 26], "uv_size": [1, 1]},
								"east": {"uv": [28, 18], "uv_size": [12, 1]},
								"south": {"uv": [28, 47], "uv_size": [1, 1]},
								"west": {"uv": [28, 20], "uv_size": [12, 1]},
								"up": {"uv": [12, 27], "uv_size": [1, 12]},
								"down": {"uv": [14, 39], "uv_size": [1, -12]}
							}
						},
						{
							"origin": [-0.07275, 1.15753, -11.5625],
							"size": [0.3955, 0.5, 11.625],
							"uv": {
								"north": {"uv": [47, 28], "uv_size": [1, 1]},
								"east": {"uv": [28, 22], "uv_size": [12, 1]},
								"south": {"uv": [30, 47], "uv_size": [1, 1]},
								"west": {"uv": [28, 24], "uv_size": [12, 1]},
								"up": {"uv": [16, 27], "uv_size": [1, 12]},
								"down": {"uv": [18, 39], "uv_size": [1, -12]}
							}
						},
						{
							"origin": [-0.54687, -0.25, -11.54687],
							"size": [1.34375, 0.4375, 11.60938],
							"uv": {
								"north": {"uv": [32, 47], "uv_size": [1, 1]},
								"east": {"uv": [28, 26], "uv_size": [12, 1]},
								"south": {"uv": [34, 47], "uv_size": [1, 1]},
								"west": {"uv": [28, 28], "uv_size": [12, 1]},
								"up": {"uv": [20, 29], "uv_size": [1, 12]},
								"down": {"uv": [22, 41], "uv_size": [1, -12]}
							}
						},
						{
							"origin": [-4.54687, 1.4375, -11.54687],
							"size": [0.28125, 0.3125, 11.625],
							"pivot": [-4, -4.1875, 0.70313],
							"rotation": [0, 0, 45],
							"uv": {
								"north": {"uv": [36, 47], "uv_size": [1, 1]},
								"south": {"uv": [44, 47], "uv_size": [1, 1]},
								"west": {"uv": [28, 30], "uv_size": [12, 1]},
								"up": {"uv": [24, 31], "uv_size": [1, 12]},
								"down": {"uv": [26, 43], "uv_size": [1, -12]}
							}
						},
						{
							"origin": [2.09926, -4.39613, -11.54687],
							"size": [0.28125, 0.3125, 11.625],
							"pivot": [-4, -4.1875, 0.70313],
							"rotation": [0, 0, -45],
							"uv": {
								"north": {"uv": [48, 14], "uv_size": [1, 1]},
								"east": {"uv": [28, 32], "uv_size": [12, 1]},
								"south": {"uv": [48, 38], "uv_size": [1, 1]},
								"west": {"uv": [33, 14], "uv_size": [12, 1]},
								"up": {"uv": [28, 34], "uv_size": [1, 12]},
								"down": {"uv": [30, 46], "uv_size": [1, -12]}
							}
						},
						{
							"origin": [-4.61825, 2.42615, -11.54687],
							"size": [0.28125, 0.3125, 11.625],
							"pivot": [-4, -4.1875, 0.70313],
							"rotation": [0, 0, 45],
							"uv": {
								"north": {"uv": [48, 40], "uv_size": [1, 1]},
								"south": {"uv": [48, 42], "uv_size": [1, 1]},
								"down": {"uv": [32, 46], "uv_size": [1, -12]}
							}
						},
						{
							"origin": [2.17064, -3.40749, -11.54687],
							"size": [0.28125, 0.3125, 11.625],
							"pivot": [-4, -4.1875, 0.70313],
							"rotation": [0, 0, -45],
							"uv": {
								"north": {"uv": [48, 44], "uv_size": [1, 1]},
								"south": {"uv": [46, 48], "uv_size": [1, 1]},
								"down": {"uv": [34, 46], "uv_size": [1, -12]}
							}
						},
						{
							"origin": [4.51563, 0.25, -11.54687],
							"size": [0.28125, 0.3125, 11.625],
							"pivot": [4.25, -5.375, -8.04687],
							"rotation": [0, 0, -45],
							"uv": {
								"north": {"uv": [48, 46], "uv_size": [1, 1]},
								"east": {"uv": [34, 12], "uv_size": [12, 1]},
								"south": {"uv": [48, 48], "uv_size": [1, 1]},
								"up": {"uv": [36, 34], "uv_size": [1, 12]},
								"down": {"uv": [0, 50], "uv_size": [1, -12]}
							}
						},
						{
							"origin": [-4.54687, 0.25, -11.54687],
							"size": [0.28125, 0.3125, 11.625],
							"pivot": [-4, -5.375, -8.04687],
							"rotation": [0, 0, 45],
							"uv": {
								"north": {"uv": [49, 12], "uv_size": [1, 1]},
								"south": {"uv": [49, 18], "uv_size": [1, 1]},
								"west": {"uv": [37, 16], "uv_size": [12, 1]},
								"up": {"uv": [2, 38], "uv_size": [1, 12]},
								"down": {"uv": [4, 50], "uv_size": [1, -12]}
							}
						},
						{
							"origin": [-0.21035, -1.2097, -11.54687],
							"size": [0.6707, 0.221, 11.625],
							"uv": {
								"north": {"uv": [49, 20], "uv_size": [1, 1]},
								"south": {"uv": [49, 22], "uv_size": [1, 1]},
								"west": {"uv": [38, 34], "uv_size": [12, 1]},
								"up": {"uv": [6, 38], "uv_size": [1, 12]},
								"down": {"uv": [38, 48], "uv_size": [1, -12]}
							}
						},
						{
							"origin": [-0.21035, 0.9262, -11.54687],
							"size": [0.6707, 0.221, 11.625],
							"uv": {
								"north": {"uv": [49, 24], "uv_size": [1, 1]},
								"south": {"uv": [49, 26], "uv_size": [1, 1]},
								"west": {"uv": [39, 0], "uv_size": [12, 1]},
								"up": {"uv": [8, 40], "uv_size": [1, 12]},
								"down": {"uv": [10, 52], "uv_size": [1, -12]}
							}
						},
						{
							"origin": [-0.40922, -1.01083, -11.54687],
							"size": [0.22097, 0.77166, 11.625],
							"uv": {
								"north": {"uv": [28, 49], "uv_size": [1, 1]},
								"south": {"uv": [49, 28], "uv_size": [1, 1]},
								"west": {"uv": [39, 2], "uv_size": [12, 1]},
								"up": {"uv": [12, 40], "uv_size": [1, 12]},
								"down": {"uv": [14, 52], "uv_size": [1, -12]}
							}
						},
						{
							"origin": [0.43825, -1.01083, -11.54687],
							"size": [0.22097, 0.77166, 11.625],
							"uv": {
								"north": {"uv": [30, 49], "uv_size": [1, 1]},
								"east": {"uv": [39, 4], "uv_size": [12, 1]},
								"south": {"uv": [32, 49], "uv_size": [1, 1]},
								"up": {"uv": [16, 40], "uv_size": [1, 12]},
								"down": {"uv": [18, 52], "uv_size": [1, -12]}
							}
						},
						{
							"origin": [0.43826, 0.17666, -11.54687],
							"size": [0.22097, 0.77166, 11.625],
							"uv": {
								"north": {"uv": [34, 49], "uv_size": [1, 1]},
								"east": {"uv": [39, 6], "uv_size": [12, 1]},
								"south": {"uv": [36, 49], "uv_size": [1, 1]},
								"up": {"uv": [40, 36], "uv_size": [1, 12]},
								"down": {"uv": [41, 30], "uv_size": [1, -12]}
							}
						},
						{
							"origin": [-0.40923, 0.17666, -11.54687],
							"size": [0.22097, 0.77166, 11.625],
							"uv": {
								"north": {"uv": [38, 49], "uv_size": [1, 1]},
								"south": {"uv": [40, 49], "uv_size": [1, 1]},
								"west": {"uv": [39, 8], "uv_size": [12, 1]},
								"up": {"uv": [20, 42], "uv_size": [1, 12]},
								"down": {"uv": [22, 54], "uv_size": [1, -12]}
							}
						},
						{
							"origin": [-4.54687, -1.8125, -11.54687],
							"size": [0.28125, 0.3125, 11.625],
							"pivot": [-4, 4.125, -8.04687],
							"rotation": [0, 0, -45],
							"uv": {
								"north": {"uv": [42, 49], "uv_size": [1, 1]},
								"east": {"uv": [39, 10], "uv_size": [12, 1]},
								"south": {"uv": [44, 49], "uv_size": [1, 1]},
								"west": {"uv": [41, 31], "uv_size": [12, 1]},
								"up": {"uv": [42, 36], "uv_size": [1, 12]},
								"down": {"uv": [43, 30], "uv_size": [1, -12]}
							}
						},
						{
							"origin": [4.51563, -1.8125, -11.54687],
							"size": [0.28125, 0.3125, 11.625],
							"pivot": [4.25, 4.125, -8.04687],
							"rotation": [0, 0, 45],
							"uv": {
								"north": {"uv": [50, 14], "uv_size": [1, 1]},
								"east": {"uv": [44, 36], "uv_size": [12, 1]},
								"south": {"uv": [50, 16], "uv_size": [1, 1]},
								"up": {"uv": [24, 44], "uv_size": [1, 12]},
								"down": {"uv": [26, 56], "uv_size": [1, -12]}
							}
						}
					]
				},
				{
					"name": "bol_illuminated",
					"parent": "suppressor",
					"pivot": [0, -0.03125, -10.70312],
					"cubes": [
						{
							"origin": [-0.625, -0.07812, -8.70312],
							"size": [1.5, 0.15625, 0.15625],
							"pivot": [0, 0, -8.625],
							"rotation": [-45, 0, 0],
							"uv": {
								"north": {"uv": [0, 54], "uv_size": [1, 1]},
								"east": {"uv": [0, 54], "uv_size": [1, 1]},
								"south": {"uv": [0, 54], "uv_size": [1, 1]},
								"west": {"uv": [0, 54], "uv_size": [1, 1]},
								"up": {"uv": [1, 55], "uv_size": [-1, -1]},
								"down": {"uv": [1, 55], "uv_size": [-1, -1]}
							}
						},
						{
							"origin": [-0.625, -0.03125, -8.45312],
							"size": [1.5, 0.0625, 0.53125],
							"pivot": [0, 0, -8.625],
							"rotation": [-45, 0, 0],
							"uv": {
								"north": {"uv": [0, 54], "uv_size": [1, 1]},
								"east": {"uv": [0, 54], "uv_size": [1, 1]},
								"south": {"uv": [0, 54], "uv_size": [1, 1]},
								"west": {"uv": [0, 54], "uv_size": [1, 1]},
								"up": {"uv": [1, 55], "uv_size": [-1, -1]},
								"down": {"uv": [1, 55], "uv_size": [-1, -1]}
							}
						},
						{
							"origin": [-0.625, -0.03125, -9.32812],
							"size": [1.5, 0.0625, 0.53125],
							"pivot": [0, 0, -8.625],
							"rotation": [-45, 0, 0],
							"uv": {
								"north": {"uv": [0, 54], "uv_size": [1, 1]},
								"east": {"uv": [0, 54], "uv_size": [1, 1]},
								"south": {"uv": [0, 54], "uv_size": [1, 1]},
								"west": {"uv": [0, 54], "uv_size": [1, 1]},
								"up": {"uv": [1, 55], "uv_size": [-1, -1]},
								"down": {"uv": [1, 55], "uv_size": [-1, -1]}
							}
						},
						{
							"origin": [-0.625, 0.17188, -8.65625],
							"size": [1.5, 0.53125, 0.0625],
							"pivot": [0, 0, -8.625],
							"rotation": [-45, 0, 0],
							"uv": {
								"north": {"uv": [0, 54], "uv_size": [1, 1]},
								"east": {"uv": [0, 54], "uv_size": [1, 1]},
								"south": {"uv": [0, 54], "uv_size": [1, 1]},
								"west": {"uv": [0, 54], "uv_size": [1, 1]},
								"up": {"uv": [1, 55], "uv_size": [-1, -1]},
								"down": {"uv": [1, 55], "uv_size": [-1, -1]}
							}
						},
						{
							"origin": [-0.625, -0.70312, -8.65625],
							"size": [1.5, 0.53125, 0.0625],
							"pivot": [0, 0, -8.625],
							"rotation": [-45, 0, 0],
							"uv": {
								"north": {"uv": [0, 54], "uv_size": [1, 1]},
								"east": {"uv": [0, 54], "uv_size": [1, 1]},
								"south": {"uv": [0, 54], "uv_size": [1, 1]},
								"west": {"uv": [0, 54], "uv_size": [1, 1]},
								"up": {"uv": [1, 55], "uv_size": [-1, -1]},
								"down": {"uv": [1, 55], "uv_size": [-1, -1]}
							}
						}
					]
				},
				{
					"name": "bol1_illuminated",
					"parent": "suppressor",
					"pivot": [0, -0.03125, -8.70312]
				},
				{
					"name": "b1ol_illuminated",
					"parent": "suppressor",
					"pivot": [0, -0.03125, -4.70312],
					"cubes": [
						{
							"origin": [-0.625, -0.07812, -2.70312],
							"size": [1.5, 0.15625, 0.15625],
							"pivot": [0, 0, -2.625],
							"rotation": [-45, 0, 0],
							"uv": {
								"north": {"uv": [0, 54], "uv_size": [1, 1]},
								"east": {"uv": [0, 54], "uv_size": [1, 1]},
								"south": {"uv": [0, 54], "uv_size": [1, 1]},
								"west": {"uv": [0, 54], "uv_size": [1, 1]},
								"up": {"uv": [1, 55], "uv_size": [-1, -1]},
								"down": {"uv": [1, 55], "uv_size": [-1, -1]}
							}
						},
						{
							"origin": [-0.625, -0.03125, -2.45312],
							"size": [1.5, 0.0625, 0.53125],
							"pivot": [0, 0, -2.625],
							"rotation": [-45, 0, 0],
							"uv": {
								"north": {"uv": [0, 54], "uv_size": [1, 1]},
								"east": {"uv": [0, 54], "uv_size": [1, 1]},
								"south": {"uv": [0, 54], "uv_size": [1, 1]},
								"west": {"uv": [0, 54], "uv_size": [1, 1]},
								"up": {"uv": [1, 55], "uv_size": [-1, -1]},
								"down": {"uv": [1, 55], "uv_size": [-1, -1]}
							}
						},
						{
							"origin": [-0.625, -0.03125, -3.32812],
							"size": [1.5, 0.0625, 0.53125],
							"pivot": [0, 0, -2.625],
							"rotation": [-45, 0, 0],
							"uv": {
								"north": {"uv": [0, 54], "uv_size": [1, 1]},
								"east": {"uv": [0, 54], "uv_size": [1, 1]},
								"south": {"uv": [0, 54], "uv_size": [1, 1]},
								"west": {"uv": [0, 54], "uv_size": [1, 1]},
								"up": {"uv": [1, 55], "uv_size": [-1, -1]},
								"down": {"uv": [1, 55], "uv_size": [-1, -1]}
							}
						},
						{
							"origin": [-0.625, 0.17188, -2.65625],
							"size": [1.5, 0.53125, 0.0625],
							"pivot": [0, 0, -2.625],
							"rotation": [-45, 0, 0],
							"uv": {
								"north": {"uv": [0, 54], "uv_size": [1, 1]},
								"east": {"uv": [0, 54], "uv_size": [1, 1]},
								"south": {"uv": [0, 54], "uv_size": [1, 1]},
								"west": {"uv": [0, 54], "uv_size": [1, 1]},
								"up": {"uv": [1, 55], "uv_size": [-1, -1]},
								"down": {"uv": [1, 55], "uv_size": [-1, -1]}
							}
						},
						{
							"origin": [-0.625, -0.70312, -2.65625],
							"size": [1.5, 0.53125, 0.0625],
							"pivot": [0, 0, -2.625],
							"rotation": [-45, 0, 0],
							"uv": {
								"north": {"uv": [0, 54], "uv_size": [1, 1]},
								"east": {"uv": [0, 54], "uv_size": [1, 1]},
								"south": {"uv": [0, 54], "uv_size": [1, 1]},
								"west": {"uv": [0, 54], "uv_size": [1, 1]},
								"up": {"uv": [1, 55], "uv_size": [-1, -1]},
								"down": {"uv": [1, 55], "uv_size": [-1, -1]}
							}
						}
					]
				}
			]
		}
	]
}