{
	"format_version": "1.12.0",
	"minecraft:geometry": [
		{
			"description": {
				"identifier": "geometry.unknown",
				"texture_width": 16,
				"texture_height": 16,
				"visible_bounds_width": 20,
				"visible_bounds_height": 1.5,
				"visible_bounds_offset": [0, 0.25, 0]
			},
			"bones": [
				{
					"name": "emx_tac_bat",
					"pivot": [-0.36601, -0.06076, 0.29689]
				},
				{
					"name": "bol_illuminated",
					"parent": "emx_tac_bat",
					"pivot": [0, 0.23438, -1.53125],
					"cubes": [
						{
							"origin": [-1.09375, 0.1875, 0.46875],
							"size": [2.1875, 0.15625, 0.15625],
							"pivot": [0, 0.26563, 0.54688],
							"rotation": [-45, 0, 0],
							"uv": {
								"east": {"uv": [0, 0], "uv_size": [1, 1]},
								"west": {"uv": [0, 1], "uv_size": [1, 1]}
							}
						},
						{
							"origin": [-1.09375, 0.1875, -0.03125],
							"size": [2.1875, 0.15625, 0.15625],
							"pivot": [0, 0.26563, 0.04688],
							"rotation": [-45, 0, 0],
							"uv": {
								"east": {"uv": [1, 0], "uv_size": [1, 1]},
								"west": {"uv": [1, 1], "uv_size": [1, 1]}
							}
						},
						{
							"origin": [-1.09375, 0.1875, 0.96875],
							"size": [2.1875, 0.15625, 0.15625],
							"pivot": [0, 0.26563, 1.04688],
							"rotation": [-45, 0, 0],
							"uv": {
								"east": {"uv": [0, 2], "uv_size": [1, 1]},
								"west": {"uv": [2, 0], "uv_size": [1, 1]}
							}
						},
						{
							"origin": [-1.09375, 0.23438, 0.71875],
							"size": [2.1875, 0.0625, 0.28125],
							"pivot": [0, 0.26563, 0.54688],
							"rotation": [-45, 0, 0],
							"uv": {
								"east": {"uv": [1, 2], "uv_size": [1, 1]},
								"west": {"uv": [2, 1], "uv_size": [1, 1]}
							}
						},
						{
							"origin": [-1.09375, 0.4375, 0.51563],
							"size": [2.1875, 0.28125, 0.0625],
							"pivot": [0, 0.26563, 0.54688],
							"rotation": [-45, 0, 0],
							"uv": {
								"east": {"uv": [2, 2], "uv_size": [1, 1]},
								"west": {"uv": [0, 3], "uv_size": [1, 1]}
							}
						},
						{
							"origin": [-1.09375, 0.4375, 0.01563],
							"size": [2.1875, 0.28125, 0.0625],
							"pivot": [0, 0.26563, 0.04688],
							"rotation": [-45, 0, 0],
							"uv": {
								"east": {"uv": [3, 0], "uv_size": [1, 1]},
								"west": {"uv": [1, 3], "uv_size": [1, 1]}
							}
						},
						{
							"origin": [-1.09375, 0.625, 0.01563],
							"size": [2.1875, 0.03125, 0.1875],
							"pivot": [0, 0.26563, 0.23438],
							"rotation": [-45, 0, 0],
							"uv": {
								"east": {"uv": [3, 1], "uv_size": [1, 1]},
								"west": {"uv": [2, 3], "uv_size": [1, 1]}
							}
						},
						{
							"origin": [-1.09375, 0.23438, 0.21875],
							"size": [2.1875, 0.0625, 0.28125],
							"pivot": [0, 0.26563, 0.04688],
							"rotation": [-45, 0, 0],
							"uv": {
								"east": {"uv": [3, 2], "uv_size": [1, 1]},
								"west": {"uv": [3, 3], "uv_size": [1, 1]}
							}
						},
						{
							"origin": [-1.09375, 0.04688, 0.59375],
							"size": [2.1875, 0.1875, 0.03125],
							"pivot": [0, 0.26563, 0.23438],
							"rotation": [-45, 0, 0],
							"uv": {
								"east": {"uv": [0, 4], "uv_size": [1, 1]},
								"west": {"uv": [4, 0], "uv_size": [1, 1]}
							}
						},
						{
							"origin": [-1.09375, 0.04688, 1.09375],
							"size": [2.1875, 0.1875, 0.03125],
							"pivot": [0, 0.26563, 0.73438],
							"rotation": [-45, 0, 0],
							"uv": {
								"east": {"uv": [1, 4], "uv_size": [1, 1]},
								"west": {"uv": [4, 1], "uv_size": [1, 1]}
							}
						},
						{
							"origin": [-1.09375, 0.625, 0.51563],
							"size": [2.1875, 0.03125, 0.1875],
							"pivot": [0, 0.26563, 0.73438],
							"rotation": [-45, 0, 0],
							"uv": {
								"east": {"uv": [2, 4], "uv_size": [1, 1]},
								"west": {"uv": [4, 2], "uv_size": [1, 1]}
							}
						},
						{
							"origin": [-1.09375, 0.04688, 1.59375],
							"size": [2.1875, 0.1875, 0.03125],
							"pivot": [0, 0.26563, 1.23438],
							"rotation": [-45, 0, 0],
							"uv": {
								"east": {"uv": [3, 4], "uv_size": [1, 1]},
								"west": {"uv": [4, 3], "uv_size": [1, 1]}
							}
						},
						{
							"origin": [-1.09375, 0.625, 1.01563],
							"size": [2.1875, 0.03125, 0.1875],
							"pivot": [0, 0.26563, 1.23438],
							"rotation": [-45, 0, 0],
							"uv": {
								"east": {"uv": [4, 4], "uv_size": [1, 1]},
								"west": {"uv": [0, 5], "uv_size": [1, 1]}
							}
						},
						{
							"origin": [-1.09375, 0.23438, 1.21875],
							"size": [2.1875, 0.0625, 0.28125],
							"pivot": [0, 0.26563, 1.04688],
							"rotation": [-45, 0, 0],
							"uv": {
								"east": {"uv": [5, 0], "uv_size": [1, 1]},
								"west": {"uv": [1, 5], "uv_size": [1, 1]}
							}
						},
						{
							"origin": [-1.09375, 0.4375, 1.01563],
							"size": [2.1875, 0.28125, 0.0625],
							"pivot": [0, 0.26563, 1.04688],
							"rotation": [-45, 0, 0],
							"uv": {
								"east": {"uv": [5, 1], "uv_size": [1, 1]},
								"west": {"uv": [2, 5], "uv_size": [1, 1]}
							}
						}
					]
				},
				{
					"name": "bol2_illuminated",
					"parent": "emx_tac_bat",
					"pivot": [0, 0.23438, -0.28125]
				}
			]
		}
	]
}