{
	"format_version": "1.12.0",
	"minecraft:geometry": [
		{
			"description": {
				"identifier": "geometry.unknown",
				"texture_width": 128,
				"texture_height": 128,
				"visible_bounds_width": 5,
				"visible_bounds_height": 2.5,
				"visible_bounds_offset": [0, 0.75, 0]
			},
			"bones": [
				{
					"name": "Sli2",
					"pivot": [0, -0.1875, 1.5625],
					"cubes": [
						{
							"origin": [-1.125, -1.75, -10.75],
							"size": [2.25, 0.1875, 7.75],
							"uv": {
								"north": {"uv": [50, 51], "uv_size": [2, 1]},
								"east": {"uv": [25, 10], "uv_size": [8, 1]},
								"south": {"uv": [0, 52], "uv_size": [2, 1]},
								"west": {"uv": [25, 26], "uv_size": [8, 1]},
								"up": {"uv": [0, 0], "uv_size": [2, 8]},
								"down": {"uv": [3, 8], "uv_size": [2, -8]}
							}
						},
						{
							"origin": [-1.125, 1.375, -10.75],
							"size": [2.25, 0.1875, 7.75],
							"inflate": 0.0001,
							"uv": {
								"north": {"uv": [3, 52], "uv_size": [2, 1]},
								"east": {"uv": [25, 28], "uv_size": [8, 1]},
								"south": {"uv": [52, 4], "uv_size": [2, 1]},
								"west": {"uv": [29, 6], "uv_size": [8, 1]},
								"up": {"uv": [6, 0], "uv_size": [2, 8]},
								"down": {"uv": [0, 17], "uv_size": [2, -8]}
							}
						},
						{
							"origin": [-1.125, 5.75076, -10.43902],
							"size": [2.25, 0.1875, 1],
							"pivot": [0, 3.93826, -15.87652],
							"rotation": [-45, 0, 0],
							"uv": {
								"north": {"uv": [52, 8], "uv_size": [2, 1]},
								"east": {"uv": [30, 39], "uv_size": [1, 1]},
								"south": {"uv": [52, 10], "uv_size": [2, 1]},
								"west": {"uv": [8, 41], "uv_size": [1, 1]},
								"up": {"uv": [12, 52], "uv_size": [2, 1]},
								"down": {"uv": [52, 13], "uv_size": [2, -1]}
							}
						},
						{
							"origin": [-1.125, -5.00911, -7.74318],
							"size": [2.25, 0.1875, 1],
							"pivot": [0, -6.82161, -13.18068],
							"rotation": [45, 0, 0],
							"uv": {
								"north": {"uv": [52, 14], "uv_size": [2, 1]},
								"east": {"uv": [14, 63], "uv_size": [1, 1]},
								"south": {"uv": [15, 52], "uv_size": [2, 1]},
								"west": {"uv": [63, 15], "uv_size": [1, 1]},
								"up": {"uv": [52, 16], "uv_size": [2, 1]},
								"down": {"uv": [18, 53], "uv_size": [2, -1]}
							}
						},
						{
							"origin": [-1.40089, -1.60983, -10.75],
							"size": [0.4375, 0.1875, 7.75],
							"pivot": [-1.21339, -1.48483, -9.4375],
							"rotation": [0, 0, 45],
							"uv": {
								"north": {"uv": [63, 17], "uv_size": [1, 1]},
								"east": {"uv": [29, 8], "uv_size": [8, 1]},
								"south": {"uv": [21, 63], "uv_size": [1, 1]},
								"west": {"uv": [29, 12], "uv_size": [8, 1]},
								"up": {"uv": [15, 30], "uv_size": [1, 8]},
								"down": {"uv": [17, 38], "uv_size": [1, -8]}
							}
						},
						{
							"origin": [-1.3125, 1.35171, -10.75],
							"size": [0.25, 0.1875, 7.75],
							"pivot": [-1.125, 1.47671, -9.4375],
							"rotation": [0, 0, -45],
							"uv": {
								"north": {"uv": [63, 27], "uv_size": [1, 1]},
								"east": {"uv": [29, 14], "uv_size": [8, 1]},
								"south": {"uv": [32, 63], "uv_size": [1, 1]},
								"west": {"uv": [21, 30], "uv_size": [8, 1]},
								"up": {"uv": [30, 30], "uv_size": [1, 8]},
								"down": {"uv": [0, 40], "uv_size": [1, -8]}
							}
						},
						{
							"origin": [-2.01517, -1.35539, -10.75],
							"size": [0.625, 0.1875, 0.8125],
							"pivot": [-1.64017, -1.23039, -9.4375],
							"rotation": [0, 0, 45],
							"uv": {
								"north": {"uv": [34, 63], "uv_size": [1, 1]},
								"east": {"uv": [63, 37], "uv_size": [1, 1]},
								"south": {"uv": [43, 63], "uv_size": [1, 1]},
								"west": {"uv": [63, 44], "uv_size": [1, 1]},
								"up": {"uv": [63, 46], "uv_size": [1, 1]},
								"down": {"uv": [52, 64], "uv_size": [1, -1]}
							}
						},
						{
							"origin": [-1.88258, -1.22281, -10.125],
							"size": [0.625, 0.4375, 0.1875],
							"pivot": [-1.50758, -1.09781, -9.4375],
							"rotation": [0, 0, 45],
							"uv": {
								"north": {"uv": [54, 63], "uv_size": [1, 1]},
								"east": {"uv": [63, 57], "uv_size": [1, 1]},
								"south": {"uv": [63, 59], "uv_size": [1, 1]},
								"west": {"uv": [63, 61], "uv_size": [1, 1]},
								"up": {"uv": [63, 63], "uv_size": [1, 1]},
								"down": {"uv": [2, 65], "uv_size": [1, -1]}
							}
						},
						{
							"origin": [1.25758, -1.22281, -10.125],
							"size": [0.625, 0.4375, 0.1875],
							"pivot": [1.50758, -1.09781, -9.4375],
							"rotation": [0, 0, -45],
							"uv": {
								"north": {"uv": [64, 5], "uv_size": [1, 1]},
								"east": {"uv": [64, 7], "uv_size": [1, 1]},
								"south": {"uv": [9, 64], "uv_size": [1, 1]},
								"west": {"uv": [11, 64], "uv_size": [1, 1]},
								"up": {"uv": [64, 11], "uv_size": [1, 1]},
								"down": {"uv": [16, 65], "uv_size": [1, -1]}
							}
						},
						{
							"origin": [-1.71339, 0.64461, -10.125],
							"size": [0.625, 0.4375, 0.1875],
							"pivot": [-1.46339, 0.76961, -9.4375],
							"rotation": [0, 0, -45],
							"uv": {
								"north": {"uv": [64, 19], "uv_size": [1, 1]},
								"east": {"uv": [64, 21], "uv_size": [1, 1]},
								"south": {"uv": [23, 64], "uv_size": [1, 1]},
								"west": {"uv": [64, 23], "uv_size": [1, 1]},
								"up": {"uv": [25, 64], "uv_size": [1, 1]},
								"down": {"uv": [64, 26], "uv_size": [1, -1]}
							}
						},
						{
							"origin": [-1.35983, 0.94638, -10.125],
							"size": [2.75, 0.4375, 0.1875],
							"uv": {
								"north": {"uv": [11, 43], "uv_size": [3, 1]},
								"east": {"uv": [27, 64], "uv_size": [1, 1]},
								"south": {"uv": [43, 26], "uv_size": [3, 1]},
								"west": {"uv": [64, 29], "uv_size": [1, 1]},
								"up": {"uv": [43, 28], "uv_size": [3, 1]},
								"down": {"uv": [34, 44], "uv_size": [3, -1]}
							}
						},
						{
							"origin": [-1.35983, -1.49112, -10.125],
							"size": [2.75, 0.5, 0.1875],
							"uv": {
								"north": {"uv": [43, 35], "uv_size": [3, 1]},
								"east": {"uv": [64, 31], "uv_size": [1, 1]},
								"south": {"uv": [38, 43], "uv_size": [3, 1]},
								"west": {"uv": [64, 33], "uv_size": [1, 1]},
								"up": {"uv": [43, 41], "uv_size": [3, 1]},
								"down": {"uv": [42, 44], "uv_size": [3, -1]}
							}
						},
						{
							"origin": [-1.10983, -1.55362, -10.125],
							"size": [2.25, 0.5, 0.1875],
							"uv": {
								"north": {"uv": [52, 18], "uv_size": [2, 1]},
								"east": {"uv": [36, 64], "uv_size": [1, 1]},
								"south": {"uv": [52, 22], "uv_size": [2, 1]},
								"west": {"uv": [38, 64], "uv_size": [1, 1]},
								"up": {"uv": [52, 35], "uv_size": [2, 1]},
								"down": {"uv": [52, 38], "uv_size": [2, -1]}
							}
						},
						{
							"origin": [1.08839, 0.64461, -10.125],
							"size": [0.625, 0.4375, 0.1875],
							"pivot": [1.46339, 0.76961, -9.4375],
							"rotation": [0, 0, 45],
							"uv": {
								"north": {"uv": [40, 64], "uv_size": [1, 1]},
								"east": {"uv": [64, 41], "uv_size": [1, 1]},
								"south": {"uv": [64, 48], "uv_size": [1, 1]},
								"west": {"uv": [64, 50], "uv_size": [1, 1]},
								"up": {"uv": [64, 52], "uv_size": [1, 1]},
								"down": {"uv": [64, 55], "uv_size": [1, -1]}
							}
						},
						{
							"origin": [-2.05936, 1.04235, -10.75],
							"size": [0.625, 0.1875, 0.8125],
							"pivot": [-1.68436, 1.16735, -9.4375],
							"rotation": [0, 0, -45],
							"uv": {
								"north": {"uv": [0, 65], "uv_size": [1, 1]},
								"east": {"uv": [65, 0], "uv_size": [1, 1]},
								"south": {"uv": [65, 2], "uv_size": [1, 1]},
								"west": {"uv": [7, 65], "uv_size": [1, 1]},
								"up": {"uv": [65, 9], "uv_size": [1, 1]},
								"down": {"uv": [13, 66], "uv_size": [1, -1]}
							}
						},
						{
							"origin": [-1.99372, -1.05362, -10.75],
							"size": [0.25, 2, 0.8125],
							"inflate": 0.0001,
							"uv": {
								"north": {"uv": [6, 52], "uv_size": [1, 2]},
								"east": {"uv": [8, 53], "uv_size": [1, 2]},
								"south": {"uv": [10, 53], "uv_size": [1, 2]},
								"west": {"uv": [21, 53], "uv_size": [1, 2]},
								"up": {"uv": [65, 13], "uv_size": [1, 1]},
								"down": {"uv": [65, 16], "uv_size": [1, -1]}
							}
						},
						{
							"origin": [1.14775, -1.05362, -10.6862],
							"size": [0.25, 2, 0.8125],
							"pivot": [1.52275, -0.92862, -9.9987],
							"rotation": [0, -45, 0],
							"uv": {
								"north": {"uv": [23, 53], "uv_size": [1, 2]},
								"east": {"uv": [25, 53], "uv_size": [1, 2]},
								"south": {"uv": [27, 53], "uv_size": [1, 2]},
								"west": {"uv": [29, 53], "uv_size": [1, 2]},
								"up": {"uv": [65, 17], "uv_size": [1, 1]},
								"down": {"uv": [18, 66], "uv_size": [1, -1]}
							}
						},
						{
							"origin": [-1.39775, -1.05362, -10.6862],
							"size": [0.25, 2, 0.8125],
							"pivot": [-1.52275, -0.92862, -9.9987],
							"rotation": [0, 45, 0],
							"uv": {
								"north": {"uv": [31, 53], "uv_size": [1, 2]},
								"east": {"uv": [33, 53], "uv_size": [1, 2]},
								"south": {"uv": [35, 53], "uv_size": [1, 2]},
								"west": {"uv": [37, 53], "uv_size": [1, 2]},
								"up": {"uv": [20, 65], "uv_size": [1, 1]},
								"down": {"uv": [65, 28], "uv_size": [1, -1]}
							}
						},
						{
							"origin": [-1.74372, -1.05362, -10.0625],
							"size": [3.6875, 2, 0.125],
							"uv": {
								"north": {"uv": [21, 32], "uv_size": [4, 2]},
								"east": {"uv": [39, 53], "uv_size": [1, 2]},
								"south": {"uv": [32, 30], "uv_size": [4, 2]},
								"west": {"uv": [41, 53], "uv_size": [1, 2]},
								"up": {"uv": [41, 33], "uv_size": [4, 1]},
								"down": {"uv": [38, 42], "uv_size": [4, -1]}
							}
						},
						{
							"origin": [-2.01517, -1.35539, -8.8125],
							"size": [0.625, 0.1875, 0.5],
							"pivot": [-1.64017, -1.23039, -7.8125],
							"rotation": [0, 0, 45],
							"uv": {
								"north": {"uv": [29, 65], "uv_size": [1, 1]},
								"east": {"uv": [31, 65], "uv_size": [1, 1]},
								"south": {"uv": [33, 65], "uv_size": [1, 1]},
								"west": {"uv": [65, 35], "uv_size": [1, 1]},
								"up": {"uv": [65, 37], "uv_size": [1, 1]},
								"down": {"uv": [65, 40], "uv_size": [1, -1]}
							}
						},
						{
							"origin": [-1.70267, -1.35539, -9.9375],
							"size": [0.3125, 0.1875, 1.125],
							"pivot": [-1.64017, -1.23039, -8.3125],
							"rotation": [0, 0, 45],
							"uv": {
								"north": {"uv": [42, 65], "uv_size": [1, 1]},
								"east": {"uv": [65, 43], "uv_size": [1, 1]},
								"south": {"uv": [44, 65], "uv_size": [1, 1]},
								"west": {"uv": [65, 45], "uv_size": [1, 1]},
								"up": {"uv": [46, 65], "uv_size": [1, 1]},
								"down": {"uv": [48, 66], "uv_size": [1, -1]}
							}
						},
						{
							"origin": [-1.70267, -1.35539, -8.3125],
							"size": [0.3125, 0.1875, 1],
							"pivot": [-1.64017, -1.23039, -6.8125],
							"rotation": [0, 0, 45],
							"uv": {
								"north": {"uv": [50, 65], "uv_size": [1, 1]},
								"east": {"uv": [52, 65], "uv_size": [1, 1]},
								"south": {"uv": [54, 65], "uv_size": [1, 1]},
								"west": {"uv": [56, 65], "uv_size": [1, 1]},
								"up": {"uv": [65, 56], "uv_size": [1, 1]},
								"down": {"uv": [58, 66], "uv_size": [1, -1]}
							}
						},
						{
							"origin": [-1.70267, -1.35539, -6.8125],
							"size": [0.3125, 0.1875, 1],
							"pivot": [-1.64017, -1.23039, -5.3125],
							"rotation": [0, 0, 45],
							"uv": {
								"north": {"uv": [65, 58], "uv_size": [1, 1]},
								"east": {"uv": [60, 65], "uv_size": [1, 1]},
								"south": {"uv": [65, 60], "uv_size": [1, 1]},
								"west": {"uv": [62, 65], "uv_size": [1, 1]},
								"up": {"uv": [65, 62], "uv_size": [1, 1]},
								"down": {"uv": [64, 66], "uv_size": [1, -1]}
							}
						},
						{
							"origin": [-1.70267, -1.35539, -5.3125],
							"size": [0.3125, 0.1875, 1.0625],
							"pivot": [-1.64017, -1.23039, -3.75],
							"rotation": [0, 0, 45],
							"uv": {
								"north": {"uv": [2, 66], "uv_size": [1, 1]},
								"east": {"uv": [4, 66], "uv_size": [1, 1]},
								"south": {"uv": [66, 4], "uv_size": [1, 1]},
								"west": {"uv": [66, 6], "uv_size": [1, 1]},
								"up": {"uv": [9, 66], "uv_size": [1, 1]},
								"down": {"uv": [11, 67], "uv_size": [1, -1]}
							}
						},
						{
							"origin": [-2.05936, 1.04235, -8.8125],
							"size": [0.625, 0.1875, 0.5],
							"pivot": [-1.68436, 1.16735, -7.8125],
							"rotation": [0, 0, -45],
							"uv": {
								"north": {"uv": [66, 11], "uv_size": [1, 1]},
								"east": {"uv": [15, 66], "uv_size": [1, 1]},
								"south": {"uv": [66, 19], "uv_size": [1, 1]},
								"west": {"uv": [66, 21], "uv_size": [1, 1]},
								"up": {"uv": [22, 66], "uv_size": [1, 1]},
								"down": {"uv": [66, 24], "uv_size": [1, -1]}
							}
						},
						{
							"origin": [-1.74686, 1.04235, -9.9375],
							"size": [0.3125, 0.1875, 1.125],
							"pivot": [-1.68436, 1.16735, -8.3125],
							"rotation": [0, 0, -45],
							"uv": {
								"north": {"uv": [24, 66], "uv_size": [1, 1]},
								"east": {"uv": [66, 25], "uv_size": [1, 1]},
								"south": {"uv": [26, 66], "uv_size": [1, 1]},
								"west": {"uv": [66, 29], "uv_size": [1, 1]},
								"up": {"uv": [66, 31], "uv_size": [1, 1]},
								"down": {"uv": [66, 34], "uv_size": [1, -1]}
							}
						},
						{
							"origin": [-1.74686, 1.04235, -8.3125],
							"size": [0.3125, 0.1875, 1],
							"pivot": [-1.68436, 1.16735, -6.8125],
							"rotation": [0, 0, -45],
							"uv": {
								"north": {"uv": [35, 66], "uv_size": [1, 1]},
								"east": {"uv": [37, 66], "uv_size": [1, 1]},
								"south": {"uv": [39, 66], "uv_size": [1, 1]},
								"west": {"uv": [66, 41], "uv_size": [1, 1]},
								"up": {"uv": [66, 47], "uv_size": [1, 1]},
								"down": {"uv": [66, 50], "uv_size": [1, -1]}
							}
						},
						{
							"origin": [-1.74686, 1.04235, -6.8125],
							"size": [0.3125, 0.1875, 1],
							"pivot": [-1.68436, 1.16735, -5.3125],
							"rotation": [0, 0, -45],
							"uv": {
								"north": {"uv": [66, 51], "uv_size": [1, 1]},
								"east": {"uv": [66, 53], "uv_size": [1, 1]},
								"south": {"uv": [66, 64], "uv_size": [1, 1]},
								"west": {"uv": [66, 66], "uv_size": [1, 1]},
								"up": {"uv": [0, 67], "uv_size": [1, 1]},
								"down": {"uv": [67, 1], "uv_size": [1, -1]}
							}
						},
						{
							"origin": [-1.74686, 1.04235, -5.3125],
							"size": [0.3125, 0.1875, 1.0625],
							"pivot": [-1.68436, 1.16735, -3.75],
							"rotation": [0, 0, -45],
							"uv": {
								"north": {"uv": [67, 2], "uv_size": [1, 1]},
								"east": {"uv": [6, 67], "uv_size": [1, 1]},
								"south": {"uv": [67, 8], "uv_size": [1, 1]},
								"west": {"uv": [13, 67], "uv_size": [1, 1]},
								"up": {"uv": [67, 13], "uv_size": [1, 1]},
								"down": {"uv": [67, 16], "uv_size": [1, -1]}
							}
						},
						{
							"origin": [1.43436, 1.04235, -5.3125],
							"size": [0.3125, 0.1875, 1.0625],
							"pivot": [1.68436, 1.16735, -3.75],
							"rotation": [0, 0, 45],
							"uv": {
								"north": {"uv": [17, 67], "uv_size": [1, 1]},
								"east": {"uv": [67, 17], "uv_size": [1, 1]},
								"south": {"uv": [19, 67], "uv_size": [1, 1]},
								"west": {"uv": [67, 27], "uv_size": [1, 1]},
								"up": {"uv": [28, 67], "uv_size": [1, 1]},
								"down": {"uv": [30, 68], "uv_size": [1, -1]}
							}
						},
						{
							"origin": [1.43436, 1.04235, -6.8125],
							"size": [0.3125, 0.1875, 1],
							"pivot": [1.68436, 1.16735, -5.3125],
							"rotation": [0, 0, 45],
							"uv": {
								"north": {"uv": [32, 67], "uv_size": [1, 1]},
								"east": {"uv": [67, 35], "uv_size": [1, 1]},
								"south": {"uv": [67, 37], "uv_size": [1, 1]},
								"west": {"uv": [67, 39], "uv_size": [1, 1]},
								"up": {"uv": [41, 67], "uv_size": [1, 1]},
								"down": {"uv": [43, 68], "uv_size": [1, -1]}
							}
						},
						{
							"origin": [1.43436, 1.04235, -8.3125],
							"size": [0.3125, 0.1875, 1],
							"pivot": [1.68436, 1.16735, -6.8125],
							"rotation": [0, 0, 45],
							"uv": {
								"north": {"uv": [67, 43], "uv_size": [1, 1]},
								"east": {"uv": [45, 67], "uv_size": [1, 1]},
								"south": {"uv": [67, 45], "uv_size": [1, 1]},
								"west": {"uv": [47, 67], "uv_size": [1, 1]},
								"up": {"uv": [49, 67], "uv_size": [1, 1]},
								"down": {"uv": [51, 68], "uv_size": [1, -1]}
							}
						},
						{
							"origin": [1.43436, 1.04235, -9.9375],
							"size": [0.3125, 0.1875, 1.125],
							"pivot": [1.68436, 1.16735, -8.3125],
							"rotation": [0, 0, 45],
							"uv": {
								"north": {"uv": [53, 67], "uv_size": [1, 1]},
								"east": {"uv": [55, 67], "uv_size": [1, 1]},
								"south": {"uv": [67, 55], "uv_size": [1, 1]},
								"west": {"uv": [57, 67], "uv_size": [1, 1]},
								"up": {"uv": [67, 57], "uv_size": [1, 1]},
								"down": {"uv": [59, 68], "uv_size": [1, -1]}
							}
						},
						{
							"origin": [-2.01517, -1.35539, -7.3125],
							"size": [0.625, 0.1875, 0.5],
							"pivot": [-1.64017, -1.23039, -6.3125],
							"rotation": [0, 0, 45],
							"uv": {
								"north": {"uv": [67, 59], "uv_size": [1, 1]},
								"east": {"uv": [61, 67], "uv_size": [1, 1]},
								"south": {"uv": [67, 61], "uv_size": [1, 1]},
								"west": {"uv": [63, 67], "uv_size": [1, 1]},
								"up": {"uv": [2, 68], "uv_size": [1, 1]},
								"down": {"uv": [4, 69], "uv_size": [1, -1]}
							}
						},
						{
							"origin": [-2.05936, 1.04235, -7.3125],
							"size": [0.625, 0.1875, 0.5],
							"pivot": [-1.68436, 1.16735, -6.3125],
							"rotation": [0, 0, -45],
							"uv": {
								"north": {"uv": [68, 4], "uv_size": [1, 1]},
								"east": {"uv": [68, 6], "uv_size": [1, 1]},
								"south": {"uv": [8, 68], "uv_size": [1, 1]},
								"west": {"uv": [10, 68], "uv_size": [1, 1]},
								"up": {"uv": [68, 10], "uv_size": [1, 1]},
								"down": {"uv": [15, 69], "uv_size": [1, -1]}
							}
						},
						{
							"origin": [-2.01517, -1.35539, -5.8125],
							"size": [0.625, 0.1875, 0.5],
							"pivot": [-1.64017, -1.23039, -4.8125],
							"rotation": [0, 0, 45],
							"uv": {
								"north": {"uv": [68, 19], "uv_size": [1, 1]},
								"east": {"uv": [21, 68], "uv_size": [1, 1]},
								"south": {"uv": [68, 21], "uv_size": [1, 1]},
								"west": {"uv": [23, 68], "uv_size": [1, 1]},
								"up": {"uv": [68, 23], "uv_size": [1, 1]},
								"down": {"uv": [25, 69], "uv_size": [1, -1]}
							}
						},
						{
							"origin": [-2.05936, 1.04235, -5.8125],
							"size": [0.625, 0.1875, 0.5],
							"pivot": [-1.68436, 1.16735, -4.8125],
							"rotation": [0, 0, -45],
							"uv": {
								"north": {"uv": [68, 25], "uv_size": [1, 1]},
								"east": {"uv": [68, 29], "uv_size": [1, 1]},
								"south": {"uv": [68, 31], "uv_size": [1, 1]},
								"west": {"uv": [68, 33], "uv_size": [1, 1]},
								"up": {"uv": [34, 68], "uv_size": [1, 1]},
								"down": {"uv": [36, 69], "uv_size": [1, -1]}
							}
						},
						{
							"origin": [-2.01517, -1.35539, -4.25],
							"size": [0.625, 0.1875, 1.1875],
							"pivot": [-1.64017, -1.23039, -3.25],
							"rotation": [0, 0, 45],
							"uv": {
								"north": {"uv": [38, 68], "uv_size": [1, 1]},
								"east": {"uv": [68, 41], "uv_size": [1, 1]},
								"south": {"uv": [68, 47], "uv_size": [1, 1]},
								"west": {"uv": [68, 49], "uv_size": [1, 1]},
								"up": {"uv": [68, 51], "uv_size": [1, 1]},
								"down": {"uv": [68, 54], "uv_size": [1, -1]}
							}
						},
						{
							"origin": [-1.99372, -1.05362, -4.25],
							"size": [3.98744, 2, 1.1875],
							"uv": {
								"north": {"uv": [33, 16], "uv_size": [4, 2]},
								"east": {"uv": [43, 53], "uv_size": [1, 2]},
								"south": {"uv": [33, 19], "uv_size": [4, 2]},
								"west": {"uv": [45, 53], "uv_size": [1, 2]},
								"up": {"uv": [42, 21], "uv_size": [4, 1]},
								"down": {"uv": [42, 31], "uv_size": [4, -1]}
							}
						},
						{
							"origin": [-1.30622, -0.99112, -1.0625],
							"size": [2.61244, 1.875, 1.1875],
							"uv": {
								"north": {"uv": [10, 40], "uv_size": [3, 2]},
								"east": {"uv": [53, 45], "uv_size": [1, 2]},
								"south": {"uv": [34, 40], "uv_size": [3, 2]},
								"west": {"uv": [47, 53], "uv_size": [1, 2]},
								"up": {"uv": [21, 44], "uv_size": [3, 1]},
								"down": {"uv": [44, 24], "uv_size": [3, -1]}
							}
						},
						{
							"origin": [-0.93122, 1.63388, -0.6875],
							"size": [1.86244, 0.0625, 0.6875],
							"uv": {
								"north": {"uv": [49, 53], "uv_size": [2, 1]},
								"east": {"uv": [68, 63], "uv_size": [1, 1]},
								"south": {"uv": [53, 51], "uv_size": [2, 1]},
								"west": {"uv": [65, 68], "uv_size": [1, 1]},
								"up": {"uv": [52, 53], "uv_size": [2, 1]},
								"down": {"uv": [0, 55], "uv_size": [2, -1]}
							}
						},
						{
							"origin": [0.81878, 1.25888, -0.6875],
							"size": [0.11244, 0.375, 0.6875],
							"uv": {
								"north": {"uv": [68, 65], "uv_size": [1, 1]},
								"east": {"uv": [67, 68], "uv_size": [1, 1]},
								"south": {"uv": [0, 69], "uv_size": [1, 1]},
								"west": {"uv": [69, 0], "uv_size": [1, 1]},
								"up": {"uv": [69, 2], "uv_size": [1, 1]},
								"down": {"uv": [6, 70], "uv_size": [1, -1]}
							}
						},
						{
							"origin": [-1.54366, 1.25888, -2.3125],
							"size": [3.08731, 0.375, 0.9375],
							"uv": {
								"north": {"uv": [11, 45], "uv_size": [3, 1]},
								"east": {"uv": [69, 12], "uv_size": [1, 1]},
								"south": {"uv": [25, 45], "uv_size": [3, 1]},
								"west": {"uv": [69, 14], "uv_size": [1, 1]},
								"up": {"uv": [29, 45], "uv_size": [3, 1]},
								"down": {"uv": [33, 46], "uv_size": [3, -1]}
							}
						},
						{
							"origin": [-1.54366, 1.28264, -1.39194],
							"size": [3.08731, 0.375, 0.1875],
							"pivot": [1.30622, 1.59514, -1.45444],
							"rotation": [-19, 0, 0],
							"uv": {
								"north": {"uv": [37, 45], "uv_size": [3, 1]},
								"east": {"uv": [69, 16], "uv_size": [1, 1]},
								"south": {"uv": [41, 45], "uv_size": [3, 1]},
								"west": {"uv": [17, 69], "uv_size": [1, 1]},
								"up": {"uv": [45, 45], "uv_size": [3, 1]},
								"down": {"uv": [0, 47], "uv_size": [3, -1]}
							}
						},
						{
							"origin": [0.93122, 1.14226, -2.62276],
							"size": [0.61244, 0.375, 0.375],
							"pivot": [1.30622, 1.45476, -2.49776],
							"rotation": [30, 0, 0],
							"uv": {
								"north": {"uv": [19, 69], "uv_size": [1, 1]},
								"east": {"uv": [27, 69], "uv_size": [1, 1]},
								"south": {"uv": [69, 27], "uv_size": [1, 1]},
								"west": {"uv": [29, 69], "uv_size": [1, 1]},
								"up": {"uv": [31, 69], "uv_size": [1, 1]},
								"down": {"uv": [69, 36], "uv_size": [1, -1]}
							}
						},
						{
							"origin": [0.93122, 1.01675, -2.99179],
							"size": [0.61244, 0.375, 0.4375],
							"pivot": [1.30622, 1.32925, -2.86679],
							"rotation": [13, 0, 0],
							"uv": {
								"north": {"uv": [69, 37], "uv_size": [1, 1]},
								"east": {"uv": [69, 39], "uv_size": [1, 1]},
								"south": {"uv": [40, 69], "uv_size": [1, 1]},
								"west": {"uv": [42, 69], "uv_size": [1, 1]},
								"up": {"uv": [69, 43], "uv_size": [1, 1]},
								"down": {"uv": [44, 70], "uv_size": [1, -1]}
							}
						},
						{
							"origin": [-1.54366, 1.01675, -2.99179],
							"size": [0.61244, 0.375, 0.4375],
							"pivot": [-1.30622, 1.32925, -2.86679],
							"rotation": [13, 0, 0],
							"uv": {
								"north": {"uv": [69, 45], "uv_size": [1, 1]},
								"east": {"uv": [46, 69], "uv_size": [1, 1]},
								"south": {"uv": [48, 69], "uv_size": [1, 1]},
								"west": {"uv": [50, 69], "uv_size": [1, 1]},
								"up": {"uv": [52, 69], "uv_size": [1, 1]},
								"down": {"uv": [54, 70], "uv_size": [1, -1]}
							}
						},
						{
							"origin": [-1.54366, 1.14226, -2.62276],
							"size": [0.61244, 0.375, 0.375],
							"pivot": [-1.30622, 1.45476, -2.49776],
							"rotation": [30, 0, 0],
							"uv": {
								"north": {"uv": [69, 55], "uv_size": [1, 1]},
								"east": {"uv": [56, 69], "uv_size": [1, 1]},
								"south": {"uv": [69, 57], "uv_size": [1, 1]},
								"west": {"uv": [58, 69], "uv_size": [1, 1]},
								"up": {"uv": [69, 59], "uv_size": [1, 1]},
								"down": {"uv": [60, 70], "uv_size": [1, -1]}
							}
						},
						{
							"origin": [-0.29366, 1.07925, -3.11679],
							"size": [0.61244, 0.375, 0.5625],
							"pivot": [-0.05622, 1.39175, -2.86679],
							"rotation": [13, 0, 0],
							"uv": {
								"north": {"uv": [69, 61], "uv_size": [1, 1]},
								"east": {"uv": [62, 69], "uv_size": [1, 1]},
								"south": {"uv": [69, 67], "uv_size": [1, 1]},
								"west": {"uv": [69, 69], "uv_size": [1, 1]},
								"up": {"uv": [2, 70], "uv_size": [1, 1]},
								"down": {"uv": [4, 71], "uv_size": [1, -1]}
							}
						},
						{
							"origin": [-0.29366, 1.20476, -2.62276],
							"size": [0.61244, 0.375, 0.375],
							"pivot": [-0.05622, 1.51726, -2.49776],
							"rotation": [30, 0, 0],
							"uv": {
								"north": {"uv": [70, 4], "uv_size": [1, 1]},
								"east": {"uv": [70, 6], "uv_size": [1, 1]},
								"south": {"uv": [8, 70], "uv_size": [1, 1]},
								"west": {"uv": [10, 70], "uv_size": [1, 1]},
								"up": {"uv": [70, 10], "uv_size": [1, 1]},
								"down": {"uv": [14, 71], "uv_size": [1, -1]}
							}
						},
						{
							"origin": [-1.54366, 1.26034, -1.2236],
							"size": [3.08731, 0.375, 0.1875],
							"pivot": [1.30622, 1.57284, -1.2861],
							"rotation": [-45, 0, 0],
							"uv": {
								"north": {"uv": [46, 0], "uv_size": [3, 1]},
								"east": {"uv": [70, 18], "uv_size": [1, 1]},
								"south": {"uv": [46, 2], "uv_size": [3, 1]},
								"west": {"uv": [70, 20], "uv_size": [1, 1]},
								"up": {"uv": [4, 46], "uv_size": [3, 1]},
								"down": {"uv": [46, 7], "uv_size": [3, -1]}
							}
						},
						{
							"origin": [-1.54366, -1.30974, -2.44013],
							"size": [3.08731, 2.75, 1.375],
							"uv": {
								"north": {"uv": [25, 6], "uv_size": [3, 3]},
								"east": {"uv": [0, 41], "uv_size": [1, 3]},
								"south": {"uv": [21, 26], "uv_size": [3, 3]},
								"west": {"uv": [8, 46], "uv_size": [1, 3]},
								"up": {"uv": [21, 46], "uv_size": [3, 1]},
								"down": {"uv": [46, 33], "uv_size": [3, -1]}
							}
						},
						{
							"origin": [-1.16866, -1.80974, -2.31513],
							"size": [2.33731, 0.5, 1.25],
							"uv": {
								"north": {"uv": [54, 6], "uv_size": [2, 1]},
								"east": {"uv": [21, 70], "uv_size": [1, 1]},
								"south": {"uv": [14, 54], "uv_size": [2, 1]},
								"west": {"uv": [70, 22], "uv_size": [1, 1]},
								"up": {"uv": [17, 54], "uv_size": [2, 1]},
								"down": {"uv": [54, 32], "uv_size": [2, -1]}
							}
						},
						{
							"origin": [1.15089, -1.75613, -3.00263],
							"size": [0.33731, 0.5625, 1.9375],
							"pivot": [1.37576, -1.31863, -1.31513],
							"rotation": [0, 0, 45],
							"uv": {
								"north": {"uv": [23, 70], "uv_size": [1, 1]},
								"east": {"uv": [54, 42], "uv_size": [2, 1]},
								"south": {"uv": [70, 24], "uv_size": [1, 1]},
								"west": {"uv": [54, 48], "uv_size": [2, 1]},
								"up": {"uv": [5, 55], "uv_size": [1, 2]},
								"down": {"uv": [55, 10], "uv_size": [1, -2]}
							}
						},
						{
							"origin": [1.64145, -1.43112, -3.00263],
							"size": [0.33731, 1.1875, 1.9375],
							"pivot": [1.86632, -0.99362, -1.31513],
							"rotation": [0, 0, 60],
							"uv": {
								"north": {"uv": [25, 70], "uv_size": [1, 1]},
								"east": {"uv": [55, 4], "uv_size": [2, 1]},
								"south": {"uv": [70, 29], "uv_size": [1, 1]},
								"west": {"uv": [55, 11], "uv_size": [2, 1]},
								"up": {"uv": [55, 13], "uv_size": [1, 2]},
								"down": {"uv": [55, 18], "uv_size": [1, -2]}
							}
						},
						{
							"origin": [1.93012, 0.2075, -3.00263],
							"size": [0.33731, 1.3125, 1.9375],
							"pivot": [2.15499, 0.645, -1.31513],
							"rotation": [0, 0, -53],
							"uv": {
								"north": {"uv": [70, 31], "uv_size": [1, 1]},
								"east": {"uv": [55, 19], "uv_size": [2, 1]},
								"south": {"uv": [33, 70], "uv_size": [1, 1]},
								"west": {"uv": [55, 21], "uv_size": [2, 1]},
								"up": {"uv": [55, 23], "uv_size": [1, 2]},
								"down": {"uv": [55, 28], "uv_size": [1, -2]}
							}
						},
						{
							"origin": [2.42225, -0.71599, -3.00263],
							"size": [0.14981, 1.1875, 1.9375],
							"uv": {
								"north": {"uv": [70, 33], "uv_size": [1, 1]},
								"east": {"uv": [55, 29], "uv_size": [2, 1]},
								"south": {"uv": [35, 70], "uv_size": [1, 1]},
								"west": {"uv": [55, 33], "uv_size": [2, 1]},
								"up": {"uv": [55, 35], "uv_size": [1, 2]},
								"down": {"uv": [55, 40], "uv_size": [1, -2]}
							}
						},
						{
							"origin": [1.35975, -0.71599, -3.00263],
							"size": [1.08731, 1.1875, 0.125],
							"uv": {
								"north": {"uv": [37, 70], "uv_size": [1, 1]},
								"east": {"uv": [70, 41], "uv_size": [1, 1]},
								"south": {"uv": [70, 47], "uv_size": [1, 1]},
								"west": {"uv": [70, 49], "uv_size": [1, 1]},
								"up": {"uv": [70, 51], "uv_size": [1, 1]},
								"down": {"uv": [70, 54], "uv_size": [1, -1]}
							}
						},
						{
							"origin": [-1.97876, -1.43112, -3.00263],
							"size": [0.33731, 1.1875, 1.9375],
							"pivot": [-1.86632, -0.99362, -1.31513],
							"rotation": [0, 0, -60],
							"uv": {
								"north": {"uv": [71, 2], "uv_size": [1, 1]},
								"east": {"uv": [21, 56], "uv_size": [2, 1]},
								"south": {"uv": [6, 71], "uv_size": [1, 1]},
								"west": {"uv": [24, 56], "uv_size": [2, 1]},
								"up": {"uv": [27, 56], "uv_size": [1, 2]},
								"down": {"uv": [29, 58], "uv_size": [1, -2]}
							}
						},
						{
							"origin": [-2.57206, -0.71599, -3.00263],
							"size": [0.14981, 1.1875, 1.9375],
							"uv": {
								"north": {"uv": [71, 8], "uv_size": [1, 1]},
								"east": {"uv": [31, 56], "uv_size": [2, 1]},
								"south": {"uv": [12, 71], "uv_size": [1, 1]},
								"west": {"uv": [34, 56], "uv_size": [2, 1]},
								"up": {"uv": [37, 56], "uv_size": [1, 2]},
								"down": {"uv": [39, 58], "uv_size": [1, -2]}
							}
						},
						{
							"origin": [-2.26743, 0.2075, -3.00263],
							"size": [0.33731, 1.3125, 1.9375],
							"pivot": [-2.15499, 0.645, -1.31513],
							"rotation": [0, 0, 53],
							"uv": {
								"north": {"uv": [71, 12], "uv_size": [1, 1]},
								"east": {"uv": [41, 56], "uv_size": [2, 1]},
								"south": {"uv": [71, 14], "uv_size": [1, 1]},
								"west": {"uv": [44, 56], "uv_size": [2, 1]},
								"up": {"uv": [47, 56], "uv_size": [1, 2]},
								"down": {"uv": [56, 52], "uv_size": [1, -2]}
							}
						},
						{
							"origin": [-2.44706, -0.71599, -3.00263],
							"size": [1.08731, 1.1875, 0.125],
							"uv": {
								"north": {"uv": [31, 71], "uv_size": [1, 1]},
								"east": {"uv": [71, 35], "uv_size": [1, 1]},
								"south": {"uv": [71, 37], "uv_size": [1, 1]},
								"west": {"uv": [39, 71], "uv_size": [1, 1]},
								"up": {"uv": [71, 39], "uv_size": [1, 1]},
								"down": {"uv": [41, 72], "uv_size": [1, -1]}
							}
						},
						{
							"origin": [-1.4882, -1.75613, -3.00263],
							"size": [0.33731, 0.5625, 1.9375],
							"pivot": [-1.37576, -1.31863, -1.31513],
							"rotation": [0, 0, -45],
							"uv": {
								"north": {"uv": [43, 71], "uv_size": [1, 1]},
								"east": {"uv": [57, 31], "uv_size": [2, 1]},
								"south": {"uv": [71, 43], "uv_size": [1, 1]},
								"west": {"uv": [57, 38], "uv_size": [2, 1]},
								"up": {"uv": [57, 40], "uv_size": [1, 2]},
								"down": {"uv": [53, 59], "uv_size": [1, -2]}
							}
						},
						{
							"origin": [-1.16866, -1.88454, -1.27766],
							"size": [0.46231, 0.125, 0.1875],
							"pivot": [-1.00628, -1.82204, -1.15266],
							"rotation": [-37, 0, 0],
							"uv": {
								"north": {"uv": [45, 71], "uv_size": [1, 1]},
								"east": {"uv": [71, 45], "uv_size": [1, 1]},
								"south": {"uv": [47, 71], "uv_size": [1, 1]},
								"west": {"uv": [49, 71], "uv_size": [1, 1]},
								"up": {"uv": [51, 71], "uv_size": [1, 1]},
								"down": {"uv": [53, 72], "uv_size": [1, -1]}
							}
						},
						{
							"origin": [-0.23116, -1.88454, -1.27766],
							"size": [0.46231, 0.125, 0.1875],
							"pivot": [-0.06878, -1.82204, -1.15266],
							"rotation": [-37, 0, 0],
							"uv": {
								"north": {"uv": [55, 71], "uv_size": [1, 1]},
								"east": {"uv": [71, 55], "uv_size": [1, 1]},
								"south": {"uv": [57, 71], "uv_size": [1, 1]},
								"west": {"uv": [71, 57], "uv_size": [1, 1]},
								"up": {"uv": [59, 71], "uv_size": [1, 1]},
								"down": {"uv": [71, 60], "uv_size": [1, -1]}
							}
						},
						{
							"origin": [0.70634, -1.88454, -1.27766],
							"size": [0.46231, 0.125, 0.1875],
							"pivot": [0.86872, -1.82204, -1.15266],
							"rotation": [-37, 0, 0],
							"uv": {
								"north": {"uv": [61, 71], "uv_size": [1, 1]},
								"east": {"uv": [71, 61], "uv_size": [1, 1]},
								"south": {"uv": [71, 67], "uv_size": [1, 1]},
								"west": {"uv": [68, 71], "uv_size": [1, 1]},
								"up": {"uv": [71, 69], "uv_size": [1, 1]},
								"down": {"uv": [70, 72], "uv_size": [1, -1]}
							}
						},
						{
							"origin": [-0.30622, 1.25888, -2.3125],
							"size": [0.61244, 0.4375, 1.125],
							"uv": {
								"north": {"uv": [49, 73], "uv_size": [1, 1]},
								"east": {"uv": [51, 73], "uv_size": [1, 1]},
								"south": {"uv": [53, 73], "uv_size": [1, 1]},
								"west": {"uv": [55, 73], "uv_size": [1, 1]},
								"up": {"uv": [73, 55], "uv_size": [1, 1]},
								"down": {"uv": [57, 74], "uv_size": [1, -1]}
							}
						},
						{
							"origin": [-0.30622, 1.25888, -1.1875],
							"size": [0.61244, 0.4375, 0.1875],
							"pivot": [0.30622, 1.69638, -1.1875],
							"rotation": [-45, 0, 0],
							"uv": {
								"north": {"uv": [73, 57], "uv_size": [1, 1]},
								"east": {"uv": [59, 73], "uv_size": [1, 1]},
								"south": {"uv": [73, 59], "uv_size": [1, 1]},
								"west": {"uv": [61, 73], "uv_size": [1, 1]},
								"up": {"uv": [73, 61], "uv_size": [1, 1]},
								"down": {"uv": [67, 74], "uv_size": [1, -1]}
							}
						},
						{
							"origin": [-0.93122, 1.25888, -2.3125],
							"size": [0.61244, 0.4375, 0.1875],
							"pivot": [-0.31878, 1.69638, -2.3125],
							"rotation": [-45, 0, 0],
							"uv": {
								"north": {"uv": [73, 67], "uv_size": [1, 1]},
								"east": {"uv": [69, 73], "uv_size": [1, 1]},
								"south": {"uv": [73, 69], "uv_size": [1, 1]},
								"west": {"uv": [71, 73], "uv_size": [1, 1]},
								"up": {"uv": [73, 73], "uv_size": [1, 1]},
								"down": {"uv": [2, 75], "uv_size": [1, -1]}
							}
						},
						{
							"origin": [0.31878, 1.25888, -2.3125],
							"size": [0.61244, 0.4375, 0.1875],
							"pivot": [0.93122, 1.69638, -2.3125],
							"rotation": [-45, 0, 0],
							"uv": {
								"north": {"uv": [4, 74], "uv_size": [1, 1]},
								"east": {"uv": [74, 4], "uv_size": [1, 1]},
								"south": {"uv": [74, 6], "uv_size": [1, 1]},
								"west": {"uv": [8, 74], "uv_size": [1, 1]},
								"up": {"uv": [10, 74], "uv_size": [1, 1]},
								"down": {"uv": [74, 11], "uv_size": [1, -1]}
							}
						},
						{
							"origin": [0.25628, -1.92862, -2.375],
							"size": [0.42494, 0.4375, 1.3125],
							"uv": {
								"north": {"uv": [14, 74], "uv_size": [1, 1]},
								"east": {"uv": [74, 18], "uv_size": [1, 1]},
								"south": {"uv": [20, 74], "uv_size": [1, 1]},
								"west": {"uv": [74, 20], "uv_size": [1, 1]},
								"up": {"uv": [22, 74], "uv_size": [1, 1]},
								"down": {"uv": [74, 23], "uv_size": [1, -1]}
							}
						},
						{
							"origin": [-0.68122, -1.92862, -2.375],
							"size": [0.42494, 0.4375, 1.3125],
							"uv": {
								"north": {"uv": [24, 74], "uv_size": [1, 1]},
								"east": {"uv": [74, 24], "uv_size": [1, 1]},
								"south": {"uv": [74, 28], "uv_size": [1, 1]},
								"west": {"uv": [74, 30], "uv_size": [1, 1]},
								"up": {"uv": [32, 74], "uv_size": [1, 1]},
								"down": {"uv": [74, 33], "uv_size": [1, -1]}
							}
						},
						{
							"origin": [0.25628, -2.05676, -2.68436],
							"size": [0.42494, 0.4375, 0.1875],
							"pivot": [0.68122, -1.61926, -2.68436],
							"rotation": [45, 0, 0],
							"uv": {
								"north": {"uv": [34, 74], "uv_size": [1, 1]},
								"east": {"uv": [36, 74], "uv_size": [1, 1]},
								"south": {"uv": [74, 40], "uv_size": [1, 1]},
								"west": {"uv": [74, 47], "uv_size": [1, 1]},
								"up": {"uv": [74, 49], "uv_size": [1, 1]},
								"down": {"uv": [74, 52], "uv_size": [1, -1]}
							}
						},
						{
							"origin": [-0.68122, -2.05676, -2.68436],
							"size": [0.42494, 0.4375, 0.1875],
							"pivot": [-0.25628, -1.61926, -2.68436],
							"rotation": [45, 0, 0],
							"uv": {
								"north": {"uv": [74, 53], "uv_size": [1, 1]},
								"east": {"uv": [63, 74], "uv_size": [1, 1]},
								"south": {"uv": [74, 63], "uv_size": [1, 1]},
								"west": {"uv": [65, 74], "uv_size": [1, 1]},
								"up": {"uv": [74, 65], "uv_size": [1, 1]},
								"down": {"uv": [74, 72], "uv_size": [1, -1]}
							}
						},
						{
							"origin": [-0.30622, 1.1263, -1.24242],
							"size": [0.61244, 0.4375, 0.1875],
							"uv": {
								"north": {"uv": [0, 75], "uv_size": [1, 1]},
								"east": {"uv": [75, 0], "uv_size": [1, 1]},
								"south": {"uv": [75, 2], "uv_size": [1, 1]},
								"west": {"uv": [6, 75], "uv_size": [1, 1]},
								"up": {"uv": [75, 8], "uv_size": [1, 1]},
								"down": {"uv": [12, 76], "uv_size": [1, -1]}
							}
						},
						{
							"origin": [0.81878, 1.43122, -0.26517],
							"size": [0.11244, 0.375, 0.6875],
							"pivot": [0.88128, 1.43122, -0.26517],
							"rotation": [-45, 0, 0],
							"uv": {
								"north": {"uv": [75, 12], "uv_size": [1, 1]},
								"east": {"uv": [75, 14], "uv_size": [1, 1]},
								"south": {"uv": [16, 75], "uv_size": [1, 1]},
								"west": {"uv": [75, 16], "uv_size": [1, 1]},
								"up": {"uv": [18, 75], "uv_size": [1, 1]},
								"down": {"uv": [26, 76], "uv_size": [1, -1]}
							}
						},
						{
							"origin": [-0.93122, 1.43122, -0.26517],
							"size": [0.11244, 0.375, 0.6875],
							"pivot": [-0.88128, 1.43122, -0.26517],
							"rotation": [-45, 0, 0],
							"uv": {
								"north": {"uv": [75, 26], "uv_size": [1, 1]},
								"east": {"uv": [28, 75], "uv_size": [1, 1]},
								"south": {"uv": [30, 75], "uv_size": [1, 1]},
								"west": {"uv": [75, 34], "uv_size": [1, 1]},
								"up": {"uv": [75, 36], "uv_size": [1, 1]},
								"down": {"uv": [38, 76], "uv_size": [1, -1]}
							}
						},
						{
							"origin": [-0.93122, 1.25888, -0.6875],
							"size": [0.11244, 0.375, 0.6875],
							"uv": {
								"north": {"uv": [75, 38], "uv_size": [1, 1]},
								"east": {"uv": [40, 75], "uv_size": [1, 1]},
								"south": {"uv": [42, 75], "uv_size": [1, 1]},
								"west": {"uv": [75, 42], "uv_size": [1, 1]},
								"up": {"uv": [44, 75], "uv_size": [1, 1]},
								"down": {"uv": [75, 45], "uv_size": [1, -1]}
							}
						},
						{
							"origin": [-1.30622, 0.32138, 0.125],
							"size": [2.61244, 0.5625, 0.4375],
							"uv": {
								"north": {"uv": [46, 43], "uv_size": [3, 1]},
								"east": {"uv": [46, 75], "uv_size": [1, 1]},
								"south": {"uv": [47, 21], "uv_size": [3, 1]},
								"west": {"uv": [48, 75], "uv_size": [1, 1]},
								"up": {"uv": [25, 47], "uv_size": [3, 1]},
								"down": {"uv": [47, 26], "uv_size": [3, -1]}
							}
						},
						{
							"origin": [-1.30622, 0.61244, 0.29733],
							"size": [2.61244, 0.375, 0.4375],
							"pivot": [1.25628, 0.67494, 0.29733],
							"rotation": [-45, 0, 0],
							"uv": {
								"north": {"uv": [47, 27], "uv_size": [3, 1]},
								"east": {"uv": [50, 75], "uv_size": [1, 1]},
								"south": {"uv": [29, 47], "uv_size": [3, 1]},
								"west": {"uv": [52, 75], "uv_size": [1, 1]},
								"up": {"uv": [47, 29], "uv_size": [3, 1]},
								"down": {"uv": [33, 48], "uv_size": [3, -1]}
							}
						},
						{
							"origin": [-1.30622, 0.57138, 0.5625],
							"size": [2.61244, 0.3125, 0.4375],
							"uv": {
								"north": {"uv": [47, 34], "uv_size": [3, 1]},
								"east": {"uv": [54, 75], "uv_size": [1, 1]},
								"south": {"uv": [37, 47], "uv_size": [3, 1]},
								"west": {"uv": [75, 55], "uv_size": [1, 1]},
								"up": {"uv": [41, 47], "uv_size": [3, 1]},
								"down": {"uv": [47, 42], "uv_size": [3, -1]}
							}
						},
						{
							"origin": [-0.93122, -1.92862, -1.0625],
							"size": [1.86244, 0.5625, 1.1875],
							"uv": {
								"north": {"uv": [58, 11], "uv_size": [2, 1]},
								"east": {"uv": [56, 75], "uv_size": [1, 1]},
								"south": {"uv": [58, 18], "uv_size": [2, 1]},
								"west": {"uv": [75, 57], "uv_size": [1, 1]},
								"up": {"uv": [58, 20], "uv_size": [2, 1]},
								"down": {"uv": [21, 59], "uv_size": [2, -1]}
							}
						},
						{
							"origin": [-0.93122, -1.85095, -0.0625],
							"size": [1.86244, 0.5625, 0.8125],
							"pivot": [-1.61872, -1.66345, 0.125],
							"rotation": [45, 0, 0],
							"uv": {
								"north": {"uv": [24, 58], "uv_size": [2, 1]},
								"east": {"uv": [58, 75], "uv_size": [1, 1]},
								"south": {"uv": [58, 28], "uv_size": [2, 1]},
								"west": {"uv": [75, 59], "uv_size": [1, 1]},
								"up": {"uv": [31, 58], "uv_size": [2, 1]},
								"down": {"uv": [58, 34], "uv_size": [2, -1]}
							}
						},
						{
							"origin": [-0.90847, -1.38886, 0.5625],
							"size": [1.81694, 0.625, 0.4375],
							"uv": {
								"north": {"uv": [34, 58], "uv_size": [2, 1]},
								"east": {"uv": [60, 75], "uv_size": [1, 1]},
								"south": {"uv": [41, 58], "uv_size": [2, 1]},
								"west": {"uv": [75, 61], "uv_size": [1, 1]},
								"up": {"uv": [58, 43], "uv_size": [2, 1]},
								"down": {"uv": [44, 59], "uv_size": [2, -1]}
							}
						},
						{
							"origin": [-0.22097, -1.13886, -0.625],
							"size": [0.44194, 0.625, 1.75],
							"uv": {
								"north": {"uv": [67, 75], "uv_size": [1, 1]},
								"east": {"uv": [58, 45], "uv_size": [2, 1]},
								"south": {"uv": [75, 67], "uv_size": [1, 1]},
								"west": {"uv": [49, 58], "uv_size": [2, 1]},
								"up": {"uv": [58, 50], "uv_size": [1, 2]},
								"down": {"uv": [58, 59], "uv_size": [1, -2]}
							}
						},
						{
							"origin": [-0.21165, 0.41217, -0.625],
							"size": [0.44194, 0.625, 1.75],
							"uv": {
								"north": {"uv": [69, 75], "uv_size": [1, 1]},
								"east": {"uv": [58, 53], "uv_size": [2, 1]},
								"south": {"uv": [75, 69], "uv_size": [1, 1]},
								"west": {"uv": [59, 6], "uv_size": [2, 1]},
								"up": {"uv": [0, 59], "uv_size": [1, 2]},
								"down": {"uv": [7, 61], "uv_size": [1, -2]}
							}
						},
						{
							"origin": [-0.60012, -1.13727, -0.625],
							"size": [0.37944, 0.625, 1.75],
							"pivot": [-0.22512, -1.13727, 0.9375],
							"rotation": [0, 0, 21],
							"uv": {
								"north": {"uv": [71, 75], "uv_size": [1, 1]},
								"east": {"uv": [59, 13], "uv_size": [2, 1]},
								"south": {"uv": [73, 75], "uv_size": [1, 1]},
								"west": {"uv": [16, 59], "uv_size": [2, 1]},
								"up": {"uv": [19, 59], "uv_size": [1, 2]},
								"down": {"uv": [59, 27], "uv_size": [1, -2]}
							}
						},
						{
							"origin": [-0.95436, -1.00129, -0.625],
							"size": [0.37944, 0.625, 1.75],
							"pivot": [-0.57936, -1.00129, 0.9375],
							"rotation": [0, 0, 38],
							"uv": {
								"north": {"uv": [75, 73], "uv_size": [1, 1]},
								"east": {"uv": [27, 59], "uv_size": [2, 1]},
								"south": {"uv": [75, 75], "uv_size": [1, 1]},
								"west": {"uv": [59, 35], "uv_size": [2, 1]},
								"up": {"uv": [37, 59], "uv_size": [1, 2]},
								"down": {"uv": [39, 61], "uv_size": [1, -2]}
							}
						},
						{
							"origin": [-1.25336, -0.76769, -0.625],
							"size": [0.37944, 0.625, 1.75],
							"pivot": [-0.87836, -0.76769, 0.9375],
							"rotation": [0, 0, 62],
							"uv": {
								"north": {"uv": [2, 76], "uv_size": [1, 1]},
								"east": {"uv": [59, 40], "uv_size": [2, 1]},
								"south": {"uv": [4, 76], "uv_size": [1, 1]},
								"west": {"uv": [55, 59], "uv_size": [2, 1]},
								"up": {"uv": [47, 59], "uv_size": [1, 2]},
								"down": {"uv": [60, 2], "uv_size": [1, -2]}
							}
						},
						{
							"origin": [-1.42995, -0.43217, -0.625],
							"size": [0.37944, 0.625, 1.75],
							"pivot": [-1.05495, -0.43217, 0.9375],
							"rotation": [0, 0, 83],
							"uv": {
								"north": {"uv": [76, 4], "uv_size": [1, 1]},
								"east": {"uv": [59, 55], "uv_size": [2, 1]},
								"south": {"uv": [76, 6], "uv_size": [1, 1]},
								"west": {"uv": [2, 60], "uv_size": [2, 1]},
								"up": {"uv": [5, 60], "uv_size": [1, 2]},
								"down": {"uv": [60, 10], "uv_size": [1, -2]}
							}
						},
						{
							"origin": [-1.47473, -0.05562, -0.625],
							"size": [0.37944, 0.625, 1.75],
							"pivot": [-1.09973, -0.05562, 0.9375],
							"rotation": [0, 0, 102],
							"uv": {
								"north": {"uv": [8, 76], "uv_size": [1, 1]},
								"east": {"uv": [11, 60], "uv_size": [2, 1]},
								"south": {"uv": [10, 76], "uv_size": [1, 1]},
								"west": {"uv": [60, 15], "uv_size": [2, 1]},
								"up": {"uv": [21, 60], "uv_size": [1, 2]},
								"down": {"uv": [60, 24], "uv_size": [1, -2]}
							}
						},
						{
							"origin": [-1.21654, 0.65013, -0.625],
							"size": [0.37944, 0.625, 1.75],
							"pivot": [-0.84154, 0.65013, 0.9375],
							"rotation": [0, 0, 137],
							"uv": {
								"north": {"uv": [76, 10], "uv_size": [1, 1]},
								"east": {"uv": [23, 60], "uv_size": [2, 1]},
								"south": {"uv": [14, 76], "uv_size": [1, 1]},
								"west": {"uv": [30, 60], "uv_size": [2, 1]},
								"up": {"uv": [60, 30], "uv_size": [1, 2]},
								"down": {"uv": [33, 62], "uv_size": [1, -2]}
							}
						},
						{
							"origin": [-0.93904, 0.90891, -0.625],
							"size": [0.37944, 0.625, 1.75],
							"pivot": [-0.56404, 0.90891, 0.9375],
							"rotation": [0, 0, 160],
							"uv": {
								"north": {"uv": [76, 18], "uv_size": [1, 1]},
								"east": {"uv": [60, 37], "uv_size": [2, 1]},
								"south": {"uv": [20, 76], "uv_size": [1, 1]},
								"west": {"uv": [41, 60], "uv_size": [2, 1]},
								"up": {"uv": [35, 60], "uv_size": [1, 2]},
								"down": {"uv": [44, 62], "uv_size": [1, -2]}
							}
						},
						{
							"origin": [0.55959, 0.90891, -0.625],
							"size": [0.37944, 0.625, 1.75],
							"pivot": [0.56404, 0.90891, 0.9375],
							"rotation": [0, 0, -160],
							"uv": {
								"north": {"uv": [76, 20], "uv_size": [1, 1]},
								"east": {"uv": [60, 47], "uv_size": [2, 1]},
								"south": {"uv": [22, 76], "uv_size": [1, 1]},
								"west": {"uv": [49, 60], "uv_size": [2, 1]},
								"up": {"uv": [60, 49], "uv_size": [1, 2]},
								"down": {"uv": [52, 62], "uv_size": [1, -2]}
							}
						},
						{
							"origin": [-1.39468, 0.31511, -0.625],
							"size": [0.37944, 0.625, 1.75],
							"pivot": [-1.01968, 0.31511, 0.9375],
							"rotation": [0, 0, 118],
							"uv": {
								"north": {"uv": [76, 22], "uv_size": [1, 1]},
								"east": {"uv": [60, 57], "uv_size": [2, 1]},
								"south": {"uv": [24, 76], "uv_size": [1, 1]},
								"west": {"uv": [58, 60], "uv_size": [2, 1]},
								"up": {"uv": [61, 3], "uv_size": [1, 2]},
								"down": {"uv": [9, 63], "uv_size": [1, -2]}
							}
						},
						{
							"origin": [1.09529, -0.05562, 0.625],
							"size": [0.37944, 0.625, 0.4375],
							"pivot": [1.09973, -0.05562, 0.9375],
							"rotation": [0, 0, -102],
							"uv": {
								"north": {"uv": [76, 24], "uv_size": [1, 1]},
								"east": {"uv": [76, 28], "uv_size": [1, 1]},
								"south": {"uv": [76, 30], "uv_size": [1, 1]},
								"west": {"uv": [32, 76], "uv_size": [1, 1]},
								"up": {"uv": [76, 32], "uv_size": [1, 1]},
								"down": {"uv": [34, 77], "uv_size": [1, -1]}
							}
						},
						{
							"origin": [1.01524, 0.31511, -0.625],
							"size": [0.37944, 0.625, 1.75],
							"pivot": [1.01968, 0.31511, 0.9375],
							"rotation": [0, 0, -118],
							"uv": {
								"north": {"uv": [36, 76], "uv_size": [1, 1]},
								"east": {"uv": [61, 11], "uv_size": [2, 1]},
								"south": {"uv": [76, 40], "uv_size": [1, 1]},
								"west": {"uv": [14, 61], "uv_size": [2, 1]},
								"up": {"uv": [17, 61], "uv_size": [1, 2]},
								"down": {"uv": [61, 19], "uv_size": [1, -2]}
							}
						},
						{
							"origin": [0.8371, 0.65013, -0.625],
							"size": [0.37944, 0.625, 1.75],
							"pivot": [0.84154, 0.65013, 0.9375],
							"rotation": [0, 0, -137],
							"uv": {
								"north": {"uv": [76, 46], "uv_size": [1, 1]},
								"east": {"uv": [61, 20], "uv_size": [2, 1]},
								"south": {"uv": [76, 48], "uv_size": [1, 1]},
								"west": {"uv": [61, 25], "uv_size": [2, 1]},
								"up": {"uv": [26, 61], "uv_size": [1, 2]},
								"down": {"uv": [61, 29], "uv_size": [1, -2]}
							}
						},
						{
							"origin": [1.05051, -0.43217, -0.625],
							"size": [0.37944, 0.625, 1.75],
							"pivot": [1.05495, -0.43217, 0.9375],
							"rotation": [0, 0, -83],
							"uv": {
								"north": {"uv": [76, 50], "uv_size": [1, 1]},
								"east": {"uv": [61, 33], "uv_size": [2, 1]},
								"south": {"uv": [76, 52], "uv_size": [1, 1]},
								"west": {"uv": [61, 42], "uv_size": [2, 1]},
								"up": {"uv": [28, 61], "uv_size": [1, 2]},
								"down": {"uv": [61, 46], "uv_size": [1, -2]}
							}
						},
						{
							"origin": [1.09529, -0.05562, -0.625],
							"size": [0.37944, 0.625, 1.75],
							"pivot": [1.09973, -0.05562, 0.9375],
							"rotation": [0, 0, -102],
							"uv": {
								"north": {"uv": [62, 76], "uv_size": [1, 1]},
								"east": {"uv": [61, 52], "uv_size": [2, 1]},
								"south": {"uv": [76, 63], "uv_size": [1, 1]},
								"west": {"uv": [54, 61], "uv_size": [2, 1]},
								"up": {"uv": [61, 59], "uv_size": [1, 2]},
								"down": {"uv": [0, 64], "uv_size": [1, -2]}
							}
						},
						{
							"origin": [0.87392, -0.76769, -0.625],
							"size": [0.37944, 0.625, 1.75],
							"pivot": [0.87836, -0.76769, 0.9375],
							"rotation": [0, 0, -62],
							"uv": {
								"north": {"uv": [64, 76], "uv_size": [1, 1]},
								"east": {"uv": [62, 0], "uv_size": [2, 1]},
								"south": {"uv": [76, 65], "uv_size": [1, 1]},
								"west": {"uv": [2, 62], "uv_size": [2, 1]},
								"up": {"uv": [62, 6], "uv_size": [1, 2]},
								"down": {"uv": [7, 64], "uv_size": [1, -2]}
							}
						},
						{
							"origin": [0.22068, -1.13727, -0.625],
							"size": [0.37944, 0.625, 1.75],
							"pivot": [0.22512, -1.13727, 0.9375],
							"rotation": [0, 0, -21],
							"uv": {
								"north": {"uv": [76, 71], "uv_size": [1, 1]},
								"east": {"uv": [62, 9], "uv_size": [2, 1]},
								"south": {"uv": [0, 77], "uv_size": [1, 1]},
								"west": {"uv": [11, 62], "uv_size": [2, 1]},
								"up": {"uv": [19, 62], "uv_size": [1, 2]},
								"down": {"uv": [62, 24], "uv_size": [1, -2]}
							}
						},
						{
							"origin": [0.57492, -1.00129, -0.625],
							"size": [0.37944, 0.625, 1.75],
							"pivot": [0.57936, -1.00129, 0.9375],
							"rotation": [0, 0, -38],
							"uv": {
								"north": {"uv": [77, 0], "uv_size": [1, 1]},
								"east": {"uv": [62, 13], "uv_size": [2, 1]},
								"south": {"uv": [77, 2], "uv_size": [1, 1]},
								"west": {"uv": [23, 62], "uv_size": [2, 1]},
								"up": {"uv": [30, 62], "uv_size": [1, 2]},
								"down": {"uv": [62, 32], "uv_size": [1, -2]}
							}
						},
						{
							"origin": [-2.05936, 1.04235, -4.25],
							"size": [0.625, 0.1875, 1.1875],
							"pivot": [-1.68436, 1.16735, -3.25],
							"rotation": [0, 0, -45],
							"uv": {
								"north": {"uv": [6, 77], "uv_size": [1, 1]},
								"east": {"uv": [77, 8], "uv_size": [1, 1]},
								"south": {"uv": [12, 77], "uv_size": [1, 1]},
								"west": {"uv": [77, 12], "uv_size": [1, 1]},
								"up": {"uv": [77, 14], "uv_size": [1, 1]},
								"down": {"uv": [16, 78], "uv_size": [1, -1]}
							}
						},
						{
							"origin": [1.39017, -1.35539, -4.25],
							"size": [0.625, 0.1875, 1.1875],
							"pivot": [1.64017, -1.23039, -3.25],
							"rotation": [0, 0, -45],
							"uv": {
								"north": {"uv": [77, 16], "uv_size": [1, 1]},
								"east": {"uv": [18, 77], "uv_size": [1, 1]},
								"south": {"uv": [26, 77], "uv_size": [1, 1]},
								"west": {"uv": [77, 26], "uv_size": [1, 1]},
								"up": {"uv": [28, 77], "uv_size": [1, 1]},
								"down": {"uv": [30, 78], "uv_size": [1, -1]}
							}
						},
						{
							"origin": [1.43436, 1.04235, -4.25],
							"size": [0.625, 0.1875, 1.1875],
							"pivot": [1.68436, 1.16735, -3.25],
							"rotation": [0, 0, 45],
							"uv": {
								"north": {"uv": [77, 34], "uv_size": [1, 1]},
								"east": {"uv": [77, 36], "uv_size": [1, 1]},
								"south": {"uv": [38, 77], "uv_size": [1, 1]},
								"west": {"uv": [77, 38], "uv_size": [1, 1]},
								"up": {"uv": [40, 77], "uv_size": [1, 1]},
								"down": {"uv": [42, 78], "uv_size": [1, -1]}
							}
						},
						{
							"origin": [0.74686, 0.97985, -1.0625],
							"size": [0.625, 0.1875, 1.1875],
							"pivot": [0.99686, 1.10485, -0.0625],
							"rotation": [0, 0, 45],
							"uv": {
								"north": {"uv": [77, 42], "uv_size": [1, 1]},
								"east": {"uv": [44, 77], "uv_size": [1, 1]},
								"south": {"uv": [77, 44], "uv_size": [1, 1]},
								"west": {"uv": [46, 77], "uv_size": [1, 1]},
								"up": {"uv": [48, 77], "uv_size": [1, 1]},
								"down": {"uv": [50, 78], "uv_size": [1, -1]}
							}
						},
						{
							"origin": [1.12186, 0.91735, 0.125],
							"size": [0.25, 0.25, 0.875],
							"pivot": [0.99686, 1.10485, 1.125],
							"rotation": [0, 0, 45],
							"uv": {
								"north": {"uv": [52, 77], "uv_size": [1, 1]},
								"east": {"uv": [54, 77], "uv_size": [1, 1]},
								"south": {"uv": [77, 54], "uv_size": [1, 1]},
								"west": {"uv": [56, 77], "uv_size": [1, 1]},
								"up": {"uv": [77, 56], "uv_size": [1, 1]},
								"down": {"uv": [58, 78], "uv_size": [1, -1]}
							}
						},
						{
							"origin": [0.89526, 0.82543, 0.125],
							"size": [0.26318, 0.24248, 0.875],
							"pivot": [1.12381, 1.0938, 0.625],
							"rotation": [0, 0, 47],
							"uv": {
								"north": {"uv": [77, 58], "uv_size": [1, 1]},
								"east": {"uv": [60, 77], "uv_size": [1, 1]},
								"south": {"uv": [77, 60], "uv_size": [1, 1]},
								"west": {"uv": [66, 77], "uv_size": [1, 1]},
								"up": {"uv": [77, 67], "uv_size": [1, 1]},
								"down": {"uv": [68, 78], "uv_size": [1, -1]}
							}
						},
						{
							"origin": [-0.93917, 0.87582, -0.875],
							"size": [1.88818, 0.36748, 1.875],
							"uv": {
								"north": {"uv": [62, 35], "uv_size": [2, 1]},
								"east": {"uv": [37, 62], "uv_size": [2, 1]},
								"south": {"uv": [62, 39], "uv_size": [2, 1]},
								"west": {"uv": [40, 62], "uv_size": [2, 1]},
								"up": {"uv": [43, 6], "uv_size": [2, 2]},
								"down": {"uv": [8, 45], "uv_size": [2, -2]}
							}
						},
						{
							"origin": [-1.15843, 0.76293, 0.125],
							"size": [0.26318, 0.30498, 0.875],
							"pivot": [-1.12381, 1.0938, 0.625],
							"rotation": [0, 0, -47],
							"uv": {
								"north": {"uv": [77, 69], "uv_size": [1, 1]},
								"east": {"uv": [70, 77], "uv_size": [1, 1]},
								"south": {"uv": [72, 77], "uv_size": [1, 1]},
								"west": {"uv": [77, 73], "uv_size": [1, 1]},
								"up": {"uv": [74, 77], "uv_size": [1, 1]},
								"down": {"uv": [77, 76], "uv_size": [1, -1]}
							}
						},
						{
							"origin": [-1.37186, 0.85485, 0.125],
							"size": [0.25, 0.3125, 0.875],
							"pivot": [-0.99686, 1.10485, 1.125],
							"rotation": [0, 0, -45],
							"uv": {
								"north": {"uv": [76, 77], "uv_size": [1, 1]},
								"east": {"uv": [2, 78], "uv_size": [1, 1]},
								"south": {"uv": [4, 78], "uv_size": [1, 1]},
								"west": {"uv": [78, 4], "uv_size": [1, 1]},
								"up": {"uv": [78, 6], "uv_size": [1, 1]},
								"down": {"uv": [8, 79], "uv_size": [1, -1]}
							}
						},
						{
							"origin": [-1.37186, 0.97985, -1.0625],
							"size": [0.625, 0.1875, 1.1875],
							"pivot": [-0.99686, 1.10485, -0.0625],
							"rotation": [0, 0, -45],
							"uv": {
								"north": {"uv": [10, 78], "uv_size": [1, 1]},
								"east": {"uv": [78, 10], "uv_size": [1, 1]},
								"south": {"uv": [14, 78], "uv_size": [1, 1]},
								"west": {"uv": [78, 18], "uv_size": [1, 1]},
								"up": {"uv": [20, 78], "uv_size": [1, 1]},
								"down": {"uv": [78, 21], "uv_size": [1, -1]}
							}
						},
						{
							"origin": [0.66605, -1.2045, -1.0625],
							"size": [0.625, 0.1875, 1.1875],
							"pivot": [1.04105, -1.0795, -0.0625],
							"rotation": [0, 0, -45],
							"uv": {
								"north": {"uv": [22, 78], "uv_size": [1, 1]},
								"east": {"uv": [78, 22], "uv_size": [1, 1]},
								"south": {"uv": [24, 78], "uv_size": [1, 1]},
								"west": {"uv": [78, 24], "uv_size": [1, 1]},
								"up": {"uv": [78, 28], "uv_size": [1, 1]},
								"down": {"uv": [78, 31], "uv_size": [1, -1]}
							}
						},
						{
							"origin": [0.72855, -1.2045, 0.125],
							"size": [0.3125, 0.25, 0.875],
							"pivot": [1.04105, -1.0795, 1.125],
							"rotation": [0, 0, -45],
							"uv": {
								"north": {"uv": [32, 78], "uv_size": [1, 1]},
								"east": {"uv": [78, 32], "uv_size": [1, 1]},
								"south": {"uv": [34, 78], "uv_size": [1, 1]},
								"west": {"uv": [36, 78], "uv_size": [1, 1]},
								"up": {"uv": [78, 40], "uv_size": [1, 1]},
								"down": {"uv": [78, 47], "uv_size": [1, -1]}
							}
						},
						{
							"origin": [0.87654, -0.96164, 0.125],
							"size": [0.3125, 0.3125, 0.875],
							"pivot": [1.18904, -0.83664, 1.125],
							"rotation": [0, 0, -58],
							"uv": {
								"north": {"uv": [78, 48], "uv_size": [1, 1]},
								"east": {"uv": [78, 50], "uv_size": [1, 1]},
								"south": {"uv": [78, 52], "uv_size": [1, 1]},
								"west": {"uv": [62, 78], "uv_size": [1, 1]},
								"up": {"uv": [78, 62], "uv_size": [1, 1]},
								"down": {"uv": [64, 79], "uv_size": [1, -1]}
							}
						},
						{
							"origin": [0.91371, -0.69842, 0.125],
							"size": [0.125, 0.1875, 0.875],
							"pivot": [1.22621, -0.57342, 1.125],
							"rotation": [0, 0, -80],
							"uv": {
								"north": {"uv": [78, 64], "uv_size": [1, 1]},
								"east": {"uv": [78, 71], "uv_size": [1, 1]},
								"south": {"uv": [78, 77], "uv_size": [1, 1]},
								"west": {"uv": [0, 79], "uv_size": [1, 1]},
								"up": {"uv": [79, 0], "uv_size": [1, 1]},
								"down": {"uv": [79, 3], "uv_size": [1, -1]}
							}
						},
						{
							"origin": [0.75425, -0.77978, 0.125],
							"size": [0.5625, 0.0625, 0.875],
							"uv": {
								"north": {"uv": [6, 79], "uv_size": [1, 1]},
								"east": {"uv": [79, 8], "uv_size": [1, 1]},
								"south": {"uv": [12, 79], "uv_size": [1, 1]},
								"west": {"uv": [79, 12], "uv_size": [1, 1]},
								"up": {"uv": [79, 14], "uv_size": [1, 1]},
								"down": {"uv": [16, 80], "uv_size": [1, -1]}
							}
						},
						{
							"origin": [-1.49575, -0.46728, -0.5625],
							"size": [3, 0.25, 0.9375],
							"uv": {
								"north": {"uv": [45, 47], "uv_size": [3, 1]},
								"east": {"uv": [79, 16], "uv_size": [1, 1]},
								"south": {"uv": [0, 48], "uv_size": [3, 1]},
								"west": {"uv": [18, 79], "uv_size": [1, 1]},
								"up": {"uv": [4, 48], "uv_size": [3, 1]},
								"down": {"uv": [48, 5], "uv_size": [3, -1]}
							}
						},
						{
							"origin": [-1.49575, -0.29646, -0.49222],
							"size": [3, 0.625, 0.9375],
							"uv": {
								"north": {"uv": [48, 8], "uv_size": [3, 1]},
								"east": {"uv": [26, 79], "uv_size": [1, 1]},
								"south": {"uv": [48, 10], "uv_size": [3, 1]},
								"west": {"uv": [79, 26], "uv_size": [1, 1]},
								"up": {"uv": [48, 12], "uv_size": [3, 1]},
								"down": {"uv": [14, 49], "uv_size": [3, -1]}
							}
						},
						{
							"origin": [-1.49575, -0.44187, 0.32174],
							"size": [3, 0.25, 0.25],
							"pivot": [1.37925, -0.37937, 0.38424],
							"rotation": [39, 0, 0],
							"uv": {
								"north": {"uv": [48, 14], "uv_size": [3, 1]},
								"east": {"uv": [28, 79], "uv_size": [1, 1]},
								"south": {"uv": [48, 16], "uv_size": [3, 1]},
								"west": {"uv": [30, 79], "uv_size": [1, 1]},
								"up": {"uv": [18, 48], "uv_size": [3, 1]},
								"down": {"uv": [48, 19], "uv_size": [3, -1]}
							}
						},
						{
							"origin": [-1.49575, 0.02305, -0.70043],
							"size": [3, 0.1875, 0.25],
							"pivot": [1.37925, 0.21055, -0.63793],
							"rotation": [39, 0, 0],
							"uv": {
								"north": {"uv": [48, 23], "uv_size": [3, 1]},
								"east": {"uv": [79, 34], "uv_size": [1, 1]},
								"south": {"uv": [48, 36], "uv_size": [3, 1]},
								"west": {"uv": [79, 36], "uv_size": [1, 1]},
								"up": {"uv": [48, 38], "uv_size": [3, 1]},
								"down": {"uv": [22, 50], "uv_size": [3, -1]}
							}
						},
						{
							"origin": [-1.49575, -0.30004, 0.45609],
							"size": [3, 0.25, 0.25],
							"pivot": [1.37925, -0.23754, 0.51859],
							"rotation": [80, 0, 0],
							"uv": {
								"north": {"uv": [26, 49], "uv_size": [3, 1]},
								"east": {"uv": [38, 79], "uv_size": [1, 1]},
								"south": {"uv": [30, 49], "uv_size": [3, 1]},
								"west": {"uv": [79, 38], "uv_size": [1, 1]},
								"up": {"uv": [34, 49], "uv_size": [3, 1]},
								"down": {"uv": [38, 50], "uv_size": [3, -1]}
							}
						},
						{
							"origin": [-1.49575, -0.32594, -0.78156],
							"size": [3, 0.3125, 0.25],
							"pivot": [1.37925, -0.01344, -0.71906],
							"rotation": [80, 0, 0],
							"uv": {
								"north": {"uv": [42, 49], "uv_size": [3, 1]},
								"east": {"uv": [40, 79], "uv_size": [1, 1]},
								"south": {"uv": [49, 45], "uv_size": [3, 1]},
								"west": {"uv": [42, 79], "uv_size": [1, 1]},
								"up": {"uv": [46, 49], "uv_size": [3, 1]},
								"down": {"uv": [49, 48], "uv_size": [3, -1]}
							}
						},
						{
							"origin": [-1.49575, -0.07811, 0.47607],
							"size": [3, 0.25, 0.25],
							"pivot": [1.37925, -0.01561, 0.53857],
							"rotation": [102, 0, 0],
							"uv": {
								"north": {"uv": [0, 50], "uv_size": [3, 1]},
								"east": {"uv": [79, 42], "uv_size": [1, 1]},
								"south": {"uv": [50, 0], "uv_size": [3, 1]},
								"west": {"uv": [44, 79], "uv_size": [1, 1]},
								"up": {"uv": [50, 2], "uv_size": [3, 1]},
								"down": {"uv": [4, 51], "uv_size": [3, -1]}
							}
						},
						{
							"origin": [-1.49575, -0.57089, -0.75343],
							"size": [3, 0.3125, 0.25],
							"pivot": [1.37925, -0.25839, -0.69093],
							"rotation": [102, 0, 0],
							"uv": {
								"north": {"uv": [50, 6], "uv_size": [3, 1]},
								"east": {"uv": [79, 44], "uv_size": [1, 1]},
								"south": {"uv": [14, 50], "uv_size": [3, 1]},
								"west": {"uv": [46, 79], "uv_size": [1, 1]},
								"up": {"uv": [18, 50], "uv_size": [3, 1]},
								"down": {"uv": [50, 32], "uv_size": [3, -1]}
							}
						},
						{
							"origin": [-1.49575, 0.12906, 0.41049],
							"size": [3, 0.25, 0.1875],
							"pivot": [1.37925, 0.19156, 0.47299],
							"rotation": [128, 0, 0],
							"uv": {
								"north": {"uv": [50, 43], "uv_size": [3, 1]},
								"east": {"uv": [48, 79], "uv_size": [1, 1]},
								"south": {"uv": [50, 49], "uv_size": [3, 1]},
								"west": {"uv": [50, 79], "uv_size": [1, 1]},
								"up": {"uv": [8, 51], "uv_size": [3, 1]},
								"down": {"uv": [51, 21], "uv_size": [3, -1]}
							}
						},
						{
							"origin": [-1.49575, -0.73053, -0.66348],
							"size": [3, 0.3125, 0.1875],
							"pivot": [1.37925, -0.41803, -0.60098],
							"rotation": [128, 0, 0],
							"uv": {
								"north": {"uv": [22, 51], "uv_size": [3, 1]},
								"east": {"uv": [52, 79], "uv_size": [1, 1]},
								"south": {"uv": [51, 25], "uv_size": [3, 1]},
								"west": {"uv": [54, 79], "uv_size": [1, 1]},
								"up": {"uv": [26, 51], "uv_size": [3, 1]},
								"down": {"uv": [51, 28], "uv_size": [3, -1]}
							}
						},
						{
							"origin": [-1.24575, -1.03382, 0.43539],
							"size": [2.5, 0.1875, 0.3125],
							"pivot": [1.50425, -0.78382, 0.87289],
							"rotation": [-55, 0, 0],
							"uv": {
								"north": {"uv": [51, 29], "uv_size": [3, 1]},
								"east": {"uv": [79, 54], "uv_size": [1, 1]},
								"south": {"uv": [30, 51], "uv_size": [3, 1]},
								"west": {"uv": [56, 79], "uv_size": [1, 1]},
								"up": {"uv": [51, 33], "uv_size": [3, 1]},
								"down": {"uv": [34, 52], "uv_size": [3, -1]}
							}
						},
						{
							"origin": [-1.24575, -0.71129, 0.13326],
							"size": [2.5, 0.25, 0.4375],
							"uv": {
								"north": {"uv": [38, 51], "uv_size": [3, 1]},
								"east": {"uv": [79, 56], "uv_size": [1, 1]},
								"south": {"uv": [51, 40], "uv_size": [3, 1]},
								"west": {"uv": [58, 79], "uv_size": [1, 1]},
								"up": {"uv": [42, 51], "uv_size": [3, 1]},
								"down": {"uv": [46, 52], "uv_size": [3, -1]}
							}
						},
						{
							"origin": [-1.31675, -0.77978, 0.125],
							"size": [0.5625, 0.0625, 0.875],
							"uv": {
								"north": {"uv": [79, 58], "uv_size": [1, 1]},
								"east": {"uv": [60, 79], "uv_size": [1, 1]},
								"south": {"uv": [79, 60], "uv_size": [1, 1]},
								"west": {"uv": [66, 79], "uv_size": [1, 1]},
								"up": {"uv": [79, 66], "uv_size": [1, 1]},
								"down": {"uv": [68, 80], "uv_size": [1, -1]}
							}
						},
						{
							"origin": [-1.04105, -1.2045, 0.125],
							"size": [0.3125, 0.375, 0.875],
							"pivot": [-1.04105, -1.0795, 1.125],
							"rotation": [0, 0, 45],
							"uv": {
								"north": {"uv": [79, 68], "uv_size": [1, 1]},
								"east": {"uv": [70, 79], "uv_size": [1, 1]},
								"south": {"uv": [72, 79], "uv_size": [1, 1]},
								"west": {"uv": [79, 73], "uv_size": [1, 1]},
								"up": {"uv": [74, 79], "uv_size": [1, 1]},
								"down": {"uv": [79, 76], "uv_size": [1, -1]}
							}
						},
						{
							"origin": [-1.18904, -0.96164, 0.125],
							"size": [0.3125, 0.3125, 0.875],
							"pivot": [-1.18904, -0.83664, 1.125],
							"rotation": [0, 0, 58],
							"uv": {
								"north": {"uv": [76, 79], "uv_size": [1, 1]},
								"east": {"uv": [78, 79], "uv_size": [1, 1]},
								"south": {"uv": [2, 80], "uv_size": [1, 1]},
								"west": {"uv": [4, 80], "uv_size": [1, 1]},
								"up": {"uv": [80, 4], "uv_size": [1, 1]},
								"down": {"uv": [80, 7], "uv_size": [1, -1]}
							}
						},
						{
							"origin": [-1.03871, -0.69842, 0.125],
							"size": [0.125, 0.1875, 0.875],
							"pivot": [-1.22621, -0.57342, 1.125],
							"rotation": [0, 0, 80],
							"uv": {
								"north": {"uv": [8, 80], "uv_size": [1, 1]},
								"east": {"uv": [10, 80], "uv_size": [1, 1]},
								"south": {"uv": [80, 10], "uv_size": [1, 1]},
								"west": {"uv": [14, 80], "uv_size": [1, 1]},
								"up": {"uv": [80, 18], "uv_size": [1, 1]},
								"down": {"uv": [20, 81], "uv_size": [1, -1]}
							}
						},
						{
							"origin": [-1.29105, -1.2045, -1.0625],
							"size": [0.625, 0.1875, 1.1875],
							"pivot": [-1.04105, -1.0795, -0.0625],
							"rotation": [0, 0, 45],
							"uv": {
								"north": {"uv": [80, 20], "uv_size": [1, 1]},
								"east": {"uv": [22, 80], "uv_size": [1, 1]},
								"south": {"uv": [80, 22], "uv_size": [1, 1]},
								"west": {"uv": [24, 80], "uv_size": [1, 1]},
								"up": {"uv": [80, 24], "uv_size": [1, 1]},
								"down": {"uv": [80, 29], "uv_size": [1, -1]}
							}
						},
						{
							"origin": [-1.55178, -1.49556, -10.75],
							"size": [0.25, 0.1875, 7.75],
							"uv": {
								"north": {"uv": [80, 30], "uv_size": [1, 1]},
								"east": {"uv": [33, 22], "uv_size": [8, 1]},
								"south": {"uv": [32, 80], "uv_size": [1, 1]},
								"west": {"uv": [32, 33], "uv_size": [8, 1]},
								"up": {"uv": [8, 32], "uv_size": [1, 8]},
								"down": {"uv": [26, 40], "uv_size": [1, -8]}
							}
						},
						{
							"origin": [-1.55178, 1.20083, -10.75],
							"size": [0.375, 0.1875, 7.75],
							"uv": {
								"north": {"uv": [80, 32], "uv_size": [1, 1]},
								"east": {"uv": [34, 10], "uv_size": [8, 1]},
								"south": {"uv": [34, 80], "uv_size": [1, 1]},
								"west": {"uv": [34, 26], "uv_size": [8, 1]},
								"up": {"uv": [28, 32], "uv_size": [1, 8]},
								"down": {"uv": [21, 43], "uv_size": [1, -8]}
							}
						},
						{
							"origin": [1.0625, 1.35171, -10.75],
							"size": [0.25, 0.1875, 7.75],
							"pivot": [1.125, 1.47671, -9.4375],
							"rotation": [0, 0, 45],
							"uv": {
								"north": {"uv": [36, 80], "uv_size": [1, 1]},
								"east": {"uv": [34, 28], "uv_size": [8, 1]},
								"south": {"uv": [80, 40], "uv_size": [1, 1]},
								"west": {"uv": [35, 24], "uv_size": [8, 1]},
								"up": {"uv": [23, 35], "uv_size": [1, 8]},
								"down": {"uv": [32, 43], "uv_size": [1, -8]}
							}
						},
						{
							"origin": [1.43436, 1.04235, -10.75],
							"size": [0.625, 0.1875, 0.8125],
							"pivot": [1.68436, 1.16735, -9.4375],
							"rotation": [0, 0, 45],
							"uv": {
								"north": {"uv": [80, 46], "uv_size": [1, 1]},
								"east": {"uv": [80, 48], "uv_size": [1, 1]},
								"south": {"uv": [80, 50], "uv_size": [1, 1]},
								"west": {"uv": [80, 52], "uv_size": [1, 1]},
								"up": {"uv": [62, 80], "uv_size": [1, 1]},
								"down": {"uv": [80, 63], "uv_size": [1, -1]}
							}
						},
						{
							"origin": [1.17678, 1.20083, -10.75],
							"size": [0.375, 0.1875, 7.75],
							"uv": {
								"north": {"uv": [64, 80], "uv_size": [1, 1]},
								"east": {"uv": [34, 35], "uv_size": [8, 1]},
								"south": {"uv": [80, 64], "uv_size": [1, 1]},
								"west": {"uv": [37, 0], "uv_size": [8, 1]},
								"up": {"uv": [2, 37], "uv_size": [1, 8]},
								"down": {"uv": [4, 45], "uv_size": [1, -8]}
							}
						},
						{
							"origin": [1.74372, -1.05362, -10.75],
							"size": [0.25, 2, 0.8125],
							"inflate": 0.0001,
							"uv": {
								"north": {"uv": [46, 62], "uv_size": [1, 2]},
								"east": {"uv": [48, 62], "uv_size": [1, 2]},
								"south": {"uv": [62, 49], "uv_size": [1, 2]},
								"west": {"uv": [50, 62], "uv_size": [1, 2]},
								"up": {"uv": [80, 70], "uv_size": [1, 1]},
								"down": {"uv": [80, 78], "uv_size": [1, -1]}
							}
						},
						{
							"origin": [1.39017, -1.35539, -10.75],
							"size": [0.625, 0.1875, 0.8125],
							"pivot": [1.64017, -1.23039, -9.4375],
							"rotation": [0, 0, -45],
							"uv": {
								"north": {"uv": [80, 79], "uv_size": [1, 1]},
								"east": {"uv": [0, 81], "uv_size": [1, 1]},
								"south": {"uv": [81, 0], "uv_size": [1, 1]},
								"west": {"uv": [81, 2], "uv_size": [1, 1]},
								"up": {"uv": [6, 81], "uv_size": [1, 1]},
								"down": {"uv": [81, 9], "uv_size": [1, -1]}
							}
						},
						{
							"origin": [1.39017, -1.35539, -8.8125],
							"size": [0.625, 0.1875, 0.5],
							"pivot": [1.64017, -1.23039, -7.8125],
							"rotation": [0, 0, -45],
							"uv": {
								"north": {"uv": [12, 81], "uv_size": [1, 1]},
								"east": {"uv": [81, 12], "uv_size": [1, 1]},
								"south": {"uv": [81, 14], "uv_size": [1, 1]},
								"west": {"uv": [16, 81], "uv_size": [1, 1]},
								"up": {"uv": [81, 16], "uv_size": [1, 1]},
								"down": {"uv": [18, 82], "uv_size": [1, -1]}
							}
						},
						{
							"origin": [-1.99372, -1.05362, -8.8125],
							"size": [3.98744, 2, 0.5],
							"uv": {
								"north": {"uv": [37, 30], "uv_size": [4, 2]},
								"east": {"uv": [62, 54], "uv_size": [1, 2]},
								"south": {"uv": [34, 37], "uv_size": [4, 2]},
								"west": {"uv": [57, 62], "uv_size": [1, 2]},
								"up": {"uv": [43, 9], "uv_size": [4, 1]},
								"down": {"uv": [43, 12], "uv_size": [4, -1]}
							}
						},
						{
							"origin": [1.43436, 1.04235, -8.8125],
							"size": [0.625, 0.1875, 0.5],
							"pivot": [1.68436, 1.16735, -7.8125],
							"rotation": [0, 0, 45],
							"uv": {
								"north": {"uv": [26, 81], "uv_size": [1, 1]},
								"east": {"uv": [81, 26], "uv_size": [1, 1]},
								"south": {"uv": [28, 81], "uv_size": [1, 1]},
								"west": {"uv": [30, 81], "uv_size": [1, 1]},
								"up": {"uv": [81, 34], "uv_size": [1, 1]},
								"down": {"uv": [81, 37], "uv_size": [1, -1]}
							}
						},
						{
							"origin": [-1.99372, -1.05362, -7.3125],
							"size": [3.98744, 2, 0.5],
							"uv": {
								"north": {"uv": [38, 6], "uv_size": [4, 2]},
								"east": {"uv": [59, 62], "uv_size": [1, 2]},
								"south": {"uv": [38, 12], "uv_size": [4, 2]},
								"west": {"uv": [61, 62], "uv_size": [1, 2]},
								"up": {"uv": [43, 13], "uv_size": [4, 1]},
								"down": {"uv": [43, 16], "uv_size": [4, -1]}
							}
						},
						{
							"origin": [1.43436, 1.04235, -7.3125],
							"size": [0.625, 0.1875, 0.5],
							"pivot": [1.68436, 1.16735, -6.3125],
							"rotation": [0, 0, 45],
							"uv": {
								"north": {"uv": [38, 81], "uv_size": [1, 1]},
								"east": {"uv": [81, 38], "uv_size": [1, 1]},
								"south": {"uv": [40, 81], "uv_size": [1, 1]},
								"west": {"uv": [42, 81], "uv_size": [1, 1]},
								"up": {"uv": [81, 42], "uv_size": [1, 1]},
								"down": {"uv": [44, 82], "uv_size": [1, -1]}
							}
						},
						{
							"origin": [1.39017, -1.35539, -7.3125],
							"size": [0.625, 0.1875, 0.5],
							"pivot": [1.64017, -1.23039, -6.3125],
							"rotation": [0, 0, -45],
							"uv": {
								"north": {"uv": [81, 44], "uv_size": [1, 1]},
								"east": {"uv": [46, 81], "uv_size": [1, 1]},
								"south": {"uv": [48, 81], "uv_size": [1, 1]},
								"west": {"uv": [50, 81], "uv_size": [1, 1]},
								"up": {"uv": [52, 81], "uv_size": [1, 1]},
								"down": {"uv": [54, 82], "uv_size": [1, -1]}
							}
						},
						{
							"origin": [-1.99372, -1.05362, -5.8125],
							"size": [3.98744, 2, 0.5],
							"uv": {
								"north": {"uv": [38, 15], "uv_size": [4, 2]},
								"east": {"uv": [63, 2], "uv_size": [1, 2]},
								"south": {"uv": [38, 18], "uv_size": [4, 2]},
								"west": {"uv": [5, 63], "uv_size": [1, 2]},
								"up": {"uv": [43, 17], "uv_size": [4, 1]},
								"down": {"uv": [43, 20], "uv_size": [4, -1]}
							}
						},
						{
							"origin": [1.43436, 1.04235, -5.8125],
							"size": [0.625, 0.1875, 0.5],
							"pivot": [1.68436, 1.16735, -4.8125],
							"rotation": [0, 0, 45],
							"uv": {
								"north": {"uv": [81, 54], "uv_size": [1, 1]},
								"east": {"uv": [56, 81], "uv_size": [1, 1]},
								"south": {"uv": [81, 56], "uv_size": [1, 1]},
								"west": {"uv": [58, 81], "uv_size": [1, 1]},
								"up": {"uv": [81, 58], "uv_size": [1, 1]},
								"down": {"uv": [60, 82], "uv_size": [1, -1]}
							}
						},
						{
							"origin": [1.39017, -1.35539, -5.8125],
							"size": [0.625, 0.1875, 0.5],
							"pivot": [1.64017, -1.23039, -4.8125],
							"rotation": [0, 0, -45],
							"uv": {
								"north": {"uv": [81, 60], "uv_size": [1, 1]},
								"east": {"uv": [66, 81], "uv_size": [1, 1]},
								"south": {"uv": [81, 66], "uv_size": [1, 1]},
								"west": {"uv": [68, 81], "uv_size": [1, 1]},
								"up": {"uv": [81, 68], "uv_size": [1, 1]},
								"down": {"uv": [70, 82], "uv_size": [1, -1]}
							}
						},
						{
							"origin": [1.30178, -1.49556, -10.75],
							"size": [0.25, 0.1875, 7.75],
							"uv": {
								"north": {"uv": [72, 81], "uv_size": [1, 1]},
								"east": {"uv": [37, 2], "uv_size": [8, 1]},
								"south": {"uv": [81, 72], "uv_size": [1, 1]},
								"west": {"uv": [39, 4], "uv_size": [8, 1]},
								"up": {"uv": [6, 37], "uv_size": [1, 8]},
								"down": {"uv": [19, 46], "uv_size": [1, -8]}
							}
						},
						{
							"origin": [0.96339, -1.60983, -10.75],
							"size": [0.4375, 0.1875, 7.75],
							"pivot": [1.21339, -1.48483, -9.4375],
							"rotation": [0, 0, -45],
							"uv": {
								"north": {"uv": [74, 81], "uv_size": [1, 1]},
								"east": {"uv": [39, 37], "uv_size": [8, 1]},
								"south": {"uv": [81, 74], "uv_size": [1, 1]},
								"west": {"uv": [39, 39], "uv_size": [8, 1]},
								"up": {"uv": [15, 39], "uv_size": [1, 8]},
								"down": {"uv": [17, 47], "uv_size": [1, -8]}
							}
						},
						{
							"origin": [-0.4375, -0.625, -10.375],
							"size": [0.875, 0.07544, 21.42188],
							"uv": {
								"north": {"uv": [76, 81], "uv_size": [1, 1]},
								"east": {"uv": [9, 0], "uv_size": [13, 1]},
								"south": {"uv": [78, 81], "uv_size": [1, 1]},
								"west": {"uv": [9, 2], "uv_size": [13, 1]},
								"up": {"uv": [3, 9], "uv_size": [1, 13]},
								"down": {"uv": [9, 17], "uv_size": [1, -13]}
							}
						},
						{
							"origin": [-0.4375, 0.48169, -10.375],
							"size": [0.875, 0.07544, 21.42188],
							"uv": {
								"north": {"uv": [80, 81], "uv_size": [1, 1]},
								"east": {"uv": [11, 4], "uv_size": [13, 1]},
								"south": {"uv": [2, 82], "uv_size": [1, 1]},
								"west": {"uv": [11, 6], "uv_size": [13, 1]},
								"up": {"uv": [5, 9], "uv_size": [1, 13]},
								"down": {"uv": [7, 22], "uv_size": [1, -13]}
							}
						},
						{
							"origin": [0.48169, -0.50536, -10.375],
							"size": [0.07544, 0.94286, 21.42188],
							"uv": {
								"north": {"uv": [4, 82], "uv_size": [1, 1]},
								"east": {"uv": [11, 8], "uv_size": [13, 1]},
								"south": {"uv": [82, 4], "uv_size": [1, 1]},
								"west": {"uv": [11, 10], "uv_size": [13, 1]},
								"up": {"uv": [11, 12], "uv_size": [1, 13]},
								"down": {"uv": [13, 25], "uv_size": [1, -13]}
							}
						},
						{
							"origin": [0.35669, 0.38036, -10.375],
							"size": [0.16919, 0.10669, 21.42188],
							"pivot": [0.48169, 0.42456, 1.75],
							"rotation": [0, 0, 45],
							"uv": {
								"north": {"uv": [82, 6], "uv_size": [1, 1]},
								"east": {"uv": [15, 12], "uv_size": [13, 1]},
								"south": {"uv": [8, 82], "uv_size": [1, 1]},
								"west": {"uv": [15, 14], "uv_size": [13, 1]},
								"up": {"uv": [15, 16], "uv_size": [1, 13]},
								"down": {"uv": [17, 29], "uv_size": [1, -13]}
							}
						},
						{
							"origin": [-0.52589, 0.38036, -10.375],
							"size": [0.16919, 0.10669, 21.42188],
							"pivot": [-0.48169, 0.42456, 1.75],
							"rotation": [0, 0, -45],
							"uv": {
								"north": {"uv": [10, 82], "uv_size": [1, 1]},
								"east": {"uv": [19, 16], "uv_size": [13, 1]},
								"south": {"uv": [82, 10], "uv_size": [1, 1]},
								"west": {"uv": [19, 18], "uv_size": [13, 1]},
								"up": {"uv": [0, 18], "uv_size": [1, 13]},
								"down": {"uv": [9, 31], "uv_size": [1, -13]}
							}
						},
						{
							"origin": [0.39331, -0.60669, -10.375],
							"size": [0.16919, 0.10669, 21.42188],
							"pivot": [0.4375, -0.5625, 1.75],
							"rotation": [0, 0, -45],
							"uv": {
								"north": {"uv": [14, 82], "uv_size": [1, 1]},
								"east": {"uv": [19, 20], "uv_size": [13, 1]},
								"south": {"uv": [82, 18], "uv_size": [1, 1]},
								"west": {"uv": [19, 22], "uv_size": [13, 1]},
								"up": {"uv": [2, 23], "uv_size": [1, 13]},
								"down": {"uv": [4, 36], "uv_size": [1, -13]}
							}
						},
						{
							"origin": [-0.55714, -0.50536, -10.375],
							"size": [0.07544, 0.94286, 21.42188],
							"uv": {
								"north": {"uv": [20, 82], "uv_size": [1, 1]},
								"east": {"uv": [23, 0], "uv_size": [13, 1]},
								"south": {"uv": [82, 20], "uv_size": [1, 1]},
								"west": {"uv": [23, 2], "uv_size": [13, 1]},
								"up": {"uv": [6, 23], "uv_size": [1, 13]},
								"down": {"uv": [19, 37], "uv_size": [1, -13]}
							}
						},
						{
							"origin": [-0.5625, -0.60669, -10.375],
							"size": [0.16919, 0.10669, 21.42188],
							"pivot": [-0.4375, -0.5625, 1.75],
							"rotation": [0, 0, 45],
							"uv": {
								"north": {"uv": [22, 82], "uv_size": [1, 1]},
								"east": {"uv": [21, 24], "uv_size": [13, 1]},
								"south": {"uv": [82, 22], "uv_size": [1, 1]},
								"west": {"uv": [25, 4], "uv_size": [13, 1]},
								"up": {"uv": [11, 26], "uv_size": [1, 13]},
								"down": {"uv": [13, 39], "uv_size": [1, -13]}
							}
						}
					]
				},
				{
					"name": "bone1_illuminated",
					"parent": "Sli2",
					"pivot": [-2.30981, 0.22151, -1.31513],
					"cubes": [
						{
							"origin": [0.31878, 1.25888, -2.3125],
							"size": [0.61244, 0.4375, 1.625],
							"uv": {
								"north": {"uv": [69, 8], "uv_size": [1, 1]},
								"east": {"uv": [54, 0], "uv_size": [2, 1]},
								"south": {"uv": [12, 69], "uv_size": [1, 1]},
								"west": {"uv": [54, 2], "uv_size": [2, 1]},
								"up": {"uv": [3, 54], "uv_size": [1, 2]},
								"down": {"uv": [12, 56], "uv_size": [1, -2]}
							}
						},
						{
							"origin": [-0.93122, 1.25888, -2.3125],
							"size": [0.61244, 0.4375, 1.625],
							"uv": {
								"north": {"uv": [73, 45], "uv_size": [1, 1]},
								"east": {"uv": [4, 58], "uv_size": [2, 1]},
								"south": {"uv": [47, 73], "uv_size": [1, 1]},
								"west": {"uv": [58, 4], "uv_size": [2, 1]},
								"up": {"uv": [9, 58], "uv_size": [1, 2]},
								"down": {"uv": [14, 60], "uv_size": [1, -2]}
							}
						},
						{
							"origin": [-1.16866, -1.90957, -2.26536],
							"size": [0.46231, 0.125, 1.125],
							"inflate": 0.0001,
							"uv": {
								"north": {"uv": [2, 72], "uv_size": [1, 1]},
								"east": {"uv": [4, 72], "uv_size": [1, 1]},
								"south": {"uv": [72, 4], "uv_size": [1, 1]},
								"west": {"uv": [72, 6], "uv_size": [1, 1]},
								"up": {"uv": [8, 72], "uv_size": [1, 1]},
								"down": {"uv": [10, 73], "uv_size": [1, -1]}
							}
						},
						{
							"origin": [-0.23116, -1.90957, -2.26536],
							"size": [0.46231, 0.125, 1.125],
							"inflate": 0.0001,
							"uv": {
								"north": {"uv": [72, 51], "uv_size": [1, 1]},
								"east": {"uv": [72, 53], "uv_size": [1, 1]},
								"south": {"uv": [63, 72], "uv_size": [1, 1]},
								"west": {"uv": [72, 63], "uv_size": [1, 1]},
								"up": {"uv": [65, 72], "uv_size": [1, 1]},
								"down": {"uv": [72, 66], "uv_size": [1, -1]}
							}
						},
						{
							"origin": [0.70634, -1.90957, -2.26536],
							"size": [0.46231, 0.125, 1.125],
							"inflate": 0.0001,
							"uv": {
								"north": {"uv": [26, 73], "uv_size": [1, 1]},
								"east": {"uv": [73, 26], "uv_size": [1, 1]},
								"south": {"uv": [28, 73], "uv_size": [1, 1]},
								"west": {"uv": [30, 73], "uv_size": [1, 1]},
								"up": {"uv": [73, 34], "uv_size": [1, 1]},
								"down": {"uv": [73, 37], "uv_size": [1, -1]}
							}
						},
						{
							"origin": [0.70634, -1.8867, -2.66324],
							"size": [0.46231, 0.125, 0.4375],
							"inflate": 0.0001,
							"pivot": [0.86872, -1.8242, -2.28824],
							"rotation": [-30, 0, 0],
							"uv": {
								"north": {"uv": [12, 73], "uv_size": [1, 1]},
								"east": {"uv": [73, 12], "uv_size": [1, 1]},
								"south": {"uv": [73, 14], "uv_size": [1, 1]},
								"west": {"uv": [16, 73], "uv_size": [1, 1]},
								"up": {"uv": [73, 16], "uv_size": [1, 1]},
								"down": {"uv": [18, 74], "uv_size": [1, -1]}
							}
						},
						{
							"origin": [0.70634, -1.68926, -3.03329],
							"size": [0.46231, 0.125, 0.4375],
							"inflate": 0.0001,
							"pivot": [0.86872, -1.62676, -2.65829],
							"rotation": [-15, 0, 0],
							"uv": {
								"north": {"uv": [73, 38], "uv_size": [1, 1]},
								"east": {"uv": [39, 73], "uv_size": [1, 1]},
								"south": {"uv": [41, 73], "uv_size": [1, 1]},
								"west": {"uv": [43, 73], "uv_size": [1, 1]},
								"up": {"uv": [73, 43], "uv_size": [1, 1]},
								"down": {"uv": [45, 74], "uv_size": [1, -1]}
							}
						},
						{
							"origin": [-1.16866, -1.56426, -3.03329],
							"size": [2.33731, 2.9375, 0.4375],
							"inflate": 0.0001,
							"uv": {
								"north": {"uv": [25, 41], "uv_size": [2, 3]},
								"east": {"uv": [10, 47], "uv_size": [1, 3]},
								"south": {"uv": [28, 41], "uv_size": [2, 3]},
								"west": {"uv": [12, 47], "uv_size": [1, 3]},
								"up": {"uv": [57, 48], "uv_size": [2, 1]},
								"down": {"uv": [55, 58], "uv_size": [2, -1]}
							}
						},
						{
							"origin": [-0.23116, -1.68926, -3.03329],
							"size": [0.46231, 0.125, 0.4375],
							"inflate": 0.0001,
							"pivot": [-0.06878, -1.62676, -2.65829],
							"rotation": [-15, 0, 0],
							"uv": {
								"north": {"uv": [72, 71], "uv_size": [1, 1]},
								"east": {"uv": [0, 73], "uv_size": [1, 1]},
								"south": {"uv": [73, 0], "uv_size": [1, 1]},
								"west": {"uv": [73, 2], "uv_size": [1, 1]},
								"up": {"uv": [6, 73], "uv_size": [1, 1]},
								"down": {"uv": [73, 9], "uv_size": [1, -1]}
							}
						},
						{
							"origin": [-0.23116, -1.8867, -2.66324],
							"size": [0.46231, 0.125, 0.4375],
							"inflate": 0.0001,
							"pivot": [-0.06878, -1.8242, -2.28824],
							"rotation": [-30, 0, 0],
							"uv": {
								"north": {"uv": [33, 72], "uv_size": [1, 1]},
								"east": {"uv": [35, 72], "uv_size": [1, 1]},
								"south": {"uv": [37, 72], "uv_size": [1, 1]},
								"west": {"uv": [72, 41], "uv_size": [1, 1]},
								"up": {"uv": [72, 47], "uv_size": [1, 1]},
								"down": {"uv": [72, 50], "uv_size": [1, -1]}
							}
						},
						{
							"origin": [-1.16866, -1.8867, -2.66324],
							"size": [0.46231, 0.125, 0.4375],
							"inflate": 0.0001,
							"pivot": [-1.00628, -1.8242, -2.28824],
							"rotation": [-30, 0, 0],
							"uv": {
								"north": {"uv": [72, 10], "uv_size": [1, 1]},
								"east": {"uv": [14, 72], "uv_size": [1, 1]},
								"south": {"uv": [72, 18], "uv_size": [1, 1]},
								"west": {"uv": [20, 72], "uv_size": [1, 1]},
								"up": {"uv": [72, 20], "uv_size": [1, 1]},
								"down": {"uv": [22, 73], "uv_size": [1, -1]}
							}
						},
						{
							"origin": [-1.16866, -1.68926, -3.03329],
							"size": [0.46231, 0.125, 0.4375],
							"inflate": 0.0001,
							"pivot": [-1.00628, -1.62676, -2.65829],
							"rotation": [-15, 0, 0],
							"uv": {
								"north": {"uv": [72, 22], "uv_size": [1, 1]},
								"east": {"uv": [24, 72], "uv_size": [1, 1]},
								"south": {"uv": [72, 24], "uv_size": [1, 1]},
								"west": {"uv": [72, 28], "uv_size": [1, 1]},
								"up": {"uv": [72, 30], "uv_size": [1, 1]},
								"down": {"uv": [72, 33], "uv_size": [1, -1]}
							}
						},
						{
							"origin": [1.45994, -0.46599, -2.94013],
							"size": [0.96231, 0.125, 1.625],
							"pivot": [2.30981, -0.40349, -1.31513],
							"rotation": [0, 0, -1],
							"uv": {
								"north": {"uv": [0, 71], "uv_size": [1, 1]},
								"east": {"uv": [9, 56], "uv_size": [2, 1]},
								"south": {"uv": [71, 0], "uv_size": [1, 1]},
								"west": {"uv": [14, 56], "uv_size": [2, 1]},
								"up": {"uv": [17, 56], "uv_size": [1, 2]},
								"down": {"uv": [19, 58], "uv_size": [1, -2]}
							}
						},
						{
							"origin": [1.45994, -0.15349, -2.94013],
							"size": [0.96231, 0.125, 1.625],
							"pivot": [2.30981, -0.09099, -1.31513],
							"rotation": [0, 0, -1],
							"uv": {
								"north": {"uv": [70, 65], "uv_size": [1, 1]},
								"east": {"uv": [53, 55], "uv_size": [2, 1]},
								"south": {"uv": [66, 70], "uv_size": [1, 1]},
								"west": {"uv": [55, 53], "uv_size": [2, 1]},
								"up": {"uv": [0, 56], "uv_size": [1, 2]},
								"down": {"uv": [7, 58], "uv_size": [1, -2]}
							}
						},
						{
							"origin": [1.45994, 0.15901, -2.94013],
							"size": [0.96231, 0.125, 1.625],
							"pivot": [2.30981, 0.22151, -1.31513],
							"rotation": [0, 0, -1],
							"uv": {
								"north": {"uv": [70, 63], "uv_size": [1, 1]},
								"east": {"uv": [55, 44], "uv_size": [2, 1]},
								"south": {"uv": [64, 70], "uv_size": [1, 1]},
								"west": {"uv": [55, 46], "uv_size": [2, 1]},
								"up": {"uv": [49, 55], "uv_size": [1, 2]},
								"down": {"uv": [51, 57], "uv_size": [1, -2]}
							}
						},
						{
							"origin": [-2.42225, -0.46599, -2.94013],
							"size": [0.96231, 0.125, 1.625],
							"pivot": [-2.30981, -0.40349, -1.31513],
							"rotation": [0, 0, 1],
							"uv": {
								"north": {"uv": [27, 71], "uv_size": [1, 1]},
								"east": {"uv": [57, 16], "uv_size": [2, 1]},
								"south": {"uv": [29, 71], "uv_size": [1, 1]},
								"west": {"uv": [57, 23], "uv_size": [2, 1]},
								"up": {"uv": [57, 25], "uv_size": [1, 2]},
								"down": {"uv": [57, 37], "uv_size": [1, -2]}
							}
						},
						{
							"origin": [-2.42225, -0.15349, -2.94013],
							"size": [0.96231, 0.125, 1.625],
							"pivot": [-2.30981, -0.09099, -1.31513],
							"rotation": [0, 0, 1],
							"uv": {
								"north": {"uv": [18, 71], "uv_size": [1, 1]},
								"east": {"uv": [57, 2], "uv_size": [2, 1]},
								"south": {"uv": [71, 26], "uv_size": [1, 1]},
								"west": {"uv": [57, 9], "uv_size": [2, 1]},
								"up": {"uv": [12, 57], "uv_size": [1, 2]},
								"down": {"uv": [57, 15], "uv_size": [1, -2]}
							}
						},
						{
							"origin": [-2.42225, 0.15901, -2.94013],
							"size": [0.96231, 0.125, 1.625],
							"pivot": [-2.30981, 0.22151, -1.31513],
							"rotation": [0, 0, 1],
							"uv": {
								"north": {"uv": [16, 71], "uv_size": [1, 1]},
								"east": {"uv": [56, 55], "uv_size": [2, 1]},
								"south": {"uv": [71, 16], "uv_size": [1, 1]},
								"west": {"uv": [57, 0], "uv_size": [2, 1]},
								"up": {"uv": [2, 57], "uv_size": [1, 2]},
								"down": {"uv": [57, 8], "uv_size": [1, -2]}
							}
						}
					]
				}
			]
		}
	]
}