{
	"format_version": "1.12.0",
	"minecraft:geometry": [
		{
			"description": {
				"identifier": "geometry.unknown",
				"texture_width": 512,
				"texture_height": 512,
				"visible_bounds_width": 3,
				"visible_bounds_height": 1.5,
				"visible_bounds_offset": [0, 0.25, 0]
			},
			"bones": [
				{
					"name": "division",
					"pivot": [0, 0, -8.625]
				},
				{
					"name": "division_illuminated",
					"parent": "division",
					"pivot": [0, 1.25125, -63.55],
					"cubes": [
						{
							"origin": [-0.41875, 1.24199, -13.4375],
							"size": [0.8375, 0.80625, 0.33],
							"uv": {
								"south": {"uv": [339, 134], "uv_size": [15, -11]}
							}
						}
					]
				},
				{
					"name": "scope_body",
					"pivot": [0, 18.95, 0]
				},
				{
					"name": "sight",
					"parent": "scope_body",
					"pivot": [-0.1875, -0.375, -2.3125],
					"cubes": [
						{
							"origin": [0.345, -0.25, -3.375],
							"size": [0.14, 0.25, 1.5625],
							"uv": {
								"north": {"uv": [18, 17], "uv_size": [1, 1]},
								"east": {"uv": [0, 4], "uv_size": [2, 1]},
								"south": {"uv": [19, 2], "uv_size": [1, 1]},
								"west": {"uv": [5, 0], "uv_size": [2, 1]},
								"up": {"uv": [5, 2], "uv_size": [1, 2]},
								"down": {"uv": [5, 7], "uv_size": [1, -2]}
							}
						},
						{
							"origin": [0.345, 0, -3.375],
							"size": [0.14, 0.25, 1.5625],
							"pivot": [0.345, 0, -1.8125],
							"rotation": [0, 0, 54],
							"uv": {
								"north": {"uv": [3, 19], "uv_size": [1, 1]},
								"east": {"uv": [0, 6], "uv_size": [2, 1]},
								"south": {"uv": [5, 19], "uv_size": [1, 1]},
								"west": {"uv": [7, 2], "uv_size": [2, 1]},
								"up": {"uv": [3, 6], "uv_size": [1, 2]},
								"down": {"uv": [7, 6], "uv_size": [1, -2]}
							}
						},
						{
							"origin": [0.5325, 0.0625, -3.375],
							"size": [0.14, 0.25, 1.5625],
							"pivot": [0.5325, 0.0625, -1.8125],
							"rotation": [0, 0, -54],
							"uv": {
								"north": {"uv": [19, 6], "uv_size": [1, 1]},
								"east": {"uv": [7, 7], "uv_size": [2, 1]},
								"south": {"uv": [7, 19], "uv_size": [1, 1]},
								"west": {"uv": [0, 8], "uv_size": [2, 1]},
								"up": {"uv": [5, 8], "uv_size": [1, 2]},
								"down": {"uv": [3, 11], "uv_size": [1, -2]}
							}
						},
						{
							"origin": [-0.64275, 0.20945, -3.375],
							"size": [1.03549, 0.25, 1.5625],
							"uv": {
								"north": {"uv": [19, 10], "uv_size": [1, 1]},
								"east": {"uv": [8, 0], "uv_size": [2, 1]},
								"south": {"uv": [11, 19], "uv_size": [1, 1]},
								"west": {"uv": [9, 4], "uv_size": [2, 1]},
								"up": {"uv": [7, 9], "uv_size": [1, 2]},
								"down": {"uv": [9, 11], "uv_size": [1, -2]}
							}
						},
						{
							"origin": [-0.6725, 0.0625, -3.375],
							"size": [0.14, 0.25, 1.5625],
							"pivot": [-0.5325, 0.0625, -1.8125],
							"rotation": [0, 0, 54],
							"uv": {
								"north": {"uv": [13, 19], "uv_size": [1, 1]},
								"east": {"uv": [0, 10], "uv_size": [2, 1]},
								"south": {"uv": [15, 19], "uv_size": [1, 1]},
								"west": {"uv": [10, 2], "uv_size": [2, 1]},
								"up": {"uv": [10, 6], "uv_size": [1, 2]},
								"down": {"uv": [5, 13], "uv_size": [1, -2]}
							}
						},
						{
							"origin": [-0.485, 0, -3.375],
							"size": [0.14, 0.25, 1.5625],
							"pivot": [-0.345, 0, -1.8125],
							"rotation": [0, 0, -54],
							"uv": {
								"north": {"uv": [0, 20], "uv_size": [1, 1]},
								"east": {"uv": [2, 12], "uv_size": [2, 1]},
								"south": {"uv": [20, 0], "uv_size": [1, 1]},
								"west": {"uv": [12, 4], "uv_size": [2, 1]},
								"up": {"uv": [12, 6], "uv_size": [1, 2]},
								"down": {"uv": [7, 14], "uv_size": [1, -2]}
							}
						},
						{
							"origin": [-0.485, -0.25, -3.375],
							"size": [0.14, 0.25, 1.5625],
							"uv": {
								"north": {"uv": [20, 8], "uv_size": [1, 1]},
								"east": {"uv": [13, 2], "uv_size": [2, 1]},
								"south": {"uv": [9, 20], "uv_size": [1, 1]},
								"west": {"uv": [13, 11], "uv_size": [2, 1]},
								"up": {"uv": [9, 12], "uv_size": [1, 2]},
								"down": {"uv": [13, 15], "uv_size": [1, -2]}
							}
						},
						{
							"origin": [-0.75, -0.0625, -3.375],
							"size": [0.265, 0.3125, 1.5625],
							"uv": {
								"north": {"uv": [20, 15], "uv_size": [1, 1]},
								"east": {"uv": [14, 0], "uv_size": [2, 1]},
								"south": {"uv": [20, 17], "uv_size": [1, 1]},
								"west": {"uv": [2, 14], "uv_size": [2, 1]},
								"up": {"uv": [5, 14], "uv_size": [1, 2]},
								"down": {"uv": [14, 8], "uv_size": [1, -2]}
							}
						},
						{
							"origin": [-0.875, -0.125, -3.625],
							"size": [0.265, 0.3125, 0.6875],
							"uv": {
								"north": {"uv": [2, 21], "uv_size": [1, 1]},
								"east": {"uv": [21, 2], "uv_size": [1, 1]},
								"south": {"uv": [4, 21], "uv_size": [1, 1]},
								"west": {"uv": [21, 4], "uv_size": [1, 1]},
								"up": {"uv": [6, 21], "uv_size": [1, 1]},
								"down": {"uv": [21, 7], "uv_size": [1, -1]}
							}
						},
						{
							"origin": [-0.875, 0.1875, -3.625],
							"size": [0.0775, 0.1875, 0.6875],
							"pivot": [-0.875, 0.1875, -2.9375],
							"rotation": [0, 0, 64],
							"uv": {
								"north": {"uv": [21, 10], "uv_size": [1, 1]},
								"east": {"uv": [11, 21], "uv_size": [1, 1]},
								"south": {"uv": [21, 12], "uv_size": [1, 1]},
								"west": {"uv": [13, 21], "uv_size": [1, 1]},
								"up": {"uv": [15, 21], "uv_size": [1, 1]},
								"down": {"uv": [17, 22], "uv_size": [1, -1]}
							}
						},
						{
							"origin": [0.625, -0.25, -3],
							"size": [0.2025, 0.375, 1.015],
							"uv": {
								"north": {"uv": [19, 21], "uv_size": [1, 1]},
								"east": {"uv": [21, 19], "uv_size": [1, 1]},
								"south": {"uv": [21, 21], "uv_size": [1, 1]},
								"west": {"uv": [0, 22], "uv_size": [1, 1]},
								"up": {"uv": [22, 0], "uv_size": [1, 1]},
								"down": {"uv": [8, 23], "uv_size": [1, -1]}
							}
						},
						{
							"origin": [0.8275, -0.25, -2.0625],
							"size": [0.0775, 0.0625, 0.0775],
							"pivot": [0.8275, -0.25, -1.985],
							"rotation": [0, 33, 0],
							"uv": {
								"north": {"uv": [22, 8], "uv_size": [1, 1]},
								"east": {"uv": [22, 14], "uv_size": [1, 1]},
								"south": {"uv": [22, 16], "uv_size": [1, 1]},
								"west": {"uv": [2, 23], "uv_size": [1, 1]},
								"up": {"uv": [23, 2], "uv_size": [1, 1]},
								"down": {"uv": [4, 24], "uv_size": [1, -1]}
							}
						},
						{
							"origin": [0.8925, -0.25, -2.10471],
							"size": [0.0775, 0.0625, 0.0775],
							"pivot": [0.8925, -0.25, -2.02721],
							"rotation": [0, 68, 0],
							"uv": {
								"north": {"uv": [23, 4], "uv_size": [1, 1]},
								"east": {"uv": [6, 23], "uv_size": [1, 1]},
								"south": {"uv": [23, 6], "uv_size": [1, 1]},
								"west": {"uv": [10, 23], "uv_size": [1, 1]},
								"up": {"uv": [23, 10], "uv_size": [1, 1]},
								"down": {"uv": [12, 24], "uv_size": [1, -1]}
							}
						},
						{
							"origin": [0.838, -0.1875, -2.91755],
							"size": [0.265, 0.07, 0.19],
							"uv": {
								"north": {"uv": [23, 12], "uv_size": [1, 1]},
								"east": {"uv": [14, 23], "uv_size": [1, 1]},
								"south": {"uv": [16, 23], "uv_size": [1, 1]},
								"west": {"uv": [18, 23], "uv_size": [1, 1]},
								"up": {"uv": [23, 18], "uv_size": [1, 1]},
								"down": {"uv": [20, 24], "uv_size": [1, -1]}
							}
						},
						{
							"origin": [1.0425, -0.11, -2.91755],
							"size": [0.0775, 0.133, 0.19],
							"uv": {
								"north": {"uv": [4, 25], "uv_size": [1, 1]},
								"east": {"uv": [25, 4], "uv_size": [1, 1]},
								"south": {"uv": [6, 25], "uv_size": [1, 1]},
								"west": {"uv": [25, 6], "uv_size": [1, 1]},
								"up": {"uv": [10, 25], "uv_size": [1, 1]},
								"down": {"uv": [25, 11], "uv_size": [1, -1]}
							}
						},
						{
							"origin": [0.7925, -0.14, -3.10505],
							"size": [0.3275, 0.25, 0.19],
							"uv": {
								"north": {"uv": [12, 25], "uv_size": [1, 1]},
								"east": {"uv": [25, 12], "uv_size": [1, 1]},
								"south": {"uv": [14, 25], "uv_size": [1, 1]},
								"west": {"uv": [16, 25], "uv_size": [1, 1]},
								"up": {"uv": [18, 25], "uv_size": [1, 1]},
								"down": {"uv": [25, 19], "uv_size": [1, -1]}
							}
						},
						{
							"origin": [0.855, -0.14, -3.29255],
							"size": [0.265, 0.25, 0.19],
							"pivot": [1.12, -0.14, -3.10255],
							"rotation": [0, 23, 0],
							"uv": {
								"north": {"uv": [20, 25], "uv_size": [1, 1]},
								"east": {"uv": [25, 20], "uv_size": [1, 1]},
								"south": {"uv": [22, 25], "uv_size": [1, 1]},
								"west": {"uv": [0, 26], "uv_size": [1, 1]},
								"up": {"uv": [26, 0], "uv_size": [1, 1]},
								"down": {"uv": [8, 27], "uv_size": [1, -1]}
							}
						},
						{
							"origin": [0.71607, -0.14, -3.67083],
							"size": [0.11848, 0.25, 0.34519],
							"pivot": [0.98107, -0.14, -3.48083],
							"rotation": [0, 61, 0],
							"uv": {
								"north": {"uv": [26, 8], "uv_size": [1, 1]},
								"east": {"uv": [26, 14], "uv_size": [1, 1]},
								"south": {"uv": [26, 16], "uv_size": [1, 1]},
								"west": {"uv": [26, 22], "uv_size": [1, 1]},
								"up": {"uv": [24, 26], "uv_size": [1, 1]},
								"down": {"uv": [26, 25], "uv_size": [1, -1]}
							}
						},
						{
							"origin": [1.0425, -0.11, -2.73005],
							"size": [0.0775, 0.133, 0.1275],
							"pivot": [1.12, -0.11, -2.73005],
							"rotation": [0, -22, 0],
							"uv": {
								"north": {"uv": [26, 26], "uv_size": [1, 1]},
								"east": {"uv": [2, 27], "uv_size": [1, 1]},
								"south": {"uv": [27, 2], "uv_size": [1, 1]},
								"west": {"uv": [4, 27], "uv_size": [1, 1]},
								"up": {"uv": [27, 4], "uv_size": [1, 1]},
								"down": {"uv": [6, 28], "uv_size": [1, -1]}
							}
						},
						{
							"origin": [0.99474, -0.11, -2.61183],
							"size": [0.0775, 0.133, 0.1275],
							"pivot": [1.07224, -0.11, -2.61183],
							"rotation": [0, -96, 0],
							"uv": {
								"north": {"uv": [27, 6], "uv_size": [1, 1]},
								"east": {"uv": [10, 27], "uv_size": [1, 1]},
								"south": {"uv": [27, 10], "uv_size": [1, 1]},
								"west": {"uv": [12, 27], "uv_size": [1, 1]},
								"up": {"uv": [27, 12], "uv_size": [1, 1]},
								"down": {"uv": [14, 28], "uv_size": [1, -1]}
							}
						},
						{
							"origin": [0.7755, 0.04, -2.91755],
							"size": [0.3275, 0.07, 0.19],
							"uv": {
								"north": {"uv": [16, 27], "uv_size": [1, 1]},
								"east": {"uv": [18, 27], "uv_size": [1, 1]},
								"south": {"uv": [27, 18], "uv_size": [1, 1]},
								"west": {"uv": [20, 27], "uv_size": [1, 1]},
								"up": {"uv": [27, 20], "uv_size": [1, 1]},
								"down": {"uv": [22, 28], "uv_size": [1, -1]}
							}
						},
						{
							"origin": [0.9225, 0.035, -1.99471],
							"size": [0.14, 0.07, 0.2025],
							"uv": {
								"north": {"uv": [0, 28], "uv_size": [1, 1]},
								"east": {"uv": [28, 0], "uv_size": [1, 1]},
								"south": {"uv": [8, 28], "uv_size": [1, 1]},
								"west": {"uv": [28, 8], "uv_size": [1, 1]},
								"up": {"uv": [28, 14], "uv_size": [1, 1]},
								"down": {"uv": [28, 17], "uv_size": [1, -1]}
							}
						},
						{
							"origin": [0.9225, -0.1875, -1.99471],
							"size": [0.14, 0.07, 0.2025],
							"uv": {
								"north": {"uv": [28, 22], "uv_size": [1, 1]},
								"east": {"uv": [24, 28], "uv_size": [1, 1]},
								"south": {"uv": [28, 24], "uv_size": [1, 1]},
								"west": {"uv": [26, 28], "uv_size": [1, 1]},
								"up": {"uv": [28, 26], "uv_size": [1, 1]},
								"down": {"uv": [28, 29], "uv_size": [1, -1]}
							}
						},
						{
							"origin": [0.76, -0.1875, -2.55721],
							"size": [0.14, 0.07, 0.39],
							"uv": {
								"north": {"uv": [2, 29], "uv_size": [1, 1]},
								"east": {"uv": [29, 2], "uv_size": [1, 1]},
								"south": {"uv": [4, 29], "uv_size": [1, 1]},
								"west": {"uv": [29, 4], "uv_size": [1, 1]},
								"up": {"uv": [6, 29], "uv_size": [1, 1]},
								"down": {"uv": [29, 7], "uv_size": [1, -1]}
							}
						},
						{
							"origin": [0.76, -0.1175, -2.43221],
							"size": [0.14, 0.195, 0.2025],
							"uv": {
								"north": {"uv": [10, 29], "uv_size": [1, 1]},
								"east": {"uv": [29, 10], "uv_size": [1, 1]},
								"south": {"uv": [12, 29], "uv_size": [1, 1]},
								"west": {"uv": [29, 12], "uv_size": [1, 1]},
								"up": {"uv": [14, 29], "uv_size": [1, 1]},
								"down": {"uv": [16, 30], "uv_size": [1, -1]}
							}
						},
						{
							"origin": [0.76, 0.04, -2.68221],
							"size": [0.14, 0.07, 0.64],
							"uv": {
								"north": {"uv": [18, 29], "uv_size": [1, 1]},
								"east": {"uv": [29, 18], "uv_size": [1, 1]},
								"south": {"uv": [20, 29], "uv_size": [1, 1]},
								"west": {"uv": [29, 20], "uv_size": [1, 1]},
								"up": {"uv": [22, 29], "uv_size": [1, 1]},
								"down": {"uv": [0, 31], "uv_size": [1, -1]}
							}
						},
						{
							"origin": [0.6975, 0.3525, -2.49471],
							"size": [0.0775, 0.07, 0.39],
							"pivot": [0.775, 0.4225, -2.10471],
							"rotation": [0, 0, -87],
							"uv": {
								"north": {"uv": [30, 0], "uv_size": [1, 1]},
								"east": {"uv": [8, 30], "uv_size": [1, 1]},
								"south": {"uv": [30, 8], "uv_size": [1, 1]},
								"west": {"uv": [30, 14], "uv_size": [1, 1]},
								"up": {"uv": [30, 16], "uv_size": [1, 1]},
								"down": {"uv": [30, 23], "uv_size": [1, -1]}
							}
						},
						{
							"origin": [1.19001, 0.71707, -2.49471],
							"size": [0.0775, 0.07, 0.39],
							"pivot": [1.20239, 0.41777, -2.10471],
							"rotation": [0, 0, -100],
							"uv": {
								"north": {"uv": [24, 30], "uv_size": [1, 1]},
								"east": {"uv": [30, 24], "uv_size": [1, 1]},
								"south": {"uv": [26, 30], "uv_size": [1, 1]},
								"west": {"uv": [30, 26], "uv_size": [1, 1]},
								"up": {"uv": [28, 30], "uv_size": [1, 1]},
								"down": {"uv": [30, 29], "uv_size": [1, -1]}
							}
						},
						{
							"origin": [0.90978, 0.2836, -2.49471],
							"size": [0.0775, 0.07, 0.39],
							"pivot": [0.90978, 0.3536, -2.10471],
							"rotation": [0, 0, -126],
							"uv": {
								"north": {"uv": [30, 30], "uv_size": [1, 1]},
								"east": {"uv": [2, 31], "uv_size": [1, 1]},
								"south": {"uv": [31, 2], "uv_size": [1, 1]},
								"west": {"uv": [4, 31], "uv_size": [1, 1]},
								"up": {"uv": [31, 4], "uv_size": [1, 1]},
								"down": {"uv": [6, 32], "uv_size": [1, -1]}
							}
						},
						{
							"origin": [0.96642, 0.32474, -2.49471],
							"size": [0.0775, 0.07, 0.39],
							"pivot": [0.96642, 0.39474, -2.10471],
							"rotation": [0, 0, -158],
							"uv": {
								"north": {"uv": [31, 6], "uv_size": [1, 1]},
								"east": {"uv": [10, 31], "uv_size": [1, 1]},
								"south": {"uv": [31, 10], "uv_size": [1, 1]},
								"west": {"uv": [12, 31], "uv_size": [1, 1]},
								"up": {"uv": [31, 12], "uv_size": [1, 1]},
								"down": {"uv": [14, 32], "uv_size": [1, -1]}
							}
						},
						{
							"origin": [0.99264, 0.32715, -2.49471],
							"size": [0.265, 0.1325, 0.39],
							"pivot": [0.99264, 0.45965, -2.10471],
							"rotation": [0, 0, 167],
							"uv": {
								"north": {"uv": [16, 31], "uv_size": [1, 1]},
								"east": {"uv": [18, 31], "uv_size": [1, 1]},
								"south": {"uv": [31, 18], "uv_size": [1, 1]},
								"west": {"uv": [20, 31], "uv_size": [1, 1]},
								"up": {"uv": [31, 20], "uv_size": [1, 1]},
								"down": {"uv": [22, 32], "uv_size": [1, -1]}
							}
						},
						{
							"origin": [0.9225, -0.1875, -2.25971],
							"size": [0.14, 0.07, 0.265],
							"pivot": [1.0625, -0.1875, -1.99471],
							"rotation": [0, 50, 0],
							"uv": {
								"north": {"uv": [36, 32], "uv_size": [1, 1]},
								"east": {"uv": [34, 36], "uv_size": [1, 1]},
								"south": {"uv": [36, 34], "uv_size": [1, 1]},
								"west": {"uv": [36, 36], "uv_size": [1, 1]},
								"up": {"uv": [2, 37], "uv_size": [1, 1]},
								"down": {"uv": [37, 3], "uv_size": [1, -1]}
							}
						},
						{
							"origin": [0.6975, -0.1875, -2.82221],
							"size": [0.2025, 0.07, 0.265],
							"pivot": [0.9, -0.1875, -2.55721],
							"rotation": [0, -50, 0],
							"uv": {
								"north": {"uv": [4, 37], "uv_size": [1, 1]},
								"east": {"uv": [37, 4], "uv_size": [1, 1]},
								"south": {"uv": [6, 37], "uv_size": [1, 1]},
								"west": {"uv": [37, 6], "uv_size": [1, 1]},
								"up": {"uv": [10, 37], "uv_size": [1, 1]},
								"down": {"uv": [37, 11], "uv_size": [1, -1]}
							}
						},
						{
							"origin": [0.6975, 0.04, -2.82221],
							"size": [0.2025, 0.07, 0.265],
							"pivot": [0.9, 0.04, -2.55721],
							"rotation": [0, -50, 0],
							"uv": {
								"north": {"uv": [12, 37], "uv_size": [1, 1]},
								"east": {"uv": [37, 12], "uv_size": [1, 1]},
								"south": {"uv": [14, 37], "uv_size": [1, 1]},
								"west": {"uv": [16, 37], "uv_size": [1, 1]},
								"up": {"uv": [18, 37], "uv_size": [1, 1]},
								"down": {"uv": [37, 19], "uv_size": [1, -1]}
							}
						},
						{
							"origin": [0.9225, 0.035, -2.25971],
							"size": [0.14, 0.07, 0.265],
							"pivot": [1.0625, 0.035, -1.99471],
							"rotation": [0, 50, 0],
							"uv": {
								"north": {"uv": [20, 37], "uv_size": [1, 1]},
								"east": {"uv": [37, 20], "uv_size": [1, 1]},
								"south": {"uv": [22, 37], "uv_size": [1, 1]},
								"west": {"uv": [0, 38], "uv_size": [1, 1]},
								"up": {"uv": [38, 0], "uv_size": [1, 1]},
								"down": {"uv": [8, 39], "uv_size": [1, -1]}
							}
						},
						{
							"origin": [0.9225, -0.1875, -1.79221],
							"size": [0.14, 0.2925, 0.14],
							"uv": {
								"north": {"uv": [38, 8], "uv_size": [1, 1]},
								"east": {"uv": [38, 14], "uv_size": [1, 1]},
								"south": {"uv": [38, 16], "uv_size": [1, 1]},
								"west": {"uv": [38, 22], "uv_size": [1, 1]},
								"up": {"uv": [24, 38], "uv_size": [1, 1]},
								"down": {"uv": [38, 25], "uv_size": [1, -1]}
							}
						},
						{
							"origin": [0.74984, -0.25, -2.76701],
							"size": [0.14, 0.0625, 0.0775],
							"pivot": [0.81234, -0.25, -2.68951],
							"rotation": [0, -40, 0],
							"uv": {
								"north": {"uv": [26, 38], "uv_size": [1, 1]},
								"east": {"uv": [38, 26], "uv_size": [1, 1]},
								"south": {"uv": [28, 38], "uv_size": [1, 1]},
								"west": {"uv": [38, 28], "uv_size": [1, 1]},
								"up": {"uv": [30, 38], "uv_size": [1, 1]},
								"down": {"uv": [38, 31], "uv_size": [1, -1]}
							}
						},
						{
							"origin": [0.8275, -0.25, -3.2025],
							"size": [0.265, 0.0625, 0.2025],
							"pivot": [0.8275, -0.25, -3],
							"rotation": [0, 30, 0],
							"uv": {
								"north": {"uv": [32, 38], "uv_size": [1, 1]},
								"east": {"uv": [38, 32], "uv_size": [1, 1]},
								"south": {"uv": [34, 38], "uv_size": [1, 1]},
								"west": {"uv": [38, 34], "uv_size": [1, 1]},
								"up": {"uv": [36, 38], "uv_size": [1, 1]},
								"down": {"uv": [38, 37], "uv_size": [1, -1]}
							}
						},
						{
							"origin": [0.76825, -0.25, -3.19962],
							"size": [0.3275, 0.0625, 0.0775],
							"pivot": [1.09575, -0.25, -3.19962],
							"rotation": [0, -37, 0],
							"uv": {
								"north": {"uv": [38, 38], "uv_size": [1, 1]},
								"east": {"uv": [2, 39], "uv_size": [1, 1]},
								"south": {"uv": [39, 2], "uv_size": [1, 1]},
								"west": {"uv": [4, 39], "uv_size": [1, 1]},
								"up": {"uv": [39, 4], "uv_size": [1, 1]},
								"down": {"uv": [6, 40], "uv_size": [1, -1]}
							}
						},
						{
							"origin": [0.50669, -0.25, -3.39671],
							"size": [0.3275, 0.0625, 0.39],
							"uv": {
								"north": {"uv": [39, 6], "uv_size": [1, 1]},
								"east": {"uv": [10, 39], "uv_size": [1, 1]},
								"south": {"uv": [39, 10], "uv_size": [1, 1]},
								"west": {"uv": [12, 39], "uv_size": [1, 1]},
								"up": {"uv": [39, 12], "uv_size": [1, 1]},
								"down": {"uv": [14, 40], "uv_size": [1, -1]}
							}
						},
						{
							"origin": [0.50669, 0.1075, -3.39671],
							"size": [0.3275, 0.05, 0.39],
							"uv": {
								"north": {"uv": [16, 39], "uv_size": [1, 1]},
								"east": {"uv": [18, 39], "uv_size": [1, 1]},
								"south": {"uv": [39, 18], "uv_size": [1, 1]},
								"west": {"uv": [20, 39], "uv_size": [1, 1]},
								"up": {"uv": [39, 20], "uv_size": [1, 1]},
								"down": {"uv": [22, 40], "uv_size": [1, -1]}
							}
						},
						{
							"origin": [0.76825, 0.1075, -3.19962],
							"size": [0.3275, 0.05, 0.0775],
							"pivot": [1.09575, 0.1375, -3.19962],
							"rotation": [0, -37, 0],
							"uv": {
								"north": {"uv": [0, 40], "uv_size": [1, 1]},
								"east": {"uv": [40, 0], "uv_size": [1, 1]},
								"south": {"uv": [8, 40], "uv_size": [1, 1]},
								"west": {"uv": [40, 8], "uv_size": [1, 1]},
								"up": {"uv": [40, 14], "uv_size": [1, 1]},
								"down": {"uv": [40, 17], "uv_size": [1, -1]}
							}
						},
						{
							"origin": [0.8275, 0.1075, -3.2025],
							"size": [0.26078, 0.05, 0.19403],
							"pivot": [0.8275, 0.125, -3],
							"rotation": [0, 30, 0],
							"uv": {
								"north": {"uv": [40, 22], "uv_size": [1, 1]},
								"east": {"uv": [24, 40], "uv_size": [1, 1]},
								"south": {"uv": [40, 24], "uv_size": [1, 1]},
								"west": {"uv": [26, 40], "uv_size": [1, 1]},
								"up": {"uv": [40, 26], "uv_size": [1, 1]},
								"down": {"uv": [28, 41], "uv_size": [1, -1]}
							}
						},
						{
							"origin": [0.84403, -0.25, -2.69907],
							"size": [0.0775, 0.0625, 0.6],
							"uv": {
								"north": {"uv": [40, 28], "uv_size": [1, 1]},
								"east": {"uv": [30, 40], "uv_size": [1, 1]},
								"south": {"uv": [40, 30], "uv_size": [1, 1]},
								"west": {"uv": [32, 40], "uv_size": [1, 1]},
								"up": {"uv": [40, 32], "uv_size": [1, 1]},
								"down": {"uv": [34, 41], "uv_size": [1, -1]}
							}
						},
						{
							"origin": [-1.17153, 0.3125, -3.97407],
							"size": [2.34306, 0.42, 0.4125],
							"uv": {
								"north": {"uv": [14, 9], "uv_size": [2, 1]},
								"east": {"uv": [40, 34], "uv_size": [1, 1]},
								"south": {"uv": [15, 4], "uv_size": [2, 1]},
								"west": {"uv": [36, 40], "uv_size": [1, 1]},
								"up": {"uv": [7, 15], "uv_size": [2, 1]},
								"down": {"uv": [10, 16], "uv_size": [2, -1]}
							}
						},
						{
							"origin": [0.78153, 0.3125, -3.56157],
							"size": [0.39, 0.42, 0.6],
							"pivot": [1.17153, 0.3125, -3.56157],
							"rotation": [0, -60, 0],
							"uv": {
								"north": {"uv": [40, 36], "uv_size": [1, 1]},
								"east": {"uv": [38, 40], "uv_size": [1, 1]},
								"south": {"uv": [40, 38], "uv_size": [1, 1]},
								"west": {"uv": [40, 40], "uv_size": [1, 1]},
								"up": {"uv": [2, 41], "uv_size": [1, 1]},
								"down": {"uv": [41, 3], "uv_size": [1, -1]}
							}
						},
						{
							"origin": [-0.83767, 0.3125, -3.57407],
							"size": [1.67533, 0.41, 1.0375],
							"uv": {
								"north": {"uv": [15, 13], "uv_size": [2, 1]},
								"east": {"uv": [4, 41], "uv_size": [1, 1]},
								"south": {"uv": [15, 15], "uv_size": [2, 1]},
								"west": {"uv": [41, 4], "uv_size": [1, 1]},
								"up": {"uv": [0, 16], "uv_size": [2, 1]},
								"down": {"uv": [16, 3], "uv_size": [2, -1]}
							}
						},
						{
							"origin": [-0.83767, 0.24, -2.53657],
							"size": [1.67533, 0.4825, 0.5],
							"uv": {
								"north": {"uv": [16, 6], "uv_size": [2, 1]},
								"east": {"uv": [6, 41], "uv_size": [1, 1]},
								"south": {"uv": [16, 11], "uv_size": [2, 1]},
								"west": {"uv": [41, 6], "uv_size": [1, 1]},
								"up": {"uv": [17, 0], "uv_size": [2, 1]},
								"down": {"uv": [3, 18], "uv_size": [2, -1]}
							}
						},
						{
							"origin": [0.69767, 0.25, -2.03657],
							"size": [0.0775, 0.2325, 0.475],
							"pivot": [0.77517, 0.25, -2.03657],
							"rotation": [0, -4, 0],
							"uv": {
								"north": {"uv": [10, 41], "uv_size": [1, 1]},
								"east": {"uv": [41, 10], "uv_size": [1, 1]},
								"south": {"uv": [12, 41], "uv_size": [1, 1]},
								"west": {"uv": [41, 12], "uv_size": [1, 1]},
								"up": {"uv": [14, 41], "uv_size": [1, 1]},
								"down": {"uv": [16, 42], "uv_size": [1, -1]}
							}
						},
						{
							"origin": [0.28953, 0.25, -1.56272],
							"size": [0.4525, 0.2325, 0.2875],
							"pivot": [0.74203, 0.25, -1.56272],
							"rotation": [0, -52, 0],
							"uv": {
								"north": {"uv": [18, 41], "uv_size": [1, 1]},
								"east": {"uv": [41, 18], "uv_size": [1, 1]},
								"south": {"uv": [20, 41], "uv_size": [1, 1]},
								"west": {"uv": [41, 20], "uv_size": [1, 1]},
								"up": {"uv": [22, 41], "uv_size": [1, 1]},
								"down": {"uv": [0, 43], "uv_size": [1, -1]}
							}
						},
						{
							"origin": [0.43798, 0.25, -1.38572],
							"size": [0.0775, 0.2325, 0.4125],
							"pivot": [0.51548, 0.25, -1.38572],
							"rotation": [0, -90, 0],
							"uv": {
								"north": {"uv": [42, 0], "uv_size": [1, 1]},
								"east": {"uv": [8, 42], "uv_size": [1, 1]},
								"south": {"uv": [42, 8], "uv_size": [1, 1]},
								"west": {"uv": [42, 14], "uv_size": [1, 1]},
								"up": {"uv": [42, 16], "uv_size": [1, 1]},
								"down": {"uv": [42, 23], "uv_size": [1, -1]}
							}
						},
						{
							"origin": [0.25048, 0.5, -1.38572],
							"size": [0.3275, 0.2325, 0.4125],
							"pivot": [0.57798, 0.5, -1.38572],
							"rotation": [0, -90, 0],
							"uv": {
								"north": {"uv": [24, 42], "uv_size": [1, 1]},
								"east": {"uv": [42, 24], "uv_size": [1, 1]},
								"south": {"uv": [26, 42], "uv_size": [1, 1]},
								"west": {"uv": [42, 26], "uv_size": [1, 1]},
								"up": {"uv": [28, 42], "uv_size": [1, 1]},
								"down": {"uv": [42, 29], "uv_size": [1, -1]}
							}
						},
						{
							"origin": [0.37548, 0.5, -1.67322],
							"size": [0.2025, 0.2325, 0.2875],
							"pivot": [0.57798, 0.7325, -1.38572],
							"rotation": [0, -32, 0],
							"uv": {
								"north": {"uv": [30, 42], "uv_size": [1, 1]},
								"east": {"uv": [42, 30], "uv_size": [1, 1]},
								"south": {"uv": [32, 42], "uv_size": [1, 1]},
								"west": {"uv": [42, 32], "uv_size": [1, 1]},
								"up": {"uv": [34, 42], "uv_size": [1, 1]},
								"down": {"uv": [42, 35], "uv_size": [1, -1]}
							}
						},
						{
							"origin": [0.46533, 0.5, -2.20453],
							"size": [0.265, 0.2325, 0.2875],
							"pivot": [0.73033, 0.7325, -1.91703],
							"rotation": [0, 50, 0],
							"uv": {
								"north": {"uv": [36, 42], "uv_size": [1, 1]},
								"east": {"uv": [42, 36], "uv_size": [1, 1]},
								"south": {"uv": [38, 42], "uv_size": [1, 1]},
								"west": {"uv": [42, 38], "uv_size": [1, 1]},
								"up": {"uv": [40, 42], "uv_size": [1, 1]},
								"down": {"uv": [42, 41], "uv_size": [1, -1]}
							}
						},
						{
							"origin": [-0.31947, 0.5, -1.85517],
							"size": [0.265, 0.2325, 0.2875],
							"pivot": [0.22144, 0.7325, -1.38572],
							"rotation": [0, -50, 0],
							"uv": {
								"north": {"uv": [42, 42], "uv_size": [1, 1]},
								"east": {"uv": [2, 43], "uv_size": [1, 1]},
								"south": {"uv": [43, 2], "uv_size": [1, 1]},
								"west": {"uv": [4, 43], "uv_size": [1, 1]},
								"up": {"uv": [43, 4], "uv_size": [1, 1]},
								"down": {"uv": [6, 44], "uv_size": [1, -1]}
							}
						},
						{
							"origin": [0.17398, 0.5, -1.70287],
							"size": [0.2025, 0.2325, 0.2875],
							"pivot": [0.22144, 0.7325, -1.38572],
							"rotation": [0, 32, 0],
							"uv": {
								"north": {"uv": [43, 6], "uv_size": [1, 1]},
								"east": {"uv": [10, 43], "uv_size": [1, 1]},
								"south": {"uv": [43, 10], "uv_size": [1, 1]},
								"west": {"uv": [12, 43], "uv_size": [1, 1]},
								"up": {"uv": [43, 12], "uv_size": [1, 1]},
								"down": {"uv": [14, 44], "uv_size": [1, -1]}
							}
						},
						{
							"origin": [0.01313, 0.5, -1.91703],
							"size": [0.7172, 0.2325, 0.2875],
							"uv": {
								"north": {"uv": [16, 43], "uv_size": [1, 1]},
								"east": {"uv": [18, 43], "uv_size": [1, 1]},
								"south": {"uv": [43, 18], "uv_size": [1, 1]},
								"west": {"uv": [20, 43], "uv_size": [1, 1]},
								"up": {"uv": [43, 20], "uv_size": [1, 1]},
								"down": {"uv": [22, 44], "uv_size": [1, -1]}
							}
						},
						{
							"origin": [-0.59952, 0.25, -1.38572],
							"size": [0.7025, 0.46, 0.6],
							"pivot": [0.10298, 0.25, -1.38572],
							"rotation": [0, -90, 0],
							"uv": {
								"north": {"uv": [0, 44], "uv_size": [1, 1]},
								"east": {"uv": [44, 0], "uv_size": [1, 1]},
								"south": {"uv": [8, 44], "uv_size": [1, 1]},
								"west": {"uv": [44, 8], "uv_size": [1, 1]},
								"up": {"uv": [44, 14], "uv_size": [1, 1]},
								"down": {"uv": [44, 17], "uv_size": [1, -1]}
							}
						},
						{
							"origin": [-0.63702, 0.5, -1.38572],
							"size": [0.14, 0.21, 0.1625],
							"pivot": [-0.49702, 0.25, -1.38572],
							"rotation": [0, -90, 0],
							"uv": {
								"north": {"uv": [44, 22], "uv_size": [1, 1]},
								"east": {"uv": [24, 44], "uv_size": [1, 1]},
								"south": {"uv": [44, 24], "uv_size": [1, 1]},
								"west": {"uv": [26, 44], "uv_size": [1, 1]},
								"up": {"uv": [44, 26], "uv_size": [1, 1]},
								"down": {"uv": [28, 45], "uv_size": [1, -1]}
							}
						},
						{
							"origin": [-0.86202, 0.5, -1.38572],
							"size": [0.2025, 0.21, 0.1625],
							"pivot": [-0.65952, 0.5, -1.38572],
							"rotation": [0, -131, 0],
							"uv": {
								"north": {"uv": [44, 28], "uv_size": [1, 1]},
								"east": {"uv": [30, 44], "uv_size": [1, 1]},
								"south": {"uv": [44, 30], "uv_size": [1, 1]},
								"west": {"uv": [32, 44], "uv_size": [1, 1]},
								"up": {"uv": [44, 32], "uv_size": [1, 1]},
								"down": {"uv": [34, 45], "uv_size": [1, -1]}
							}
						},
						{
							"origin": [-0.76017, 0.5, -2.53657],
							"size": [0.3275, 0.21, 1.0375],
							"uv": {
								"north": {"uv": [44, 34], "uv_size": [1, 1]},
								"east": {"uv": [36, 44], "uv_size": [1, 1]},
								"south": {"uv": [44, 36], "uv_size": [1, 1]},
								"west": {"uv": [38, 44], "uv_size": [1, 1]},
								"up": {"uv": [44, 38], "uv_size": [1, 1]},
								"down": {"uv": [40, 45], "uv_size": [1, -1]}
							}
						},
						{
							"origin": [-0.76017, 0.205, -3.47407],
							"size": [0.0775, 0.295, 2.0375],
							"pivot": [-0.76017, 0.5, -1.68657],
							"rotation": [0, 0, -57],
							"uv": {
								"north": {"uv": [44, 40], "uv_size": [1, 1]},
								"east": {"uv": [6, 17], "uv_size": [2, 1]},
								"south": {"uv": [42, 44], "uv_size": [1, 1]},
								"west": {"uv": [17, 8], "uv_size": [2, 1]},
								"up": {"uv": [13, 16], "uv_size": [1, 2]},
								"down": {"uv": [9, 19], "uv_size": [1, -2]}
							}
						},
						{
							"origin": [-1.17153, 0.3125, -3.56157],
							"size": [0.265, 0.42, 0.5375],
							"pivot": [-1.17153, 0.3125, -3.56157],
							"rotation": [0, 60, 0],
							"uv": {
								"north": {"uv": [44, 42], "uv_size": [1, 1]},
								"east": {"uv": [44, 44], "uv_size": [1, 1]},
								"south": {"uv": [2, 45], "uv_size": [1, 1]},
								"west": {"uv": [45, 2], "uv_size": [1, 1]},
								"up": {"uv": [4, 45], "uv_size": [1, 1]},
								"down": {"uv": [45, 5], "uv_size": [1, -1]}
							}
						},
						{
							"origin": [1.09403, 0.5625, -4.38657],
							"size": [0.0775, 0.19, 0.4125],
							"uv": {
								"north": {"uv": [6, 45], "uv_size": [1, 1]},
								"east": {"uv": [45, 6], "uv_size": [1, 1]},
								"south": {"uv": [10, 45], "uv_size": [1, 1]},
								"west": {"uv": [45, 10], "uv_size": [1, 1]},
								"up": {"uv": [12, 45], "uv_size": [1, 1]},
								"down": {"uv": [45, 13], "uv_size": [1, -1]}
							}
						},
						{
							"origin": [-1.17153, 0.5625, -4.38657],
							"size": [0.0775, 0.3775, 0.4125],
							"uv": {
								"north": {"uv": [14, 45], "uv_size": [1, 1]},
								"east": {"uv": [16, 45], "uv_size": [1, 1]},
								"south": {"uv": [18, 45], "uv_size": [1, 1]},
								"west": {"uv": [45, 18], "uv_size": [1, 1]},
								"up": {"uv": [20, 45], "uv_size": [1, 1]},
								"down": {"uv": [45, 21], "uv_size": [1, -1]}
							}
						},
						{
							"origin": [-1.17153, 0.6875, -4.63657],
							"size": [0.0775, 0.2525, 0.6625],
							"pivot": [-1.17153, 0.75, -4.09907],
							"rotation": [-69, 0, 0],
							"uv": {
								"north": {"uv": [28, 46], "uv_size": [1, 1]},
								"east": {"uv": [46, 28], "uv_size": [1, 1]},
								"south": {"uv": [30, 46], "uv_size": [1, 1]},
								"west": {"uv": [46, 30], "uv_size": [1, 1]},
								"up": {"uv": [32, 46], "uv_size": [1, 1]},
								"down": {"uv": [46, 33], "uv_size": [1, -1]}
							}
						},
						{
							"origin": [1.09403, 0.5625, -4.38657],
							"size": [0.0775, 0.3775, 0.4125],
							"uv": {
								"north": {"uv": [46, 46], "uv_size": [1, 1]},
								"east": {"uv": [2, 47], "uv_size": [1, 1]},
								"south": {"uv": [47, 2], "uv_size": [1, 1]},
								"west": {"uv": [4, 47], "uv_size": [1, 1]},
								"up": {"uv": [47, 4], "uv_size": [1, 1]},
								"down": {"uv": [6, 48], "uv_size": [1, -1]}
							}
						},
						{
							"origin": [1.09403, 1.19239, -5.46431],
							"size": [0.0775, 0.1275, 1.4125],
							"pivot": [1.17153, 1.31989, -4.11431],
							"rotation": [-75, 0, 0],
							"uv": {
								"north": {"uv": [47, 6], "uv_size": [1, 1]},
								"east": {"uv": [10, 47], "uv_size": [1, 1]},
								"south": {"uv": [47, 10], "uv_size": [1, 1]},
								"west": {"uv": [12, 47], "uv_size": [1, 1]},
								"up": {"uv": [47, 12], "uv_size": [1, 1]},
								"down": {"uv": [14, 48], "uv_size": [1, -1]}
							}
						},
						{
							"origin": [-1.17153, 1.19239, -5.46431],
							"size": [0.0775, 0.1275, 1.4125],
							"pivot": [-1.17153, 1.31989, -4.11431],
							"rotation": [-75, 0, 0],
							"uv": {
								"north": {"uv": [48, 6], "uv_size": [-1, 1]},
								"east": {"uv": [13, 47], "uv_size": [-1, 1]},
								"south": {"uv": [48, 10], "uv_size": [-1, 1]},
								"west": {"uv": [11, 47], "uv_size": [-1, 1]},
								"up": {"uv": [48, 12], "uv_size": [-1, 1]},
								"down": {"uv": [15, 48], "uv_size": [-1, -1]}
							}
						},
						{
							"origin": [1.09403, 0.6875, -4.63657],
							"size": [0.0775, 0.2525, 0.6625],
							"pivot": [1.17153, 0.75, -4.09907],
							"rotation": [-69, 0, 0],
							"uv": {
								"north": {"uv": [16, 47], "uv_size": [1, 1]},
								"east": {"uv": [18, 47], "uv_size": [1, 1]},
								"south": {"uv": [47, 18], "uv_size": [1, 1]},
								"west": {"uv": [20, 47], "uv_size": [1, 1]},
								"up": {"uv": [47, 20], "uv_size": [1, 1]},
								"down": {"uv": [22, 48], "uv_size": [1, -1]}
							}
						},
						{
							"origin": [1.09403, 0.6273, -4.23249],
							"size": [0.0775, 0.13731, 1.16276],
							"pivot": [1.17153, 0.7548, -4.35724],
							"rotation": [96, 0, 0],
							"uv": {
								"north": {"uv": [0, 48], "uv_size": [1, 1]},
								"east": {"uv": [48, 0], "uv_size": [1, 1]},
								"south": {"uv": [8, 48], "uv_size": [1, 1]},
								"west": {"uv": [48, 8], "uv_size": [1, 1]},
								"up": {"uv": [48, 14], "uv_size": [1, 1]},
								"down": {"uv": [48, 17], "uv_size": [1, -1]}
							}
						},
						{
							"origin": [1.09403, 0.6273, -4.16999],
							"size": [0.0775, 0.13731, 1.10026],
							"pivot": [1.17153, 0.7548, -4.29474],
							"rotation": [96, 0, 0],
							"uv": {
								"north": {"uv": [0, 48], "uv_size": [1, 1]},
								"east": {"uv": [48, 0], "uv_size": [1, 1]},
								"south": {"uv": [8, 48], "uv_size": [1, 1]},
								"west": {"uv": [48, 8], "uv_size": [1, 1]},
								"up": {"uv": [48, 14], "uv_size": [1, 1]},
								"down": {"uv": [48, 17], "uv_size": [1, -1]}
							}
						},
						{
							"origin": [-1.17153, 0.6273, -4.16999],
							"size": [0.0775, 0.13731, 1.10026],
							"pivot": [-1.17153, 0.7548, -4.29474],
							"rotation": [96, 0, 0],
							"uv": {
								"north": {"uv": [1, 48], "uv_size": [-1, 1]},
								"east": {"uv": [49, 8], "uv_size": [-1, 1]},
								"south": {"uv": [9, 48], "uv_size": [-1, 1]},
								"west": {"uv": [49, 0], "uv_size": [-1, 1]},
								"up": {"uv": [49, 14], "uv_size": [-1, 1]},
								"down": {"uv": [49, 17], "uv_size": [-1, -1]}
							}
						},
						{
							"origin": [1.09403, 1.89692, -4.50158],
							"size": [0.0775, 0.13731, 0.53776],
							"pivot": [1.17153, 2.03423, -4.50158],
							"rotation": [102, 0, 0],
							"uv": {
								"north": {"uv": [0, 48], "uv_size": [1, 1]},
								"east": {"uv": [48, 0], "uv_size": [1, 1]},
								"south": {"uv": [8, 48], "uv_size": [1, 1]},
								"west": {"uv": [48, 8], "uv_size": [1, 1]},
								"up": {"uv": [48, 14], "uv_size": [1, 1]},
								"down": {"uv": [48, 17], "uv_size": [1, -1]}
							}
						},
						{
							"origin": [-1.17153, 0.6273, -4.23249],
							"size": [0.0775, 0.13731, 1.16276],
							"pivot": [-1.17153, 0.7548, -4.35724],
							"rotation": [96, 0, 0],
							"uv": {
								"north": {"uv": [1, 48], "uv_size": [-1, 1]},
								"east": {"uv": [49, 8], "uv_size": [-1, 1]},
								"south": {"uv": [9, 48], "uv_size": [-1, 1]},
								"west": {"uv": [49, 0], "uv_size": [-1, 1]},
								"up": {"uv": [49, 14], "uv_size": [-1, 1]},
								"down": {"uv": [49, 17], "uv_size": [-1, -1]}
							}
						},
						{
							"origin": [-1.17153, 1.89692, -4.50158],
							"size": [0.0775, 0.13731, 0.53776],
							"pivot": [-1.17153, 2.03423, -4.50158],
							"rotation": [102, 0, 0],
							"uv": {
								"north": {"uv": [1, 48], "uv_size": [-1, 1]},
								"east": {"uv": [49, 8], "uv_size": [-1, 1]},
								"south": {"uv": [9, 48], "uv_size": [-1, 1]},
								"west": {"uv": [49, 0], "uv_size": [-1, 1]},
								"up": {"uv": [49, 14], "uv_size": [-1, 1]},
								"down": {"uv": [49, 17], "uv_size": [-1, -1]}
							}
						},
						{
							"origin": [1.09403, 1.41151, -4.34862],
							"size": [0.0775, 0.07481, 0.2875],
							"pivot": [1.17153, 1.47651, -4.34862],
							"rotation": [87, 0, 0],
							"uv": {
								"north": {"uv": [48, 22], "uv_size": [1, 1]},
								"east": {"uv": [24, 48], "uv_size": [1, 1]},
								"south": {"uv": [48, 24], "uv_size": [1, 1]},
								"west": {"uv": [26, 48], "uv_size": [1, 1]},
								"up": {"uv": [48, 26], "uv_size": [1, 1]},
								"down": {"uv": [28, 49], "uv_size": [1, -1]}
							}
						},
						{
							"origin": [0.76727, 2.38353, -4.5403],
							"size": [0.3275, 0.1275, 0.08],
							"pivot": [1.09477, 2.51103, -4.4603],
							"rotation": [-76.93718, -11.11885, 0.9232],
							"uv": {
								"north": {"uv": [48, 28], "uv_size": [1, 1]},
								"east": {"uv": [30, 48], "uv_size": [1, 1]},
								"south": {"uv": [48, 30], "uv_size": [1, 1]},
								"west": {"uv": [32, 48], "uv_size": [1, 1]},
								"up": {"uv": [48, 32], "uv_size": [1, 1]},
								"down": {"uv": [34, 49], "uv_size": [1, -1]}
							}
						},
						{
							"origin": [-1.09477, 2.38353, -4.5403],
							"size": [0.3275, 0.1275, 0.08],
							"pivot": [-1.09477, 2.51103, -4.4603],
							"rotation": [-76.93718, 11.11885, -0.9232],
							"uv": {
								"north": {"uv": [49, 28], "uv_size": [-1, 1]},
								"east": {"uv": [33, 48], "uv_size": [-1, 1]},
								"south": {"uv": [49, 30], "uv_size": [-1, 1]},
								"west": {"uv": [31, 48], "uv_size": [-1, 1]},
								"up": {"uv": [49, 32], "uv_size": [-1, 1]},
								"down": {"uv": [35, 49], "uv_size": [-1, -1]}
							}
						},
						{
							"origin": [-0.64, 0.5625, -4.27274],
							"size": [1.28, 0.25, 0.38],
							"pivot": [-0.60432, 0.8125, -4.27274],
							"rotation": [8, 0, 0],
							"uv": {
								"north": {"uv": [48, 46], "uv_size": [1, 1]},
								"east": {"uv": [48, 48], "uv_size": [1, 1]},
								"south": {"uv": [2, 49], "uv_size": [1, 1]},
								"west": {"uv": [49, 2], "uv_size": [1, 1]},
								"up": {"uv": [4, 49], "uv_size": [1, 1]},
								"down": {"uv": [49, 5], "uv_size": [1, -1]}
							}
						},
						{
							"origin": [-0.18, 0.61539, -3.89644],
							"size": [0.57, 0.25, 0.38],
							"pivot": [-0.60432, 0.86539, -3.89644],
							"rotation": [8, 0, 0],
							"uv": {
								"north": {"uv": [6, 49], "uv_size": [1, 1]},
								"east": {"uv": [49, 6], "uv_size": [1, 1]},
								"south": {"uv": [10, 49], "uv_size": [1, 1]},
								"west": {"uv": [49, 10], "uv_size": [1, 1]},
								"up": {"uv": [12, 49], "uv_size": [1, 1]},
								"down": {"uv": [49, 13], "uv_size": [1, -1]}
							}
						},
						{
							"origin": [-0.18, 0.66827, -3.52014],
							"size": [0.57, 0.25, 0.38],
							"pivot": [-0.18, 0.91827, -3.52014],
							"rotation": [-33, 0, 0],
							"uv": {
								"north": {"uv": [22, 49], "uv_size": [1, 1]},
								"east": {"uv": [0, 50], "uv_size": [1, 1]},
								"south": {"uv": [50, 0], "uv_size": [1, 1]},
								"west": {"uv": [8, 50], "uv_size": [1, 1]},
								"up": {"uv": [50, 8], "uv_size": [1, 1]},
								"down": {"uv": [50, 15], "uv_size": [1, -1]}
							}
						},
						{
							"origin": [-1.17153, 0.3125, -4.44907],
							"size": [2.34306, 0.25, 0.475],
							"pivot": [-1.17153, 0.3125, -3.97407],
							"rotation": [-32, 0, 0],
							"uv": {
								"north": {"uv": [15, 17], "uv_size": [2, 1]},
								"east": {"uv": [4, 53], "uv_size": [1, 1]},
								"south": {"uv": [0, 18], "uv_size": [2, 1]},
								"west": {"uv": [53, 4], "uv_size": [1, 1]},
								"up": {"uv": [18, 4], "uv_size": [2, 1]},
								"down": {"uv": [18, 14], "uv_size": [2, -1]}
							}
						}
					]
				},
				{
					"name": "13_illuminated",
					"parent": "sight",
					"pivot": [0.9005, 0.1875, -2.77755],
					"cubes": [
						{
							"origin": [0.753, -0.3125, -3.2875],
							"size": [0.1, 0.5075, 0.1],
							"pivot": [0.7755, 0.125, -3.15255],
							"rotation": [0, -45, 0],
							"uv": {
								"north": {"uv": [24, 14], "uv_size": [1, 1]},
								"east": {"uv": [24, 16], "uv_size": [1, 1]},
								"south": {"uv": [24, 22], "uv_size": [1, 1]},
								"west": {"uv": [24, 24], "uv_size": [1, 1]},
								"up": {"uv": [2, 25], "uv_size": [1, 1]},
								"down": {"uv": [25, 3], "uv_size": [1, -1]}
							}
						},
						{
							"origin": [0.878, -0.25, -2.9125],
							"size": [0.1, 0.445, 0.1],
							"pivot": [0.9005, 0.125, -2.77755],
							"rotation": [0, -45, 0],
							"uv": {
								"north": {"uv": [23, 20], "uv_size": [1, 1]},
								"east": {"uv": [22, 23], "uv_size": [1, 1]},
								"south": {"uv": [0, 24], "uv_size": [1, 1]},
								"west": {"uv": [24, 0], "uv_size": [1, 1]},
								"up": {"uv": [8, 24], "uv_size": [1, 1]},
								"down": {"uv": [24, 9], "uv_size": [1, -1]}
							}
						}
					]
				},
				{
					"name": "1_illuminated",
					"parent": "sight",
					"pivot": [-0.84109, 0.04297, -2.66911],
					"cubes": [
						{
							"origin": [0.11224, 0.22556, -1.12029],
							"size": [0.09, 0.09, 0.515],
							"pivot": [0.20224, 0.31556, -1.12029],
							"rotation": [-87.29588, -49.72242, 92.24046],
							"uv": {
								"north": {"uv": [20, 33], "uv_size": [1, 1]},
								"east": {"uv": [33, 20], "uv_size": [1, 1]},
								"south": {"uv": [22, 33], "uv_size": [1, 1]},
								"west": {"uv": [0, 34], "uv_size": [1, 1]},
								"up": {"uv": [34, 0], "uv_size": [1, 1]},
								"down": {"uv": [8, 35], "uv_size": [1, -1]}
							}
						},
						{
							"origin": [0.86, 0.415, -2.05721],
							"size": [0.09, 0.09, 0.3275],
							"pivot": [0.9, 0.485, -1.66721],
							"rotation": [0, 0, 24],
							"uv": {
								"north": {"uv": [0, 32], "uv_size": [1, 1]},
								"east": {"uv": [32, 0], "uv_size": [1, 1]},
								"south": {"uv": [8, 32], "uv_size": [1, 1]},
								"west": {"uv": [32, 8], "uv_size": [1, 1]},
								"up": {"uv": [32, 14], "uv_size": [1, 1]},
								"down": {"uv": [32, 17], "uv_size": [1, -1]}
							}
						},
						{
							"origin": [0.86381, 0.39293, -1.72971],
							"size": [0.09, 0.09, 0.3275],
							"pivot": [0.95381, 0.48293, -1.72971],
							"rotation": [-25, 0, 24],
							"uv": {
								"north": {"uv": [32, 22], "uv_size": [1, 1]},
								"east": {"uv": [24, 32], "uv_size": [1, 1]},
								"south": {"uv": [32, 24], "uv_size": [1, 1]},
								"west": {"uv": [26, 32], "uv_size": [1, 1]},
								"up": {"uv": [32, 26], "uv_size": [1, 1]},
								"down": {"uv": [28, 33], "uv_size": [1, -1]}
							}
						},
						{
							"origin": [0.80752, 0.26649, -1.43289],
							"size": [0.09, 0.09, 0.14],
							"pivot": [0.89752, 0.35649, -1.43289],
							"rotation": [-41.04146, -21.63106, 34.65628],
							"uv": {
								"north": {"uv": [32, 28], "uv_size": [1, 1]},
								"east": {"uv": [30, 32], "uv_size": [1, 1]},
								"south": {"uv": [32, 30], "uv_size": [1, 1]},
								"west": {"uv": [32, 32], "uv_size": [1, 1]},
								"up": {"uv": [2, 33], "uv_size": [1, 1]},
								"down": {"uv": [33, 3], "uv_size": [1, -1]}
							}
						},
						{
							"origin": [0.60617, 0.1896, -1.26159],
							"size": [0.09, 0.09, 0.515],
							"pivot": [0.69617, 0.2796, -1.26159],
							"rotation": [-65.79504, -47.99484, 75.69276],
							"uv": {
								"north": {"uv": [12, 33], "uv_size": [1, 1]},
								"east": {"uv": [33, 12], "uv_size": [1, 1]},
								"south": {"uv": [14, 33], "uv_size": [1, 1]},
								"west": {"uv": [16, 33], "uv_size": [1, 1]},
								"up": {"uv": [18, 33], "uv_size": [1, 1]},
								"down": {"uv": [33, 19], "uv_size": [1, -1]}
							}
						},
						{
							"origin": [0.72322, 0.21301, -1.33474],
							"size": [0.09, 0.09, 0.14],
							"pivot": [0.81322, 0.30301, -1.33474],
							"rotation": [-49.43788, -36.54137, 51.68662],
							"uv": {
								"north": {"uv": [4, 33], "uv_size": [1, 1]},
								"east": {"uv": [33, 4], "uv_size": [1, 1]},
								"south": {"uv": [6, 33], "uv_size": [1, 1]},
								"west": {"uv": [33, 6], "uv_size": [1, 1]},
								"up": {"uv": [10, 33], "uv_size": [1, 1]},
								"down": {"uv": [33, 11], "uv_size": [1, -1]}
							}
						},
						{
							"origin": [-0.40107, 0.2642, -1.10459],
							"size": [0.09, 0.09, 0.265],
							"pivot": [-0.31107, 0.3542, -1.10459],
							"rotation": [-124.29588, -49.72242, 92.24046],
							"uv": {
								"north": {"uv": [34, 8], "uv_size": [1, 1]},
								"east": {"uv": [34, 14], "uv_size": [1, 1]},
								"south": {"uv": [34, 16], "uv_size": [1, 1]},
								"west": {"uv": [34, 22], "uv_size": [1, 1]},
								"up": {"uv": [24, 34], "uv_size": [1, 1]},
								"down": {"uv": [34, 25], "uv_size": [1, -1]}
							}
						},
						{
							"origin": [-0.62428, 0.15892, -1.20112],
							"size": [0.09, 0.09, 0.265],
							"pivot": [-0.53428, 0.24892, -1.20112],
							"rotation": [-152.29588, -49.72242, 92.24046],
							"uv": {
								"north": {"uv": [26, 34], "uv_size": [1, 1]},
								"east": {"uv": [34, 26], "uv_size": [1, 1]},
								"south": {"uv": [28, 34], "uv_size": [1, 1]},
								"west": {"uv": [34, 28], "uv_size": [1, 1]},
								"up": {"uv": [30, 34], "uv_size": [1, 1]},
								"down": {"uv": [34, 31], "uv_size": [1, -1]}
							}
						},
						{
							"origin": [-0.82022, -0.08246, -1.45639],
							"size": [0.09, 0.09, 0.3275],
							"pivot": [-0.73022, 0.00754, -1.45639],
							"rotation": [-159.98211, -28.59577, 104.18062],
							"uv": {
								"north": {"uv": [35, 4], "uv_size": [1, 1]},
								"east": {"uv": [6, 35], "uv_size": [1, 1]},
								"south": {"uv": [35, 6], "uv_size": [1, 1]},
								"west": {"uv": [10, 35], "uv_size": [1, 1]},
								"up": {"uv": [35, 10], "uv_size": [1, 1]},
								"down": {"uv": [12, 36], "uv_size": [1, -1]}
							}
						},
						{
							"origin": [-0.96499, -0.19779, -1.72657],
							"size": [0.09, 0.09, 0.3275],
							"pivot": [-0.87499, -0.10779, -1.72657],
							"rotation": [-162.50576, -1.06929, 113.73512],
							"uv": {
								"north": {"uv": [35, 12], "uv_size": [1, 1]},
								"east": {"uv": [14, 35], "uv_size": [1, 1]},
								"south": {"uv": [16, 35], "uv_size": [1, 1]},
								"west": {"uv": [18, 35], "uv_size": [1, 1]},
								"up": {"uv": [35, 18], "uv_size": [1, 1]},
								"down": {"uv": [20, 36], "uv_size": [1, -1]}
							}
						},
						{
							"origin": [-0.75439, -0.01512, -1.3528],
							"size": [0.09, 0.09, 0.14],
							"pivot": [-0.66439, 0.07488, -1.3528],
							"rotation": [-157.8935, -36.99811, 100.33607],
							"uv": {
								"north": {"uv": [32, 34], "uv_size": [1, 1]},
								"east": {"uv": [34, 32], "uv_size": [1, 1]},
								"south": {"uv": [34, 34], "uv_size": [1, 1]},
								"west": {"uv": [2, 35], "uv_size": [1, 1]},
								"up": {"uv": [35, 2], "uv_size": [1, 1]},
								"down": {"uv": [4, 36], "uv_size": [1, -1]}
							}
						},
						{
							"origin": [-1.05746, -0.1635, -2.03887],
							"size": [0.09, 0.09, 0.3275],
							"pivot": [-0.96746, -0.0735, -2.03887],
							"rotation": [171.49424, -1.06929, 113.73512],
							"uv": {
								"north": {"uv": [35, 20], "uv_size": [1, 1]},
								"east": {"uv": [22, 35], "uv_size": [1, 1]},
								"south": {"uv": [0, 36], "uv_size": [1, 1]},
								"west": {"uv": [36, 0], "uv_size": [1, 1]},
								"up": {"uv": [8, 36], "uv_size": [1, 1]},
								"down": {"uv": [36, 9], "uv_size": [1, -1]}
							}
						},
						{
							"origin": [-1.01555, -0.18853, -2.36271],
							"size": [0.09, 0.09, 0.3275],
							"pivot": [-0.92555, -0.09853, -2.36271],
							"rotation": [171.01779, 18.70304, 110.6736],
							"uv": {
								"north": {"uv": [36, 26], "uv_size": [1, 1]},
								"east": {"uv": [28, 36], "uv_size": [1, 1]},
								"south": {"uv": [36, 28], "uv_size": [1, 1]},
								"west": {"uv": [30, 36], "uv_size": [1, 1]},
								"up": {"uv": [36, 30], "uv_size": [1, 1]},
								"down": {"uv": [32, 37], "uv_size": [1, -1]}
							}
						},
						{
							"origin": [-0.93109, -0.10953, -2.66911],
							"size": [0.09, 0.09, 0.3275],
							"pivot": [-0.84109, -0.01953, -2.66911],
							"rotation": [-175.98221, 18.70304, 110.6736],
							"uv": {
								"north": {"uv": [36, 14], "uv_size": [1, 1]},
								"east": {"uv": [36, 16], "uv_size": [1, 1]},
								"south": {"uv": [36, 22], "uv_size": [1, 1]},
								"west": {"uv": [24, 36], "uv_size": [1, 1]},
								"up": {"uv": [36, 24], "uv_size": [1, 1]},
								"down": {"uv": [26, 37], "uv_size": [1, -1]}
							}
						}
					]
				},
				{
					"name": "bone",
					"parent": "sight",
					"pivot": [-1.17153, 0.815, -4.38657],
					"cubes": [
						{
							"origin": [0.53153, 0.5625, -4.79907],
							"size": [0.64, 0.25, 0.4125],
							"pivot": [1.17153, 0.7525, -4.38657],
							"rotation": [0, 67, 0],
							"uv": {
								"north": {"uv": [52, 42], "uv_size": [1, 1]},
								"east": {"uv": [44, 52], "uv_size": [1, 1]},
								"south": {"uv": [52, 44], "uv_size": [1, 1]},
								"west": {"uv": [46, 52], "uv_size": [1, 1]},
								"up": {"uv": [52, 46], "uv_size": [1, 1]},
								"down": {"uv": [48, 53], "uv_size": [1, -1]}
							}
						},
						{
							"origin": [0.33932, 0.5625, -5.08524],
							"size": [0.4525, 0.25, 0.5375],
							"pivot": [0.79182, 0.7525, -4.54774],
							"rotation": [0, 80, 0],
							"uv": {
								"north": {"uv": [52, 48], "uv_size": [1, 1]},
								"east": {"uv": [50, 52], "uv_size": [1, 1]},
								"south": {"uv": [52, 50], "uv_size": [1, 1]},
								"west": {"uv": [52, 52], "uv_size": [1, 1]},
								"up": {"uv": [2, 53], "uv_size": [1, 1]},
								"down": {"uv": [53, 3], "uv_size": [1, -1]}
							}
						},
						{
							"origin": [-0.26249, 0.5625, -5.16605],
							"size": [0.39, 0.25, 0.52497],
							"pivot": [-0.26249, 0.7525, -4.64108],
							"rotation": [0, -90, 0],
							"uv": {
								"north": {"uv": [52, 36], "uv_size": [1, 1]},
								"east": {"uv": [38, 52], "uv_size": [1, 1]},
								"south": {"uv": [52, 38], "uv_size": [1, 1]},
								"west": {"uv": [40, 52], "uv_size": [1, 1]},
								"up": {"uv": [52, 40], "uv_size": [1, 1]},
								"down": {"uv": [42, 53], "uv_size": [1, -1]}
							}
						},
						{
							"origin": [-0.79182, 0.5625, -5.08524],
							"size": [0.4525, 0.25, 0.5375],
							"pivot": [-0.79182, 0.7525, -4.54774],
							"rotation": [0, -80, 0],
							"uv": {
								"north": {"uv": [48, 40], "uv_size": [1, 1]},
								"east": {"uv": [42, 48], "uv_size": [1, 1]},
								"south": {"uv": [48, 42], "uv_size": [1, 1]},
								"west": {"uv": [44, 48], "uv_size": [1, 1]},
								"up": {"uv": [48, 44], "uv_size": [1, 1]},
								"down": {"uv": [46, 49], "uv_size": [1, -1]}
							}
						},
						{
							"origin": [-1.17153, 0.5625, -4.79907],
							"size": [0.515, 0.25, 0.4125],
							"pivot": [-1.17153, 0.7525, -4.38657],
							"rotation": [0, -67, 0],
							"uv": {
								"north": {"uv": [48, 34], "uv_size": [1, 1]},
								"east": {"uv": [36, 48], "uv_size": [1, 1]},
								"south": {"uv": [48, 36], "uv_size": [1, 1]},
								"west": {"uv": [38, 48], "uv_size": [1, 1]},
								"up": {"uv": [48, 38], "uv_size": [1, 1]},
								"down": {"uv": [40, 49], "uv_size": [1, -1]}
							}
						}
					]
				},
				{
					"name": "2_illuminated",
					"parent": "sight",
					"pivot": [-1.06432, 0.92789, -3.89644],
					"cubes": [
						{
							"origin": [0.57, 0.66827, -3.52014],
							"size": [0.07, 0.25, 0.4425],
							"pivot": [0.5475, 0.91827, -3.52014],
							"rotation": [-33, 0, 0],
							"uv": {
								"north": {"uv": [52, 24], "uv_size": [1, 1]},
								"east": {"uv": [26, 52], "uv_size": [1, 1]},
								"south": {"uv": [52, 26], "uv_size": [1, 1]},
								"west": {"uv": [28, 52], "uv_size": [1, 1]},
								"up": {"uv": [52, 28], "uv_size": [1, 1]},
								"down": {"uv": [30, 53], "uv_size": [1, -1]}
							}
						},
						{
							"origin": [0.45, 0.66827, -3.52014],
							"size": [0.07, 0.25, 0.38],
							"pivot": [0.4, 0.91827, -3.52014],
							"rotation": [-33, 0, 0],
							"uv": {
								"north": {"uv": [51, 18], "uv_size": [1, 1]},
								"east": {"uv": [20, 51], "uv_size": [1, 1]},
								"south": {"uv": [51, 20], "uv_size": [1, 1]},
								"west": {"uv": [22, 51], "uv_size": [1, 1]},
								"up": {"uv": [0, 52], "uv_size": [1, 1]},
								"down": {"uv": [52, 1], "uv_size": [1, -1]}
							}
						},
						{
							"origin": [0.57, 0.61539, -3.89644],
							"size": [0.07, 0.25, 0.38],
							"pivot": [0.14568, 0.86539, -3.89644],
							"rotation": [8, 0, 0],
							"uv": {
								"north": {"uv": [52, 30], "uv_size": [1, 1]},
								"east": {"uv": [32, 52], "uv_size": [1, 1]},
								"south": {"uv": [52, 32], "uv_size": [1, 1]},
								"west": {"uv": [34, 52], "uv_size": [1, 1]},
								"up": {"uv": [52, 34], "uv_size": [1, 1]},
								"down": {"uv": [36, 53], "uv_size": [1, -1]}
							}
						},
						{
							"origin": [0.45, 0.61539, -3.89644],
							"size": [0.07, 0.25, 0.38],
							"pivot": [-0.00182, 0.86539, -3.89644],
							"rotation": [8, 0, 0],
							"uv": {
								"north": {"uv": [8, 52], "uv_size": [1, 1]},
								"east": {"uv": [52, 8], "uv_size": [1, 1]},
								"south": {"uv": [52, 14], "uv_size": [1, 1]},
								"west": {"uv": [52, 16], "uv_size": [1, 1]},
								"up": {"uv": [52, 22], "uv_size": [1, 1]},
								"down": {"uv": [24, 53], "uv_size": [1, -1]}
							}
						},
						{
							"origin": [-0.265, 0.66827, -3.52014],
							"size": [0.07, 0.25, 0.38],
							"pivot": [-0.2875, 0.91827, -3.52014],
							"rotation": [-33, 0, 0],
							"uv": {
								"north": {"uv": [51, 2], "uv_size": [1, 1]},
								"east": {"uv": [4, 51], "uv_size": [1, 1]},
								"south": {"uv": [51, 4], "uv_size": [1, 1]},
								"west": {"uv": [6, 51], "uv_size": [1, 1]},
								"up": {"uv": [51, 6], "uv_size": [1, 1]},
								"down": {"uv": [10, 52], "uv_size": [1, -1]}
							}
						},
						{
							"origin": [-0.39, 0.66827, -3.52014],
							"size": [0.07, 0.25, 0.38],
							"pivot": [-0.4125, 0.91827, -3.52014],
							"rotation": [-33, 0, 0],
							"uv": {
								"north": {"uv": [40, 50], "uv_size": [1, 1]},
								"east": {"uv": [50, 40], "uv_size": [1, 1]},
								"south": {"uv": [42, 50], "uv_size": [1, 1]},
								"west": {"uv": [50, 42], "uv_size": [1, 1]},
								"up": {"uv": [44, 50], "uv_size": [1, 1]},
								"down": {"uv": [50, 45], "uv_size": [1, -1]}
							}
						},
						{
							"origin": [-0.515, 0.66827, -3.52014],
							"size": [0.07, 0.25, 0.38],
							"pivot": [-0.5375, 0.91827, -3.52014],
							"rotation": [-33, 0, 0],
							"uv": {
								"north": {"uv": [28, 50], "uv_size": [1, 1]},
								"east": {"uv": [50, 28], "uv_size": [1, 1]},
								"south": {"uv": [30, 50], "uv_size": [1, 1]},
								"west": {"uv": [50, 30], "uv_size": [1, 1]},
								"up": {"uv": [32, 50], "uv_size": [1, 1]},
								"down": {"uv": [50, 33], "uv_size": [1, -1]}
							}
						},
						{
							"origin": [-0.64, 0.66827, -3.52014],
							"size": [0.07, 0.25, 0.38],
							"pivot": [-0.6625, 0.91827, -3.52014],
							"rotation": [-33, 0, 0],
							"uv": {
								"north": {"uv": [50, 16], "uv_size": [1, 1]},
								"east": {"uv": [50, 22], "uv_size": [1, 1]},
								"south": {"uv": [24, 50], "uv_size": [1, 1]},
								"west": {"uv": [50, 24], "uv_size": [1, 1]},
								"up": {"uv": [26, 50], "uv_size": [1, 1]},
								"down": {"uv": [50, 27], "uv_size": [1, -1]}
							}
						},
						{
							"origin": [-0.265, 0.61539, -3.89644],
							"size": [0.07, 0.25, 0.38],
							"pivot": [-0.68932, 0.86539, -3.89644],
							"rotation": [8, 0, 0],
							"uv": {
								"north": {"uv": [51, 10], "uv_size": [1, 1]},
								"east": {"uv": [12, 51], "uv_size": [1, 1]},
								"south": {"uv": [51, 12], "uv_size": [1, 1]},
								"west": {"uv": [14, 51], "uv_size": [1, 1]},
								"up": {"uv": [16, 51], "uv_size": [1, 1]},
								"down": {"uv": [18, 52], "uv_size": [1, -1]}
							}
						},
						{
							"origin": [-0.39, 0.61539, -3.89644],
							"size": [0.07, 0.25, 0.38],
							"pivot": [-0.81432, 0.86539, -3.89644],
							"rotation": [8, 0, 0],
							"uv": {
								"north": {"uv": [46, 50], "uv_size": [1, 1]},
								"east": {"uv": [50, 46], "uv_size": [1, 1]},
								"south": {"uv": [48, 50], "uv_size": [1, 1]},
								"west": {"uv": [50, 48], "uv_size": [1, 1]},
								"up": {"uv": [50, 50], "uv_size": [1, 1]},
								"down": {"uv": [2, 52], "uv_size": [1, -1]}
							}
						},
						{
							"origin": [-0.515, 0.61539, -3.89644],
							"size": [0.07, 0.25, 0.38],
							"pivot": [-0.93932, 0.86539, -3.89644],
							"rotation": [8, 0, 0],
							"uv": {
								"north": {"uv": [34, 50], "uv_size": [1, 1]},
								"east": {"uv": [50, 34], "uv_size": [1, 1]},
								"south": {"uv": [36, 50], "uv_size": [1, 1]},
								"west": {"uv": [50, 36], "uv_size": [1, 1]},
								"up": {"uv": [38, 50], "uv_size": [1, 1]},
								"down": {"uv": [50, 39], "uv_size": [1, -1]}
							}
						},
						{
							"origin": [-0.64, 0.61539, -3.89644],
							"size": [0.07, 0.25, 0.38],
							"pivot": [-1.06432, 0.86539, -3.89644],
							"rotation": [8, 0, 0],
							"uv": {
								"north": {"uv": [14, 49], "uv_size": [1, 1]},
								"east": {"uv": [16, 49], "uv_size": [1, 1]},
								"south": {"uv": [18, 49], "uv_size": [1, 1]},
								"west": {"uv": [49, 18], "uv_size": [1, 1]},
								"up": {"uv": [20, 49], "uv_size": [1, 1]},
								"down": {"uv": [49, 21], "uv_size": [1, -1]}
							}
						}
					]
				},
				{
					"name": "ocularring",
					"pivot": [0, 0, 0]
				},
				{
					"name": "bone2_illuminated",
					"parent": "ocularring",
					"pivot": [0, -10.93125, 0.67031]
				},
				{
					"name": "131_illuminated",
					"parent": "bone2_illuminated",
					"pivot": [-1.17153, 1.065, -4.44907],
					"cubes": [
						{
							"origin": [0.96903, 0.8125, -4.86157],
							"size": [0.2025, 1.6875, 0.4125],
							"pivot": [1.17153, 1.0025, -4.44907],
							"rotation": [22.06537, 65.39117, 20.23068],
							"uv": {
								"north": {"uv": [10, 64], "uv_size": [1, 1]},
								"east": {"uv": [5, 59], "uv_size": [9, 19]},
								"south": {"uv": [10, 64], "uv_size": [1, 1]},
								"west": {"uv": [10, 64], "uv_size": [1, 1]},
								"up": {"uv": [11, 65], "uv_size": [-1, -1]},
								"down": {"uv": [11, 65], "uv_size": [-1, -1]}
							}
						},
						{
							"origin": [0.54536, 0.78525, -5.15862],
							"size": [0.2025, 1.6875, 0.5375],
							"pivot": [0.74786, 0.97525, -4.62112],
							"rotation": [42.36793, 76.57709, 41.57892],
							"uv": {
								"north": {"uv": [5, 82], "uv_size": [9, 7]},
								"east": {"uv": [8, 59.0625], "uv_size": [9, 18.875]},
								"south": {"uv": [5, 82], "uv_size": [9, 7]},
								"west": {"uv": [5, 82], "uv_size": [9, 7]},
								"up": {"uv": [14, 89], "uv_size": [-9, -7]},
								"down": {"uv": [14, 89], "uv_size": [-9, -7]}
							}
						},
						{
							"origin": [-0.34161, 0.77017, -5.24132],
							"size": [0.2025, 1.6875, 0.52497],
							"pivot": [-0.34161, 0.96017, -4.71634],
							"rotation": [90, -81, -90],
							"uv": {
								"north": {"uv": [10, 64], "uv_size": [1, 1]},
								"east": {"uv": [10, 64], "uv_size": [1, 1]},
								"south": {"uv": [10, 64], "uv_size": [1, 1]},
								"west": {"uv": [8, 59.0625], "uv_size": [9, 18.875]},
								"up": {"uv": [11, 65], "uv_size": [-1, -1]},
								"down": {"uv": [11, 65], "uv_size": [-1, -1]}
							}
						},
						{
							"origin": [-0.90611, 0.78525, -5.15862],
							"size": [0.2025, 1.6875, 0.5375],
							"pivot": [-0.90611, 0.97525, -4.62112],
							"rotation": [42.36793, -76.57709, -41.57892],
							"uv": {
								"north": {"uv": [10, 64], "uv_size": [1, 1]},
								"east": {"uv": [10, 64], "uv_size": [1, 1]},
								"south": {"uv": [10, 64], "uv_size": [1, 1]},
								"west": {"uv": [8, 59.0625], "uv_size": [9, 18.875]},
								"up": {"uv": [11, 65], "uv_size": [-1, -1]},
								"down": {"uv": [11, 65], "uv_size": [-1, -1]}
							}
						},
						{
							"origin": [-1.17153, 0.8125, -4.86157],
							"size": [0.2025, 1.6875, 0.4125],
							"pivot": [-1.17153, 1.0025, -4.44907],
							"rotation": [22.06537, -65.39117, -20.23068],
							"uv": {
								"north": {"uv": [10, 64], "uv_size": [1, 1]},
								"east": {"uv": [10, 64], "uv_size": [1, 1]},
								"south": {"uv": [10, 64], "uv_size": [1, 1]},
								"west": {"uv": [15, 59], "uv_size": [9, 19]},
								"up": {"uv": [11, 65], "uv_size": [-1, -1]},
								"down": {"uv": [11, 65], "uv_size": [-1, -1]}
							}
						}
					]
				},
				{
					"name": "ocular",
					"pivot": [0, 2.67188, -1.0375],
					"cubes": [
						{
							"origin": [-0.44371, 1.242, -4.19215],
							"size": [0.88553, 0.82428, 0.02709],
							"uv": {
								"south": {"uv": [3, 1], "uv_size": [1, 1]}
							}
						}
					]
				},
				{
					"name": "scope_view",
					"pivot": [0, 1.5, 7]
				}
			]
		}
	]
}