{
	"format_version": "1.12.0",
	"minecraft:geometry": [
		{
			"description": {
				"identifier": "geometry.unknown",
				"texture_width": 512,
				"texture_height": 512,
				"visible_bounds_width": 9,
				"visible_bounds_height": 3,
				"visible_bounds_offset": [0, 0.5, 0]
			},
			"bones": [
				{
					"name": "scope_body",
					"pivot": [0, 0, 0]
				},
				{
					"name": "bone",
					"parent": "scope_body",
					"pivot": [0, 0, 0]
				},
				{
					"name": "zhuti",
					"parent": "bone",
					"pivot": [0, -10.64062, -6.71875],
					"cubes": [
						{
							"origin": [-0.43121, 0.10454, -2.03125],
							"size": [0.31868, 0.48756, 2.4494],
							"uv": {
								"north": {"uv": [17, 31], "uv_size": [0.5, 0.5]},
								"east": {"uv": [3, 1], "uv_size": [2.5, 0.5]},
								"south": {"uv": [31, 17], "uv_size": [0.5, 0.5]},
								"west": {"uv": [3, 3], "uv_size": [2.5, 0.5]},
								"up": {"uv": [0, 4], "uv_size": [0.5, 2.5]},
								"down": {"uv": [3, 6.5], "uv_size": [0.5, -2.5]}
							}
						},
						{
							"origin": [-0.1109, 0.10454, -1.0625],
							"size": [0.22493, 0.48756, 1.48065],
							"uv": {
								"north": {"uv": [15, 31], "uv_size": [0.5, 0.5]},
								"east": {"uv": [15, 7], "uv_size": [1, 0.5]},
								"south": {"uv": [31, 15], "uv_size": [0.5, 0.5]},
								"west": {"uv": [8, 15], "uv_size": [1, 0.5]},
								"up": {"uv": [15, 8], "uv_size": [0.5, 1]},
								"down": {"uv": [9, 16], "uv_size": [0.5, -1]}
							}
						},
						{
							"origin": [-0.18902, 0.10454, -2.03125],
							"size": [0.37336, 0.4485, 1.42596],
							"uv": {
								"north": {"uv": [16, 31], "uv_size": [0.5, 0.5]},
								"east": {"uv": [7, 3], "uv_size": [1.5, 0.5]},
								"south": {"uv": [31, 16], "uv_size": [0.5, 0.5]},
								"west": {"uv": [7, 4], "uv_size": [1.5, 0.5]},
								"up": {"uv": [6, 7], "uv_size": [0.5, 1.5]},
								"down": {"uv": [7, 8.5], "uv_size": [0.5, -1.5]}
							}
						},
						{
							"origin": [0.11254, 0.10454, -2.03125],
							"size": [0.31868, 0.48756, 2.4494],
							"uv": {
								"north": {"uv": [14, 31], "uv_size": [0.5, 0.5]},
								"east": {"uv": [1, 2], "uv_size": [2.5, 0.5]},
								"south": {"uv": [31, 14], "uv_size": [0.5, 0.5]},
								"west": {"uv": [3, 0], "uv_size": [2.5, 0.5]},
								"up": {"uv": [1, 3], "uv_size": [0.5, 2.5]},
								"down": {"uv": [2, 5.5], "uv_size": [0.5, -2.5]}
							}
						},
						{
							"origin": [-0.43434, 0.41704, -2.14063],
							"size": [0.86555, 0.16725, 0.1369],
							"pivot": [0, 0.39063, -2.0625],
							"rotation": [-30.5, 0, 0],
							"uv": {
								"north": {"uv": [12, 12], "uv_size": [1, 0.5]},
								"east": {"uv": [16, 8], "uv_size": [0.5, 0.5]},
								"south": {"uv": [0, 13], "uv_size": [1, 0.5]},
								"west": {"uv": [9, 16], "uv_size": [0.5, 0.5]},
								"up": {"uv": [1, 13], "uv_size": [1, 0.5]},
								"down": {"uv": [2, 13.5], "uv_size": [1, -0.5]}
							}
						},
						{
							"origin": [-0.43434, 0.14361, -2.125],
							"size": [0.86555, 0.31569, 0.18377],
							"pivot": [0, 0.39063, -2.0625],
							"rotation": [-11, 0, 0],
							"uv": {
								"north": {"uv": [15, 9], "uv_size": [1, 0.5]},
								"east": {"uv": [20, 31], "uv_size": [0.5, 0.5]},
								"south": {"uv": [10, 15], "uv_size": [1, 0.5]},
								"west": {"uv": [31, 20], "uv_size": [0.5, 0.5]},
								"up": {"uv": [15, 10], "uv_size": [1, 0.5]},
								"down": {"uv": [11, 15.5], "uv_size": [1, -0.5]}
							}
						},
						{
							"origin": [-0.10309, 0.22954, -1],
							"size": [0.2093, 0.22975, 0.22284],
							"pivot": [0, 0.45313, -0.6875],
							"rotation": [-45, 0, 0],
							"uv": {
								"north": {"uv": [26, 0], "uv_size": [0.5, 0.5]},
								"east": {"uv": [1, 26], "uv_size": [0.5, 0.5]},
								"south": {"uv": [26, 1], "uv_size": [0.5, 0.5]},
								"west": {"uv": [2, 26], "uv_size": [0.5, 0.5]},
								"up": {"uv": [26, 2], "uv_size": [0.5, 0.5]},
								"down": {"uv": [3, 26.5], "uv_size": [0.5, -0.5]}
							}
						},
						{
							"origin": [-0.10309, 0.05767, -2.26563],
							"size": [0.2093, 0.19069, 0.23846],
							"pivot": [0, 0.24218, -1.9375],
							"rotation": [-102.75, 0, 0],
							"uv": {
								"north": {"uv": [26, 0], "uv_size": [0.5, 0.5]},
								"east": {"uv": [1, 26], "uv_size": [0.5, 0.5]},
								"south": {"uv": [26, 1], "uv_size": [0.5, 0.5]},
								"west": {"uv": [2, 26], "uv_size": [0.5, 0.5]},
								"up": {"uv": [26, 2], "uv_size": [0.5, 0.5]},
								"down": {"uv": [3, 26.5], "uv_size": [0.5, -0.5]}
							}
						},
						{
							"origin": [0.35472, 0.37017, -0.60157],
							"size": [0.06868, 0.58912, 0.17596],
							"pivot": [0, 0.625, -0.3125],
							"rotation": [-29.25, 0, 0],
							"uv": {
								"north": {"uv": [7, 23], "uv_size": [0.5, 0.5]},
								"east": {"uv": [23, 7], "uv_size": [0.5, 0.5]},
								"south": {"uv": [8, 23], "uv_size": [0.5, 0.5]},
								"west": {"uv": [23, 8], "uv_size": [0.5, 0.5]},
								"up": {"uv": [9, 23], "uv_size": [0.5, 0.5]},
								"down": {"uv": [23, 9.5], "uv_size": [0.5, -0.5]}
							}
						},
						{
							"origin": [-0.4234, 0.37017, -0.60157],
							"size": [0.06868, 0.58912, 0.17596],
							"pivot": [0, 0.625, -0.3125],
							"rotation": [-29.25, 0, 0],
							"uv": {
								"north": {"uv": [18, 25], "uv_size": [0.5, 0.5]},
								"east": {"uv": [25, 18], "uv_size": [0.5, 0.5]},
								"south": {"uv": [19, 25], "uv_size": [0.5, 0.5]},
								"west": {"uv": [25, 19], "uv_size": [0.5, 0.5]},
								"up": {"uv": [20, 25], "uv_size": [0.5, 0.5]},
								"down": {"uv": [25, 20.5], "uv_size": [0.5, -0.5]}
							}
						},
						{
							"origin": [0.35472, 0.62017, 0.19531],
							"size": [0.06868, 0.33131, 0.14471],
							"uv": {
								"north": {"uv": [2, 17], "uv_size": [0.5, 0.5]},
								"east": {"uv": [17, 2], "uv_size": [0.5, 0.5]},
								"south": {"uv": [3, 17], "uv_size": [0.5, 0.5]},
								"west": {"uv": [17, 3], "uv_size": [0.5, 0.5]},
								"up": {"uv": [4, 17], "uv_size": [0.5, 0.5]},
								"down": {"uv": [17, 4.5], "uv_size": [0.5, -0.5]}
							}
						},
						{
							"origin": [0.35472, 0.57329, 0.19531],
							"size": [0.06868, 0.37037, 0.19159],
							"pivot": [0, 0.69532, 0.30469],
							"rotation": [10.25, 0, 0],
							"uv": {
								"north": {"uv": [5, 17], "uv_size": [0.5, 0.5]},
								"east": {"uv": [17, 5], "uv_size": [0.5, 0.5]},
								"south": {"uv": [6, 17], "uv_size": [0.5, 0.5]},
								"west": {"uv": [17, 6], "uv_size": [0.5, 0.5]},
								"up": {"uv": [7, 17], "uv_size": [0.5, 0.5]},
								"down": {"uv": [17, 7.5], "uv_size": [0.5, -0.5]}
							}
						},
						{
							"origin": [-0.43121, 0.56549, 0.19531],
							"size": [0.07649, 0.37819, 0.19159],
							"pivot": [0, 0.69532, 0.30469],
							"rotation": [10.25, 0, 0],
							"uv": {
								"north": {"uv": [17, 17], "uv_size": [0.5, 0.5]},
								"east": {"uv": [0, 18], "uv_size": [0.5, 0.5]},
								"south": {"uv": [18, 0], "uv_size": [0.5, 0.5]},
								"west": {"uv": [1, 18], "uv_size": [0.5, 0.5]},
								"up": {"uv": [18, 1], "uv_size": [0.5, 0.5]},
								"down": {"uv": [2, 18.5], "uv_size": [0.5, -0.5]}
							}
						},
						{
							"origin": [0.35472, 0.56549, 0.19531],
							"size": [0.07649, 0.37819, 0.19159],
							"pivot": [0, 0.69532, 0.30469],
							"rotation": [10.25, 0, 0],
							"uv": {
								"north": {"uv": [17.5, 17], "uv_size": [-0.5, 0.5]},
								"east": {"uv": [1.5, 18], "uv_size": [-0.5, 0.5]},
								"south": {"uv": [18.5, 0], "uv_size": [-0.5, 0.5]},
								"west": {"uv": [0.5, 18], "uv_size": [-0.5, 0.5]},
								"up": {"uv": [18.5, 1], "uv_size": [-0.5, 0.5]},
								"down": {"uv": [2.5, 18.5], "uv_size": [-0.5, -0.5]}
							}
						},
						{
							"origin": [-0.43121, 0.62017, 0.19531],
							"size": [0.07649, 0.33131, 0.14471],
							"uv": {
								"north": {"uv": [14, 17], "uv_size": [0.5, 0.5]},
								"east": {"uv": [17, 14], "uv_size": [0.5, 0.5]},
								"south": {"uv": [15, 17], "uv_size": [0.5, 0.5]},
								"west": {"uv": [17, 15], "uv_size": [0.5, 0.5]},
								"up": {"uv": [16, 17], "uv_size": [0.5, 0.5]},
								"down": {"uv": [17, 16.5], "uv_size": [0.5, -0.5]}
							}
						},
						{
							"origin": [-0.43121, 0.79204, 0.05468],
							"size": [0.07649, 0.14381, 0.06659],
							"pivot": [0, 1.13282, -0.0625],
							"rotation": [32.5, 0, 0],
							"uv": {
								"north": {"uv": [11, 17], "uv_size": [0.5, 0.5]},
								"east": {"uv": [17, 11], "uv_size": [0.5, 0.5]},
								"south": {"uv": [12, 17], "uv_size": [0.5, 0.5]},
								"west": {"uv": [17, 12], "uv_size": [0.5, 0.5]},
								"up": {"uv": [13, 17], "uv_size": [0.5, 0.5]},
								"down": {"uv": [17, 13.5], "uv_size": [0.5, -0.5]}
							}
						},
						{
							"origin": [-0.43121, 0.69829, 0.07031],
							"size": [0.07649, 0.12819, 0.05096],
							"pivot": [0, 1.01563, -0.0625],
							"rotation": [49.25, 0, 0],
							"uv": {
								"north": {"uv": [8, 17], "uv_size": [0.5, 0.5]},
								"east": {"uv": [17, 8], "uv_size": [0.5, 0.5]},
								"south": {"uv": [9, 17], "uv_size": [0.5, 0.5]},
								"west": {"uv": [17, 9], "uv_size": [0.5, 0.5]},
								"up": {"uv": [10, 17], "uv_size": [0.5, 0.5]},
								"down": {"uv": [17, 10.5], "uv_size": [0.5, -0.5]}
							}
						},
						{
							"origin": [0.35472, 0.79204, 0.05468],
							"size": [0.07649, 0.14381, 0.06659],
							"pivot": [0, 1.13282, -0.0625],
							"rotation": [32.5, 0, 0],
							"uv": {
								"north": {"uv": [11.5, 17], "uv_size": [-0.5, 0.5]},
								"east": {"uv": [17.5, 12], "uv_size": [-0.5, 0.5]},
								"south": {"uv": [12.5, 17], "uv_size": [-0.5, 0.5]},
								"west": {"uv": [17.5, 11], "uv_size": [-0.5, 0.5]},
								"up": {"uv": [13.5, 17], "uv_size": [-0.5, 0.5]},
								"down": {"uv": [17.5, 13.5], "uv_size": [-0.5, -0.5]}
							}
						},
						{
							"origin": [-0.27496, 0.10454, -2.01563],
							"size": [0.18586, 0.48756, 1.37127],
							"pivot": [0, 0.89063, -0.75],
							"rotation": [0, -1.25, 0],
							"uv": {
								"north": {"uv": [18, 31], "uv_size": [0.5, 0.5]},
								"east": {"uv": [7, 5], "uv_size": [1.5, 0.5]},
								"south": {"uv": [31, 18], "uv_size": [0.5, 0.5]},
								"west": {"uv": [3, 8], "uv_size": [1.5, 0.5]},
								"up": {"uv": [0, 8], "uv_size": [0.5, 1.5]},
								"down": {"uv": [5, 9.5], "uv_size": [0.5, -1.5]}
							}
						},
						{
							"origin": [0.0891, 0.10454, -2.01563],
							"size": [0.18586, 0.48756, 1.37127],
							"pivot": [0, 0.89063, -0.75],
							"rotation": [0, 1.25, 0],
							"uv": {
								"north": {"uv": [18.5, 31], "uv_size": [-0.5, 0.5]},
								"east": {"uv": [4.5, 8], "uv_size": [-1.5, 0.5]},
								"south": {"uv": [31.5, 18], "uv_size": [-0.5, 0.5]},
								"west": {"uv": [8.5, 5], "uv_size": [-1.5, 0.5]},
								"up": {"uv": [0.5, 8], "uv_size": [-0.5, 1.5]},
								"down": {"uv": [5.5, 9.5], "uv_size": [-0.5, -1.5]}
							}
						}
					]
				},
				{
					"name": "nei",
					"parent": "bone",
					"pivot": [0, -10.64062, -6.71875],
					"cubes": [
						{
							"origin": [-0.35621, 1.20611, -0.41407],
							"size": [0.7093, 0.0735, 0.61346],
							"uv": {
								"north": {"uv": [16, 5], "uv_size": [0.5, 0.5]},
								"east": {"uv": [6, 16], "uv_size": [0.5, 0.5]},
								"south": {"uv": [16, 6], "uv_size": [0.5, 0.5]},
								"west": {"uv": [7, 16], "uv_size": [0.5, 0.5]},
								"up": {"uv": [16, 7], "uv_size": [0.5, 0.5]},
								"down": {"uv": [8, 16.5], "uv_size": [0.5, -0.5]}
							}
						},
						{
							"origin": [-0.35621, 0.58892, -0.60938],
							"size": [0.7093, 0.0735, 0.80877],
							"uv": {
								"north": {"uv": [11, 23], "uv_size": [0.5, 0.5]},
								"east": {"uv": [4, 14], "uv_size": [1, 0.5]},
								"south": {"uv": [23, 11], "uv_size": [0.5, 0.5]},
								"west": {"uv": [14, 4], "uv_size": [1, 0.5]},
								"up": {"uv": [5, 14], "uv_size": [0.5, 1]},
								"down": {"uv": [14, 6], "uv_size": [0.5, -1]}
							}
						},
						{
							"origin": [0.25316, 1.20611, -0.41407],
							"size": [0.09993, 0.10475, 0.61346],
							"pivot": [0.39063, 1.29688, 0.07031],
							"rotation": [0, 0, -45],
							"uv": {
								"north": {"uv": [12, 19], "uv_size": [0.5, 0.5]},
								"east": {"uv": [19, 12], "uv_size": [0.5, 0.5]},
								"south": {"uv": [13, 19], "uv_size": [0.5, 0.5]},
								"west": {"uv": [19, 13], "uv_size": [0.5, 0.5]},
								"up": {"uv": [14, 19], "uv_size": [0.5, 0.5]},
								"down": {"uv": [19, 14.5], "uv_size": [0.5, -0.5]}
							}
						},
						{
							"origin": [-0.35309, 0.65142, -0.58594],
							"size": [0.15461, 0.10475, 0.78534],
							"pivot": [-0.39062, 0.74218, 0.07031],
							"rotation": [0, 0, 45],
							"uv": {
								"north": {"uv": [20, 13], "uv_size": [0.5, 0.5]},
								"east": {"uv": [5, 13], "uv_size": [1, 0.5]},
								"south": {"uv": [14, 20], "uv_size": [0.5, 0.5]},
								"west": {"uv": [6, 13], "uv_size": [1, 0.5]},
								"up": {"uv": [7, 13], "uv_size": [0.5, 1]},
								"down": {"uv": [13, 9], "uv_size": [0.5, -1]}
							}
						},
						{
							"origin": [0.19847, 0.65142, -0.58594],
							"size": [0.15461, 0.10475, 0.78534],
							"pivot": [0.39063, 0.74218, 0.07031],
							"rotation": [0, 0, -45],
							"uv": {
								"north": {"uv": [20.5, 13], "uv_size": [-0.5, 0.5]},
								"east": {"uv": [7, 13], "uv_size": [-1, 0.5]},
								"south": {"uv": [14.5, 20], "uv_size": [-0.5, 0.5]},
								"west": {"uv": [6, 13], "uv_size": [-1, 0.5]},
								"up": {"uv": [7.5, 13], "uv_size": [-0.5, 1]},
								"down": {"uv": [13.5, 9], "uv_size": [-0.5, -1]}
							}
						},
						{
							"origin": [-0.35309, 1.19829, -0.41407],
							"size": [0.09993, 0.11256, 0.61346],
							"pivot": [-0.39062, 1.29688, 0.07031],
							"rotation": [0, 0, 45],
							"uv": {
								"north": {"uv": [15, 19], "uv_size": [0.5, 0.5]},
								"east": {"uv": [19, 15], "uv_size": [0.5, 0.5]},
								"south": {"uv": [16, 19], "uv_size": [0.5, 0.5]},
								"west": {"uv": [19, 16], "uv_size": [0.5, 0.5]},
								"up": {"uv": [17, 19], "uv_size": [0.5, 0.5]},
								"down": {"uv": [19, 17.5], "uv_size": [0.5, -0.5]}
							}
						},
						{
							"origin": [-0.43121, 0.62017, -0.40625],
							"size": [0.07649, 0.58912, 0.60565],
							"uv": {
								"north": {"uv": [16, 2], "uv_size": [0.5, 0.5]},
								"east": {"uv": [3, 16], "uv_size": [0.5, 0.5]},
								"south": {"uv": [16, 3], "uv_size": [0.5, 0.5]},
								"west": {"uv": [4, 16], "uv_size": [0.5, 0.5]},
								"up": {"uv": [16, 4], "uv_size": [0.5, 0.5]},
								"down": {"uv": [5, 16.5], "uv_size": [0.5, -0.5]}
							}
						},
						{
							"origin": [0.35472, 0.62017, -0.40625],
							"size": [0.07649, 0.58912, 0.60565],
							"uv": {
								"north": {"uv": [16.5, 2], "uv_size": [-0.5, 0.5]},
								"east": {"uv": [4.5, 16], "uv_size": [-0.5, 0.5]},
								"south": {"uv": [16.5, 3], "uv_size": [-0.5, 0.5]},
								"west": {"uv": [3.5, 16], "uv_size": [-0.5, 0.5]},
								"up": {"uv": [16.5, 4], "uv_size": [-0.5, 0.5]},
								"down": {"uv": [5.5, 16.5], "uv_size": [-0.5, -0.5]}
							}
						}
					]
				},
				{
					"name": "anniu",
					"parent": "bone",
					"pivot": [0, -10.64062, -6.71875],
					"cubes": [
						{
							"origin": [-0.39528, 0.10454, 0.39843],
							"size": [0.78743, 0.47975, 0.0744],
							"uv": {
								"north": {"uv": [0, 14], "uv_size": [1, 0.5]},
								"east": {"uv": [2, 21], "uv_size": [0.5, 0.5]},
								"south": {"uv": [14, 0], "uv_size": [1, 0.5]},
								"west": {"uv": [21, 2], "uv_size": [0.5, 0.5]},
								"up": {"uv": [1, 14], "uv_size": [1, 0.5]},
								"down": {"uv": [14, 1.5], "uv_size": [1, -0.5]}
							}
						},
						{
							"origin": [0.0891, 0.26861, 0.4375],
							"size": [0.19368, 0.12819, 0.05877],
							"uv": {
								"north": {"uv": [3, 21], "uv_size": [0.5, 0.5]},
								"east": {"uv": [21, 3], "uv_size": [0.5, 0.5]},
								"south": {"uv": [4, 21], "uv_size": [0.5, 0.5]},
								"west": {"uv": [21, 4], "uv_size": [0.5, 0.5]},
								"up": {"uv": [5, 21], "uv_size": [0.5, 0.5]},
								"down": {"uv": [21, 5.5], "uv_size": [0.5, -0.5]}
							}
						},
						{
							"origin": [0.07347, 0.25299, 0.4375],
							"size": [0.22493, 0.15944, 0.05096],
							"uv": {
								"north": {"uv": [9, 21], "uv_size": [0.5, 0.5]},
								"east": {"uv": [21, 9], "uv_size": [0.5, 0.5]},
								"south": {"uv": [10, 21], "uv_size": [0.5, 0.5]},
								"west": {"uv": [21, 10], "uv_size": [0.5, 0.5]},
								"up": {"uv": [11, 21], "uv_size": [0.5, 0.5]},
								"down": {"uv": [21, 11.5], "uv_size": [0.5, -0.5]}
							}
						},
						{
							"origin": [-0.2984, 0.25299, 0.4375],
							"size": [0.22493, 0.15944, 0.05096],
							"uv": {
								"north": {"uv": [12, 21], "uv_size": [0.5, 0.5]},
								"east": {"uv": [21, 12], "uv_size": [0.5, 0.5]},
								"south": {"uv": [13, 21], "uv_size": [0.5, 0.5]},
								"west": {"uv": [21, 13], "uv_size": [0.5, 0.5]},
								"up": {"uv": [14, 21], "uv_size": [0.5, 0.5]},
								"down": {"uv": [21, 14.5], "uv_size": [0.5, -0.5]}
							}
						},
						{
							"origin": [0.23844, 0.46931, 0.47763],
							"size": [0.07367, 0.08954, 0.03552],
							"pivot": [0.32104, 0.51563, 0.49398],
							"rotation": [0, -89.5, 180],
							"uv": {
								"north": {"uv": [15, 21], "uv_size": [0.5, 0.5]},
								"east": {"uv": [21, 15], "uv_size": [0.5, 0.5]},
								"south": {"uv": [16, 21], "uv_size": [0.5, 0.5]},
								"west": {"uv": [21, 16], "uv_size": [0.5, 0.5]},
								"up": {"uv": [17, 21], "uv_size": [0.5, 0.5]},
								"down": {"uv": [21, 17.5], "uv_size": [0.5, -0.5]}
							}
						},
						{
							"origin": [0.10563, 0.21149, 0.48545],
							"size": [0.08929, 0.06611, 0.01208],
							"pivot": [0.18823, 0.29688, 0.49398],
							"rotation": [0, -89.5, 180],
							"uv": {
								"north": {"uv": [22, 17], "uv_size": [0.5, 0.5]},
								"east": {"uv": [18, 22], "uv_size": [0.5, 0.5]},
								"south": {"uv": [22, 18], "uv_size": [0.5, 0.5]},
								"west": {"uv": [19, 22], "uv_size": [0.5, 0.5]},
								"up": {"uv": [22, 19], "uv_size": [0.5, 0.5]},
								"down": {"uv": [20, 22.5], "uv_size": [0.5, -0.5]}
							}
						},
						{
							"origin": [-0.21836, 0.31306, 0.46201],
							"size": [0.0971, 0.04267, 0.04333],
							"pivot": [-0.20385, 0.35157, 0.49398],
							"rotation": [-45, 89.5, -180],
							"uv": {
								"north": {"uv": [4, 23], "uv_size": [0.5, 0.5]},
								"east": {"uv": [23, 4], "uv_size": [0.5, 0.5]},
								"south": {"uv": [5, 23], "uv_size": [0.5, 0.5]},
								"west": {"uv": [23, 5], "uv_size": [0.5, 0.5]},
								"up": {"uv": [6, 23], "uv_size": [0.5, 0.5]},
								"down": {"uv": [23, 6.5], "uv_size": [0.5, -0.5]}
							}
						},
						{
							"origin": [-0.18711, 0.14899, 0.49326],
							"size": [0.08929, 0.05829, 0.01208],
							"pivot": [-0.18041, 0.25, 0.49398],
							"rotation": [0, 89.5, -180],
							"uv": {
								"north": {"uv": [1, 23], "uv_size": [0.5, 0.5]},
								"east": {"uv": [23, 1], "uv_size": [0.5, 0.5]},
								"south": {"uv": [2, 23], "uv_size": [0.5, 0.5]},
								"west": {"uv": [23, 2], "uv_size": [0.5, 0.5]},
								"up": {"uv": [3, 23], "uv_size": [0.5, 0.5]},
								"down": {"uv": [23, 3.5], "uv_size": [0.5, -0.5]}
							}
						},
						{
							"origin": [0.12125, 0.27399, 0.46201],
							"size": [0.0971, 0.04267, 0.04333],
							"pivot": [0.20385, 0.3125, 0.49398],
							"rotation": [-45, -89.5, 180],
							"uv": {
								"north": {"uv": [22, 20], "uv_size": [0.5, 0.5]},
								"east": {"uv": [21, 22], "uv_size": [0.5, 0.5]},
								"south": {"uv": [22, 21], "uv_size": [0.5, 0.5]},
								"west": {"uv": [22, 22], "uv_size": [0.5, 0.5]},
								"up": {"uv": [0, 23], "uv_size": [0.5, 0.5]},
								"down": {"uv": [23, 0.5], "uv_size": [0.5, -0.5]}
							}
						},
						{
							"origin": [0.23844, 0.46931, 0.47763],
							"size": [0.07367, 0.08954, 0.03552],
							"pivot": [0.32104, 0.51563, 0.49398],
							"rotation": [-45.75, -89.5, 180],
							"uv": {
								"north": {"uv": [21, 21], "uv_size": [0.5, 0.5]},
								"east": {"uv": [0, 22], "uv_size": [0.5, 0.5]},
								"south": {"uv": [22, 0], "uv_size": [0.5, 0.5]},
								"west": {"uv": [1, 22], "uv_size": [0.5, 0.5]},
								"up": {"uv": [22, 1], "uv_size": [0.5, 0.5]},
								"down": {"uv": [2, 22.5], "uv_size": [0.5, -0.5]}
							}
						},
						{
							"origin": [-0.41781, 0.46931, 0.47763],
							"size": [0.07367, 0.08954, 0.03552],
							"pivot": [-0.33521, 0.51563, 0.49398],
							"rotation": [0, -89.5, 180],
							"uv": {
								"north": {"uv": [22, 14], "uv_size": [0.5, 0.5]},
								"east": {"uv": [15, 22], "uv_size": [0.5, 0.5]},
								"south": {"uv": [22, 15], "uv_size": [0.5, 0.5]},
								"west": {"uv": [16, 22], "uv_size": [0.5, 0.5]},
								"up": {"uv": [22, 16], "uv_size": [0.5, 0.5]},
								"down": {"uv": [17, 22.5], "uv_size": [0.5, -0.5]}
							}
						},
						{
							"origin": [-0.41781, 0.46931, 0.47763],
							"size": [0.07367, 0.08954, 0.03552],
							"pivot": [-0.33521, 0.51563, 0.49398],
							"rotation": [-90, -89.5, 180],
							"uv": {
								"north": {"uv": [22, 11], "uv_size": [0.5, 0.5]},
								"east": {"uv": [12, 22], "uv_size": [0.5, 0.5]},
								"south": {"uv": [22, 12], "uv_size": [0.5, 0.5]},
								"west": {"uv": [13, 22], "uv_size": [0.5, 0.5]},
								"up": {"uv": [22, 13], "uv_size": [0.5, 0.5]},
								"down": {"uv": [14, 22.5], "uv_size": [0.5, -0.5]}
							}
						},
						{
							"origin": [-0.41781, 0.46931, 0.47763],
							"size": [0.07367, 0.08954, 0.03552],
							"pivot": [-0.33521, 0.51563, 0.49398],
							"rotation": [45, -89.5, 180],
							"uv": {
								"north": {"uv": [22, 8], "uv_size": [0.5, 0.5]},
								"east": {"uv": [9, 22], "uv_size": [0.5, 0.5]},
								"south": {"uv": [22, 9], "uv_size": [0.5, 0.5]},
								"west": {"uv": [10, 22], "uv_size": [0.5, 0.5]},
								"up": {"uv": [22, 10], "uv_size": [0.5, 0.5]},
								"down": {"uv": [11, 22.5], "uv_size": [0.5, -0.5]}
							}
						},
						{
							"origin": [-0.41781, 0.46931, 0.47763],
							"size": [0.07367, 0.08954, 0.03552],
							"pivot": [-0.33521, 0.51563, 0.49398],
							"rotation": [-45.75, -89.5, 180],
							"uv": {
								"north": {"uv": [22, 5], "uv_size": [0.5, 0.5]},
								"east": {"uv": [6, 22], "uv_size": [0.5, 0.5]},
								"south": {"uv": [22, 6], "uv_size": [0.5, 0.5]},
								"west": {"uv": [7, 22], "uv_size": [0.5, 0.5]},
								"up": {"uv": [22, 7], "uv_size": [0.5, 0.5]},
								"down": {"uv": [8, 22.5], "uv_size": [0.5, -0.5]}
							}
						},
						{
							"origin": [0.23844, 0.46931, 0.47763],
							"size": [0.07367, 0.08954, 0.03552],
							"pivot": [0.32104, 0.51563, 0.49398],
							"rotation": [45, -89.5, 180],
							"uv": {
								"north": {"uv": [22, 2], "uv_size": [0.5, 0.5]},
								"east": {"uv": [3, 22], "uv_size": [0.5, 0.5]},
								"south": {"uv": [22, 3], "uv_size": [0.5, 0.5]},
								"west": {"uv": [4, 22], "uv_size": [0.5, 0.5]},
								"up": {"uv": [22, 4], "uv_size": [0.5, 0.5]},
								"down": {"uv": [5, 22.5], "uv_size": [0.5, -0.5]}
							}
						},
						{
							"origin": [0.23844, 0.46931, 0.47763],
							"size": [0.07367, 0.08954, 0.03552],
							"pivot": [0.32104, 0.51563, 0.49398],
							"rotation": [-90, -89.5, 180],
							"uv": {
								"north": {"uv": [18, 21], "uv_size": [0.5, 0.5]},
								"east": {"uv": [21, 18], "uv_size": [0.5, 0.5]},
								"south": {"uv": [19, 21], "uv_size": [0.5, 0.5]},
								"west": {"uv": [21, 19], "uv_size": [0.5, 0.5]},
								"up": {"uv": [20, 21], "uv_size": [0.5, 0.5]},
								"down": {"uv": [21, 20.5], "uv_size": [0.5, -0.5]}
							}
						},
						{
							"origin": [-0.28277, 0.26861, 0.4375],
							"size": [0.19368, 0.12819, 0.05877],
							"uv": {
								"north": {"uv": [6, 21], "uv_size": [0.5, 0.5]},
								"east": {"uv": [21, 6], "uv_size": [0.5, 0.5]},
								"south": {"uv": [7, 21], "uv_size": [0.5, 0.5]},
								"west": {"uv": [21, 7], "uv_size": [0.5, 0.5]},
								"up": {"uv": [8, 21], "uv_size": [0.5, 0.5]},
								"down": {"uv": [21, 8.5], "uv_size": [0.5, -0.5]}
							}
						}
					]
				},
				{
					"name": "kuang",
					"parent": "bone",
					"pivot": [0, -10.64062, -6.71875],
					"cubes": [
						{
							"origin": [0.4641, 0.10454, -0.35157],
							"size": [0.09993, 1.22194, 0.55096],
							"uv": {
								"north": {"uv": [13, 2], "uv_size": [0.5, 1]},
								"east": {"uv": [3, 13], "uv_size": [0.5, 1]},
								"south": {"uv": [13, 3], "uv_size": [0.5, 1]},
								"west": {"uv": [4, 13], "uv_size": [0.5, 1]},
								"up": {"uv": [18, 2], "uv_size": [0.5, 0.5]},
								"down": {"uv": [3, 18.5], "uv_size": [0.5, -0.5]}
							}
						},
						{
							"origin": [0.4641, 0.10454, -0.89063],
							"size": [0.09993, 0.81569, 0.53534],
							"uv": {
								"north": {"uv": [2, 14], "uv_size": [0.5, 1]},
								"east": {"uv": [14, 2], "uv_size": [0.5, 1]},
								"south": {"uv": [3, 14], "uv_size": [0.5, 1]},
								"west": {"uv": [14, 3], "uv_size": [0.5, 1]},
								"up": {"uv": [10, 23], "uv_size": [0.5, 0.5]},
								"down": {"uv": [23, 10.5], "uv_size": [0.5, -0.5]}
							}
						},
						{
							"origin": [-0.56402, 0.10454, -1.24219],
							"size": [0.09993, 0.34694, 0.39471],
							"uv": {
								"north": {"uv": [5, 25], "uv_size": [0.5, 0.5]},
								"east": {"uv": [25, 5], "uv_size": [0.5, 0.5]},
								"south": {"uv": [6, 25], "uv_size": [0.5, 0.5]},
								"west": {"uv": [25, 6], "uv_size": [0.5, 0.5]},
								"up": {"uv": [7, 25], "uv_size": [0.5, 0.5]},
								"down": {"uv": [25, 7.5], "uv_size": [0.5, -0.5]}
							}
						},
						{
							"origin": [0.4641, -0.21576, -1.03907],
							"size": [0.09993, 0.8235, 0.14471],
							"pivot": [0, 0.61718, -1.07812],
							"rotation": [-54.75, 0, 0],
							"uv": {
								"north": {"uv": [10, 14], "uv_size": [0.5, 1]},
								"east": {"uv": [14, 10], "uv_size": [0.5, 1]},
								"south": {"uv": [11, 14], "uv_size": [0.5, 1]},
								"west": {"uv": [14, 11], "uv_size": [0.5, 1]},
								"up": {"uv": [17, 25], "uv_size": [0.5, 0.5]},
								"down": {"uv": [25, 17.5], "uv_size": [0.5, -0.5]}
							}
						},
						{
							"origin": [0.4641, 0.10454, -1.47657],
							"size": [0.09993, 0.17506, 0.24627],
							"uv": {
								"north": {"uv": [14, 25], "uv_size": [0.5, 0.5]},
								"east": {"uv": [25, 14], "uv_size": [0.5, 0.5]},
								"south": {"uv": [15, 25], "uv_size": [0.5, 0.5]},
								"west": {"uv": [25, 15], "uv_size": [0.5, 0.5]},
								"up": {"uv": [16, 25], "uv_size": [0.5, 0.5]},
								"down": {"uv": [25, 16.5], "uv_size": [0.5, -0.5]}
							}
						},
						{
							"origin": [0.4641, 0.10454, -1.24219],
							"size": [0.09993, 0.34694, 0.39471],
							"uv": {
								"north": {"uv": [11, 25], "uv_size": [0.5, 0.5]},
								"east": {"uv": [25, 11], "uv_size": [0.5, 0.5]},
								"south": {"uv": [12, 25], "uv_size": [0.5, 0.5]},
								"west": {"uv": [25, 12], "uv_size": [0.5, 0.5]},
								"up": {"uv": [13, 25], "uv_size": [0.5, 0.5]},
								"down": {"uv": [25, 13.5], "uv_size": [0.5, -0.5]}
							}
						},
						{
							"origin": [-0.56402, 0.10454, -1.47657],
							"size": [0.09993, 0.17506, 0.24627],
							"uv": {
								"north": {"uv": [8, 25], "uv_size": [0.5, 0.5]},
								"east": {"uv": [25, 8], "uv_size": [0.5, 0.5]},
								"south": {"uv": [9, 25], "uv_size": [0.5, 0.5]},
								"west": {"uv": [25, 9], "uv_size": [0.5, 0.5]},
								"up": {"uv": [10, 25], "uv_size": [0.5, 0.5]},
								"down": {"uv": [25, 10.5], "uv_size": [0.5, -0.5]}
							}
						},
						{
							"origin": [0.4641, 0.90142, -0.48438],
							"size": [0.09993, 0.45631, 0.19159],
							"pivot": [0, 1.0625, -0.47656],
							"rotation": [-21, 0, 0],
							"uv": {
								"north": {"uv": [13, 23], "uv_size": [0.5, 0.5]},
								"east": {"uv": [23, 13], "uv_size": [0.5, 0.5]},
								"south": {"uv": [14, 23], "uv_size": [0.5, 0.5]},
								"west": {"uv": [23, 14], "uv_size": [0.5, 0.5]},
								"up": {"uv": [15, 23], "uv_size": [0.5, 0.5]},
								"down": {"uv": [23, 15.5], "uv_size": [0.5, -0.5]}
							}
						},
						{
							"origin": [-0.56402, -0.21576, -1.03907],
							"size": [0.09993, 0.8235, 0.14471],
							"pivot": [0, 0.61718, -1.07812],
							"rotation": [-54.75, 0, 0],
							"uv": {
								"north": {"uv": [8, 14], "uv_size": [0.5, 1]},
								"east": {"uv": [14, 8], "uv_size": [0.5, 1]},
								"south": {"uv": [9, 14], "uv_size": [0.5, 1]},
								"west": {"uv": [14, 9], "uv_size": [0.5, 1]},
								"up": {"uv": [24, 7], "uv_size": [0.5, 0.5]},
								"down": {"uv": [8, 24.5], "uv_size": [0.5, -0.5]}
							}
						},
						{
							"origin": [0.4641, 0.42486, -1.04688],
							"size": [0.09993, 0.35475, 0.15252],
							"pivot": [0, 0.61718, -1.07812],
							"rotation": [-36, 0, 0],
							"uv": {
								"north": {"uv": [24, 4], "uv_size": [0.5, 0.5]},
								"east": {"uv": [5, 24], "uv_size": [0.5, 0.5]},
								"south": {"uv": [24, 5], "uv_size": [0.5, 0.5]},
								"west": {"uv": [6, 24], "uv_size": [0.5, 0.5]},
								"up": {"uv": [24, 6], "uv_size": [0.5, 0.5]},
								"down": {"uv": [7, 24.5], "uv_size": [0.5, -0.5]}
							}
						},
						{
							"origin": [0.4641, 0.42486, -1.01563],
							"size": [0.09993, 0.51881, 0.19159],
							"pivot": [0, 0.58593, -1.00781],
							"rotation": [-21, 0, 0],
							"uv": {
								"north": {"uv": [24, 1], "uv_size": [0.5, 0.5]},
								"east": {"uv": [2, 24], "uv_size": [0.5, 0.5]},
								"south": {"uv": [24, 2], "uv_size": [0.5, 0.5]},
								"west": {"uv": [3, 24], "uv_size": [0.5, 0.5]},
								"up": {"uv": [24, 3], "uv_size": [0.5, 0.5]},
								"down": {"uv": [4, 24.5], "uv_size": [0.5, -0.5]}
							}
						},
						{
							"origin": [-0.56402, 0.90142, -0.48438],
							"size": [0.09993, 0.45631, 0.19159],
							"pivot": [0, 1.0625, -0.47656],
							"rotation": [-21, 0, 0],
							"uv": {
								"north": {"uv": [2, 25], "uv_size": [0.5, 0.5]},
								"east": {"uv": [25, 2], "uv_size": [0.5, 0.5]},
								"south": {"uv": [3, 25], "uv_size": [0.5, 0.5]},
								"west": {"uv": [25, 3], "uv_size": [0.5, 0.5]},
								"up": {"uv": [4, 25], "uv_size": [0.5, 0.5]},
								"down": {"uv": [25, 4.5], "uv_size": [0.5, -0.5]}
							}
						},
						{
							"origin": [-0.56402, 0.90142, -0.51563],
							"size": [0.09993, 0.35475, 0.15252],
							"pivot": [0, 1.09375, -0.54687],
							"rotation": [-36, 0, 0],
							"uv": {
								"north": {"uv": [24, 23], "uv_size": [0.5, 0.5]},
								"east": {"uv": [24, 24], "uv_size": [0.5, 0.5]},
								"south": {"uv": [0, 25], "uv_size": [0.5, 0.5]},
								"west": {"uv": [25, 0], "uv_size": [0.5, 0.5]},
								"up": {"uv": [1, 25], "uv_size": [0.5, 0.5]},
								"down": {"uv": [25, 1.5], "uv_size": [0.5, -0.5]}
							}
						},
						{
							"origin": [-0.56402, 0.85454, -0.5],
							"size": [0.09993, 0.22975, 0.1369],
							"pivot": [0, 1.09375, -0.54687],
							"rotation": [-54.75, 0, 0],
							"uv": {
								"north": {"uv": [24, 20], "uv_size": [0.5, 0.5]},
								"east": {"uv": [21, 24], "uv_size": [0.5, 0.5]},
								"south": {"uv": [24, 21], "uv_size": [0.5, 0.5]},
								"west": {"uv": [22, 24], "uv_size": [0.5, 0.5]},
								"up": {"uv": [24, 22], "uv_size": [0.5, 0.5]},
								"down": {"uv": [23, 24.5], "uv_size": [0.5, -0.5]}
							}
						},
						{
							"origin": [-0.56402, 0.72174, -0.44532],
							"size": [0.09993, 0.27662, 0.08221],
							"pivot": [0, 1.09375, -0.54687],
							"rotation": [-78.25, 0, 0],
							"uv": {
								"north": {"uv": [24, 17], "uv_size": [0.5, 0.5]},
								"east": {"uv": [18, 24], "uv_size": [0.5, 0.5]},
								"south": {"uv": [24, 18], "uv_size": [0.5, 0.5]},
								"west": {"uv": [19, 24], "uv_size": [0.5, 0.5]},
								"up": {"uv": [24, 19], "uv_size": [0.5, 0.5]},
								"down": {"uv": [20, 24.5], "uv_size": [0.5, -0.5]}
							}
						},
						{
							"origin": [-0.56402, 0.37799, -1.03125],
							"size": [0.09993, 0.22975, 0.1369],
							"pivot": [0, 0.61718, -1.07812],
							"rotation": [-54.75, 0, 0],
							"uv": {
								"north": {"uv": [24, 14], "uv_size": [0.5, 0.5]},
								"east": {"uv": [15, 24], "uv_size": [0.5, 0.5]},
								"south": {"uv": [24, 15], "uv_size": [0.5, 0.5]},
								"west": {"uv": [16, 24], "uv_size": [0.5, 0.5]},
								"up": {"uv": [24, 16], "uv_size": [0.5, 0.5]},
								"down": {"uv": [17, 24.5], "uv_size": [0.5, -0.5]}
							}
						},
						{
							"origin": [-0.56402, 0.42486, -1.04688],
							"size": [0.09993, 0.35475, 0.15252],
							"pivot": [0, 0.61718, -1.07812],
							"rotation": [-36, 0, 0],
							"uv": {
								"north": {"uv": [24, 11], "uv_size": [0.5, 0.5]},
								"east": {"uv": [12, 24], "uv_size": [0.5, 0.5]},
								"south": {"uv": [24, 12], "uv_size": [0.5, 0.5]},
								"west": {"uv": [13, 24], "uv_size": [0.5, 0.5]},
								"up": {"uv": [24, 13], "uv_size": [0.5, 0.5]},
								"down": {"uv": [14, 24.5], "uv_size": [0.5, -0.5]}
							}
						},
						{
							"origin": [-0.56402, 0.42486, -1.01563],
							"size": [0.09993, 0.51881, 0.19159],
							"pivot": [0, 0.58593, -1.00781],
							"rotation": [-21, 0, 0],
							"uv": {
								"north": {"uv": [24, 8], "uv_size": [0.5, 0.5]},
								"east": {"uv": [9, 24], "uv_size": [0.5, 0.5]},
								"south": {"uv": [24, 9], "uv_size": [0.5, 0.5]},
								"west": {"uv": [10, 24], "uv_size": [0.5, 0.5]},
								"up": {"uv": [24, 10], "uv_size": [0.5, 0.5]},
								"down": {"uv": [11, 24.5], "uv_size": [0.5, -0.5]}
							}
						},
						{
							"origin": [0.4641, 0.90142, -0.51563],
							"size": [0.09993, 0.35475, 0.15252],
							"pivot": [0, 1.09375, -0.54687],
							"rotation": [-36, 0, 0],
							"uv": {
								"north": {"uv": [16, 23], "uv_size": [0.5, 0.5]},
								"east": {"uv": [23, 16], "uv_size": [0.5, 0.5]},
								"south": {"uv": [17, 23], "uv_size": [0.5, 0.5]},
								"west": {"uv": [23, 17], "uv_size": [0.5, 0.5]},
								"up": {"uv": [18, 23], "uv_size": [0.5, 0.5]},
								"down": {"uv": [23, 18.5], "uv_size": [0.5, -0.5]}
							}
						},
						{
							"origin": [0.4641, 0.85454, -0.5],
							"size": [0.09993, 0.22975, 0.1369],
							"pivot": [0, 1.09375, -0.54687],
							"rotation": [-54.75, 0, 0],
							"uv": {
								"north": {"uv": [19, 23], "uv_size": [0.5, 0.5]},
								"east": {"uv": [23, 19], "uv_size": [0.5, 0.5]},
								"south": {"uv": [20, 23], "uv_size": [0.5, 0.5]},
								"west": {"uv": [23, 20], "uv_size": [0.5, 0.5]},
								"up": {"uv": [21, 23], "uv_size": [0.5, 0.5]},
								"down": {"uv": [23, 21.5], "uv_size": [0.5, -0.5]}
							}
						},
						{
							"origin": [0.4641, 0.72174, -0.44532],
							"size": [0.09993, 0.27662, 0.08221],
							"pivot": [0, 1.09375, -0.54687],
							"rotation": [-78.25, 0, 0],
							"uv": {
								"north": {"uv": [22, 23], "uv_size": [0.5, 0.5]},
								"east": {"uv": [23, 22], "uv_size": [0.5, 0.5]},
								"south": {"uv": [23, 23], "uv_size": [0.5, 0.5]},
								"west": {"uv": [0, 24], "uv_size": [0.5, 0.5]},
								"up": {"uv": [24, 0], "uv_size": [0.5, 0.5]},
								"down": {"uv": [1, 24.5], "uv_size": [0.5, -0.5]}
							}
						},
						{
							"origin": [-0.56402, 0.10454, -0.89063],
							"size": [0.09993, 0.81569, 0.53534],
							"uv": {
								"north": {"uv": [6, 14], "uv_size": [0.5, 1]},
								"east": {"uv": [14, 6], "uv_size": [0.5, 1]},
								"south": {"uv": [7, 14], "uv_size": [0.5, 1]},
								"west": {"uv": [14, 7], "uv_size": [0.5, 1]},
								"up": {"uv": [12, 23], "uv_size": [0.5, 0.5]},
								"down": {"uv": [23, 12.5], "uv_size": [0.5, -0.5]}
							}
						},
						{
							"origin": [-0.48903, 1.29986, -0.38282],
							"size": [0.98274, 0.10475, 0.58221],
							"uv": {
								"north": {"uv": [13, 9], "uv_size": [1, 0.5]},
								"east": {"uv": [20, 17], "uv_size": [0.5, 0.5]},
								"south": {"uv": [10, 13], "uv_size": [1, 0.5]},
								"west": {"uv": [18, 20], "uv_size": [0.5, 0.5]},
								"up": {"uv": [13, 10], "uv_size": [1, 0.5]},
								"down": {"uv": [11, 13.5], "uv_size": [1, -0.5]}
							}
						},
						{
							"origin": [0.4641, 0.10454, 0.19531],
							"size": [0.09993, 0.55006, 0.28534],
							"uv": {
								"north": {"uv": [9, 19], "uv_size": [0.5, 0.5]},
								"east": {"uv": [19, 9], "uv_size": [0.5, 0.5]},
								"south": {"uv": [10, 19], "uv_size": [0.5, 0.5]},
								"west": {"uv": [19, 10], "uv_size": [0.5, 0.5]},
								"up": {"uv": [11, 19], "uv_size": [0.5, 0.5]},
								"down": {"uv": [19, 11.5], "uv_size": [0.5, -0.5]}
							}
						},
						{
							"origin": [-0.56402, 0.10454, 0.19531],
							"size": [0.09993, 0.55006, 0.28534],
							"uv": {
								"north": {"uv": [20, 7], "uv_size": [0.5, 0.5]},
								"east": {"uv": [8, 20], "uv_size": [0.5, 0.5]},
								"south": {"uv": [20, 8], "uv_size": [0.5, 0.5]},
								"west": {"uv": [9, 20], "uv_size": [0.5, 0.5]},
								"up": {"uv": [20, 9], "uv_size": [0.5, 0.5]},
								"down": {"uv": [10, 20.5], "uv_size": [0.5, -0.5]}
							}
						},
						{
							"origin": [0.4641, 0.10454, 0.46875],
							"size": [0.09993, 0.49537, 0.06659],
							"uv": {
								"north": {"uv": [18, 19], "uv_size": [0.5, 0.5]},
								"east": {"uv": [19, 18], "uv_size": [0.5, 0.5]},
								"south": {"uv": [19, 19], "uv_size": [0.5, 0.5]},
								"west": {"uv": [0, 20], "uv_size": [0.5, 0.5]},
								"up": {"uv": [20, 0], "uv_size": [0.5, 0.5]},
								"down": {"uv": [1, 20.5], "uv_size": [0.5, -0.5]}
							}
						},
						{
							"origin": [-0.56402, 0.10454, 0.46875],
							"size": [0.09993, 0.49537, 0.06659],
							"uv": {
								"north": {"uv": [20, 10], "uv_size": [0.5, 0.5]},
								"east": {"uv": [11, 20], "uv_size": [0.5, 0.5]},
								"south": {"uv": [20, 11], "uv_size": [0.5, 0.5]},
								"west": {"uv": [12, 20], "uv_size": [0.5, 0.5]},
								"up": {"uv": [20, 12], "uv_size": [0.5, 0.5]},
								"down": {"uv": [13, 20.5], "uv_size": [0.5, -0.5]}
							}
						},
						{
							"origin": [0.4641, 0.47954, 0.19531],
							"size": [0.09993, 0.08131, 0.05096],
							"pivot": [0, 0.89063, 0.25],
							"rotation": [45, 0, 0],
							"uv": {
								"north": {"uv": [20, 1], "uv_size": [0.5, 0.5]},
								"east": {"uv": [2, 20], "uv_size": [0.5, 0.5]},
								"south": {"uv": [20, 2], "uv_size": [0.5, 0.5]},
								"west": {"uv": [3, 20], "uv_size": [0.5, 0.5]},
								"up": {"uv": [20, 3], "uv_size": [0.5, 0.5]},
								"down": {"uv": [4, 20.5], "uv_size": [0.5, -0.5]}
							}
						},
						{
							"origin": [-0.56402, 0.47954, 0.19531],
							"size": [0.09993, 0.08131, 0.05096],
							"pivot": [0, 0.89063, 0.25],
							"rotation": [45, 0, 0],
							"uv": {
								"north": {"uv": [20, 4], "uv_size": [0.5, 0.5]},
								"east": {"uv": [5, 20], "uv_size": [0.5, 0.5]},
								"south": {"uv": [20, 5], "uv_size": [0.5, 0.5]},
								"west": {"uv": [6, 20], "uv_size": [0.5, 0.5]},
								"up": {"uv": [20, 6], "uv_size": [0.5, 0.5]},
								"down": {"uv": [7, 20.5], "uv_size": [0.5, -0.5]}
							}
						},
						{
							"origin": [0.40941, 1.19049, -0.38282],
							"size": [0.13899, 0.10475, 0.58221],
							"pivot": [0.39063, 1.28125, 0.07031],
							"rotation": [0, 0, -45],
							"uv": {
								"north": {"uv": [20, 14], "uv_size": [0.5, 0.5]},
								"east": {"uv": [15, 20], "uv_size": [0.5, 0.5]},
								"south": {"uv": [20, 15], "uv_size": [0.5, 0.5]},
								"west": {"uv": [16, 20], "uv_size": [0.5, 0.5]},
								"up": {"uv": [20, 16], "uv_size": [0.5, 0.5]},
								"down": {"uv": [17, 20.5], "uv_size": [0.5, -0.5]}
							}
						},
						{
							"origin": [-0.56402, 0.10454, -0.35157],
							"size": [0.09993, 1.22194, 0.55096],
							"uv": {
								"north": {"uv": [13, 11], "uv_size": [0.5, 1]},
								"east": {"uv": [12, 13], "uv_size": [0.5, 1]},
								"south": {"uv": [13, 12], "uv_size": [0.5, 1]},
								"west": {"uv": [13, 13], "uv_size": [0.5, 1]},
								"up": {"uv": [1, 21], "uv_size": [0.5, 0.5]},
								"down": {"uv": [21, 1.5], "uv_size": [0.5, -0.5]}
							}
						},
						{
							"origin": [-0.5484, 1.19049, -0.38282],
							"size": [0.13899, 0.10475, 0.58221],
							"pivot": [-0.39062, 1.28125, 0.07031],
							"rotation": [0, 0, 45],
							"uv": {
								"north": {"uv": [20, 18], "uv_size": [0.5, 0.5]},
								"east": {"uv": [19, 20], "uv_size": [0.5, 0.5]},
								"south": {"uv": [20, 19], "uv_size": [0.5, 0.5]},
								"west": {"uv": [20, 20], "uv_size": [0.5, 0.5]},
								"up": {"uv": [0, 21], "uv_size": [0.5, 0.5]},
								"down": {"uv": [21, 0.5], "uv_size": [0.5, -0.5]}
							}
						},
						{
							"origin": [0.4641, 0.69829, 0.07031],
							"size": [0.09993, 0.12819, 0.05096],
							"pivot": [0.13281, 1.01563, -0.0625],
							"rotation": [49.25, 0, 0],
							"uv": {
								"north": {"uv": [18, 12], "uv_size": [0.5, 0.5]},
								"east": {"uv": [13, 18], "uv_size": [0.5, 0.5]},
								"south": {"uv": [18, 13], "uv_size": [0.5, 0.5]},
								"west": {"uv": [14, 18], "uv_size": [0.5, 0.5]},
								"up": {"uv": [18, 14], "uv_size": [0.5, 0.5]},
								"down": {"uv": [15, 18.5], "uv_size": [0.5, -0.5]}
							}
						},
						{
							"origin": [0.4641, 0.79204, 0.05468],
							"size": [0.09993, 0.14381, 0.06659],
							"pivot": [0.13281, 1.13282, -0.0625],
							"rotation": [32.5, 0, 0],
							"uv": {
								"north": {"uv": [18, 9], "uv_size": [0.5, 0.5]},
								"east": {"uv": [10, 18], "uv_size": [0.5, 0.5]},
								"south": {"uv": [18, 10], "uv_size": [0.5, 0.5]},
								"west": {"uv": [11, 18], "uv_size": [0.5, 0.5]},
								"up": {"uv": [18, 11], "uv_size": [0.5, 0.5]},
								"down": {"uv": [12, 18.5], "uv_size": [0.5, -0.5]}
							}
						},
						{
							"origin": [0.4641, 0.62017, 0.19531],
							"size": [0.09993, 0.33131, 0.14471],
							"uv": {
								"north": {"uv": [18, 6], "uv_size": [0.5, 0.5]},
								"east": {"uv": [7, 18], "uv_size": [0.5, 0.5]},
								"south": {"uv": [18, 7], "uv_size": [0.5, 0.5]},
								"west": {"uv": [8, 18], "uv_size": [0.5, 0.5]},
								"up": {"uv": [18, 8], "uv_size": [0.5, 0.5]},
								"down": {"uv": [9, 18.5], "uv_size": [0.5, -0.5]}
							}
						},
						{
							"origin": [0.4641, 0.63579, 0.19531],
							"size": [0.09993, 0.30787, 0.19159],
							"pivot": [0.13281, 0.69532, 0.30469],
							"rotation": [10.25, 0, 0],
							"uv": {
								"north": {"uv": [18, 3], "uv_size": [0.5, 0.5]},
								"east": {"uv": [4, 18], "uv_size": [0.5, 0.5]},
								"south": {"uv": [18, 4], "uv_size": [0.5, 0.5]},
								"west": {"uv": [5, 18], "uv_size": [0.5, 0.5]},
								"up": {"uv": [18, 5], "uv_size": [0.5, 0.5]},
								"down": {"uv": [6, 18.5], "uv_size": [0.5, -0.5]}
							}
						},
						{
							"origin": [-0.56402, 0.69829, 0.07031],
							"size": [0.09993, 0.12819, 0.05096],
							"pivot": [-0.13281, 1.01563, -0.0625],
							"rotation": [49.25, 0, 0],
							"uv": {
								"north": {"uv": [6, 19], "uv_size": [0.5, 0.5]},
								"east": {"uv": [19, 6], "uv_size": [0.5, 0.5]},
								"south": {"uv": [7, 19], "uv_size": [0.5, 0.5]},
								"west": {"uv": [19, 7], "uv_size": [0.5, 0.5]},
								"up": {"uv": [8, 19], "uv_size": [0.5, 0.5]},
								"down": {"uv": [19, 8.5], "uv_size": [0.5, -0.5]}
							}
						},
						{
							"origin": [-0.56402, 0.79204, 0.05468],
							"size": [0.09993, 0.14381, 0.06659],
							"pivot": [-0.13281, 1.13282, -0.0625],
							"rotation": [32.5, 0, 0],
							"uv": {
								"north": {"uv": [3, 19], "uv_size": [0.5, 0.5]},
								"east": {"uv": [19, 3], "uv_size": [0.5, 0.5]},
								"south": {"uv": [4, 19], "uv_size": [0.5, 0.5]},
								"west": {"uv": [19, 4], "uv_size": [0.5, 0.5]},
								"up": {"uv": [5, 19], "uv_size": [0.5, 0.5]},
								"down": {"uv": [19, 5.5], "uv_size": [0.5, -0.5]}
							}
						},
						{
							"origin": [-0.56402, 0.62017, 0.19531],
							"size": [0.09993, 0.33131, 0.14471],
							"uv": {
								"north": {"uv": [0, 19], "uv_size": [0.5, 0.5]},
								"east": {"uv": [19, 0], "uv_size": [0.5, 0.5]},
								"south": {"uv": [1, 19], "uv_size": [0.5, 0.5]},
								"west": {"uv": [19, 1], "uv_size": [0.5, 0.5]},
								"up": {"uv": [2, 19], "uv_size": [0.5, 0.5]},
								"down": {"uv": [19, 2.5], "uv_size": [0.5, -0.5]}
							}
						},
						{
							"origin": [-0.56402, 0.63579, 0.19531],
							"size": [0.09993, 0.30787, 0.19159],
							"pivot": [-0.13281, 0.69532, 0.30469],
							"rotation": [10.25, 0, 0],
							"uv": {
								"north": {"uv": [18, 15], "uv_size": [0.5, 0.5]},
								"east": {"uv": [16, 18], "uv_size": [0.5, 0.5]},
								"south": {"uv": [18, 16], "uv_size": [0.5, 0.5]},
								"west": {"uv": [17, 18], "uv_size": [0.5, 0.5]},
								"up": {"uv": [18, 17], "uv_size": [0.5, 0.5]},
								"down": {"uv": [18, 18.5], "uv_size": [0.5, -0.5]}
							}
						},
						{
							"origin": [0.35472, 0.69829, 0.07031],
							"size": [0.07649, 0.12819, 0.05096],
							"pivot": [0, 1.01563, -0.0625],
							"rotation": [49.25, 0, 0],
							"uv": {
								"north": {"uv": [8.5, 17], "uv_size": [-0.5, 0.5]},
								"east": {"uv": [17.5, 9], "uv_size": [-0.5, 0.5]},
								"south": {"uv": [9.5, 17], "uv_size": [-0.5, 0.5]},
								"west": {"uv": [17.5, 8], "uv_size": [-0.5, 0.5]},
								"up": {"uv": [10.5, 17], "uv_size": [-0.5, 0.5]},
								"down": {"uv": [17.5, 10.5], "uv_size": [-0.5, -0.5]}
							}
						}
					]
				},
				{
					"name": "dizuo",
					"parent": "bone",
					"pivot": [0, -10.64062, -6.71875],
					"cubes": [
						{
							"origin": [-0.62184, -0.05171, -0.11648],
							"size": [1.24055, 0.29225, 0.68378],
							"uv": {
								"north": {"uv": [15, 11], "uv_size": [1, 0.5]},
								"east": {"uv": [21, 31], "uv_size": [0.5, 0.5]},
								"south": {"uv": [12, 15], "uv_size": [1, 0.5]},
								"west": {"uv": [31, 21], "uv_size": [0.5, 0.5]},
								"up": {"uv": [15, 12], "uv_size": [1, 0.5]},
								"down": {"uv": [13, 15.5], "uv_size": [1, -0.5]}
							}
						},
						{
							"origin": [0.42032, 0.57644, -2.17188],
							"size": [0.08791, 0.106, 2.72355],
							"pivot": [0.03005, 0.32813, -0.58415],
							"rotation": [0, 0, 45],
							"uv": {
								"north": {"uv": [22, 31], "uv_size": [0.5, 0.5]},
								"east": {"uv": [4, 2], "uv_size": [2.5, 0.5]},
								"south": {"uv": [31, 22], "uv_size": [0.5, 0.5]},
								"west": {"uv": [4, 4], "uv_size": [2.5, 0.5]},
								"up": {"uv": [4, 5], "uv_size": [0.5, 2.5]},
								"down": {"uv": [5, 7.5], "uv_size": [0.5, -2.5]}
							}
						},
						{
							"origin": [-0.55966, 0.24053, -2.17185],
							"size": [1.11621, 0.06217, 2.06727],
							"uv": {
								"north": {"uv": [15, 13], "uv_size": [1, 0.5]},
								"east": {"uv": [6, 6], "uv_size": [2, 0.5]},
								"south": {"uv": [14, 15], "uv_size": [1, 0.5]},
								"west": {"uv": [7, 2], "uv_size": [2, 0.5]},
								"up": {"uv": [0, 0], "uv_size": [1, 2]},
								"down": {"uv": [1, 2], "uv_size": [1, -2]}
							}
						},
						{
							"origin": [-0.62184, 0.01046, -1.40998],
							"size": [1.24055, 0.23008, 1.2935],
							"uv": {
								"north": {"uv": [15, 14], "uv_size": [1, 0.5]},
								"east": {"uv": [1, 9], "uv_size": [1.5, 0.5]},
								"south": {"uv": [15, 15], "uv_size": [1, 0.5]},
								"west": {"uv": [9, 2], "uv_size": [1.5, 0.5]},
								"up": {"uv": [0, 2], "uv_size": [1, 1.5]},
								"down": {"uv": [2, 1.5], "uv_size": [1, -1.5]}
							}
						},
						{
							"origin": [-0.62184, -0.05171, -2.17188],
							"size": [1.24055, 0.29225, 0.7619],
							"uv": {
								"north": {"uv": [0, 16], "uv_size": [1, 0.5]},
								"east": {"uv": [16, 0], "uv_size": [1, 0.5]},
								"south": {"uv": [1, 16], "uv_size": [1, 0.5]},
								"west": {"uv": [16, 1], "uv_size": [1, 0.5]},
								"up": {"uv": [0, 7], "uv_size": [1, 1]},
								"down": {"uv": [3, 8], "uv_size": [1, -1]}
							}
						},
						{
							"origin": [0.11836, -0.35745, -1.40998],
							"size": [0.08792, 0.06216, 1.2935],
							"pivot": [-0.03005, 0.32813, -1.25602],
							"rotation": [0, 0, -45],
							"uv": {
								"north": {"uv": [23, 31], "uv_size": [0.5, 0.5]},
								"east": {"uv": [3, 9], "uv_size": [1.5, 0.5]},
								"south": {"uv": [31, 23], "uv_size": [0.5, 0.5]},
								"west": {"uv": [9, 3], "uv_size": [1.5, 0.5]},
								"up": {"uv": [9, 4], "uv_size": [0.5, 1.5]},
								"down": {"uv": [6, 10.5], "uv_size": [0.5, -1.5]}
							}
						},
						{
							"origin": [-0.20628, -0.35745, -1.40998],
							"size": [0.08792, 0.06216, 1.2935],
							"pivot": [0.03005, 0.32813, -1.25602],
							"rotation": [0, 0, 45],
							"uv": {
								"north": {"uv": [32, 1], "uv_size": [0.5, 0.5]},
								"east": {"uv": [12, 6], "uv_size": [1.5, 0.5]},
								"south": {"uv": [2, 32], "uv_size": [0.5, 0.5]},
								"west": {"uv": [12, 7], "uv_size": [1.5, 0.5]},
								"up": {"uv": [8, 12], "uv_size": [0.5, 1.5]},
								"down": {"uv": [9, 13.5], "uv_size": [0.5, -1.5]}
							}
						},
						{
							"origin": [-0.49284, 0.66801, -2.17188],
							"size": [0.08792, 0.05913, 2.72355],
							"pivot": [0.03005, 0.32813, -0.58415],
							"rotation": [0, 0, -45],
							"uv": {
								"north": {"uv": [24, 31], "uv_size": [0.5, 0.5]},
								"east": {"uv": [6, 0], "uv_size": [2.5, 0.5]},
								"south": {"uv": [31, 24], "uv_size": [0.5, 0.5]},
								"west": {"uv": [6, 1], "uv_size": [2.5, 0.5]},
								"up": {"uv": [1, 6], "uv_size": [0.5, 2.5]},
								"down": {"uv": [2, 8.5], "uv_size": [0.5, -2.5]}
							}
						},
						{
							"origin": [-0.65402, -0.2263, -1.7552],
							"size": [1.30804, 0.19892, 0.08239],
							"pivot": [0.01635, 0.32813, -2.25602],
							"rotation": [22.5, 0, 0],
							"uv": {
								"north": {"uv": [9, 8], "uv_size": [1.5, 0.5]},
								"east": {"uv": [25, 31], "uv_size": [0.5, 0.5]},
								"south": {"uv": [9, 9], "uv_size": [1.5, 0.5]},
								"west": {"uv": [31, 25], "uv_size": [0.5, 0.5]},
								"up": {"uv": [0, 10], "uv_size": [1.5, 0.5]},
								"down": {"uv": [10, 0.5], "uv_size": [1.5, -0.5]}
							}
						},
						{
							"origin": [-0.65402, 0.34848, -1.6505],
							"size": [1.30804, 0.08239, 0.19892],
							"pivot": [0.01635, 0.32813, -2.25602],
							"rotation": [-22.5, 0, 0],
							"uv": {
								"north": {"uv": [10, 1], "uv_size": [1.5, 0.5]},
								"east": {"uv": [26, 31], "uv_size": [0.5, 0.5]},
								"south": {"uv": [2, 10], "uv_size": [1.5, 0.5]},
								"west": {"uv": [31, 26], "uv_size": [0.5, 0.5]},
								"up": {"uv": [4, 10], "uv_size": [1.5, 0.5]},
								"down": {"uv": [10, 4.5], "uv_size": [1.5, -0.5]}
							}
						},
						{
							"origin": [-0.65402, -0.16804, -1.81346],
							"size": [1.30804, 0.08239, 0.19892],
							"pivot": [0.01635, 0.32813, -2.25602],
							"rotation": [22.5, 0, 0],
							"uv": {
								"north": {"uv": [10, 5], "uv_size": [1.5, 0.5]},
								"east": {"uv": [27, 31], "uv_size": [0.5, 0.5]},
								"south": {"uv": [10, 6], "uv_size": [1.5, 0.5]},
								"west": {"uv": [31, 27], "uv_size": [0.5, 0.5]},
								"up": {"uv": [7, 10], "uv_size": [1.5, 0.5]},
								"down": {"uv": [10, 7.5], "uv_size": [1.5, -0.5]}
							}
						},
						{
							"origin": [-0.65402, 0.29021, -1.59224],
							"size": [1.30804, 0.19892, 0.08239],
							"pivot": [0.01635, 0.32813, -2.25602],
							"rotation": [-22.5, 0, 0],
							"uv": {
								"north": {"uv": [9, 10], "uv_size": [1.5, 0.5]},
								"east": {"uv": [28, 31], "uv_size": [0.5, 0.5]},
								"south": {"uv": [0, 11], "uv_size": [1.5, 0.5]},
								"west": {"uv": [31, 28], "uv_size": [0.5, 0.5]},
								"up": {"uv": [2, 11], "uv_size": [1.5, 0.5]},
								"down": {"uv": [11, 2.5], "uv_size": [1.5, -0.5]}
							}
						},
						{
							"origin": [-0.65402, -0.16804, -0.14158],
							"size": [1.30804, 0.08239, 0.19892],
							"pivot": [0.01635, 0.32813, -0.58415],
							"rotation": [22.5, 0, 0],
							"uv": {
								"north": {"uv": [11, 3], "uv_size": [1.5, 0.5]},
								"east": {"uv": [29, 31], "uv_size": [0.5, 0.5]},
								"south": {"uv": [4, 11], "uv_size": [1.5, 0.5]},
								"west": {"uv": [31, 29], "uv_size": [0.5, 0.5]},
								"up": {"uv": [6, 11], "uv_size": [1.5, 0.5]},
								"down": {"uv": [8, 11.5], "uv_size": [1.5, -0.5]}
							}
						},
						{
							"origin": [-0.65402, 0.34848, 0.02138],
							"size": [1.30804, 0.08239, 0.19892],
							"pivot": [0.01635, 0.32813, -0.58415],
							"rotation": [-22.5, 0, 0],
							"uv": {
								"north": {"uv": [11, 8], "uv_size": [1.5, 0.5]},
								"east": {"uv": [30, 31], "uv_size": [0.5, 0.5]},
								"south": {"uv": [11, 9], "uv_size": [1.5, 0.5]},
								"west": {"uv": [31, 30], "uv_size": [0.5, 0.5]},
								"up": {"uv": [10, 11], "uv_size": [1.5, 0.5]},
								"down": {"uv": [11, 10.5], "uv_size": [1.5, -0.5]}
							}
						},
						{
							"origin": [-0.65402, -0.2263, -0.08332],
							"size": [1.30804, 0.19892, 0.08239],
							"pivot": [0.01635, 0.32813, -0.58415],
							"rotation": [22.5, 0, 0],
							"uv": {
								"north": {"uv": [0, 12], "uv_size": [1.5, 0.5]},
								"east": {"uv": [31, 31], "uv_size": [0.5, 0.5]},
								"south": {"uv": [12, 0], "uv_size": [1.5, 0.5]},
								"west": {"uv": [0, 32], "uv_size": [0.5, 0.5]},
								"up": {"uv": [12, 1], "uv_size": [1.5, 0.5]},
								"down": {"uv": [2, 12.5], "uv_size": [1.5, -0.5]}
							}
						},
						{
							"origin": [-0.65402, 0.29021, 0.07964],
							"size": [1.30804, 0.19892, 0.08239],
							"pivot": [0.01635, 0.32813, -0.58415],
							"rotation": [-22.5, 0, 0],
							"uv": {
								"north": {"uv": [4, 12], "uv_size": [1.5, 0.5]},
								"east": {"uv": [32, 0], "uv_size": [0.5, 0.5]},
								"south": {"uv": [12, 4], "uv_size": [1.5, 0.5]},
								"west": {"uv": [1, 32], "uv_size": [0.5, 0.5]},
								"up": {"uv": [12, 5], "uv_size": [1.5, 0.5]},
								"down": {"uv": [6, 12.5], "uv_size": [1.5, -0.5]}
							}
						}
					]
				},
				{
					"name": "daogui_t",
					"parent": "bone",
					"pivot": [0.00781, 1.88282, -0.58594],
					"cubes": [
						{
							"origin": [-0.14219, 1.475, -0.13047],
							"size": [0.3, 0.0003, 0.19219],
							"uv": {
								"north": {"uv": [0, 0], "uv_size": [0.5, 0]},
								"east": {"uv": [0, 0], "uv_size": [0.5, 0]},
								"south": {"uv": [0, 0], "uv_size": [0.5, 0]},
								"west": {"uv": [0, 0], "uv_size": [0.5, 0]},
								"up": {"uv": [26, 3], "uv_size": [0.5, 0.5]},
								"down": {"uv": [4, 26.5], "uv_size": [0.5, -0.5]}
							}
						},
						{
							"origin": [-0.10469, 1.40001, -0.13047],
							"size": [0.225, 0.075, 0.19219],
							"uv": {
								"north": {"uv": [26, 4], "uv_size": [0.5, 0.5]},
								"east": {"uv": [5, 26], "uv_size": [0.5, 0.5]},
								"south": {"uv": [26, 5], "uv_size": [0.5, 0.5]},
								"west": {"uv": [6, 26], "uv_size": [0.5, 0.5]},
								"down": {"uv": [26, 6.5], "uv_size": [0.5, -0.5]}
							}
						},
						{
							"origin": [-0.10148, 1.43608, 0.03594],
							"size": [0.0531, 0.0531, 0.02813],
							"pivot": [-0.10469, 1.43286, -0.91093],
							"rotation": [0, 0, -45],
							"uv": {
								"north": {"uv": [7, 26], "uv_size": [0.5, 0.5]},
								"east": {"uv": [26, 7], "uv_size": [0.5, 0.5]},
								"south": {"uv": [8, 26], "uv_size": [0.5, 0.5]},
								"up": {"uv": [26, 8], "uv_size": [0.5, 0.5]}
							}
						},
						{
							"origin": [-0.10469, 1.475, 0.03594],
							"size": [0.225, 0.0375, 0.02813],
							"uv": {
								"north": {"uv": [9, 26], "uv_size": [0.5, 0.5]},
								"south": {"uv": [26, 9], "uv_size": [0.5, 0.5]},
								"up": {"uv": [10, 26], "uv_size": [0.5, 0.5]}
							}
						},
						{
							"origin": [-0.10148, 1.43608, -0.01797],
							"size": [0.0531, 0.0531, 0.02812],
							"pivot": [-0.10469, 1.43286, -0.96484],
							"rotation": [0, 0, -45],
							"uv": {
								"north": {"uv": [26, 10], "uv_size": [0.5, 0.5]},
								"east": {"uv": [11, 26], "uv_size": [0.5, 0.5]},
								"south": {"uv": [26, 11], "uv_size": [0.5, 0.5]},
								"up": {"uv": [12, 26], "uv_size": [0.5, 0.5]}
							}
						},
						{
							"origin": [0.064, 1.43608, -0.01797],
							"size": [0.0531, 0.0531, 0.02812],
							"pivot": [0.12031, 1.43286, -0.96484],
							"rotation": [0, 0, 45],
							"uv": {
								"north": {"uv": [26, 12], "uv_size": [0.5, 0.5]},
								"south": {"uv": [13, 26], "uv_size": [0.5, 0.5]},
								"west": {"uv": [26, 13], "uv_size": [0.5, 0.5]},
								"up": {"uv": [14, 26], "uv_size": [0.5, 0.5]}
							}
						},
						{
							"origin": [-0.10469, 1.475, -0.01797],
							"size": [0.225, 0.0375, 0.02812],
							"uv": {
								"north": {"uv": [26, 14], "uv_size": [0.5, 0.5]},
								"south": {"uv": [15, 26], "uv_size": [0.5, 0.5]},
								"up": {"uv": [26, 15], "uv_size": [0.5, 0.5]}
							}
						},
						{
							"origin": [-0.10148, 1.43608, -0.07656],
							"size": [0.0531, 0.0531, 0.02812],
							"pivot": [-0.10469, 1.43286, -1.02343],
							"rotation": [0, 0, -45],
							"uv": {
								"north": {"uv": [16, 26], "uv_size": [0.5, 0.5]},
								"east": {"uv": [26, 16], "uv_size": [0.5, 0.5]},
								"south": {"uv": [17, 26], "uv_size": [0.5, 0.5]},
								"up": {"uv": [26, 17], "uv_size": [0.5, 0.5]}
							}
						},
						{
							"origin": [0.064, 1.43608, -0.07656],
							"size": [0.0531, 0.0531, 0.02812],
							"pivot": [0.12031, 1.43286, -1.02343],
							"rotation": [0, 0, 45],
							"uv": {
								"north": {"uv": [18, 26], "uv_size": [0.5, 0.5]},
								"south": {"uv": [26, 18], "uv_size": [0.5, 0.5]},
								"west": {"uv": [19, 26], "uv_size": [0.5, 0.5]},
								"up": {"uv": [26, 19], "uv_size": [0.5, 0.5]}
							}
						},
						{
							"origin": [-0.10469, 1.475, -0.07656],
							"size": [0.225, 0.0375, 0.02812],
							"uv": {
								"north": {"uv": [20, 26], "uv_size": [0.5, 0.5]},
								"south": {"uv": [26, 20], "uv_size": [0.5, 0.5]},
								"up": {"uv": [21, 26], "uv_size": [0.5, 0.5]}
							}
						},
						{
							"origin": [0.064, 1.43608, 0.03594],
							"size": [0.0531, 0.0531, 0.02813],
							"pivot": [0.12031, 1.43286, -0.91093],
							"rotation": [0, 0, 45],
							"uv": {
								"north": {"uv": [27, 0], "uv_size": [0.5, 0.5]},
								"south": {"uv": [1, 27], "uv_size": [0.5, 0.5]},
								"west": {"uv": [27, 1], "uv_size": [0.5, 0.5]},
								"up": {"uv": [2, 27], "uv_size": [0.5, 0.5]}
							}
						},
						{
							"origin": [-0.14219, 1.475, -0.29453],
							"size": [0.3, 0.0003, 0.19219],
							"uv": {
								"north": {"uv": [0, 0], "uv_size": [0.5, 0]},
								"east": {"uv": [0, 0], "uv_size": [0.5, 0]},
								"south": {"uv": [0, 0], "uv_size": [0.5, 0]},
								"west": {"uv": [0, 0], "uv_size": [0.5, 0]},
								"up": {"uv": [27, 2], "uv_size": [0.5, 0.5]},
								"down": {"uv": [3, 27.5], "uv_size": [0.5, -0.5]}
							}
						},
						{
							"origin": [-0.10469, 1.40001, -0.29453],
							"size": [0.225, 0.075, 0.19219],
							"uv": {
								"north": {"uv": [27, 3], "uv_size": [0.5, 0.5]},
								"east": {"uv": [4, 27], "uv_size": [0.5, 0.5]},
								"south": {"uv": [27, 4], "uv_size": [0.5, 0.5]},
								"west": {"uv": [5, 27], "uv_size": [0.5, 0.5]},
								"down": {"uv": [27, 5.5], "uv_size": [0.5, -0.5]}
							}
						},
						{
							"origin": [-0.10148, 1.43608, -0.12812],
							"size": [0.0531, 0.0531, 0.02813],
							"pivot": [-0.10469, 1.43286, -1.075],
							"rotation": [0, 0, -45],
							"uv": {
								"north": {"uv": [6, 27], "uv_size": [0.5, 0.5]},
								"east": {"uv": [27, 6], "uv_size": [0.5, 0.5]},
								"south": {"uv": [7, 27], "uv_size": [0.5, 0.5]},
								"up": {"uv": [27, 7], "uv_size": [0.5, 0.5]}
							}
						},
						{
							"origin": [-0.10469, 1.475, -0.12812],
							"size": [0.225, 0.0375, 0.02813],
							"uv": {
								"north": {"uv": [8, 27], "uv_size": [0.5, 0.5]},
								"south": {"uv": [27, 8], "uv_size": [0.5, 0.5]},
								"up": {"uv": [9, 27], "uv_size": [0.5, 0.5]}
							}
						},
						{
							"origin": [-0.10148, 1.43608, -0.18203],
							"size": [0.0531, 0.0531, 0.02812],
							"pivot": [-0.10469, 1.43286, -1.1289],
							"rotation": [0, 0, -45],
							"uv": {
								"north": {"uv": [27, 9], "uv_size": [0.5, 0.5]},
								"east": {"uv": [10, 27], "uv_size": [0.5, 0.5]},
								"south": {"uv": [27, 10], "uv_size": [0.5, 0.5]},
								"up": {"uv": [11, 27], "uv_size": [0.5, 0.5]}
							}
						},
						{
							"origin": [0.064, 1.43608, -0.18203],
							"size": [0.0531, 0.0531, 0.02812],
							"pivot": [0.12031, 1.43286, -1.1289],
							"rotation": [0, 0, 45],
							"uv": {
								"north": {"uv": [27, 11], "uv_size": [0.5, 0.5]},
								"south": {"uv": [12, 27], "uv_size": [0.5, 0.5]},
								"west": {"uv": [27, 12], "uv_size": [0.5, 0.5]},
								"up": {"uv": [13, 27], "uv_size": [0.5, 0.5]}
							}
						},
						{
							"origin": [-0.10469, 1.475, -0.18203],
							"size": [0.225, 0.0375, 0.02812],
							"uv": {
								"north": {"uv": [27, 13], "uv_size": [0.5, 0.5]},
								"south": {"uv": [14, 27], "uv_size": [0.5, 0.5]},
								"up": {"uv": [27, 14], "uv_size": [0.5, 0.5]}
							}
						},
						{
							"origin": [-0.10148, 1.43608, -0.24062],
							"size": [0.0531, 0.0531, 0.02812],
							"pivot": [-0.10469, 1.43286, -1.1875],
							"rotation": [0, 0, -45],
							"uv": {
								"north": {"uv": [15, 27], "uv_size": [0.5, 0.5]},
								"east": {"uv": [27, 15], "uv_size": [0.5, 0.5]},
								"south": {"uv": [16, 27], "uv_size": [0.5, 0.5]},
								"up": {"uv": [27, 16], "uv_size": [0.5, 0.5]}
							}
						},
						{
							"origin": [0.064, 1.43608, -0.24062],
							"size": [0.0531, 0.0531, 0.02812],
							"pivot": [0.12031, 1.43286, -1.1875],
							"rotation": [0, 0, 45],
							"uv": {
								"north": {"uv": [17, 27], "uv_size": [0.5, 0.5]},
								"south": {"uv": [27, 17], "uv_size": [0.5, 0.5]},
								"west": {"uv": [18, 27], "uv_size": [0.5, 0.5]},
								"up": {"uv": [27, 18], "uv_size": [0.5, 0.5]}
							}
						},
						{
							"origin": [-0.10469, 1.475, -0.24062],
							"size": [0.225, 0.0375, 0.02812],
							"uv": {
								"north": {"uv": [19, 27], "uv_size": [0.5, 0.5]},
								"south": {"uv": [27, 19], "uv_size": [0.5, 0.5]},
								"up": {"uv": [20, 27], "uv_size": [0.5, 0.5]}
							}
						},
						{
							"origin": [-0.10148, 1.43608, -0.29453],
							"size": [0.0531, 0.0531, 0.02813],
							"pivot": [-0.10469, 1.43286, -1.2414],
							"rotation": [0, 0, -45],
							"uv": {
								"north": {"uv": [27, 20], "uv_size": [0.5, 0.5]},
								"east": {"uv": [21, 27], "uv_size": [0.5, 0.5]},
								"south": {"uv": [27, 21], "uv_size": [0.5, 0.5]},
								"up": {"uv": [22, 27], "uv_size": [0.5, 0.5]}
							}
						},
						{
							"origin": [0.064, 1.43608, -0.29453],
							"size": [0.0531, 0.0531, 0.02813],
							"pivot": [0.12031, 1.43286, -1.2414],
							"rotation": [0, 0, 45],
							"uv": {
								"north": {"uv": [27, 22], "uv_size": [0.5, 0.5]},
								"south": {"uv": [23, 27], "uv_size": [0.5, 0.5]},
								"west": {"uv": [27, 23], "uv_size": [0.5, 0.5]},
								"up": {"uv": [24, 27], "uv_size": [0.5, 0.5]}
							}
						},
						{
							"origin": [-0.10469, 1.475, -0.29453],
							"size": [0.225, 0.0375, 0.02813],
							"uv": {
								"north": {"uv": [27, 24], "uv_size": [0.5, 0.5]},
								"south": {"uv": [25, 27], "uv_size": [0.5, 0.5]},
								"up": {"uv": [27, 25], "uv_size": [0.5, 0.5]}
							}
						},
						{
							"origin": [0.064, 1.43608, -0.12812],
							"size": [0.0531, 0.0531, 0.02813],
							"pivot": [0.12031, 1.43286, -1.075],
							"rotation": [0, 0, 45],
							"uv": {
								"north": {"uv": [26, 27], "uv_size": [0.5, 0.5]},
								"south": {"uv": [27, 26], "uv_size": [0.5, 0.5]},
								"west": {"uv": [27, 27], "uv_size": [0.5, 0.5]},
								"up": {"uv": [0, 28], "uv_size": [0.5, 0.5]}
							}
						}
					]
				},
				{
					"name": "daogui_l",
					"parent": "bone",
					"pivot": [0.57031, 1.39063, -0.58594],
					"rotation": [0, 0, 90],
					"cubes": [
						{
							"origin": [0.88906, 1.45157, -0.13047],
							"size": [0.3, 0.0003, 0.19219],
							"uv": {
								"north": {"uv": [0, 0], "uv_size": [0.5, 0]},
								"east": {"uv": [0, 0], "uv_size": [0.5, 0]},
								"south": {"uv": [0, 0], "uv_size": [0.5, 0]},
								"west": {"uv": [0, 0], "uv_size": [0.5, 0]},
								"up": {"uv": [26, 3], "uv_size": [0.5, 0.5]},
								"down": {"uv": [4, 26.5], "uv_size": [0.5, -0.5]}
							}
						},
						{
							"origin": [0.92656, 1.37656, -0.13047],
							"size": [0.225, 0.075, 0.19219],
							"uv": {
								"north": {"uv": [26, 4], "uv_size": [0.5, 0.5]},
								"east": {"uv": [5, 26], "uv_size": [0.5, 0.5]},
								"south": {"uv": [26, 5], "uv_size": [0.5, 0.5]},
								"west": {"uv": [6, 26], "uv_size": [0.5, 0.5]},
								"down": {"uv": [26, 6.5], "uv_size": [0.5, -0.5]}
							}
						},
						{
							"origin": [0.79248, 1.08118, 0.03594],
							"size": [0.0531, 0.0531, 0.02813],
							"pivot": [0.45781, 1.40943, -1.87968],
							"rotation": [0, 0, -45],
							"uv": {
								"north": {"uv": [7, 26], "uv_size": [0.5, 0.5]},
								"east": {"uv": [26, 7], "uv_size": [0.5, 0.5]},
								"south": {"uv": [8, 26], "uv_size": [0.5, 0.5]},
								"up": {"uv": [26, 8], "uv_size": [0.5, 0.5]}
							}
						},
						{
							"origin": [0.92656, 1.45157, 0.03594],
							"size": [0.225, 0.0375, 0.02813],
							"uv": {
								"north": {"uv": [9, 26], "uv_size": [0.5, 0.5]},
								"south": {"uv": [26, 9], "uv_size": [0.5, 0.5]},
								"up": {"uv": [10, 26], "uv_size": [0.5, 0.5]}
							}
						},
						{
							"origin": [0.79248, 1.08118, -0.01797],
							"size": [0.0531, 0.0531, 0.02812],
							"pivot": [0.45781, 1.40943, -1.93359],
							"rotation": [0, 0, -45],
							"uv": {
								"north": {"uv": [26, 10], "uv_size": [0.5, 0.5]},
								"east": {"uv": [11, 26], "uv_size": [0.5, 0.5]},
								"south": {"uv": [26, 11], "uv_size": [0.5, 0.5]},
								"up": {"uv": [12, 26], "uv_size": [0.5, 0.5]}
							}
						},
						{
							"origin": [0.95796, 1.74409, -0.01797],
							"size": [0.0531, 0.0531, 0.02812],
							"pivot": [0.68281, 1.40943, -1.93359],
							"rotation": [0, 0, 45],
							"uv": {
								"north": {"uv": [26, 12], "uv_size": [0.5, 0.5]},
								"south": {"uv": [13, 26], "uv_size": [0.5, 0.5]},
								"west": {"uv": [26, 13], "uv_size": [0.5, 0.5]},
								"up": {"uv": [14, 26], "uv_size": [0.5, 0.5]}
							}
						},
						{
							"origin": [0.92656, 1.45157, -0.01797],
							"size": [0.225, 0.0375, 0.02812],
							"uv": {
								"north": {"uv": [26, 14], "uv_size": [0.5, 0.5]},
								"south": {"uv": [15, 26], "uv_size": [0.5, 0.5]},
								"up": {"uv": [26, 15], "uv_size": [0.5, 0.5]}
							}
						},
						{
							"origin": [0.79248, 1.08118, -0.07656],
							"size": [0.0531, 0.0531, 0.02812],
							"pivot": [0.45781, 1.40943, -1.99218],
							"rotation": [0, 0, -45],
							"uv": {
								"north": {"uv": [16, 26], "uv_size": [0.5, 0.5]},
								"east": {"uv": [26, 16], "uv_size": [0.5, 0.5]},
								"south": {"uv": [17, 26], "uv_size": [0.5, 0.5]},
								"up": {"uv": [26, 17], "uv_size": [0.5, 0.5]}
							}
						},
						{
							"origin": [0.95796, 1.74409, -0.07656],
							"size": [0.0531, 0.0531, 0.02812],
							"pivot": [0.68281, 1.40943, -1.99218],
							"rotation": [0, 0, 45],
							"uv": {
								"north": {"uv": [18, 26], "uv_size": [0.5, 0.5]},
								"south": {"uv": [26, 18], "uv_size": [0.5, 0.5]},
								"west": {"uv": [19, 26], "uv_size": [0.5, 0.5]},
								"up": {"uv": [26, 19], "uv_size": [0.5, 0.5]}
							}
						},
						{
							"origin": [0.92656, 1.45157, -0.07656],
							"size": [0.225, 0.0375, 0.02812],
							"uv": {
								"north": {"uv": [20, 26], "uv_size": [0.5, 0.5]},
								"south": {"uv": [26, 20], "uv_size": [0.5, 0.5]},
								"up": {"uv": [21, 26], "uv_size": [0.5, 0.5]}
							}
						},
						{
							"origin": [0.95796, 1.74409, 0.03594],
							"size": [0.0531, 0.0531, 0.02813],
							"pivot": [0.68281, 1.40943, -1.87968],
							"rotation": [0, 0, 45],
							"uv": {
								"north": {"uv": [27, 0], "uv_size": [0.5, 0.5]},
								"south": {"uv": [1, 27], "uv_size": [0.5, 0.5]},
								"west": {"uv": [27, 1], "uv_size": [0.5, 0.5]},
								"up": {"uv": [2, 27], "uv_size": [0.5, 0.5]}
							}
						},
						{
							"origin": [0.88906, 1.45157, -0.29453],
							"size": [0.3, 0.0003, 0.19219],
							"uv": {
								"north": {"uv": [0, 0], "uv_size": [0.5, 0]},
								"east": {"uv": [0, 0], "uv_size": [0.5, 0]},
								"south": {"uv": [0, 0], "uv_size": [0.5, 0]},
								"west": {"uv": [0, 0], "uv_size": [0.5, 0]},
								"up": {"uv": [27, 2], "uv_size": [0.5, 0.5]},
								"down": {"uv": [3, 27.5], "uv_size": [0.5, -0.5]}
							}
						},
						{
							"origin": [0.92656, 1.37656, -0.29453],
							"size": [0.225, 0.075, 0.19219],
							"uv": {
								"north": {"uv": [27, 3], "uv_size": [0.5, 0.5]},
								"east": {"uv": [4, 27], "uv_size": [0.5, 0.5]},
								"south": {"uv": [27, 4], "uv_size": [0.5, 0.5]},
								"west": {"uv": [5, 27], "uv_size": [0.5, 0.5]},
								"down": {"uv": [27, 5.5], "uv_size": [0.5, -0.5]}
							}
						},
						{
							"origin": [0.79248, 1.08118, -0.12812],
							"size": [0.0531, 0.0531, 0.02813],
							"pivot": [0.45781, 1.40943, -2.04375],
							"rotation": [0, 0, -45],
							"uv": {
								"north": {"uv": [6, 27], "uv_size": [0.5, 0.5]},
								"east": {"uv": [27, 6], "uv_size": [0.5, 0.5]},
								"south": {"uv": [7, 27], "uv_size": [0.5, 0.5]},
								"up": {"uv": [27, 7], "uv_size": [0.5, 0.5]}
							}
						},
						{
							"origin": [0.92656, 1.45157, -0.12812],
							"size": [0.225, 0.0375, 0.02813],
							"uv": {
								"north": {"uv": [8, 27], "uv_size": [0.5, 0.5]},
								"south": {"uv": [27, 8], "uv_size": [0.5, 0.5]},
								"up": {"uv": [9, 27], "uv_size": [0.5, 0.5]}
							}
						},
						{
							"origin": [0.79248, 1.08118, -0.18203],
							"size": [0.0531, 0.0531, 0.02812],
							"pivot": [0.45781, 1.40943, -2.09765],
							"rotation": [0, 0, -45],
							"uv": {
								"north": {"uv": [27, 9], "uv_size": [0.5, 0.5]},
								"east": {"uv": [10, 27], "uv_size": [0.5, 0.5]},
								"south": {"uv": [27, 10], "uv_size": [0.5, 0.5]},
								"up": {"uv": [11, 27], "uv_size": [0.5, 0.5]}
							}
						},
						{
							"origin": [0.95796, 1.74409, -0.18203],
							"size": [0.0531, 0.0531, 0.02812],
							"pivot": [0.68281, 1.40943, -2.09765],
							"rotation": [0, 0, 45],
							"uv": {
								"north": {"uv": [27, 11], "uv_size": [0.5, 0.5]},
								"south": {"uv": [12, 27], "uv_size": [0.5, 0.5]},
								"west": {"uv": [27, 12], "uv_size": [0.5, 0.5]},
								"up": {"uv": [13, 27], "uv_size": [0.5, 0.5]}
							}
						},
						{
							"origin": [0.92656, 1.45157, -0.18203],
							"size": [0.225, 0.0375, 0.02812],
							"uv": {
								"north": {"uv": [27, 13], "uv_size": [0.5, 0.5]},
								"south": {"uv": [14, 27], "uv_size": [0.5, 0.5]},
								"up": {"uv": [27, 14], "uv_size": [0.5, 0.5]}
							}
						},
						{
							"origin": [0.79248, 1.08118, -0.24062],
							"size": [0.0531, 0.0531, 0.02812],
							"pivot": [0.45781, 1.40943, -2.15625],
							"rotation": [0, 0, -45],
							"uv": {
								"north": {"uv": [15, 27], "uv_size": [0.5, 0.5]},
								"east": {"uv": [27, 15], "uv_size": [0.5, 0.5]},
								"south": {"uv": [16, 27], "uv_size": [0.5, 0.5]},
								"up": {"uv": [27, 16], "uv_size": [0.5, 0.5]}
							}
						},
						{
							"origin": [0.95796, 1.74409, -0.24062],
							"size": [0.0531, 0.0531, 0.02812],
							"pivot": [0.68281, 1.40943, -2.15625],
							"rotation": [0, 0, 45],
							"uv": {
								"north": {"uv": [17, 27], "uv_size": [0.5, 0.5]},
								"south": {"uv": [27, 17], "uv_size": [0.5, 0.5]},
								"west": {"uv": [18, 27], "uv_size": [0.5, 0.5]},
								"up": {"uv": [27, 18], "uv_size": [0.5, 0.5]}
							}
						},
						{
							"origin": [0.92656, 1.45157, -0.24062],
							"size": [0.225, 0.0375, 0.02812],
							"uv": {
								"north": {"uv": [19, 27], "uv_size": [0.5, 0.5]},
								"south": {"uv": [27, 19], "uv_size": [0.5, 0.5]},
								"up": {"uv": [20, 27], "uv_size": [0.5, 0.5]}
							}
						},
						{
							"origin": [0.79248, 1.08118, -0.29453],
							"size": [0.0531, 0.0531, 0.02813],
							"pivot": [0.45781, 1.40943, -2.21015],
							"rotation": [0, 0, -45],
							"uv": {
								"north": {"uv": [27, 20], "uv_size": [0.5, 0.5]},
								"east": {"uv": [21, 27], "uv_size": [0.5, 0.5]},
								"south": {"uv": [27, 21], "uv_size": [0.5, 0.5]},
								"up": {"uv": [22, 27], "uv_size": [0.5, 0.5]}
							}
						},
						{
							"origin": [0.95796, 1.74409, -0.29453],
							"size": [0.0531, 0.0531, 0.02813],
							"pivot": [0.68281, 1.40943, -2.21015],
							"rotation": [0, 0, 45],
							"uv": {
								"north": {"uv": [27, 22], "uv_size": [0.5, 0.5]},
								"south": {"uv": [23, 27], "uv_size": [0.5, 0.5]},
								"west": {"uv": [27, 23], "uv_size": [0.5, 0.5]},
								"up": {"uv": [24, 27], "uv_size": [0.5, 0.5]}
							}
						},
						{
							"origin": [0.92656, 1.45157, -0.29453],
							"size": [0.225, 0.0375, 0.02813],
							"uv": {
								"north": {"uv": [27, 24], "uv_size": [0.5, 0.5]},
								"south": {"uv": [25, 27], "uv_size": [0.5, 0.5]},
								"up": {"uv": [27, 25], "uv_size": [0.5, 0.5]}
							}
						},
						{
							"origin": [0.95796, 1.74409, -0.12812],
							"size": [0.0531, 0.0531, 0.02813],
							"pivot": [0.68281, 1.40943, -2.04375],
							"rotation": [0, 0, 45],
							"uv": {
								"north": {"uv": [26, 27], "uv_size": [0.5, 0.5]},
								"south": {"uv": [27, 26], "uv_size": [0.5, 0.5]},
								"west": {"uv": [27, 27], "uv_size": [0.5, 0.5]},
								"up": {"uv": [0, 28], "uv_size": [0.5, 0.5]}
							}
						}
					]
				},
				{
					"name": "daogui_r",
					"parent": "bone",
					"pivot": [-0.80469, 1.39063, -0.58594],
					"rotation": [0, 0, -90],
					"cubes": [
						{
							"origin": [-1.42344, 1.45157, -0.13047],
							"size": [0.3, 0.0003, 0.19219],
							"uv": {
								"north": {"uv": [0, 0], "uv_size": [0.5, 0]},
								"east": {"uv": [0, 0], "uv_size": [0.5, 0]},
								"south": {"uv": [0, 0], "uv_size": [0.5, 0]},
								"west": {"uv": [0, 0], "uv_size": [0.5, 0]},
								"up": {"uv": [26, 3], "uv_size": [0.5, 0.5]},
								"down": {"uv": [4, 26.5], "uv_size": [0.5, -0.5]}
							}
						},
						{
							"origin": [-1.38594, 1.37656, -0.13047],
							"size": [0.225, 0.075, 0.19219],
							"uv": {
								"north": {"uv": [26, 4], "uv_size": [0.5, 0.5]},
								"east": {"uv": [5, 26], "uv_size": [0.5, 0.5]},
								"south": {"uv": [26, 5], "uv_size": [0.5, 0.5]},
								"west": {"uv": [6, 26], "uv_size": [0.5, 0.5]},
								"down": {"uv": [26, 6.5], "uv_size": [0.5, -0.5]}
							}
						},
						{
							"origin": [-1.24544, 1.74409, 0.03594],
							"size": [0.0531, 0.0531, 0.02813],
							"pivot": [-0.91719, 1.40943, -1.87968],
							"rotation": [0, 0, -45],
							"uv": {
								"north": {"uv": [7, 26], "uv_size": [0.5, 0.5]},
								"east": {"uv": [26, 7], "uv_size": [0.5, 0.5]},
								"south": {"uv": [8, 26], "uv_size": [0.5, 0.5]},
								"up": {"uv": [26, 8], "uv_size": [0.5, 0.5]}
							}
						},
						{
							"origin": [-1.38594, 1.45157, 0.03594],
							"size": [0.225, 0.0375, 0.02813],
							"uv": {
								"north": {"uv": [9, 26], "uv_size": [0.5, 0.5]},
								"south": {"uv": [26, 9], "uv_size": [0.5, 0.5]},
								"up": {"uv": [10, 26], "uv_size": [0.5, 0.5]}
							}
						},
						{
							"origin": [-1.24544, 1.74409, -0.01797],
							"size": [0.0531, 0.0531, 0.02812],
							"pivot": [-0.91719, 1.40943, -1.93359],
							"rotation": [0, 0, -45],
							"uv": {
								"north": {"uv": [26, 10], "uv_size": [0.5, 0.5]},
								"east": {"uv": [11, 26], "uv_size": [0.5, 0.5]},
								"south": {"uv": [26, 11], "uv_size": [0.5, 0.5]},
								"up": {"uv": [12, 26], "uv_size": [0.5, 0.5]}
							}
						},
						{
							"origin": [-1.07996, 1.08118, -0.01797],
							"size": [0.0531, 0.0531, 0.02812],
							"pivot": [-0.69219, 1.40943, -1.93359],
							"rotation": [0, 0, 45],
							"uv": {
								"north": {"uv": [26, 12], "uv_size": [0.5, 0.5]},
								"south": {"uv": [13, 26], "uv_size": [0.5, 0.5]},
								"west": {"uv": [26, 13], "uv_size": [0.5, 0.5]},
								"up": {"uv": [14, 26], "uv_size": [0.5, 0.5]}
							}
						},
						{
							"origin": [-1.38594, 1.45157, -0.01797],
							"size": [0.225, 0.0375, 0.02812],
							"uv": {
								"north": {"uv": [26, 14], "uv_size": [0.5, 0.5]},
								"south": {"uv": [15, 26], "uv_size": [0.5, 0.5]},
								"up": {"uv": [26, 15], "uv_size": [0.5, 0.5]}
							}
						},
						{
							"origin": [-1.24544, 1.74409, -0.07656],
							"size": [0.0531, 0.0531, 0.02812],
							"pivot": [-0.91719, 1.40943, -1.99218],
							"rotation": [0, 0, -45],
							"uv": {
								"north": {"uv": [16, 26], "uv_size": [0.5, 0.5]},
								"east": {"uv": [26, 16], "uv_size": [0.5, 0.5]},
								"south": {"uv": [17, 26], "uv_size": [0.5, 0.5]},
								"up": {"uv": [26, 17], "uv_size": [0.5, 0.5]}
							}
						},
						{
							"origin": [-1.07996, 1.08118, -0.07656],
							"size": [0.0531, 0.0531, 0.02812],
							"pivot": [-0.69219, 1.40943, -1.99218],
							"rotation": [0, 0, 45],
							"uv": {
								"north": {"uv": [18, 26], "uv_size": [0.5, 0.5]},
								"south": {"uv": [26, 18], "uv_size": [0.5, 0.5]},
								"west": {"uv": [19, 26], "uv_size": [0.5, 0.5]},
								"up": {"uv": [26, 19], "uv_size": [0.5, 0.5]}
							}
						},
						{
							"origin": [-1.38594, 1.45157, -0.07656],
							"size": [0.225, 0.0375, 0.02812],
							"uv": {
								"north": {"uv": [20, 26], "uv_size": [0.5, 0.5]},
								"south": {"uv": [26, 20], "uv_size": [0.5, 0.5]},
								"up": {"uv": [21, 26], "uv_size": [0.5, 0.5]}
							}
						},
						{
							"origin": [-1.07996, 1.08118, 0.03594],
							"size": [0.0531, 0.0531, 0.02813],
							"pivot": [-0.69219, 1.40943, -1.87968],
							"rotation": [0, 0, 45],
							"uv": {
								"north": {"uv": [27, 0], "uv_size": [0.5, 0.5]},
								"south": {"uv": [1, 27], "uv_size": [0.5, 0.5]},
								"west": {"uv": [27, 1], "uv_size": [0.5, 0.5]},
								"up": {"uv": [2, 27], "uv_size": [0.5, 0.5]}
							}
						},
						{
							"origin": [-1.42344, 1.45157, -0.29453],
							"size": [0.3, 0.0003, 0.19219],
							"uv": {
								"north": {"uv": [0, 0], "uv_size": [0.5, 0]},
								"east": {"uv": [0, 0], "uv_size": [0.5, 0]},
								"south": {"uv": [0, 0], "uv_size": [0.5, 0]},
								"west": {"uv": [0, 0], "uv_size": [0.5, 0]},
								"up": {"uv": [27, 2], "uv_size": [0.5, 0.5]},
								"down": {"uv": [3, 27.5], "uv_size": [0.5, -0.5]}
							}
						},
						{
							"origin": [-1.38594, 1.37656, -0.29453],
							"size": [0.225, 0.075, 0.19219],
							"uv": {
								"north": {"uv": [27, 3], "uv_size": [0.5, 0.5]},
								"east": {"uv": [4, 27], "uv_size": [0.5, 0.5]},
								"south": {"uv": [27, 4], "uv_size": [0.5, 0.5]},
								"west": {"uv": [5, 27], "uv_size": [0.5, 0.5]},
								"down": {"uv": [27, 5.5], "uv_size": [0.5, -0.5]}
							}
						},
						{
							"origin": [-1.24544, 1.74409, -0.12812],
							"size": [0.0531, 0.0531, 0.02813],
							"pivot": [-0.91719, 1.40943, -2.04375],
							"rotation": [0, 0, -45],
							"uv": {
								"north": {"uv": [6, 27], "uv_size": [0.5, 0.5]},
								"east": {"uv": [27, 6], "uv_size": [0.5, 0.5]},
								"south": {"uv": [7, 27], "uv_size": [0.5, 0.5]},
								"up": {"uv": [27, 7], "uv_size": [0.5, 0.5]}
							}
						},
						{
							"origin": [-1.38594, 1.45157, -0.12812],
							"size": [0.225, 0.0375, 0.02813],
							"uv": {
								"north": {"uv": [8, 27], "uv_size": [0.5, 0.5]},
								"south": {"uv": [27, 8], "uv_size": [0.5, 0.5]},
								"up": {"uv": [9, 27], "uv_size": [0.5, 0.5]}
							}
						},
						{
							"origin": [-1.24544, 1.74409, -0.18203],
							"size": [0.0531, 0.0531, 0.02812],
							"pivot": [-0.91719, 1.40943, -2.09765],
							"rotation": [0, 0, -45],
							"uv": {
								"north": {"uv": [27, 9], "uv_size": [0.5, 0.5]},
								"east": {"uv": [10, 27], "uv_size": [0.5, 0.5]},
								"south": {"uv": [27, 10], "uv_size": [0.5, 0.5]},
								"up": {"uv": [11, 27], "uv_size": [0.5, 0.5]}
							}
						},
						{
							"origin": [-1.07996, 1.08118, -0.18203],
							"size": [0.0531, 0.0531, 0.02812],
							"pivot": [-0.69219, 1.40943, -2.09765],
							"rotation": [0, 0, 45],
							"uv": {
								"north": {"uv": [27, 11], "uv_size": [0.5, 0.5]},
								"south": {"uv": [12, 27], "uv_size": [0.5, 0.5]},
								"west": {"uv": [27, 12], "uv_size": [0.5, 0.5]},
								"up": {"uv": [13, 27], "uv_size": [0.5, 0.5]}
							}
						},
						{
							"origin": [-1.38594, 1.45157, -0.18203],
							"size": [0.225, 0.0375, 0.02812],
							"uv": {
								"north": {"uv": [27, 13], "uv_size": [0.5, 0.5]},
								"south": {"uv": [14, 27], "uv_size": [0.5, 0.5]},
								"up": {"uv": [27, 14], "uv_size": [0.5, 0.5]}
							}
						},
						{
							"origin": [-1.24544, 1.74409, -0.24062],
							"size": [0.0531, 0.0531, 0.02812],
							"pivot": [-0.91719, 1.40943, -2.15625],
							"rotation": [0, 0, -45],
							"uv": {
								"north": {"uv": [15, 27], "uv_size": [0.5, 0.5]},
								"east": {"uv": [27, 15], "uv_size": [0.5, 0.5]},
								"south": {"uv": [16, 27], "uv_size": [0.5, 0.5]},
								"up": {"uv": [27, 16], "uv_size": [0.5, 0.5]}
							}
						},
						{
							"origin": [-1.07996, 1.08118, -0.24062],
							"size": [0.0531, 0.0531, 0.02812],
							"pivot": [-0.69219, 1.40943, -2.15625],
							"rotation": [0, 0, 45],
							"uv": {
								"north": {"uv": [17, 27], "uv_size": [0.5, 0.5]},
								"south": {"uv": [27, 17], "uv_size": [0.5, 0.5]},
								"west": {"uv": [18, 27], "uv_size": [0.5, 0.5]},
								"up": {"uv": [27, 18], "uv_size": [0.5, 0.5]}
							}
						},
						{
							"origin": [-1.38594, 1.45157, -0.24062],
							"size": [0.225, 0.0375, 0.02812],
							"uv": {
								"north": {"uv": [19, 27], "uv_size": [0.5, 0.5]},
								"south": {"uv": [27, 19], "uv_size": [0.5, 0.5]},
								"up": {"uv": [20, 27], "uv_size": [0.5, 0.5]}
							}
						},
						{
							"origin": [-1.24544, 1.74409, -0.29453],
							"size": [0.0531, 0.0531, 0.02813],
							"pivot": [-0.91719, 1.40943, -2.21015],
							"rotation": [0, 0, -45],
							"uv": {
								"north": {"uv": [27, 20], "uv_size": [0.5, 0.5]},
								"east": {"uv": [21, 27], "uv_size": [0.5, 0.5]},
								"south": {"uv": [27, 21], "uv_size": [0.5, 0.5]},
								"up": {"uv": [22, 27], "uv_size": [0.5, 0.5]}
							}
						},
						{
							"origin": [-1.07996, 1.08118, -0.29453],
							"size": [0.0531, 0.0531, 0.02813],
							"pivot": [-0.69219, 1.40943, -2.21015],
							"rotation": [0, 0, 45],
							"uv": {
								"north": {"uv": [27, 22], "uv_size": [0.5, 0.5]},
								"south": {"uv": [23, 27], "uv_size": [0.5, 0.5]},
								"west": {"uv": [27, 23], "uv_size": [0.5, 0.5]},
								"up": {"uv": [24, 27], "uv_size": [0.5, 0.5]}
							}
						},
						{
							"origin": [-1.38594, 1.45157, -0.29453],
							"size": [0.225, 0.0375, 0.02813],
							"uv": {
								"north": {"uv": [27, 24], "uv_size": [0.5, 0.5]},
								"south": {"uv": [25, 27], "uv_size": [0.5, 0.5]},
								"up": {"uv": [27, 25], "uv_size": [0.5, 0.5]}
							}
						},
						{
							"origin": [-1.07996, 1.08118, -0.12812],
							"size": [0.0531, 0.0531, 0.02813],
							"pivot": [-0.69219, 1.40943, -2.04375],
							"rotation": [0, 0, 45],
							"uv": {
								"north": {"uv": [26, 27], "uv_size": [0.5, 0.5]},
								"south": {"uv": [27, 26], "uv_size": [0.5, 0.5]},
								"west": {"uv": [27, 27], "uv_size": [0.5, 0.5]},
								"up": {"uv": [0, 28], "uv_size": [0.5, 0.5]}
							}
						}
					]
				},
				{
					"name": "light",
					"parent": "bone",
					"pivot": [-0.85156, 1.16407, -1.29687],
					"rotation": [0, 90, 0],
					"cubes": [
						{
							"origin": [-2.34527, 0.72954, -1.25782],
							"size": [0.6468, 0.41725, 0.23846],
							"uv": {
								"north": {"uv": [26, 0], "uv_size": [0.5, 0.5]},
								"east": {"uv": [1, 26], "uv_size": [0.5, 0.5]},
								"south": {"uv": [26, 1], "uv_size": [0.5, 0.5]},
								"west": {"uv": [2, 26], "uv_size": [0.5, 0.5]},
								"up": {"uv": [26, 2], "uv_size": [0.5, 0.5]},
								"down": {"uv": [3, 26.5], "uv_size": [0.5, -0.5]}
							}
						},
						{
							"origin": [-0.80246, 0.63751, -0.14552],
							"size": [0.94867, 0.19892, 0.08239],
							"pivot": [-1.13209, 1.625, -0.46696],
							"rotation": [-157.5, 0, -180],
							"uv": {
								"north": {"uv": [14, 14], "uv_size": [1, 0.5]},
								"east": {"uv": [22, 25], "uv_size": [0.5, 0.5]},
								"south": {"uv": [0, 15], "uv_size": [1, 0.5]},
								"west": {"uv": [25, 22], "uv_size": [0.5, 0.5]},
								"up": {"uv": [15, 0], "uv_size": [1, 0.5]},
								"down": {"uv": [1, 15.5], "uv_size": [1, -0.5]}
							}
						},
						{
							"origin": [-0.80246, 1.15403, 0.3762],
							"size": [0.94867, 0.19892, 0.08239],
							"pivot": [-1.13209, 1.625, -0.46696],
							"rotation": [157.5, 0, 180],
							"uv": {
								"north": {"uv": [15, 1], "uv_size": [1, 0.5]},
								"east": {"uv": [23, 25], "uv_size": [0.5, 0.5]},
								"south": {"uv": [2, 15], "uv_size": [1, 0.5]},
								"west": {"uv": [25, 23], "uv_size": [0.5, 0.5]},
								"up": {"uv": [15, 2], "uv_size": [1, 0.5]},
								"down": {"uv": [3, 15.5], "uv_size": [1, -0.5]}
							}
						},
						{
							"origin": [-0.80246, 0.69577, -0.20378],
							"size": [0.94867, 0.08239, 0.19892],
							"pivot": [-1.13209, 1.625, -0.46696],
							"rotation": [-157.5, 0, -180],
							"uv": {
								"north": {"uv": [15, 3], "uv_size": [1, 0.5]},
								"east": {"uv": [24, 25], "uv_size": [0.5, 0.5]},
								"south": {"uv": [4, 15], "uv_size": [1, 0.5]},
								"west": {"uv": [25, 24], "uv_size": [0.5, 0.5]},
								"up": {"uv": [15, 4], "uv_size": [1, 0.5]},
								"down": {"uv": [5, 15.5], "uv_size": [1, -0.5]}
							}
						},
						{
							"origin": [-0.80246, 1.21229, 0.31794],
							"size": [0.94867, 0.08239, 0.19892],
							"pivot": [-1.13209, 1.625, -0.46696],
							"rotation": [157.5, 0, 180],
							"uv": {
								"north": {"uv": [15, 5], "uv_size": [1, 0.5]},
								"east": {"uv": [25, 25], "uv_size": [0.5, 0.5]},
								"south": {"uv": [6, 15], "uv_size": [1, 0.5]},
								"west": {"uv": [0, 26], "uv_size": [0.5, 0.5]},
								"up": {"uv": [15, 6], "uv_size": [1, 0.5]},
								"down": {"uv": [7, 15.5], "uv_size": [1, -0.5]}
							}
						}
					]
				},
				{
					"name": "ys1_illuminated",
					"parent": "scope_body",
					"pivot": [0, 0, 0],
					"cubes": [
						{
							"origin": [-0.69531, 0.9375, -79.67187],
							"size": [0.00781, 0.00781, 79.125],
							"uv": {
								"north": {"uv": [72.5, 12.5], "uv_size": [7.00781, 9.875]},
								"east": {"uv": [72.5, 12.5], "uv_size": [7.00781, 9.875]},
								"south": {"uv": [72.5, 12.5], "uv_size": [7.00781, 9.875]},
								"west": {"uv": [72.5, 12.5], "uv_size": [7.00781, 9.875]},
								"up": {"uv": [79.50781, 22.375], "uv_size": [-7.00781, -9.875]},
								"down": {"uv": [79.50781, 22.375], "uv_size": [-7.00781, -9.875]}
							}
						}
					]
				},
				{
					"name": "division",
					"pivot": [0, 0, 0]
				},
				{
					"name": "ys_illuminated",
					"parent": "division",
					"pivot": [0, -10.64062, -6.71875],
					"cubes": [
						{
							"origin": [0.02656, 0.97657, -3.67968],
							"size": [-0.05, -0.05, 0],
							"uv": {
								"north": {"uv": [36.5, 36.5], "uv_size": [23.22656, 23.07031]},
								"east": {"uv": [36.5, 36.5], "uv_size": [23.22656, 23.07031]},
								"south": {"uv": [65, 15.5], "uv_size": [1, 0.97656]},
								"west": {"uv": [36.5, 36.5], "uv_size": [23.22656, 23.07031]},
								"up": {"uv": [59.72656, 59.57031], "uv_size": [-23.22656, -23.07031]},
								"down": {"uv": [59.72656, 59.57031], "uv_size": [-23.22656, -23.07031]}
							}
						}
					]
				},
				{
					"name": "ocularring",
					"pivot": [0, 0, 0]
				},
				{
					"name": "1s_illuminated",
					"parent": "ocularring",
					"pivot": [0, -10.64062, -6.71875],
					"cubes": [
						{
							"origin": [-0.09844, 0.85157, -0.13281],
							"size": [0.2, 0.2, 0],
							"inflate": 0.1,
							"uv": {
								"north": {"uv": [36.5, 36.5], "uv_size": [23.22656, 23.07031]},
								"east": {"uv": [36.5, 36.5], "uv_size": [23.22656, 23.07031]},
								"south": {"uv": [36.5, 4.5], "uv_size": [23.22656, 23.07031]},
								"west": {"uv": [36.5, 36.5], "uv_size": [23.22656, 23.07031]},
								"up": {"uv": [59.72656, 59.57031], "uv_size": [-23.22656, -23.07031]},
								"down": {"uv": [59.72656, 59.57031], "uv_size": [-23.22656, -23.07031]}
							}
						}
					]
				},
				{
					"name": "ocular",
					"pivot": [0, 2.98438, 0.50938],
					"cubes": [
						{
							"origin": [-0.09844, 0.85157, 0.16406],
							"size": [0.2, 0.2, 0],
							"uv": {
								"north": {"uv": [5.5, 15], "uv_size": [-0.5, -1]},
								"east": {"uv": [5.5, 15], "uv_size": [-0.5, -1]},
								"south": {"uv": [5.5, 15], "uv_size": [-0.5, -1]},
								"west": {"uv": [5.5, 15], "uv_size": [-0.5, -1]},
								"up": {"uv": [5, 14], "uv_size": [0.5, 1]},
								"down": {"uv": [5, 14], "uv_size": [0.5, 1]}
							}
						}
					]
				},
				{
					"name": "scope_view",
					"pivot": [0, 0.95687, 5]
				}
			]
		}
	]
}