{
	"format_version": "1.12.0",
	"minecraft:geometry": [
		{
			"description": {
				"identifier": "geometry.unknown",
				"texture_width": 512,
				"texture_height": 512,
				"visible_bounds_width": 3,
				"visible_bounds_height": 2,
				"visible_bounds_offset": [0, 0, 0]
			},
			"bones": [
				{
					"name": "division",
					"pivot": [0, 0, -8.625]
				},
				{
					"name": "division_illuminated",
					"parent": "division",
					"pivot": [0, 1.25125, -63.55],
					"cubes": [
						{
							"origin": [-0.16875, 1.27324, -3.625],
							"size": [0.32188, 0.32187, 0.33],
							"uv": {
								"south": {"uv": [339, 134], "uv_size": [15, -11]}
							}
						}
					]
				},
				{
					"name": "scope_body",
					"pivot": [0, 18.95, 0]
				},
				{
					"name": "sight2",
					"parent": "scope_body",
					"pivot": [0, 1.23438, 0.6875]
				},
				{
					"name": "bone38",
					"parent": "sight2",
					"pivot": [0, 0.25, -2.75],
					"cubes": [
						{
							"origin": [0.55361, 0.25, -1.94847],
							"size": [0.24605, 0.50181, 1.23349],
							"uv": {
								"north": {"uv": [36, 38], "uv_size": [1, 1]},
								"east": {"uv": [36, 38], "uv_size": [1, 1]},
								"south": {"uv": [36, 38], "uv_size": [1, 1]},
								"west": {"uv": [36, 38], "uv_size": [1, 1]},
								"up": {"uv": [37, 39], "uv_size": [-1, -1]},
								"down": {"uv": [37, 39], "uv_size": [-1, -1]}
							}
						},
						{
							"origin": [0.55361, 0.25, -0.71498],
							"size": [0.24605, 0.50181, 0.259],
							"pivot": [0.79966, 0.75182, -0.71498],
							"rotation": [-45, 0, 0],
							"uv": {
								"north": {"uv": [36, 38], "uv_size": [1, 1]},
								"east": {"uv": [36, 38], "uv_size": [1, 1]},
								"south": {"uv": [36, 38], "uv_size": [1, 1]},
								"west": {"uv": [36, 38], "uv_size": [1, 1]},
								"up": {"uv": [37, 39], "uv_size": [-1, -1]},
								"down": {"uv": [37, 39], "uv_size": [-1, -1]}
							}
						},
						{
							"origin": [0.55361, 0.08602, -2.48109],
							"size": [0.24605, 0.48265, 1.94926],
							"uv": {
								"north": {"uv": [36, 38], "uv_size": [1, 1]},
								"east": {"uv": [36, 38], "uv_size": [1, 1]},
								"south": {"uv": [36, 38], "uv_size": [1, 1]},
								"west": {"uv": [36, 38], "uv_size": [1, 1]},
								"up": {"uv": [37, 39], "uv_size": [-1, -1]},
								"down": {"uv": [37, 39], "uv_size": [-1, -1]}
							}
						},
						{
							"origin": [0.54714, 0.12487, -2.48109],
							"size": [0.1554, 0.18804, 1.94926],
							"pivot": [0.54714, 0.12487, -0.53183],
							"rotation": [0, 0, -46],
							"uv": {
								"north": {"uv": [36, 38], "uv_size": [1, 1]},
								"east": {"uv": [36, 38], "uv_size": [1, 1]},
								"south": {"uv": [36, 38], "uv_size": [1, 1]},
								"west": {"uv": [36, 38], "uv_size": [1, 1]},
								"up": {"uv": [37, 39], "uv_size": [-1, -1]},
								"down": {"uv": [37, 39], "uv_size": [-1, -1]}
							}
						},
						{
							"origin": [-0.59246, 0.25113, -2.48109],
							"size": [1.1655, 0.11681, 1.94926],
							"uv": {
								"north": {"uv": [36, 38], "uv_size": [1, 1]},
								"east": {"uv": [36, 38], "uv_size": [1, 1]},
								"south": {"uv": [36, 38], "uv_size": [1, 1]},
								"west": {"uv": [36, 38], "uv_size": [1, 1]},
								"up": {"uv": [37, 39], "uv_size": [-1, -1]},
								"down": {"uv": [37, 39], "uv_size": [-1, -1]}
							}
						},
						{
							"origin": [-0.70254, 0.12487, -2.48109],
							"size": [0.1554, 0.18804, 1.94926],
							"pivot": [-0.54714, 0.12487, -0.53183],
							"rotation": [0, 0, 46],
							"uv": {
								"north": {"uv": [36, 38], "uv_size": [1, 1]},
								"east": {"uv": [36, 38], "uv_size": [1, 1]},
								"south": {"uv": [36, 38], "uv_size": [1, 1]},
								"west": {"uv": [36, 38], "uv_size": [1, 1]},
								"up": {"uv": [37, 39], "uv_size": [-1, -1]},
								"down": {"uv": [37, 39], "uv_size": [-1, -1]}
							}
						},
						{
							"origin": [0.63779, -0.09553, -2.48109],
							"size": [0.16188, 0.18156, 1.94926],
							"pivot": [0.79966, 0.08602, -0.53183],
							"rotation": [0, 0, 47],
							"uv": {
								"north": {"uv": [36, 38], "uv_size": [1, 1]},
								"east": {"uv": [36, 38], "uv_size": [1, 1]},
								"south": {"uv": [36, 38], "uv_size": [1, 1]},
								"west": {"uv": [36, 38], "uv_size": [1, 1]},
								"up": {"uv": [37, 39], "uv_size": [-1, -1]},
								"down": {"uv": [37, 39], "uv_size": [-1, -1]}
							}
						},
						{
							"origin": [0.54385, -0.25821, -2.48109],
							"size": [0.12303, 0.22041, 1.94926],
							"pivot": [0.66688, -0.03779, -0.53183],
							"rotation": [0, 0, 89],
							"uv": {
								"north": {"uv": [36, 38], "uv_size": [1, 1]},
								"east": {"uv": [36, 38], "uv_size": [1, 1]},
								"south": {"uv": [36, 38], "uv_size": [1, 1]},
								"west": {"uv": [36, 38], "uv_size": [1, 1]},
								"up": {"uv": [37, 39], "uv_size": [-1, -1]},
								"down": {"uv": [37, 39], "uv_size": [-1, -1]}
							}
						},
						{
							"origin": [0.55361, 0.25, -2.51178],
							"size": [0.24605, 0.50181, 0.56332],
							"pivot": [0.79966, 0.75182, -1.94847],
							"rotation": [19, 0, 0],
							"uv": {
								"north": {"uv": [36, 38], "uv_size": [1, 1]},
								"east": {"uv": [36, 38], "uv_size": [1, 1]},
								"south": {"uv": [36, 38], "uv_size": [1, 1]},
								"west": {"uv": [36, 38], "uv_size": [1, 1]},
								"up": {"uv": [37, 39], "uv_size": [-1, -1]},
								"down": {"uv": [37, 39], "uv_size": [-1, -1]}
							}
						},
						{
							"origin": [-0.79966, 0.25, -1.94847],
							"size": [0.24605, 0.50181, 1.23349],
							"uv": {
								"north": {"uv": [36, 38], "uv_size": [1, 1]},
								"east": {"uv": [36, 38], "uv_size": [1, 1]},
								"south": {"uv": [36, 38], "uv_size": [1, 1]},
								"west": {"uv": [36, 38], "uv_size": [1, 1]},
								"up": {"uv": [37, 39], "uv_size": [-1, -1]},
								"down": {"uv": [37, 39], "uv_size": [-1, -1]}
							}
						},
						{
							"origin": [-0.79966, 0.25, -2.51178],
							"size": [0.24605, 0.50181, 0.56332],
							"pivot": [-0.79966, 0.75182, -1.94847],
							"rotation": [19, 0, 0],
							"uv": {
								"north": {"uv": [36, 38], "uv_size": [1, 1]},
								"east": {"uv": [36, 38], "uv_size": [1, 1]},
								"south": {"uv": [36, 38], "uv_size": [1, 1]},
								"west": {"uv": [36, 38], "uv_size": [1, 1]},
								"up": {"uv": [37, 39], "uv_size": [-1, -1]},
								"down": {"uv": [37, 39], "uv_size": [-1, -1]}
							}
						},
						{
							"origin": [-0.55361, 0.42483, -2.51178],
							"size": [0.25576, 0.32699, 0.56332],
							"pivot": [-0.55361, 0.75182, -1.94847],
							"rotation": [19, 0, 0],
							"uv": {
								"north": {"uv": [38, 40], "uv_size": [1, 1]},
								"east": {"uv": [38, 40], "uv_size": [1, 1]},
								"south": {"uv": [38, 40], "uv_size": [1, 1]},
								"west": {"uv": [38, 40], "uv_size": [1, 1]},
								"up": {"uv": [39, 41], "uv_size": [-1, -1]},
								"down": {"uv": [39, 41], "uv_size": [-1, -1]}
							}
						},
						{
							"origin": [-0.29785, 0.54138, -2.51178],
							"size": [0.25576, 0.21044, 0.56332],
							"pivot": [-0.29785, 0.75182, -1.94847],
							"rotation": [11.9689, -14.86552, 50.43295],
							"uv": {
								"north": {"uv": [38, 40], "uv_size": [1, 1]},
								"east": {"uv": [38, 40], "uv_size": [1, 1]},
								"south": {"uv": [38, 40], "uv_size": [1, 1]},
								"west": {"uv": [38, 40], "uv_size": [1, 1]},
								"up": {"uv": [39, 41], "uv_size": [-1, -1]},
								"down": {"uv": [39, 41], "uv_size": [-1, -1]}
							}
						},
						{
							"origin": [0.04209, 0.52519, -2.51178],
							"size": [0.25576, 0.22663, 0.56332],
							"pivot": [0.29785, 0.75182, -1.94847],
							"rotation": [11.9689, 14.86552, -50.43295],
							"uv": {
								"north": {"uv": [38, 40], "uv_size": [1, 1]},
								"east": {"uv": [38, 40], "uv_size": [1, 1]},
								"south": {"uv": [38, 40], "uv_size": [1, 1]},
								"west": {"uv": [38, 40], "uv_size": [1, 1]},
								"up": {"uv": [39, 41], "uv_size": [-1, -1]},
								"down": {"uv": [39, 41], "uv_size": [-1, -1]}
							}
						},
						{
							"origin": [0.29785, 0.42483, -2.51178],
							"size": [0.25576, 0.32699, 0.56332],
							"pivot": [0.55361, 0.75182, -1.94847],
							"rotation": [19, 0, 0],
							"uv": {
								"north": {"uv": [38, 40], "uv_size": [1, 1]},
								"east": {"uv": [38, 40], "uv_size": [1, 1]},
								"south": {"uv": [38, 40], "uv_size": [1, 1]},
								"west": {"uv": [38, 40], "uv_size": [1, 1]},
								"up": {"uv": [39, 41], "uv_size": [-1, -1]},
								"down": {"uv": [39, 41], "uv_size": [-1, -1]}
							}
						},
						{
							"origin": [-0.79966, 0.08602, -2.48109],
							"size": [0.24605, 0.48265, 1.94926],
							"uv": {
								"north": {"uv": [36, 38], "uv_size": [1, 1]},
								"east": {"uv": [36, 38], "uv_size": [1, 1]},
								"south": {"uv": [36, 38], "uv_size": [1, 1]},
								"west": {"uv": [36, 38], "uv_size": [1, 1]},
								"up": {"uv": [37, 39], "uv_size": [-1, -1]},
								"down": {"uv": [37, 39], "uv_size": [-1, -1]}
							}
						},
						{
							"origin": [-0.55361, 0.36795, -2.48109],
							"size": [0.25576, 0.20072, 0.06216],
							"uv": {
								"north": {"uv": [38, 40], "uv_size": [1, 1]},
								"east": {"uv": [38, 40], "uv_size": [1, 1]},
								"south": {"uv": [38, 40], "uv_size": [1, 1]},
								"west": {"uv": [38, 40], "uv_size": [1, 1]},
								"up": {"uv": [39, 41], "uv_size": [-1, -1]},
								"down": {"uv": [39, 41], "uv_size": [-1, -1]}
							}
						},
						{
							"origin": [0.29785, 0.36795, -2.48109],
							"size": [0.25576, 0.20072, 0.06216],
							"uv": {
								"north": {"uv": [38, 40], "uv_size": [1, 1]},
								"east": {"uv": [38, 40], "uv_size": [1, 1]},
								"south": {"uv": [38, 40], "uv_size": [1, 1]},
								"west": {"uv": [38, 40], "uv_size": [1, 1]},
								"up": {"uv": [39, 41], "uv_size": [-1, -1]},
								"down": {"uv": [39, 41], "uv_size": [-1, -1]}
							}
						},
						{
							"origin": [-0.29785, 0.39682, -2.48109],
							"size": [0.25576, 0.17159, 0.06216],
							"inflate": 0.001,
							"pivot": [-0.29785, 0.56841, -2.48109],
							"rotation": [0, 0, 50],
							"uv": {
								"north": {"uv": [38, 40], "uv_size": [1, 1]},
								"east": {"uv": [38, 40], "uv_size": [1, 1]},
								"south": {"uv": [38, 40], "uv_size": [1, 1]},
								"west": {"uv": [38, 40], "uv_size": [1, 1]},
								"up": {"uv": [39, 41], "uv_size": [-1, -1]},
								"down": {"uv": [39, 41], "uv_size": [-1, -1]}
							}
						},
						{
							"origin": [-0.24605, 0.33531, -2.48109],
							"size": [0.56009, 0.17806, 0.06216],
							"inflate": 0.001,
							"uv": {
								"north": {"uv": [38, 40], "uv_size": [1, 1]},
								"east": {"uv": [38, 40], "uv_size": [1, 1]},
								"south": {"uv": [38, 40], "uv_size": [1, 1]},
								"west": {"uv": [38, 40], "uv_size": [1, 1]},
								"up": {"uv": [39, 41], "uv_size": [-1, -1]},
								"down": {"uv": [39, 41], "uv_size": [-1, -1]}
							}
						},
						{
							"origin": [-0.3108, 0.51337, -2.48109],
							"size": [0.62484, 0.52124, 0.06216],
							"pivot": [-0.24605, 0.51337, -2.48109],
							"rotation": [-74, 0, 0],
							"uv": {
								"north": {"uv": [38, 40], "uv_size": [1, 1]},
								"east": {"uv": [38, 40], "uv_size": [1, 1]},
								"south": {"uv": [38, 40], "uv_size": [1, 1]},
								"west": {"uv": [38, 40], "uv_size": [1, 1]},
								"up": {"uv": [39, 41], "uv_size": [-1, -1]},
								"down": {"uv": [39, 41], "uv_size": [-1, -1]}
							}
						},
						{
							"origin": [-0.3108, 0.58034, -2.16227],
							"size": [0.62484, 0.08417, 0.13986],
							"pivot": [-0.3108, 0.58034, -2.02242],
							"rotation": [-82, 0, 0],
							"uv": {
								"north": {"uv": [38, 40], "uv_size": [1, 1]},
								"east": {"uv": [38, 40], "uv_size": [1, 1]},
								"south": {"uv": [38, 40], "uv_size": [1, 1]},
								"west": {"uv": [38, 40], "uv_size": [1, 1]},
								"up": {"uv": [39, 41], "uv_size": [-1, -1]},
								"down": {"uv": [39, 41], "uv_size": [-1, -1]}
							}
						},
						{
							"origin": [-0.3108, 0.71884, -2.18173],
							"size": [0.62484, 0.08417, 0.13986],
							"pivot": [-0.3108, 0.71884, -2.04187],
							"rotation": [-155, 0, 0],
							"uv": {
								"north": {"uv": [38, 40], "uv_size": [1, 1]},
								"east": {"uv": [38, 40], "uv_size": [1, 1]},
								"south": {"uv": [38, 40], "uv_size": [1, 1]},
								"west": {"uv": [38, 40], "uv_size": [1, 1]},
								"up": {"uv": [39, 41], "uv_size": [-1, -1]},
								"down": {"uv": [39, 41], "uv_size": [-1, -1]}
							}
						},
						{
							"origin": [-0.56009, 0.66381, -1.81591],
							"size": [1.12341, 0.20396, 0.16252],
							"uv": {
								"north": {"uv": [38, 40], "uv_size": [1, 1]},
								"east": {"uv": [38, 40], "uv_size": [1, 1]},
								"south": {"uv": [38, 40], "uv_size": [1, 1]},
								"west": {"uv": [38, 40], "uv_size": [1, 1]},
								"up": {"uv": [39, 41], "uv_size": [-1, -1]},
								"down": {"uv": [39, 41], "uv_size": [-1, -1]}
							}
						},
						{
							"origin": [-0.56009, 0.56344, -1.08422],
							"size": [1.12341, 0.10036, 0.16252],
							"uv": {
								"north": {"uv": [38, 40], "uv_size": [1, 1]},
								"east": {"uv": [38, 40], "uv_size": [1, 1]},
								"south": {"uv": [38, 40], "uv_size": [1, 1]},
								"west": {"uv": [38, 40], "uv_size": [1, 1]},
								"up": {"uv": [39, 41], "uv_size": [-1, -1]},
								"down": {"uv": [39, 41], "uv_size": [-1, -1]}
							}
						},
						{
							"origin": [-0.56009, 0.46307, -1.08422],
							"size": [1.12341, 0.10036, 0.16252],
							"pivot": [-0.56009, 0.56344, -0.9217],
							"rotation": [-30, 0, 0],
							"uv": {
								"north": {"uv": [38, 40], "uv_size": [1, 1]},
								"east": {"uv": [38, 40], "uv_size": [1, 1]},
								"south": {"uv": [38, 40], "uv_size": [1, 1]},
								"west": {"uv": [38, 40], "uv_size": [1, 1]},
								"up": {"uv": [39, 41], "uv_size": [-1, -1]},
								"down": {"uv": [39, 41], "uv_size": [-1, -1]}
							}
						},
						{
							"origin": [-0.56009, 0.37617, -1.1344],
							"size": [1.12341, 0.10036, 0.16252],
							"pivot": [-0.56009, 0.47653, -0.97189],
							"rotation": [-63, 0, 0],
							"uv": {
								"north": {"uv": [38, 40], "uv_size": [1, 1]},
								"east": {"uv": [38, 40], "uv_size": [1, 1]},
								"south": {"uv": [38, 40], "uv_size": [1, 1]},
								"west": {"uv": [38, 40], "uv_size": [1, 1]},
								"up": {"uv": [39, 41], "uv_size": [-1, -1]},
								"down": {"uv": [39, 41], "uv_size": [-1, -1]}
							}
						},
						{
							"origin": [-0.56009, 0.3306, -1.22383],
							"size": [1.12341, 0.10036, 0.16252],
							"pivot": [-0.56009, 0.43096, -1.06131],
							"rotation": [-63, 0, 0],
							"uv": {
								"north": {"uv": [38, 40], "uv_size": [1, 1]},
								"east": {"uv": [38, 40], "uv_size": [1, 1]},
								"south": {"uv": [38, 40], "uv_size": [1, 1]},
								"west": {"uv": [38, 40], "uv_size": [1, 1]},
								"up": {"uv": [39, 41], "uv_size": [-1, -1]},
								"down": {"uv": [39, 41], "uv_size": [-1, -1]}
							}
						},
						{
							"origin": [-0.56009, 0.28504, -1.31325],
							"size": [1.12341, 0.10036, 0.16252],
							"pivot": [-0.56009, 0.3854, -1.15073],
							"rotation": [-63, 0, 0],
							"uv": {
								"north": {"uv": [38, 40], "uv_size": [1, 1]},
								"east": {"uv": [38, 40], "uv_size": [1, 1]},
								"south": {"uv": [38, 40], "uv_size": [1, 1]},
								"west": {"uv": [38, 40], "uv_size": [1, 1]},
								"up": {"uv": [39, 41], "uv_size": [-1, -1]},
								"down": {"uv": [39, 41], "uv_size": [-1, -1]}
							}
						},
						{
							"origin": [-0.56009, 0.66381, -1.60547],
							"size": [1.12341, 0.22339, 0.68376],
							"uv": {
								"north": {"uv": [38, 40], "uv_size": [1, 1]},
								"east": {"uv": [38, 40], "uv_size": [1, 1]},
								"south": {"uv": [38, 40], "uv_size": [1, 1]},
								"west": {"uv": [38, 40], "uv_size": [1, 1]},
								"up": {"uv": [39, 41], "uv_size": [-1, -1]},
								"down": {"uv": [39, 41], "uv_size": [-1, -1]}
							}
						},
						{
							"origin": [-0.56009, 0.88719, -1.06156],
							"size": [1.12341, 0.13921, 0.13986],
							"pivot": [0.56333, 0.88719, -0.9217],
							"rotation": [52, 0, 0],
							"uv": {
								"north": {"uv": [38, 40], "uv_size": [1, 1]},
								"east": {"uv": [38, 40], "uv_size": [1, 1]},
								"south": {"uv": [38, 40], "uv_size": [1, 1]},
								"west": {"uv": [38, 40], "uv_size": [1, 1]},
								"up": {"uv": [39, 41], "uv_size": [-1, -1]},
								"down": {"uv": [39, 41], "uv_size": [-1, -1]}
							}
						},
						{
							"origin": [0.50505, 0.66381, -1.60871],
							"size": [0.05827, 0.35289, 0.58664],
							"uv": {
								"north": {"uv": [38, 40], "uv_size": [1, 1]},
								"east": {"uv": [38, 40], "uv_size": [1, 1]},
								"south": {"uv": [38, 40], "uv_size": [1, 1]},
								"west": {"uv": [38, 40], "uv_size": [1, 1]},
								"up": {"uv": [39, 41], "uv_size": [-1, -1]},
								"down": {"uv": [39, 41], "uv_size": [-1, -1]}
							}
						},
						{
							"origin": [0.48886, 1.01669, -1.60871],
							"size": [0.07446, 0.24605, 0.35677],
							"pivot": [0.56333, 1.01669, -1.60871],
							"rotation": [-35, 0, 0],
							"uv": {
								"north": {"uv": [38, 40], "uv_size": [1, 1]},
								"east": {"uv": [38, 40], "uv_size": [1, 1]},
								"south": {"uv": [38, 40], "uv_size": [1, 1]},
								"west": {"uv": [38, 40], "uv_size": [1, 1]},
								"up": {"uv": [39, 41], "uv_size": [-1, -1]},
								"down": {"uv": [39, 41], "uv_size": [-1, -1]}
							}
						},
						{
							"origin": [0.48886, 1.01669, -1.46757],
							"size": [0.07446, 0.20155, 0.44551],
							"uv": {
								"north": {"uv": [38, 40], "uv_size": [1, 1]},
								"east": {"uv": [38, 40], "uv_size": [1, 1]},
								"south": {"uv": [38, 40], "uv_size": [1, 1]},
								"west": {"uv": [38, 40], "uv_size": [1, 1]},
								"up": {"uv": [39, 41], "uv_size": [-1, -1]},
								"down": {"uv": [39, 41], "uv_size": [-1, -1]}
							}
						},
						{
							"origin": [0.4403, 1.21742, -1.42548],
							"size": [0.09389, 0.37314, 0.36457],
							"uv": {
								"north": {"uv": [38, 40], "uv_size": [1, 1]},
								"east": {"uv": [38, 40], "uv_size": [1, 1]},
								"south": {"uv": [38, 40], "uv_size": [1, 1]},
								"west": {"uv": [38, 40], "uv_size": [1, 1]},
								"up": {"uv": [39, 41], "uv_size": [-1, -1]},
								"down": {"uv": [39, 41], "uv_size": [-1, -1]}
							}
						},
						{
							"origin": [0.52112, 1.21742, -1.42548],
							"size": [0.01306, 0.4058, 0.36457],
							"uv": {
								"north": {"uv": [38, 40], "uv_size": [1, 1]},
								"east": {"uv": [38, 40], "uv_size": [1, 1]},
								"south": {"uv": [38, 40], "uv_size": [1, 1]},
								"west": {"uv": [38, 40], "uv_size": [1, 1]},
								"up": {"uv": [39, 41], "uv_size": [-1, -1]},
								"down": {"uv": [39, 41], "uv_size": [-1, -1]}
							}
						},
						{
							"origin": [0.52094, 1.53576, -1.42548],
							"size": [0.01001, 0.08717, 0.36457],
							"pivot": [0.52124, 1.62293, -1.42548],
							"rotation": [0, 0, 68],
							"uv": {
								"north": {"uv": [38, 40], "uv_size": [1, 1]},
								"east": {"uv": [38, 40], "uv_size": [1, 1]},
								"south": {"uv": [38, 40], "uv_size": [1, 1]},
								"west": {"uv": [38, 40], "uv_size": [1, 1]},
								"up": {"uv": [39, 41], "uv_size": [-1, -1]},
								"down": {"uv": [39, 41], "uv_size": [-1, -1]}
							}
						},
						{
							"origin": [0.52094, 1.52605, -1.42548],
							"size": [0.0262, 0.08717, 0.36457],
							"pivot": [0.52124, 1.61322, -1.42548],
							"rotation": [0, 0, 68],
							"uv": {
								"north": {"uv": [38, 40], "uv_size": [1, 1]},
								"east": {"uv": [38, 40], "uv_size": [1, 1]},
								"south": {"uv": [38, 40], "uv_size": [1, 1]},
								"west": {"uv": [38, 40], "uv_size": [1, 1]},
								"up": {"uv": [39, 41], "uv_size": [-1, -1]},
								"down": {"uv": [39, 41], "uv_size": [-1, -1]}
							}
						},
						{
							"origin": [-0.53419, 1.21742, -1.42548],
							"size": [0.09389, 0.37314, 0.36457],
							"uv": {
								"north": {"uv": [38, 40], "uv_size": [1, 1]},
								"east": {"uv": [38, 40], "uv_size": [1, 1]},
								"south": {"uv": [38, 40], "uv_size": [1, 1]},
								"west": {"uv": [38, 40], "uv_size": [1, 1]},
								"up": {"uv": [39, 41], "uv_size": [-1, -1]},
								"down": {"uv": [39, 41], "uv_size": [-1, -1]}
							}
						},
						{
							"origin": [-0.53095, 1.53576, -1.42548],
							"size": [0.01001, 0.08717, 0.36457],
							"pivot": [-0.52124, 1.62293, -1.42548],
							"rotation": [0, 0, -68],
							"uv": {
								"north": {"uv": [38, 40], "uv_size": [1, 1]},
								"east": {"uv": [38, 40], "uv_size": [1, 1]},
								"south": {"uv": [38, 40], "uv_size": [1, 1]},
								"west": {"uv": [38, 40], "uv_size": [1, 1]},
								"up": {"uv": [39, 41], "uv_size": [-1, -1]},
								"down": {"uv": [39, 41], "uv_size": [-1, -1]}
							}
						},
						{
							"origin": [-0.53419, 1.21742, -1.42548],
							"size": [0.01306, 0.4058, 0.36457],
							"uv": {
								"north": {"uv": [38, 40], "uv_size": [1, 1]},
								"east": {"uv": [38, 40], "uv_size": [1, 1]},
								"south": {"uv": [38, 40], "uv_size": [1, 1]},
								"west": {"uv": [38, 40], "uv_size": [1, 1]},
								"up": {"uv": [39, 41], "uv_size": [-1, -1]},
								"down": {"uv": [39, 41], "uv_size": [-1, -1]}
							}
						},
						{
							"origin": [-0.54714, 1.52605, -1.42548],
							"size": [0.0262, 0.08717, 0.36457],
							"pivot": [-0.52124, 1.61322, -1.42548],
							"rotation": [0, 0, -68],
							"uv": {
								"north": {"uv": [38, 40], "uv_size": [1, 1]},
								"east": {"uv": [38, 40], "uv_size": [1, 1]},
								"south": {"uv": [38, 40], "uv_size": [1, 1]},
								"west": {"uv": [38, 40], "uv_size": [1, 1]},
								"up": {"uv": [39, 41], "uv_size": [-1, -1]},
								"down": {"uv": [39, 41], "uv_size": [-1, -1]}
							}
						},
						{
							"origin": [0.4144, 1.01669, -1.42548],
							"size": [0.14893, 0.20155, 0.40342],
							"uv": {
								"north": {"uv": [38, 40], "uv_size": [1, 1]},
								"east": {"uv": [38, 40], "uv_size": [1, 1]},
								"south": {"uv": [38, 40], "uv_size": [1, 1]},
								"west": {"uv": [38, 40], "uv_size": [1, 1]},
								"up": {"uv": [39, 41], "uv_size": [-1, -1]},
								"down": {"uv": [39, 41], "uv_size": [-1, -1]}
							}
						},
						{
							"origin": [0.4144, 1.01669, -1.5129],
							"size": [0.04533, 0.20155, 0.08614],
							"pivot": [0.4144, 1.21824, -1.42675],
							"rotation": [0, -61, 0],
							"uv": {
								"north": {"uv": [38, 40], "uv_size": [1, 1]},
								"east": {"uv": [38, 40], "uv_size": [1, 1]},
								"south": {"uv": [38, 40], "uv_size": [1, 1]},
								"west": {"uv": [38, 40], "uv_size": [1, 1]},
								"up": {"uv": [39, 41], "uv_size": [-1, -1]},
								"down": {"uv": [39, 41], "uv_size": [-1, -1]}
							}
						},
						{
							"origin": [-0.56333, 1.01669, -1.60871],
							"size": [0.07446, 0.24605, 0.35677],
							"pivot": [-0.56333, 1.01669, -1.60871],
							"rotation": [-35, 0, 0],
							"uv": {
								"north": {"uv": [38, 40], "uv_size": [1, 1]},
								"east": {"uv": [38, 40], "uv_size": [1, 1]},
								"south": {"uv": [38, 40], "uv_size": [1, 1]},
								"west": {"uv": [38, 40], "uv_size": [1, 1]},
								"up": {"uv": [39, 41], "uv_size": [-1, -1]},
								"down": {"uv": [39, 41], "uv_size": [-1, -1]}
							}
						},
						{
							"origin": [-0.56333, 1.01669, -1.46757],
							"size": [0.07446, 0.20155, 0.44551],
							"uv": {
								"north": {"uv": [38, 40], "uv_size": [1, 1]},
								"east": {"uv": [38, 40], "uv_size": [1, 1]},
								"south": {"uv": [38, 40], "uv_size": [1, 1]},
								"west": {"uv": [38, 40], "uv_size": [1, 1]},
								"up": {"uv": [39, 41], "uv_size": [-1, -1]},
								"down": {"uv": [39, 41], "uv_size": [-1, -1]}
							}
						},
						{
							"origin": [-0.45973, 1.01669, -1.5129],
							"size": [0.04533, 0.20155, 0.08614],
							"pivot": [-0.4144, 1.21824, -1.42675],
							"rotation": [0, 61, 0],
							"uv": {
								"north": {"uv": [38, 40], "uv_size": [1, 1]},
								"east": {"uv": [38, 40], "uv_size": [1, 1]},
								"south": {"uv": [38, 40], "uv_size": [1, 1]},
								"west": {"uv": [38, 40], "uv_size": [1, 1]},
								"up": {"uv": [39, 41], "uv_size": [-1, -1]},
								"down": {"uv": [39, 41], "uv_size": [-1, -1]}
							}
						},
						{
							"origin": [-0.56333, 1.01669, -1.42548],
							"size": [0.14893, 0.20155, 0.40342],
							"uv": {
								"north": {"uv": [38, 40], "uv_size": [1, 1]},
								"east": {"uv": [38, 40], "uv_size": [1, 1]},
								"south": {"uv": [38, 40], "uv_size": [1, 1]},
								"west": {"uv": [38, 40], "uv_size": [1, 1]},
								"up": {"uv": [39, 41], "uv_size": [-1, -1]},
								"down": {"uv": [39, 41], "uv_size": [-1, -1]}
							}
						},
						{
							"origin": [-0.56333, 0.66381, -1.60871],
							"size": [0.05827, 0.35289, 0.58664],
							"uv": {
								"north": {"uv": [38, 40], "uv_size": [1, 1]},
								"east": {"uv": [38, 40], "uv_size": [1, 1]},
								"south": {"uv": [38, 40], "uv_size": [1, 1]},
								"west": {"uv": [38, 40], "uv_size": [1, 1]},
								"up": {"uv": [39, 41], "uv_size": [-1, -1]},
								"down": {"uv": [39, 41], "uv_size": [-1, -1]}
							}
						},
						{
							"origin": [-0.518, 0.66381, -1.66051],
							"size": [1.036, 0.35289, 0.63843],
							"uv": {
								"north": {"uv": [38, 40], "uv_size": [1, 1]},
								"east": {"uv": [38, 40], "uv_size": [1, 1]},
								"south": {"uv": [38, 40], "uv_size": [1, 1]},
								"west": {"uv": [38, 40], "uv_size": [1, 1]},
								"up": {"uv": [39, 41], "uv_size": [-1, -1]},
								"down": {"uv": [39, 41], "uv_size": [-1, -1]}
							}
						},
						{
							"origin": [0.518, 0.66381, -1.66051],
							"size": [0.06799, 0.35289, 0.05568],
							"pivot": [0.518, 1.01669, -1.66051],
							"rotation": [0, -49, 0],
							"uv": {
								"north": {"uv": [38, 40], "uv_size": [1, 1]},
								"east": {"uv": [38, 40], "uv_size": [1, 1]},
								"south": {"uv": [38, 40], "uv_size": [1, 1]},
								"west": {"uv": [38, 40], "uv_size": [1, 1]},
								"up": {"uv": [39, 41], "uv_size": [-1, -1]},
								"down": {"uv": [39, 41], "uv_size": [-1, -1]}
							}
						},
						{
							"origin": [-0.58599, 0.66381, -1.66051],
							"size": [0.06799, 0.35289, 0.05568],
							"pivot": [-0.518, 1.01669, -1.66051],
							"rotation": [0, 49, 0],
							"uv": {
								"north": {"uv": [38, 40], "uv_size": [1, 1]},
								"east": {"uv": [38, 40], "uv_size": [1, 1]},
								"south": {"uv": [38, 40], "uv_size": [1, 1]},
								"west": {"uv": [38, 40], "uv_size": [1, 1]},
								"up": {"uv": [39, 41], "uv_size": [-1, -1]},
								"down": {"uv": [39, 41], "uv_size": [-1, -1]}
							}
						},
						{
							"origin": [-0.56009, 0.66381, -1.89361],
							"size": [1.12341, 0.20396, 0.07835],
							"pivot": [-0.56009, 0.86777, -1.81526],
							"rotation": [20, 0, 0],
							"uv": {
								"north": {"uv": [38, 40], "uv_size": [1, 1]},
								"east": {"uv": [38, 40], "uv_size": [1, 1]},
								"south": {"uv": [38, 40], "uv_size": [1, 1]},
								"west": {"uv": [38, 40], "uv_size": [1, 1]},
								"up": {"uv": [39, 41], "uv_size": [-1, -1]},
								"down": {"uv": [39, 41], "uv_size": [-1, -1]}
							}
						},
						{
							"origin": [-0.56009, 0.63701, -1.96722],
							"size": [1.12341, 0.20396, 0.07835],
							"pivot": [-0.56009, 0.84097, -1.88888],
							"rotation": [37, 0, 0],
							"uv": {
								"north": {"uv": [38, 40], "uv_size": [1, 1]},
								"east": {"uv": [38, 40], "uv_size": [1, 1]},
								"south": {"uv": [38, 40], "uv_size": [1, 1]},
								"west": {"uv": [38, 40], "uv_size": [1, 1]},
								"up": {"uv": [39, 41], "uv_size": [-1, -1]},
								"down": {"uv": [39, 41], "uv_size": [-1, -1]}
							}
						},
						{
							"origin": [-0.56009, 0.58986, -2.02979],
							"size": [1.12341, 0.20396, 0.07835],
							"pivot": [-0.56009, 0.79382, -1.95144],
							"rotation": [62, 0, 0],
							"uv": {
								"north": {"uv": [38, 40], "uv_size": [1, 1]},
								"east": {"uv": [38, 40], "uv_size": [1, 1]},
								"south": {"uv": [38, 40], "uv_size": [1, 1]},
								"west": {"uv": [38, 40], "uv_size": [1, 1]},
								"up": {"uv": [39, 41], "uv_size": [-1, -1]},
								"down": {"uv": [39, 41], "uv_size": [-1, -1]}
							}
						},
						{
							"origin": [0.04209, 0.39682, -2.48109],
							"size": [0.25576, 0.17159, 0.06216],
							"inflate": 0.001,
							"pivot": [0.29785, 0.56841, -2.48109],
							"rotation": [0, 0, -50],
							"uv": {
								"north": {"uv": [38, 40], "uv_size": [1, 1]},
								"east": {"uv": [38, 40], "uv_size": [1, 1]},
								"south": {"uv": [38, 40], "uv_size": [1, 1]},
								"west": {"uv": [38, 40], "uv_size": [1, 1]},
								"up": {"uv": [39, 41], "uv_size": [-1, -1]},
								"down": {"uv": [39, 41], "uv_size": [-1, -1]}
							}
						},
						{
							"origin": [-0.79966, 0.25, -0.71498],
							"size": [0.24605, 0.50181, 0.259],
							"pivot": [-0.79966, 0.75182, -0.71498],
							"rotation": [-45, 0, 0],
							"uv": {
								"north": {"uv": [36, 38], "uv_size": [1, 1]},
								"east": {"uv": [36, 38], "uv_size": [1, 1]},
								"south": {"uv": [36, 38], "uv_size": [1, 1]},
								"west": {"uv": [36, 38], "uv_size": [1, 1]},
								"up": {"uv": [37, 39], "uv_size": [-1, -1]},
								"down": {"uv": [37, 39], "uv_size": [-1, -1]}
							}
						},
						{
							"origin": [-0.79966, -0.09553, -2.48109],
							"size": [0.16188, 0.18156, 1.94926],
							"pivot": [-0.79966, 0.08602, -0.53183],
							"rotation": [0, 0, -47],
							"uv": {
								"north": {"uv": [36, 38], "uv_size": [1, 1]},
								"east": {"uv": [36, 38], "uv_size": [1, 1]},
								"south": {"uv": [36, 38], "uv_size": [1, 1]},
								"west": {"uv": [36, 38], "uv_size": [1, 1]},
								"up": {"uv": [37, 39], "uv_size": [-1, -1]},
								"down": {"uv": [37, 39], "uv_size": [-1, -1]}
							}
						},
						{
							"origin": [-0.66688, -0.25821, -2.48109],
							"size": [0.12303, 0.22041, 1.94926],
							"pivot": [-0.66688, -0.03779, -0.53183],
							"rotation": [0, 0, -89],
							"uv": {
								"north": {"uv": [36, 38], "uv_size": [1, 1]},
								"east": {"uv": [36, 38], "uv_size": [1, 1]},
								"south": {"uv": [36, 38], "uv_size": [1, 1]},
								"west": {"uv": [36, 38], "uv_size": [1, 1]},
								"up": {"uv": [37, 39], "uv_size": [-1, -1]},
								"down": {"uv": [37, 39], "uv_size": [-1, -1]}
							}
						}
					]
				},
				{
					"name": "divisio1n_illuminated",
					"parent": "bone38",
					"pivot": [-0.81585, 0.5069, -1.45157],
					"cubes": [
						{
							"origin": [0.55361, 0.15724, -1.85303],
							"size": [0.26224, 0.11681, 0.27871],
							"uv": {
								"north": {"uv": [26, 36], "uv_size": [1, 1]},
								"east": {"uv": [26, 36], "uv_size": [1, 1]},
								"south": {"uv": [26, 36], "uv_size": [1, 1]},
								"west": {"uv": [26, 36], "uv_size": [1, 1]},
								"up": {"uv": [27, 37], "uv_size": [-1, -1]},
								"down": {"uv": [27, 37], "uv_size": [-1, -1]}
							}
						},
						{
							"origin": [0.55361, 0.15724, -1.44186],
							"size": [0.26224, 0.11681, 0.27547],
							"uv": {
								"north": {"uv": [26, 36], "uv_size": [1, 1]},
								"east": {"uv": [26, 36], "uv_size": [1, 1]},
								"south": {"uv": [26, 36], "uv_size": [1, 1]},
								"west": {"uv": [26, 36], "uv_size": [1, 1]},
								"up": {"uv": [27, 37], "uv_size": [-1, -1]},
								"down": {"uv": [27, 37], "uv_size": [-1, -1]}
							}
						},
						{
							"origin": [-0.89355, 0.21552, -0.97889],
							"size": [1.7094, 0.11681, 0.11684],
							"pivot": [0.81585, 0.21552, -0.97889],
							"rotation": [-45, 0, 0],
							"uv": {
								"north": {"uv": [26, 36], "uv_size": [1, 1]},
								"east": {"uv": [26, 36], "uv_size": [1, 1]},
								"south": {"uv": [26, 36], "uv_size": [1, 1]},
								"west": {"uv": [26, 36], "uv_size": [1, 1]},
								"up": {"uv": [27, 37], "uv_size": [-1, -1]},
								"down": {"uv": [27, 37], "uv_size": [-1, -1]}
							}
						},
						{
							"origin": [0.55361, 0.5069, -1.45157],
							"size": [0.26224, 0.11681, 0.11684],
							"pivot": [0.81585, 0.5069, -1.45157],
							"rotation": [-45, 0, 0],
							"uv": {
								"north": {"uv": [26, 36], "uv_size": [1, 1]},
								"east": {"uv": [26, 36], "uv_size": [1, 1]},
								"south": {"uv": [26, 36], "uv_size": [1, 1]},
								"west": {"uv": [26, 36], "uv_size": [1, 1]},
								"up": {"uv": [27, 37], "uv_size": [-1, -1]},
								"down": {"uv": [27, 37], "uv_size": [-1, -1]}
							}
						},
						{
							"origin": [-0.93564, 0.16372, -1.04364],
							"size": [0.10021, 0.21717, 0.22367],
							"pivot": [0.81585, 0.21552, -0.97889],
							"rotation": [-45, 0, 0],
							"uv": {
								"north": {"uv": [26, 36], "uv_size": [1, 1]},
								"east": {"uv": [26, 36], "uv_size": [1, 1]},
								"south": {"uv": [26, 36], "uv_size": [1, 1]},
								"west": {"uv": [26, 36], "uv_size": [1, 1]},
								"up": {"uv": [27, 37], "uv_size": [-1, -1]},
								"down": {"uv": [27, 37], "uv_size": [-1, -1]}
							}
						},
						{
							"origin": [-0.81585, 0.5069, -1.45157],
							"size": [0.26224, 0.11681, 0.11684],
							"pivot": [-0.81585, 0.5069, -1.45157],
							"rotation": [-45, 0, 0],
							"uv": {
								"north": {"uv": [26, 36], "uv_size": [1, 1]},
								"east": {"uv": [26, 36], "uv_size": [1, 1]},
								"south": {"uv": [26, 36], "uv_size": [1, 1]},
								"west": {"uv": [26, 36], "uv_size": [1, 1]},
								"up": {"uv": [27, 37], "uv_size": [-1, -1]},
								"down": {"uv": [27, 37], "uv_size": [-1, -1]}
							}
						}
					]
				},
				{
					"name": "bone13_illuminated",
					"parent": "bone38",
					"pivot": [-0.40455, 1.48672, -3.39479],
					"cubes": [
						{
							"origin": [-0.31487, 0.66381, -1.30113],
							"size": [0.62975, 0.38414, 0.07593],
							"uv": {
								"north": {"uv": [26, 36], "uv_size": [1, 1]},
								"east": {"uv": [26, 36], "uv_size": [1, 1]},
								"south": {"uv": [26, 36], "uv_size": [1, 1]},
								"west": {"uv": [26, 36], "uv_size": [1, 1]},
								"up": {"uv": [27, 37], "uv_size": [-1, -1]},
								"down": {"uv": [27, 37], "uv_size": [-1, -1]}
							}
						}
					]
				},
				{
					"name": "ocularring",
					"pivot": [0, 0, 0]
				},
				{
					"name": "ocular",
					"pivot": [0, 2.67188, -1.0375],
					"cubes": [
						{
							"origin": [-0.17808, 1.242, -1.33277],
							"size": [0.33866, 0.38678, 0.02709],
							"uv": {
								"south": {"uv": [3, 1], "uv_size": [1, 1]}
							}
						}
					]
				},
				{
					"name": "scope_view",
					"pivot": [0, 1.4375, 1.45313]
				}
			]
		}
	]
}