{
	"format_version": "1.21.0",
	"minecraft:geometry": [
		{
			"description": {
				"identifier": "geometry.unknown",
				"texture_width": 512,
				"texture_height": 512,
				"visible_bounds_width": 14,
				"visible_bounds_height": 9,
				"visible_bounds_offset": [0, 0.5, 0]
			},
			"bones": [
				{
					"name": "scope_body",
					"pivot": [-0.01172, 2.55586, -5.00152],
					"cubes": [
						{
							"origin": [0.98462, 1.43566, -2.64062],
							"size": [0.23438, 0.45915, 4.45007],
							"uv": {
								"north": {"uv": [69, 303], "uv_size": [1.5, 2]},
								"east": {"uv": [69, 303], "uv_size": [1.5, 2]},
								"south": {"uv": [69, 303], "uv_size": [1.5, 2]},
								"west": {"uv": [190.5, 336], "uv_size": [80.42188, 6.5]},
								"up": {"uv": [70.5, 305], "uv_size": [-1.5, -2]},
								"down": {"uv": [70.5, 305], "uv_size": [-1.5, -2]}
							}
						},
						{
							"origin": [0.98461, 2.21691, -1.0625],
							"size": [0.23438, 0.45915, 2.51257],
							"uv": {
								"north": {"uv": [69, 303], "uv_size": [1.5, 2]},
								"east": {"uv": [69, 303], "uv_size": [1.5, 2]},
								"south": {"uv": [69, 303], "uv_size": [1.5, 2]},
								"west": {"uv": [21.5, 298], "uv_size": [24.92188, 6]},
								"up": {"uv": [70.5, 305], "uv_size": [-1.5, -2]},
								"down": {"uv": [70.5, 305], "uv_size": [-1.5, -2]}
							}
						},
						{
							"origin": [-1.21899, 1.43566, -2.64062],
							"size": [0.23438, 0.45915, 4.45007],
							"uv": {
								"north": {"uv": [70.5, 303], "uv_size": [-1.5, 2]},
								"east": {"uv": [270.92188, 336], "uv_size": [-80.42188, 6.5]},
								"south": {"uv": [70.5, 303], "uv_size": [-1.5, 2]},
								"west": {"uv": [70.5, 303], "uv_size": [-1.5, 2]},
								"up": {"uv": [69, 305], "uv_size": [1.5, -2]},
								"down": {"uv": [69, 305], "uv_size": [1.5, -2]}
							}
						},
						{
							"origin": [0.87524, 1.95129, -11.8125],
							"size": [0.23438, 0.45915, 4.45007],
							"uv": {
								"north": {"uv": [69, 303], "uv_size": [1.5, 2]},
								"east": {"uv": [69, 303], "uv_size": [1.5, 2]},
								"south": {"uv": [69, 303], "uv_size": [1.5, 2]},
								"west": {"uv": [114, 402.5], "uv_size": [144.42188, 9.5]},
								"up": {"uv": [70.5, 305], "uv_size": [-1.5, -2]},
								"down": {"uv": [70.5, 305], "uv_size": [-1.5, -2]}
							}
						},
						{
							"origin": [-1.15649, 1.95129, -11.8125],
							"size": [0.23438, 0.45915, 4.45007],
							"uv": {
								"north": {"uv": [70.5, 303], "uv_size": [-1.5, 2]},
								"east": {"uv": [258.42188, 402.5], "uv_size": [-144.42188, 9.5]},
								"south": {"uv": [70.5, 303], "uv_size": [-1.5, 2]},
								"west": {"uv": [70.5, 303], "uv_size": [-1.5, 2]},
								"up": {"uv": [69, 305], "uv_size": [1.5, -2]},
								"down": {"uv": [69, 305], "uv_size": [1.5, -2]}
							}
						},
						{
							"origin": [0.85739, 0.73766, -3.0625],
							"size": [0.48438, 0.1875, 4.87194],
							"pivot": [0.85739, 0.73766, 1.80944],
							"rotation": [0, 0, -47],
							"uv": {
								"north": {"uv": [20, 77], "uv_size": [0.5, 0.5]},
								"east": {"uv": [38, 68], "uv_size": [2, 0.5]},
								"south": {"uv": [77, 20], "uv_size": [0.5, 0.5]},
								"west": {"uv": [41, 68], "uv_size": [2, 0.5]},
								"up": {"uv": [34, 67], "uv_size": [0.5, 2]},
								"down": {"uv": [28, 70], "uv_size": [0.5, -2]}
							}
						},
						{
							"origin": [-1.63242, 0.62487, -3.06556],
							"size": [0.48438, 0.1875, 4.875],
							"pivot": [-0.87302, 0.34704, 1.80944],
							"rotation": [0, 0, 47],
							"uv": {
								"north": {"uv": [22, 77], "uv_size": [0.5, 0.5]},
								"east": {"uv": [44, 68], "uv_size": [2, 0.5]},
								"south": {"uv": [24, 77], "uv_size": [0.5, 0.5]},
								"west": {"uv": [55, 68], "uv_size": [2, 0.5]},
								"up": {"uv": [47, 68], "uv_size": [0.5, 2]},
								"down": {"uv": [58, 70], "uv_size": [0.5, -2]}
							}
						},
						{
							"origin": [-0.85739, 0.73766, -3.06556],
							"size": [1.71479, 0.1875, 4.875],
							"uv": {
								"north": {"uv": [3, 61], "uv_size": [-1, 2]},
								"east": {"uv": [3, 61], "uv_size": [-1, 2]},
								"south": {"uv": [3, 61], "uv_size": [-1, 2]},
								"west": {"uv": [3, 61], "uv_size": [-1, 2]},
								"up": {"uv": [2, 63], "uv_size": [1, -2]},
								"down": {"uv": [2, 63], "uv_size": [1, -2]}
							}
						},
						{
							"origin": [-0.89063, 3.50173, -3.24954],
							"size": [1.78125, 0.1875, 5.8125],
							"uv": {
								"north": {"uv": [3, 70], "uv_size": [2, 0.5]},
								"east": {"uv": [61, 22], "uv_size": [4, 0.5]},
								"south": {"uv": [8, 70], "uv_size": [2, 0.5]},
								"west": {"uv": [61, 24], "uv_size": [4, 0.5]},
								"up": {"uv": [15, 24], "uv_size": [2, 4]},
								"down": {"uv": [18, 29], "uv_size": [2, -4]}
							}
						},
						{
							"origin": [-1.29688, 3.50173, -3.24954],
							"size": [0.40625, 0.1875, 5.8125],
							"pivot": [-0.89062, 3.68923, 2.56296],
							"rotation": [0, 0, -43],
							"uv": {
								"north": {"uv": [77, 47], "uv_size": [0.5, 0.5]},
								"east": {"uv": [61, 26], "uv_size": [4, 0.5]},
								"south": {"uv": [49, 77], "uv_size": [0.5, 0.5]},
								"west": {"uv": [61, 28], "uv_size": [4, 0.5]},
								"up": {"uv": [4, 61], "uv_size": [0.5, 4]},
								"down": {"uv": [36, 65], "uv_size": [0.5, -4]}
							}
						},
						{
							"origin": [0.89063, 3.50173, -3.24954],
							"size": [0.40625, 0.1875, 5.8125],
							"pivot": [0.89063, 3.68923, 2.56296],
							"rotation": [0, 0, 43],
							"uv": {
								"north": {"uv": [51, 77], "uv_size": [0.5, 0.5]},
								"east": {"uv": [61, 30], "uv_size": [4, 0.5]},
								"south": {"uv": [53, 77], "uv_size": [0.5, 0.5]},
								"west": {"uv": [38, 61], "uv_size": [4, 0.5]},
								"up": {"uv": [43, 61], "uv_size": [0.5, 4]},
								"down": {"uv": [45, 65], "uv_size": [0.5, -4]}
							}
						},
						{
							"origin": [0.95336, 3.16217, -3.07767],
							"size": [0.23438, 0.25, 5.64063],
							"uv": {
								"north": {"uv": [55, 77], "uv_size": [0.5, 0.5]},
								"east": {"uv": [61, 48], "uv_size": [4, 0.5]},
								"south": {"uv": [77, 55], "uv_size": [0.5, 0.5]},
								"west": {"uv": [61, 50], "uv_size": [4, 0.5]},
								"up": {"uv": [61, 52], "uv_size": [0.5, 4]},
								"down": {"uv": [53, 65], "uv_size": [0.5, -4]}
							}
						},
						{
							"origin": [0.95336, 0.92606, 2.375],
							"size": [0.23438, 2.20312, 0.375],
							"pivot": [1.18774, 3.67606, 2.75],
							"rotation": [-20, 0, 0],
							"uv": {
								"north": {"uv": [0, 64], "uv_size": [0.5, 3]},
								"east": {"uv": [2, 64], "uv_size": [0.5, 3]},
								"south": {"uv": [8, 64], "uv_size": [0.5, 3]},
								"west": {"uv": [64, 16], "uv_size": [0.5, 3]},
								"down": {"uv": [69, 77.5], "uv_size": [0.5, -0.5]}
							}
						},
						{
							"origin": [-1.18774, 0.92606, 2.34375],
							"size": [0.23438, 2.20312, 0.40625],
							"pivot": [-1.18774, 3.67606, 2.75],
							"rotation": [-20, 0, 0],
							"uv": {
								"north": {"uv": [0.5, 64], "uv_size": [-0.5, 3]},
								"east": {"uv": [64.5, 16], "uv_size": [-0.5, 3]},
								"south": {"uv": [8.5, 64], "uv_size": [-0.5, 3]},
								"west": {"uv": [2.5, 64], "uv_size": [-0.5, 3]},
								"down": {"uv": [69.5, 77.5], "uv_size": [-0.5, -0.5]}
							}
						},
						{
							"origin": [0.95336, 1.09191, -3.0625],
							"size": [0.23438, 2.08415, 4.87194],
							"uv": {
								"north": {"uv": [35, 70], "uv_size": [0.5, 2]},
								"east": {"uv": [56, 57], "uv_size": [1.5, 2]},
								"south": {"uv": [37, 70], "uv_size": [0.5, 2]},
								"west": {"uv": [0, 58], "uv_size": [1.5, 2]},
								"down": {"uv": [72, 15.5], "uv_size": [0.5, -1.5]}
							}
						},
						{
							"origin": [0.95336, 2.98254, 1.80944],
							"size": [0.23438, 0.19353, 0.64062],
							"uv": {
								"north": {"uv": [35, 70], "uv_size": [0.5, 2]},
								"east": {"uv": [56, 57], "uv_size": [1.5, 2]},
								"south": {"uv": [37, 70], "uv_size": [0.5, 2]},
								"west": {"uv": [0, 58], "uv_size": [1.5, 2]},
								"down": {"uv": [72, 15.5], "uv_size": [0.5, -1.5]}
							}
						},
						{
							"origin": [0.95336, 1.99816, 1.80944],
							"size": [0.23438, 0.9904, 0.32812],
							"uv": {
								"north": {"uv": [35, 70], "uv_size": [0.5, 2]},
								"east": {"uv": [56, 57], "uv_size": [1.5, 2]},
								"south": {"uv": [37, 70], "uv_size": [0.5, 2]},
								"west": {"uv": [0, 58], "uv_size": [1.5, 2]},
								"down": {"uv": [72, 15.5], "uv_size": [0.5, -1.5]}
							}
						},
						{
							"origin": [-1.18774, 2.98254, 1.80944],
							"size": [0.23438, 0.19353, 0.64062],
							"uv": {
								"north": {"uv": [35.5, 70], "uv_size": [-0.5, 2]},
								"east": {"uv": [1.5, 58], "uv_size": [-1.5, 2]},
								"south": {"uv": [37.5, 70], "uv_size": [-0.5, 2]},
								"west": {"uv": [57.5, 57], "uv_size": [-1.5, 2]},
								"down": {"uv": [72.5, 15.5], "uv_size": [-0.5, -1.5]}
							}
						},
						{
							"origin": [-1.18774, 1.99816, 1.80944],
							"size": [0.23438, 0.9904, 0.32812],
							"uv": {
								"north": {"uv": [35.5, 70], "uv_size": [-0.5, 2]},
								"east": {"uv": [1.5, 58], "uv_size": [-1.5, 2]},
								"south": {"uv": [37.5, 70], "uv_size": [-0.5, 2]},
								"west": {"uv": [57.5, 57], "uv_size": [-1.5, 2]},
								"down": {"uv": [72.5, 15.5], "uv_size": [-0.5, -1.5]}
							}
						},
						{
							"origin": [-1.18774, 1.09191, -3.06556],
							"size": [0.23438, 2.08415, 4.875],
							"uv": {
								"north": {"uv": [43, 70], "uv_size": [0.5, 2]},
								"east": {"uv": [3, 58], "uv_size": [1.5, 2]},
								"south": {"uv": [45, 70], "uv_size": [0.5, 2]},
								"west": {"uv": [39, 58], "uv_size": [1.5, 2]},
								"down": {"uv": [25, 73.5], "uv_size": [0.5, -1.5]}
							}
						},
						{
							"origin": [-1.18774, 3.16217, -3.07767],
							"size": [0.23438, 0.25, 5.64063],
							"uv": {
								"north": {"uv": [78, 40], "uv_size": [0.5, 0.5]},
								"east": {"uv": [61, 57], "uv_size": [4, 0.5]},
								"south": {"uv": [42, 78], "uv_size": [0.5, 0.5]},
								"west": {"uv": [61, 59], "uv_size": [4, 0.5]},
								"up": {"uv": [61, 61], "uv_size": [0.5, 4]},
								"down": {"uv": [16, 66], "uv_size": [0.5, -4]}
							}
						},
						{
							"origin": [-1.00222, 0.88549, 1.40625],
							"size": [1.95757, 2.56251, 0.21875],
							"uv": {
								"north": {"uv": [60, 10], "uv_size": [1.5, 2]},
								"east": {"uv": [47, 71], "uv_size": [0.5, 2]},
								"south": {"uv": [60, 13], "uv_size": [1.5, 2]},
								"west": {"uv": [8, 72], "uv_size": [0.5, 2]},
								"up": {"uv": [74, 18], "uv_size": [1.5, 0.5]},
								"down": {"uv": [74, 37.5], "uv_size": [1.5, -0.5]}
							}
						}
					]
				},
				{
					"name": "bone2",
					"parent": "scope_body",
					"pivot": [0.00304, 1.66456, -8.94662],
					"cubes": [
						{
							"origin": [0.52961, 3.0084, -14.71269],
							"size": [0.28901, 0.62611, 11.69707],
							"pivot": [0.81863, 3.63451, -8.66582],
							"rotation": [0, 0, -26],
							"uv": {
								"north": {"uv": [0, 77], "uv_size": [0.5, 0.5]},
								"east": {"uv": [41, 22], "uv_size": [10.5, 0.5]},
								"south": {"uv": [77, 0], "uv_size": [0.5, 0.5]},
								"west": {"uv": [44, 32], "uv_size": [10.5, 0.5]},
								"up": {"uv": [45, 42], "uv_size": [0.5, 10.5]},
								"down": {"uv": [0, 56.5], "uv_size": [0.5, -10.5]}
							}
						},
						{
							"origin": [-0.81863, 3.0084, -14.71269],
							"size": [1.63725, 0.62611, 11.69707],
							"uv": {
								"north": {"uv": [0, 77], "uv_size": [0.5, 0.5]},
								"east": {"uv": [41, 22], "uv_size": [10.5, 0.5]},
								"south": {"uv": [77, 0], "uv_size": [0.5, 0.5]},
								"west": {"uv": [44, 32], "uv_size": [10.5, 0.5]},
								"up": {"uv": [45, 42], "uv_size": [0.5, 10.5]},
								"down": {"uv": [0, 56.5], "uv_size": [0.5, -10.5]}
							}
						},
						{
							"origin": [-0.81863, 3.0084, -14.71269],
							"size": [0.28901, 0.62611, 11.69707],
							"pivot": [-0.81863, 3.63451, -8.66582],
							"rotation": [0, 0, 26],
							"uv": {
								"north": {"uv": [2, 77], "uv_size": [0.5, 0.5]},
								"east": {"uv": [45, 14], "uv_size": [10.5, 0.5]},
								"south": {"uv": [77, 2], "uv_size": [0.5, 0.5]},
								"west": {"uv": [45, 16], "uv_size": [10.5, 0.5]},
								"up": {"uv": [2, 46], "uv_size": [0.5, 10.5]},
								"down": {"uv": [4, 56.5], "uv_size": [0.5, -10.5]}
							}
						},
						{
							"origin": [-1.09309, 2.89879, -14.71269],
							"size": [2.18619, 0.17298, 11.69707],
							"uv": {
								"north": {"uv": [68, 22], "uv_size": [2, 0.5]},
								"east": {"uv": [45, 18], "uv_size": [10.5, 0.5]},
								"south": {"uv": [68, 24], "uv_size": [2, 0.5]},
								"west": {"uv": [45, 20], "uv_size": [10.5, 0.5]},
								"up": {"uv": [12, 0], "uv_size": [2, 10.5]},
								"down": {"uv": [12, 22.5], "uv_size": [2, -10.5]}
							}
						}
					]
				},
				{
					"name": "bone26",
					"parent": "scope_body",
					"pivot": [-0.04208, 1.00122, -12.07814],
					"cubes": [
						{
							"origin": [-1.12434, 1.25817, -15.21269],
							"size": [2.24869, 0.15736, 12.32207],
							"uv": {
								"north": {"uv": [70, 56], "uv_size": [2, 0.5]},
								"east": {"uv": [34, 24], "uv_size": [15.5, 0.5]},
								"south": {"uv": [70, 58], "uv_size": [2, 0.5]},
								"west": {"uv": [33, 34], "uv_size": [15.5, 0.5]},
								"up": {"uv": [0, 0], "uv_size": [2, 15.5]},
								"down": {"uv": [3, 15.5], "uv_size": [2, -15.5]}
							}
						},
						{
							"origin": [0.86003, 1.41442, -14.79082],
							"size": [0.26431, 0.86048, 11.80644],
							"pivot": [1.12434, 1.41442, -4.79082],
							"rotation": [0, 0, -55],
							"uv": {
								"north": {"uv": [75, 56], "uv_size": [0.5, 1]},
								"east": {"uv": [22, 8], "uv_size": [13.5, 1]},
								"south": {"uv": [75, 68], "uv_size": [0.5, 1]},
								"west": {"uv": [22, 10], "uv_size": [13.5, 1]},
								"up": {"uv": [22, 42], "uv_size": [0.5, 13.5]},
								"down": {"uv": [24, 55.5], "uv_size": [0.5, -13.5]}
							}
						},
						{
							"origin": [-1.12434, 1.41442, -14.79082],
							"size": [0.26431, 0.86048, 11.72832],
							"pivot": [-1.12434, 1.41442, -4.79082],
							"rotation": [0, 0, 55],
							"uv": {
								"north": {"uv": [70, 75], "uv_size": [0.5, 1]},
								"east": {"uv": [22, 12], "uv_size": [13.5, 1]},
								"south": {"uv": [75, 70], "uv_size": [0.5, 1]},
								"west": {"uv": [22, 14], "uv_size": [13.5, 1]},
								"up": {"uv": [26, 42], "uv_size": [0.5, 13.5]},
								"down": {"uv": [28, 55.5], "uv_size": [0.5, -13.5]}
							}
						},
						{
							"origin": [0.81316, 1.25817, -15.21269],
							"size": [0.31119, 0.15736, 12.32207],
							"pivot": [1.12434, 1.25817, -4.79082],
							"rotation": [0, 0, -42],
							"uv": {
								"east": {"uv": [21, 26], "uv_size": [16, 0.5]},
								"south": {"uv": [57, 78], "uv_size": [0.5, 0.5]},
								"west": {"uv": [21, 28], "uv_size": [16, 0.5]},
								"up": {"uv": [6, 27], "uv_size": [0.5, 16]},
								"down": {"uv": [8, 43], "uv_size": [0.5, -16]}
							}
						},
						{
							"origin": [-1.12434, 1.25817, -15.21269],
							"size": [0.31119, 0.15736, 12.32207],
							"pivot": [-1.12434, 1.25817, -4.79082],
							"rotation": [0, 0, 42],
							"uv": {
								"east": {"uv": [15, 30], "uv_size": [16, 0.5]},
								"south": {"uv": [78, 57], "uv_size": [0.5, 0.5]},
								"west": {"uv": [10, 32], "uv_size": [16, 0.5]},
								"up": {"uv": [0, 29], "uv_size": [0.5, 16]},
								"down": {"uv": [2, 45], "uv_size": [0.5, -16]}
							}
						},
						{
							"origin": [0.48815, 1.04994, -15.21269],
							"size": [0.40494, 0.15736, 12.32207],
							"pivot": [0.89309, 1.04994, -4.79082],
							"rotation": [0, 0, -27],
							"uv": {
								"east": {"uv": [27, 32], "uv_size": [16, 0.5]},
								"south": {"uv": [59, 78], "uv_size": [0.5, 0.5]},
								"west": {"uv": [32, 30], "uv_size": [16, 0.5]},
								"up": {"uv": [4, 29], "uv_size": [0.5, 16]},
								"down": {"uv": [10, 50], "uv_size": [0.5, -16]}
							}
						},
						{
							"origin": [-0.89309, 1.04994, -15.21269],
							"size": [0.40494, 0.15736, 12.32207],
							"pivot": [-0.89309, 1.04994, -4.79082],
							"rotation": [0, 0, 27],
							"uv": {
								"east": {"uv": [34, 2], "uv_size": [16, 0.5]},
								"south": {"uv": [78, 59], "uv_size": [0.5, 0.5]},
								"west": {"uv": [34, 4], "uv_size": [16, 0.5]},
								"up": {"uv": [12, 34], "uv_size": [0.5, 16]},
								"down": {"uv": [14, 50], "uv_size": [0.5, -16]}
							}
						},
						{
							"origin": [-0.53228, 0.8661, -15.21269],
							"size": [1.06457, 0.15736, 12.13457],
							"uv": {
								"east": {"uv": [34, 6], "uv_size": [16, 0.5]},
								"west": {"uv": [16, 34], "uv_size": [16, 0.5]},
								"up": {"uv": [18, 8], "uv_size": [1, 16]},
								"down": {"uv": [20, 24], "uv_size": [1, -16]}
							}
						},
						{
							"origin": [-0.63758, 3.15647, -15.43144],
							"size": [1.27516, 0.50111, 0.2375],
							"uv": {
								"north": {"uv": [76, 62.5], "uv_size": [1, -0.5]},
								"down": {"uv": [77, 62], "uv_size": [-1, 0.5]}
							}
						},
						{
							"origin": [-1.07651, 3.01951, -15.43144],
							"size": [0.48306, 0.45423, 0.2375],
							"pivot": [-0.99839, 3.47374, -4.82207],
							"rotation": [0, 0, -27],
							"uv": {
								"north": {"uv": [86.5, 60.5], "uv_size": [-0.5, -0.5]},
								"down": {"uv": [86, 60], "uv_size": [0.5, 0.5]}
							}
						},
						{
							"origin": [0.59345, 3.01951, -15.43144],
							"size": [0.48306, 0.45423, 0.2375],
							"pivot": [0.99839, 3.47374, -4.82207],
							"rotation": [0, 0, 27],
							"uv": {
								"north": {"uv": [86, 60.5], "uv_size": [0.5, -0.5]},
								"down": {"uv": [86, 64.5], "uv_size": [0.5, -0.5]}
							}
						},
						{
							"origin": [-1.07651, 1.05707, -15.43144],
							"size": [0.48306, 0.45423, 0.2375],
							"pivot": [-0.99839, 1.05707, -4.82207],
							"rotation": [0, 0, 27],
							"uv": {
								"north": {"uv": [86.5, 60], "uv_size": [-0.5, 0.5]},
								"south": {"uv": [86.5, 62], "uv_size": [-0.5, 0.5]},
								"up": {"uv": [86.5, 64], "uv_size": [-0.5, 0.5]},
								"down": {"uv": [66.5, 86.5], "uv_size": [-0.5, -0.5]}
							}
						},
						{
							"origin": [-0.63758, 0.87323, -15.43144],
							"size": [1.27516, 0.50111, 0.2375],
							"uv": {
								"north": {"uv": [76, 62], "uv_size": [1, 0.5]},
								"south": {"uv": [76, 62], "uv_size": [1, 0.5]},
								"up": {"uv": [77, 62.5], "uv_size": [-1, -0.5]},
								"down": {"uv": [77, 62.5], "uv_size": [-1, -0.5]}
							}
						},
						{
							"origin": [0.59345, 1.05707, -15.43144],
							"size": [0.48306, 0.45423, 0.2375],
							"pivot": [0.99839, 1.05707, -4.82207],
							"rotation": [0, 0, -27],
							"uv": {
								"north": {"uv": [86, 60], "uv_size": [0.5, 0.5]},
								"south": {"uv": [86, 62], "uv_size": [0.5, 0.5]},
								"up": {"uv": [86, 64], "uv_size": [0.5, 0.5]},
								"down": {"uv": [66, 86.5], "uv_size": [0.5, -0.5]}
							}
						},
						{
							"origin": [-1.06799, 1.09253, -15.43144],
							"size": [0.36013, 2.34574, 0.2375],
							"uv": {
								"north": {"uv": [86, 40.5], "uv_size": [0.5, -0.5]},
								"west": {"uv": [86, 42.5], "uv_size": [0.5, -0.5]}
							}
						},
						{
							"origin": [0.70786, 1.09253, -15.43144],
							"size": [0.36013, 2.34574, 0.2375],
							"uv": {
								"north": {"uv": [86.5, 40.5], "uv_size": [-0.5, -0.5]},
								"east": {"uv": [86.5, 42.5], "uv_size": [-0.5, -0.5]}
							}
						},
						{
							"origin": [-1.07747, 1.77379, -14.88457],
							"size": [2.15494, 0.93861, 11.86894],
							"uv": {
								"north": {"uv": [60, 40], "uv_size": [2, 1]},
								"east": {"uv": [22, 24], "uv_size": [10.5, 1]},
								"south": {"uv": [56, 60], "uv_size": [2, 1]},
								"west": {"uv": [25, 16], "uv_size": [10.5, 1]},
								"up": {"uv": [15, 0], "uv_size": [2, 10.5]},
								"down": {"uv": [6, 25.5], "uv_size": [2, -10.5]}
							}
						},
						{
							"origin": [0.30249, 1.68467, -14.88457],
							"size": [0.62369, 0.17298, 11.86894],
							"pivot": [0.92617, 1.85765, -8.41582],
							"rotation": [0, 0, -61],
							"uv": {
								"north": {"uv": [6, 77], "uv_size": [0.5, 0.5]},
								"east": {"uv": [47, 44], "uv_size": [10.5, 0.5]},
								"south": {"uv": [8, 77], "uv_size": [0.5, 0.5]},
								"west": {"uv": [47, 46], "uv_size": [10.5, 0.5]},
								"up": {"uv": [6, 48], "uv_size": [0.5, 10.5]},
								"down": {"uv": [8, 58.5], "uv_size": [0.5, -10.5]}
							}
						},
						{
							"origin": [-0.92617, 1.68467, -14.88457],
							"size": [0.62369, 0.17298, 11.86894],
							"pivot": [-0.92617, 1.85765, -8.41582],
							"rotation": [0, 0, 61],
							"uv": {
								"north": {"uv": [14, 77], "uv_size": [0.5, 0.5]},
								"east": {"uv": [48, 10], "uv_size": [10.5, 0.5]},
								"south": {"uv": [16, 77], "uv_size": [0.5, 0.5]},
								"west": {"uv": [48, 12], "uv_size": [10.5, 0.5]},
								"up": {"uv": [47, 48], "uv_size": [0.5, 10.5]},
								"down": {"uv": [43, 59.5], "uv_size": [0.5, -10.5]}
							}
						}
					]
				},
				{
					"name": "bone27",
					"parent": "scope_body",
					"pivot": [0, 0.82166, -11.91406]
				},
				{
					"name": "bone28",
					"parent": "bone27",
					"pivot": [-0.78149, 1.87919, -18.89062],
					"cubes": [
						{
							"origin": [-1.18774, 0.5556, -15.518],
							"size": [0.23438, 0.62047, 0.72113],
							"uv": {
								"east": {"uv": [79, 4], "uv_size": [0.5, 0.5]},
								"west": {"uv": [6, 79], "uv_size": [0.5, 0.5]}
							}
						},
						{
							"origin": [-1.18774, 1.10247, -15.84613],
							"size": [0.23438, 0.62047, 0.72113],
							"uv": {
								"east": {"uv": [16, 79], "uv_size": [0.5, 0.5]},
								"west": {"uv": [18, 79], "uv_size": [0.5, 0.5]}
							}
						},
						{
							"origin": [0.96899, 1.96185, -16.37738],
							"size": [0.23438, 1.21422, 1.43988],
							"uv": {
								"north": {"uv": [51.5, 227.5], "uv_size": [1, 1]},
								"east": {"uv": [51.5, 227.5], "uv_size": [1, 1]},
								"south": {"uv": [51.5, 227.5], "uv_size": [1, 1]},
								"west": {"uv": [6.5, 250.5], "uv_size": [53.5, 41]},
								"up": {"uv": [52.5, 228.5], "uv_size": [-1, -1]},
								"down": {"uv": [52.5, 228.5], "uv_size": [-1, -1]}
							}
						},
						{
							"origin": [0.95336, 3.17606, -17.10937],
							"size": [0.23438, 0.25, 14.03125],
							"uv": {
								"north": {"uv": [46, 79], "uv_size": [0.5, 0.5]},
								"east": {"uv": [16, 36], "uv_size": [14, 0.5]},
								"south": {"uv": [79, 46], "uv_size": [0.5, 0.5]},
								"west": {"uv": [31, 36], "uv_size": [14, 0.5]}
							}
						},
						{
							"origin": [-1.18774, 3.17606, -17.10937],
							"size": [0.23438, 0.25, 14.03125],
							"uv": {
								"north": {"uv": [38, 0], "uv_size": [14, 0.5]},
								"east": {"uv": [38, 0], "uv_size": [14, 0.5]},
								"south": {"uv": [38, 0], "uv_size": [14, 0.5]},
								"west": {"uv": [38, 0], "uv_size": [14, 0.5]}
							}
						},
						{
							"origin": [-1.18774, -0.98019, -17.10937],
							"size": [0.23438, 4.15625, 0.3125],
							"pivot": [-1.18774, 3.17606, -17.10937],
							"rotation": [31, 0, 0],
							"uv": {
								"north": {"uv": [26, 62], "uv_size": [0.5, 4]},
								"east": {"uv": [30, 62], "uv_size": [0.5, 4]},
								"west": {"uv": [34, 62], "uv_size": [0.5, 4]},
								"down": {"uv": [54, 79.5], "uv_size": [0.5, -0.5]}
							}
						},
						{
							"origin": [-1.18774, 2.57122, -16.73675],
							"size": [0.23438, 0.60484, 0.5805],
							"uv": {
								"east": {"uv": [79, 67], "uv_size": [0.5, 0.5]},
								"west": {"uv": [69, 79], "uv_size": [0.5, 0.5]}
							}
						},
						{
							"origin": [-1.18774, 1.96185, -16.37738],
							"size": [0.23438, 1.21422, 0.81488],
							"uv": {
								"east": {"uv": [56, 70], "uv_size": [1, 1]},
								"west": {"uv": [70, 68], "uv_size": [1, 1]}
							}
						},
						{
							"origin": [-1.18774, 1.6181, -16.03363],
							"size": [0.23438, 1.55797, 0.768],
							"uv": {
								"east": {"uv": [65, 61], "uv_size": [1, 1.5]},
								"west": {"uv": [65, 64], "uv_size": [1, 1.5]}
							}
						},
						{
							"origin": [-1.18774, 0.22747, -15.268],
							"size": [0.23438, 2.94859, 0.29925],
							"uv": {
								"east": {"uv": [66, 14], "uv_size": [0.5, 3]},
								"west": {"uv": [66, 18], "uv_size": [0.5, 3]}
							}
						},
						{
							"origin": [-1.18774, -0.22559, -14.97113],
							"size": [0.23438, 3.40165, 0.27025],
							"uv": {
								"east": {"uv": [47, 63], "uv_size": [0.5, 3.5]},
								"south": {"uv": [63, 52], "uv_size": [0.5, 3.5]},
								"west": {"uv": [63, 61], "uv_size": [0.5, 3.5]}
							}
						},
						{
							"origin": [0.95336, -0.98019, -17.10937],
							"size": [0.23438, 4.15625, 0.3125],
							"pivot": [1.18774, 3.17606, -17.10937],
							"rotation": [31, 0, 0],
							"uv": {
								"north": {"uv": [26.5, 62], "uv_size": [-0.5, 4]},
								"east": {"uv": [34.5, 62], "uv_size": [-0.5, 4]},
								"west": {"uv": [30.5, 62], "uv_size": [-0.5, 4]},
								"down": {"uv": [54.5, 79.5], "uv_size": [-0.5, -0.5]}
							}
						},
						{
							"origin": [0.95336, -0.22559, -14.97113],
							"size": [0.23438, 3.40165, 0.27025],
							"uv": {
								"east": {"uv": [63.5, 61], "uv_size": [-0.5, 3.5]},
								"south": {"uv": [63.5, 52], "uv_size": [-0.5, 3.5]},
								"west": {"uv": [47.5, 63], "uv_size": [-0.5, 3.5]}
							}
						},
						{
							"origin": [0.95336, 0.5556, -15.518],
							"size": [0.23438, 0.62047, 0.72113],
							"uv": {
								"east": {"uv": [6.5, 79], "uv_size": [-0.5, 0.5]},
								"west": {"uv": [79.5, 4], "uv_size": [-0.5, 0.5]}
							}
						},
						{
							"origin": [0.95336, 0.22747, -15.268],
							"size": [0.23438, 2.94859, 0.29925],
							"uv": {
								"east": {"uv": [66.5, 18], "uv_size": [-0.5, 3]},
								"west": {"uv": [66.5, 14], "uv_size": [-0.5, 3]}
							}
						},
						{
							"origin": [0.95336, 1.10247, -15.84613],
							"size": [0.23438, 0.62047, 0.72113],
							"uv": {
								"east": {"uv": [18.5, 79], "uv_size": [-0.5, 0.5]},
								"west": {"uv": [16.5, 79], "uv_size": [-0.5, 0.5]}
							}
						},
						{
							"origin": [0.95336, 1.6181, -16.03363],
							"size": [0.23438, 1.55797, 0.768],
							"uv": {
								"east": {"uv": [66, 64], "uv_size": [-1, 1.5]},
								"west": {"uv": [66, 61], "uv_size": [-1, 1.5]}
							}
						},
						{
							"origin": [0.95336, 1.96185, -16.37738],
							"size": [0.23438, 1.21422, 0.81488],
							"uv": {
								"east": {"uv": [71, 68], "uv_size": [-1, 1]},
								"west": {"uv": [57, 70], "uv_size": [-1, 1]}
							}
						},
						{
							"origin": [0.95336, 2.57122, -16.73675],
							"size": [0.23438, 0.60484, 0.5805],
							"uv": {
								"east": {"uv": [69.5, 79], "uv_size": [-0.5, 0.5]},
								"west": {"uv": [79.5, 67], "uv_size": [-0.5, 0.5]}
							}
						},
						{
							"origin": [1.07836, 1.67996, -14.72781],
							"size": [0.10938, 0.16029, 9.71949],
							"uv": {
								"east": {"uv": [63, 2], "uv_size": [4, 0.5]},
								"west": {"uv": [63, 4], "uv_size": [4, 0.5]},
								"up": {"uv": [63, 6], "uv_size": [0.5, 4]},
								"down": {"uv": [10, 67], "uv_size": [0.5, -4]}
							}
						},
						{
							"origin": [1.10961, 1.89719, -9.02623],
							"size": [0.07813, 1.7454, 0.19212],
							"pivot": [1.18774, 1.89719, -8.83411],
							"rotation": [38, 0, 0],
							"uv": {
								"north": {"uv": [73.5, 47], "uv_size": [-0.5, 1.5]},
								"east": {"uv": [60.5, 73], "uv_size": [-0.5, 1.5]},
								"south": {"uv": [58.5, 73], "uv_size": [-0.5, 1.5]},
								"west": {"uv": [73.5, 56], "uv_size": [-0.5, 1.5]},
								"up": {"uv": [80.5, 14], "uv_size": [-0.5, 0.5]},
								"down": {"uv": [80.5, 16.5], "uv_size": [-0.5, -0.5]}
							}
						},
						{
							"origin": [1.10961, 2.14945, -10.16537],
							"size": [0.07813, 1.7454, 0.19212],
							"pivot": [1.18774, -0.16305, -10.2435],
							"rotation": [-31, 0, 0],
							"uv": {
								"north": {"uv": [72.5, 72], "uv_size": [-0.5, 1.5]},
								"east": {"uv": [27.5, 73], "uv_size": [-0.5, 1.5]},
								"south": {"uv": [12.5, 73], "uv_size": [-0.5, 1.5]},
								"west": {"uv": [10.5, 73], "uv_size": [-0.5, 1.5]},
								"up": {"uv": [80.5, 8], "uv_size": [-0.5, 0.5]},
								"down": {"uv": [10.5, 80.5], "uv_size": [-0.5, -0.5]}
							}
						},
						{
							"origin": [1.10961, 1.89719, -7.02623],
							"size": [0.07813, 1.7454, 0.19212],
							"pivot": [1.18774, 1.89719, -6.83411],
							"rotation": [38, 0, 0],
							"uv": {
								"north": {"uv": [73.5, 47], "uv_size": [-0.5, 1.5]},
								"east": {"uv": [60.5, 73], "uv_size": [-0.5, 1.5]},
								"south": {"uv": [58.5, 73], "uv_size": [-0.5, 1.5]},
								"west": {"uv": [73.5, 56], "uv_size": [-0.5, 1.5]},
								"up": {"uv": [80.5, 14], "uv_size": [-0.5, 0.5]},
								"down": {"uv": [80.5, 16.5], "uv_size": [-0.5, -0.5]}
							}
						},
						{
							"origin": [1.10961, 2.14945, -8.16537],
							"size": [0.07813, 1.7454, 0.19212],
							"pivot": [1.18774, -0.16305, -8.2435],
							"rotation": [-31, 0, 0],
							"uv": {
								"north": {"uv": [72.5, 72], "uv_size": [-0.5, 1.5]},
								"east": {"uv": [27.5, 73], "uv_size": [-0.5, 1.5]},
								"south": {"uv": [12.5, 73], "uv_size": [-0.5, 1.5]},
								"west": {"uv": [10.5, 73], "uv_size": [-0.5, 1.5]},
								"up": {"uv": [80.5, 8], "uv_size": [-0.5, 0.5]},
								"down": {"uv": [10.5, 80.5], "uv_size": [-0.5, -0.5]}
							}
						},
						{
							"origin": [1.10961, 2.14945, -12.13412],
							"size": [0.07813, 1.7454, 0.19212],
							"pivot": [1.18774, -0.16305, -12.21225],
							"rotation": [-31, 0, 0],
							"uv": {
								"north": {"uv": [73, 69], "uv_size": [0.5, 1.5]},
								"east": {"uv": [0, 74], "uv_size": [0.5, 1.5]},
								"south": {"uv": [2, 74], "uv_size": [0.5, 1.5]},
								"west": {"uv": [4, 74], "uv_size": [0.5, 1.5]},
								"up": {"uv": [26, 80], "uv_size": [0.5, 0.5]},
								"down": {"uv": [80, 26.5], "uv_size": [0.5, -0.5]}
							}
						},
						{
							"origin": [1.07836, 2.14945, -6.35287],
							"size": [0.10938, 0.71415, 0.19212],
							"pivot": [1.18774, -0.16305, -6.431],
							"rotation": [-31, 0, 0],
							"uv": {
								"north": {"uv": [73, 69], "uv_size": [0.5, 1.5]},
								"east": {"uv": [0, 74], "uv_size": [0.5, 1.5]},
								"south": {"uv": [2, 74], "uv_size": [0.5, 1.5]},
								"west": {"uv": [4, 74], "uv_size": [0.5, 1.5]}
							}
						},
						{
							"origin": [1.25024, 1.69632, -5.64975],
							"size": [0.125, 0.13603, 0.19212],
							"uv": {
								"north": {"uv": [73, 69], "uv_size": [0.5, 1.5]},
								"east": {"uv": [0, 74], "uv_size": [0.5, 1.5]},
								"south": {"uv": [2, 74], "uv_size": [0.5, 1.5]},
								"west": {"uv": [4, 74], "uv_size": [0.5, 1.5]},
								"up": {"uv": [26, 80], "uv_size": [0.5, 0.5]},
								"down": {"uv": [80, 26.5], "uv_size": [0.5, -0.5]}
							}
						},
						{
							"origin": [1.25024, 1.69632, -5.45762],
							"size": [0.125, 0.13603, 0.27025],
							"pivot": [1.37524, 1.69632, -5.45762],
							"rotation": [0, -48, 0],
							"uv": {
								"north": {"uv": [73, 69], "uv_size": [0.5, 1.5]},
								"east": {"uv": [0, 74], "uv_size": [0.5, 1.5]},
								"south": {"uv": [2, 74], "uv_size": [0.5, 1.5]},
								"west": {"uv": [4, 74], "uv_size": [0.5, 1.5]},
								"up": {"uv": [26, 80], "uv_size": [0.5, 0.5]},
								"down": {"uv": [80, 26.5], "uv_size": [0.5, -0.5]}
							}
						},
						{
							"origin": [1.04941, 1.69632, -5.83058],
							"size": [0.125, 0.13603, 0.27025],
							"pivot": [1.17441, 1.69632, -5.83058],
							"rotation": [0, 48, 0],
							"uv": {
								"north": {"uv": [73, 69], "uv_size": [0.5, 1.5]},
								"east": {"uv": [0, 74], "uv_size": [0.5, 1.5]},
								"south": {"uv": [2, 74], "uv_size": [0.5, 1.5]},
								"west": {"uv": [4, 74], "uv_size": [0.5, 1.5]},
								"up": {"uv": [26, 80], "uv_size": [0.5, 0.5]},
								"down": {"uv": [80, 26.5], "uv_size": [0.5, -0.5]}
							}
						},
						{
							"origin": [1.10961, 1.89719, -10.99498],
							"size": [0.07813, 1.7454, 0.19212],
							"pivot": [1.18774, 1.89719, -10.80286],
							"rotation": [38, 0, 0],
							"uv": {
								"north": {"uv": [74, 15], "uv_size": [0.5, 1.5]},
								"east": {"uv": [74, 22], "uv_size": [0.5, 1.5]},
								"south": {"uv": [74, 25], "uv_size": [0.5, 1.5]},
								"west": {"uv": [74, 28], "uv_size": [0.5, 1.5]},
								"up": {"uv": [38, 80], "uv_size": [0.5, 0.5]},
								"down": {"uv": [40, 80.5], "uv_size": [0.5, -0.5]}
							}
						},
						{
							"origin": [1.10961, 2.14945, -14.19662],
							"size": [0.07813, 1.7454, 0.19212],
							"pivot": [1.18774, -0.16305, -14.27475],
							"rotation": [-31, 0, 0],
							"uv": {
								"north": {"uv": [31, 74], "uv_size": [0.5, 1.5]},
								"east": {"uv": [74, 31], "uv_size": [0.5, 1.5]},
								"south": {"uv": [74, 34], "uv_size": [0.5, 1.5]},
								"west": {"uv": [74, 41], "uv_size": [0.5, 1.5]},
								"up": {"uv": [80, 40], "uv_size": [0.5, 0.5]}
							}
						},
						{
							"origin": [1.10961, 1.89719, -13.07311],
							"size": [0.07813, 1.7454, 0.19212],
							"pivot": [1.18774, 1.89719, -12.88099],
							"rotation": [38, 0, 0],
							"uv": {
								"north": {"uv": [74, 44], "uv_size": [0.5, 1.5]},
								"east": {"uv": [47, 74], "uv_size": [0.5, 1.5]},
								"south": {"uv": [74, 50], "uv_size": [0.5, 1.5]},
								"west": {"uv": [51, 74], "uv_size": [0.5, 1.5]},
								"up": {"uv": [42, 80], "uv_size": [0.5, 0.5]},
								"down": {"uv": [80, 42.5], "uv_size": [0.5, -0.5]}
							}
						},
						{
							"origin": [1.10961, 2.14945, -16.181],
							"size": [0.07813, 1.7454, 0.19212],
							"pivot": [1.18774, -0.16305, -16.25912],
							"rotation": [-31, 0, 0],
							"uv": {
								"north": {"uv": [74, 53], "uv_size": [0.5, 1.5]},
								"east": {"uv": [74, 59], "uv_size": [0.5, 1.5]},
								"south": {"uv": [74, 62], "uv_size": [0.5, 1.5]},
								"west": {"uv": [74, 65], "uv_size": [0.5, 1.5]}
							}
						},
						{
							"origin": [-1.18774, 2.14945, -16.181],
							"size": [0.07813, 1.7454, 0.19212],
							"pivot": [-1.18774, -0.16305, -16.25912],
							"rotation": [-31, 0, 0],
							"uv": {
								"north": {"uv": [74.5, 53], "uv_size": [-0.5, 1.5]},
								"east": {"uv": [74.5, 65], "uv_size": [-0.5, 1.5]},
								"south": {"uv": [74.5, 62], "uv_size": [-0.5, 1.5]},
								"west": {"uv": [74.5, 59], "uv_size": [-0.5, 1.5]},
								"up": {"uv": [44.5, 80], "uv_size": [-0.5, 0.5]},
								"down": {"uv": [80.5, 44.5], "uv_size": [-0.5, -0.5]}
							}
						},
						{
							"origin": [-1.18774, 1.67996, -14.72781],
							"size": [0.10938, 0.16029, 9.71949],
							"uv": {
								"east": {"uv": [67, 4], "uv_size": [-4, 0.5]},
								"south": {"uv": [16.5, 87], "uv_size": [-0.5, 0.5]},
								"west": {"uv": [67, 2], "uv_size": [-4, 0.5]},
								"up": {"uv": [63.5, 6], "uv_size": [-0.5, 4]},
								"down": {"uv": [10.5, 67], "uv_size": [-0.5, -4]}
							}
						},
						{
							"origin": [-1.18774, 1.89719, -13.07311],
							"size": [0.07813, 1.7454, 0.19212],
							"pivot": [-1.18774, 1.89719, -12.88099],
							"rotation": [38, 0, 0],
							"uv": {
								"north": {"uv": [74.5, 44], "uv_size": [-0.5, 1.5]},
								"east": {"uv": [51.5, 74], "uv_size": [-0.5, 1.5]},
								"south": {"uv": [74.5, 50], "uv_size": [-0.5, 1.5]},
								"west": {"uv": [47.5, 74], "uv_size": [-0.5, 1.5]},
								"up": {"uv": [42.5, 80], "uv_size": [-0.5, 0.5]},
								"down": {"uv": [80.5, 42.5], "uv_size": [-0.5, -0.5]}
							}
						},
						{
							"origin": [-1.18774, 2.14945, -14.19662],
							"size": [0.07813, 1.7454, 0.19212],
							"pivot": [-1.18774, -0.16305, -14.27475],
							"rotation": [-31, 0, 0],
							"uv": {
								"north": {"uv": [31.5, 74], "uv_size": [-0.5, 1.5]},
								"east": {"uv": [74.5, 41], "uv_size": [-0.5, 1.5]},
								"south": {"uv": [74.5, 34], "uv_size": [-0.5, 1.5]},
								"west": {"uv": [74.5, 31], "uv_size": [-0.5, 1.5]},
								"up": {"uv": [80.5, 40], "uv_size": [-0.5, 0.5]}
							}
						},
						{
							"origin": [-1.18774, 1.89719, -10.99498],
							"size": [0.07813, 1.7454, 0.19212],
							"pivot": [-1.18774, 1.89719, -10.80286],
							"rotation": [38, 0, 0],
							"uv": {
								"north": {"uv": [74.5, 15], "uv_size": [-0.5, 1.5]},
								"east": {"uv": [74.5, 28], "uv_size": [-0.5, 1.5]},
								"south": {"uv": [74.5, 25], "uv_size": [-0.5, 1.5]},
								"west": {"uv": [74.5, 22], "uv_size": [-0.5, 1.5]},
								"up": {"uv": [38.5, 80], "uv_size": [-0.5, 0.5]},
								"down": {"uv": [40.5, 80.5], "uv_size": [-0.5, -0.5]}
							}
						},
						{
							"origin": [-1.18774, 2.14945, -12.13412],
							"size": [0.07813, 1.7454, 0.19212],
							"pivot": [-1.18774, -0.16305, -12.21225],
							"rotation": [-31, 0, 0],
							"uv": {
								"north": {"uv": [73.5, 69], "uv_size": [-0.5, 1.5]},
								"east": {"uv": [4.5, 74], "uv_size": [-0.5, 1.5]},
								"south": {"uv": [2.5, 74], "uv_size": [-0.5, 1.5]},
								"west": {"uv": [0.5, 74], "uv_size": [-0.5, 1.5]},
								"up": {"uv": [26.5, 80], "uv_size": [-0.5, 0.5]},
								"down": {"uv": [80.5, 26.5], "uv_size": [-0.5, -0.5]}
							}
						},
						{
							"origin": [-1.18774, 1.89719, -9.02623],
							"size": [0.07813, 1.7454, 0.19212],
							"pivot": [-1.18774, 1.89719, -8.83411],
							"rotation": [38, 0, 0],
							"uv": {
								"north": {"uv": [73, 47], "uv_size": [0.5, 1.5]},
								"east": {"uv": [73, 56], "uv_size": [0.5, 1.5]},
								"south": {"uv": [58, 73], "uv_size": [0.5, 1.5]},
								"west": {"uv": [60, 73], "uv_size": [0.5, 1.5]},
								"up": {"uv": [80, 14], "uv_size": [0.5, 0.5]},
								"down": {"uv": [80, 16.5], "uv_size": [0.5, -0.5]}
							}
						},
						{
							"origin": [-1.18774, 2.14945, -10.16537],
							"size": [0.07813, 1.7454, 0.19212],
							"pivot": [-1.18774, -0.16305, -10.2435],
							"rotation": [-31, 0, 0],
							"uv": {
								"north": {"uv": [72, 72], "uv_size": [0.5, 1.5]},
								"east": {"uv": [10, 73], "uv_size": [0.5, 1.5]},
								"south": {"uv": [12, 73], "uv_size": [0.5, 1.5]},
								"west": {"uv": [27, 73], "uv_size": [0.5, 1.5]},
								"up": {"uv": [80, 8], "uv_size": [0.5, 0.5]},
								"down": {"uv": [10, 80.5], "uv_size": [0.5, -0.5]}
							}
						},
						{
							"origin": [-1.18774, 1.89719, -7.02623],
							"size": [0.07813, 1.7454, 0.19212],
							"pivot": [-1.18774, 1.89719, -6.83411],
							"rotation": [38, 0, 0],
							"uv": {
								"north": {"uv": [73, 47], "uv_size": [0.5, 1.5]},
								"east": {"uv": [73, 56], "uv_size": [0.5, 1.5]},
								"south": {"uv": [58, 73], "uv_size": [0.5, 1.5]},
								"west": {"uv": [60, 73], "uv_size": [0.5, 1.5]},
								"up": {"uv": [80, 14], "uv_size": [0.5, 0.5]},
								"down": {"uv": [80, 16.5], "uv_size": [0.5, -0.5]}
							}
						},
						{
							"origin": [-1.18774, 2.14945, -8.16537],
							"size": [0.07813, 1.7454, 0.19212],
							"pivot": [-1.18774, -0.16305, -8.2435],
							"rotation": [-31, 0, 0],
							"uv": {
								"north": {"uv": [72, 72], "uv_size": [0.5, 1.5]},
								"east": {"uv": [10, 73], "uv_size": [0.5, 1.5]},
								"south": {"uv": [12, 73], "uv_size": [0.5, 1.5]},
								"west": {"uv": [27, 73], "uv_size": [0.5, 1.5]},
								"up": {"uv": [80, 8], "uv_size": [0.5, 0.5]},
								"down": {"uv": [10, 80.5], "uv_size": [0.5, -0.5]}
							}
						},
						{
							"origin": [-1.18774, 2.14945, -6.35287],
							"size": [0.10938, 0.71415, 0.19212],
							"pivot": [-1.18774, -0.16305, -6.431],
							"rotation": [-31, 0, 0],
							"uv": {
								"north": {"uv": [73.5, 69], "uv_size": [-0.5, 1.5]},
								"east": {"uv": [4.5, 74], "uv_size": [-0.5, 1.5]},
								"south": {"uv": [2.5, 74], "uv_size": [-0.5, 1.5]},
								"west": {"uv": [0.5, 74], "uv_size": [-0.5, 1.5]},
								"up": {"uv": [26.5, 80], "uv_size": [-0.5, 0.5]},
								"down": {"uv": [80.5, 26.5], "uv_size": [-0.5, -0.5]}
							}
						},
						{
							"origin": [0.89063, 3.51563, -17.10937],
							"size": [0.40625, 0.1875, 14.03125],
							"pivot": [0.89063, 3.70312, -17.10937],
							"rotation": [0, 0, 43],
							"uv": {
								"north": {"uv": [80, 48], "uv_size": [0.5, 0.5]},
								"south": {"uv": [80, 50], "uv_size": [0.5, 0.5]},
								"up": {"uv": [37, 38], "uv_size": [0.5, 14]},
								"down": {"uv": [39, 22], "uv_size": [0.5, -14]}
							}
						},
						{
							"origin": [-0.89063, 3.51563, -17.10937],
							"size": [1.78125, 0.1875, 14.03125],
							"uv": {
								"north": {"uv": [70, 70], "uv_size": [2, 0.5]},
								"up": {"uv": [6, 0], "uv_size": [2, 14]},
								"down": {"uv": [9, 14], "uv_size": [2, -14]}
							}
						},
						{
							"origin": [-1.29688, 3.51563, -17.10937],
							"size": [0.40625, 0.1875, 14.03125],
							"pivot": [-0.89062, 3.70312, -17.10937],
							"rotation": [0, 0, -43],
							"uv": {
								"north": {"uv": [80, 52], "uv_size": [0.5, 0.5]},
								"south": {"uv": [56, 80], "uv_size": [0.5, 0.5]},
								"up": {"uv": [18, 42], "uv_size": [0.5, 14]},
								"down": {"uv": [20, 56], "uv_size": [0.5, -14]}
							}
						}
					]
				},
				{
					"name": "bone29",
					"parent": "bone28",
					"pivot": [1.18774, -1.45992, -5.681],
					"cubes": [
						{
							"origin": [1.07836, 2.19629, -3.72337],
							"size": [0.10938, 0.97978, 0.19212],
							"uv": {
								"north": {"uv": [76, 32], "uv_size": [0.5, 1]},
								"east": {"uv": [33, 76], "uv_size": [0.5, 1]},
								"south": {"uv": [76, 34], "uv_size": [0.5, 1]},
								"west": {"uv": [35, 76], "uv_size": [0.5, 1]},
								"down": {"uv": [28, 80.5], "uv_size": [0.5, -0.5]}
							}
						},
						{
							"origin": [1.07836, 0.60073, -3.69677],
							"size": [0.10938, 1.21415, 0.19212],
							"pivot": [1.18774, 2.12276, -3.41549],
							"rotation": [-90, 0, 0],
							"uv": {
								"north": {"uv": [37, 76], "uv_size": [0.5, 1]},
								"east": {"uv": [39, 76], "uv_size": [0.5, 1]},
								"south": {"uv": [41, 76], "uv_size": [0.5, 1]},
								"west": {"uv": [76, 41], "uv_size": [0.5, 1]},
								"down": {"uv": [80, 28.5], "uv_size": [0.5, -0.5]}
							}
						},
						{
							"origin": [1.09399, 1.99214, -5.85233],
							"size": [0.09375, 1.4329, 0.19212],
							"pivot": [1.18774, 3.2063, -5.66021],
							"rotation": [45, 0, 0],
							"uv": {
								"north": {"uv": [6, 74], "uv_size": [0.5, 1.5]},
								"east": {"uv": [74, 6], "uv_size": [0.5, 1.5]},
								"south": {"uv": [74, 9], "uv_size": [0.5, 1.5]},
								"west": {"uv": [74, 12], "uv_size": [0.5, 1.5]},
								"down": {"uv": [80, 30.5], "uv_size": [0.5, -0.5]}
							}
						},
						{
							"origin": [1.07836, 3.57132, -5.60287],
							"size": [0.10938, 0.32353, 0.19212],
							"pivot": [1.18774, -0.16305, -5.681],
							"rotation": [-31, 0, 0],
							"uv": {
								"north": {"uv": [32, 80], "uv_size": [0.5, 0.5]},
								"east": {"uv": [80, 32], "uv_size": [0.5, 0.5]},
								"south": {"uv": [34, 80], "uv_size": [0.5, 0.5]},
								"west": {"uv": [80, 34], "uv_size": [0.5, 0.5]},
								"up": {"uv": [36, 80], "uv_size": [0.5, 0.5]}
							}
						},
						{
							"origin": [-1.18774, 1.99214, -5.85233],
							"size": [0.09375, 1.4329, 0.19212],
							"pivot": [-1.18774, 3.2063, -5.66021],
							"rotation": [45, 0, 0],
							"uv": {
								"north": {"uv": [6.5, 74], "uv_size": [-0.5, 1.5]},
								"east": {"uv": [74.5, 12], "uv_size": [-0.5, 1.5]},
								"south": {"uv": [74.5, 9], "uv_size": [-0.5, 1.5]},
								"west": {"uv": [74.5, 6], "uv_size": [-0.5, 1.5]},
								"down": {"uv": [80.5, 30.5], "uv_size": [-0.5, -0.5]}
							}
						},
						{
							"origin": [-1.18774, 0.60073, -3.69677],
							"size": [0.10938, 1.21415, 0.19212],
							"pivot": [-1.18774, 2.12276, -3.41549],
							"rotation": [-90, 0, 0],
							"uv": {
								"north": {"uv": [37.5, 76], "uv_size": [-0.5, 1]},
								"east": {"uv": [76.5, 41], "uv_size": [-0.5, 1]},
								"south": {"uv": [41.5, 76], "uv_size": [-0.5, 1]},
								"west": {"uv": [39.5, 76], "uv_size": [-0.5, 1]},
								"down": {"uv": [80.5, 28.5], "uv_size": [-0.5, -0.5]}
							}
						},
						{
							"origin": [-1.18774, 2.19629, -3.72337],
							"size": [0.10938, 0.97978, 0.19212],
							"uv": {
								"north": {"uv": [76.5, 32], "uv_size": [-0.5, 1]},
								"east": {"uv": [35.5, 76], "uv_size": [-0.5, 1]},
								"south": {"uv": [76.5, 34], "uv_size": [-0.5, 1]},
								"west": {"uv": [33.5, 76], "uv_size": [-0.5, 1]},
								"down": {"uv": [28.5, 80.5], "uv_size": [-0.5, -0.5]}
							}
						},
						{
							"origin": [-1.18774, 3.57132, -5.60287],
							"size": [0.10938, 0.32353, 0.19212],
							"pivot": [-1.18774, -0.16305, -5.681],
							"rotation": [-31, 0, 0],
							"uv": {
								"north": {"uv": [32.5, 80], "uv_size": [-0.5, 0.5]},
								"east": {"uv": [80.5, 34], "uv_size": [-0.5, 0.5]},
								"south": {"uv": [34.5, 80], "uv_size": [-0.5, 0.5]},
								"west": {"uv": [80.5, 32], "uv_size": [-0.5, 0.5]},
								"up": {"uv": [36.5, 80], "uv_size": [-0.5, 0.5]}
							}
						}
					]
				},
				{
					"name": "bone3",
					"parent": "bone27",
					"pivot": [1.12888, 2.29629, -11.40625],
					"cubes": [
						{
							"origin": [-1.06184, 2.78941, -7.77519],
							"size": [2.12369, 0.12611, 2.18144],
							"uv": {
								"north": {"uv": [71, 12], "uv_size": [2, 0.5]},
								"east": {"uv": [71, 22], "uv_size": [2, 0.5]},
								"south": {"uv": [71, 24], "uv_size": [2, 0.5]},
								"west": {"uv": [71, 26], "uv_size": [2, 0.5]},
								"up": {"uv": [19, 57], "uv_size": [2, 2]}
							}
						},
						{
							"origin": [-1.06184, 2.78941, -10.77519],
							"size": [2.12369, 0.12611, 2.18144],
							"uv": {
								"north": {"uv": [28, 71], "uv_size": [2, 0.5]},
								"east": {"uv": [71, 28], "uv_size": [2, 0.5]},
								"south": {"uv": [71, 32], "uv_size": [2, 0.5]},
								"west": {"uv": [71, 34], "uv_size": [2, 0.5]},
								"up": {"uv": [57, 20], "uv_size": [2, 2]}
							}
						},
						{
							"origin": [-1.06184, 2.78941, -13.77519],
							"size": [2.12369, 0.12611, 2.18144],
							"uv": {
								"north": {"uv": [71, 41], "uv_size": [2, 0.5]},
								"east": {"uv": [71, 43], "uv_size": [2, 0.5]},
								"south": {"uv": [71, 45], "uv_size": [2, 0.5]},
								"west": {"uv": [71, 52], "uv_size": [2, 0.5]},
								"up": {"uv": [22, 57], "uv_size": [2, 2]}
							}
						},
						{
							"origin": [-1.06184, 2.63316, -14.72832],
							"size": [2.12369, 0.15736, 11.69707],
							"uv": {
								"north": {"uv": [71, 54], "uv_size": [2, 0.5]},
								"east": {"uv": [50, 34], "uv_size": [10.5, 0.5]},
								"south": {"uv": [58, 71], "uv_size": [2, 0.5]},
								"west": {"uv": [51, 2], "uv_size": [10.5, 0.5]},
								"up": {"uv": [9, 15], "uv_size": [2, 10.5]},
								"down": {"uv": [15, 22.5], "uv_size": [2, -10.5]}
							}
						},
						{
							"origin": [-1.06184, 2.78941, -4.85332],
							"size": [2.12369, 0.12611, 1.82207],
							"uv": {
								"north": {"uv": [71, 60], "uv_size": [2, 0.5]},
								"east": {"uv": [80, 57], "uv_size": [0.5, 0.5]},
								"south": {"uv": [61, 71], "uv_size": [2, 0.5]},
								"west": {"uv": [58, 80], "uv_size": [0.5, 0.5]},
								"up": {"uv": [71, 62], "uv_size": [2, 0.5]}
							}
						},
						{
							"origin": [-1.06184, 2.78941, -14.85332],
							"size": [2.12369, 0.12611, 0.38457],
							"uv": {
								"north": {"uv": [64, 71], "uv_size": [2, 0.5]},
								"east": {"uv": [80, 59], "uv_size": [0.5, 0.5]},
								"south": {"uv": [71, 64], "uv_size": [2, 0.5]},
								"west": {"uv": [60, 80], "uv_size": [0.5, 0.5]},
								"up": {"uv": [67, 71], "uv_size": [2, 0.5]},
								"down": {"uv": [0, 72.5], "uv_size": [2, -0.5]}
							}
						}
					]
				},
				{
					"name": "bone_illuminated",
					"parent": "bone3",
					"pivot": [-1.09309, 2.29052, -5.93144],
					"cubes": [
						{
							"origin": [-0.96809, 2.78941, -14.69707],
							"size": [1.93619, 0.12611, 10.25957],
							"uv": {
								"east": {"uv": [51, 4], "uv_size": [10.5, 0.5]},
								"south": {"uv": [72, 0], "uv_size": [2, 0.5]},
								"west": {"uv": [51, 6], "uv_size": [10.5, 0.5]},
								"up": {"uv": [0, 17], "uv_size": [2, 10.5]},
								"down": {"uv": [3, 27.5], "uv_size": [2, -10.5]}
							}
						}
					]
				},
				{
					"name": "bone30",
					"parent": "scope_body",
					"pivot": [0, 0, 0]
				},
				{
					"name": "bone31",
					"parent": "bone30",
					"pivot": [0, -1.15625, -2.23437],
					"cubes": [
						{
							"origin": [-1.46094, 7.77695, -3.41448],
							"size": [2.8875, 0.825, 0.34173],
							"pivot": [-0.03438, 4.03506, -9.45399],
							"rotation": [-45, 0, 0],
							"uv": {
								"east": {"uv": [45, 76], "uv_size": [0.5, 1]},
								"west": {"uv": [76, 45], "uv_size": [0.5, 1]},
								"up": {"uv": [68, 2], "uv_size": [2.5, 0.5]},
								"down": {"uv": [68, 4.5], "uv_size": [2.5, -0.5]}
							}
						},
						{
							"origin": [-1.46094, 2.41038, -2.5375],
							"size": [2.8875, 0.34173, 0.825],
							"uv": {
								"north": {"uv": [8, 68], "uv_size": [2.5, 0.5]},
								"east": {"uv": [76, 49], "uv_size": [1, 0.5]},
								"south": {"uv": [12, 68], "uv_size": [2.5, 0.5]},
								"west": {"uv": [76, 51], "uv_size": [1, 0.5]}
							}
						},
						{
							"origin": [-1.46094, 8.01859, -3.65611],
							"size": [2.8875, 0.34173, 0.825],
							"pivot": [-0.03438, 4.03506, -9.45399],
							"rotation": [-45, 0, 0],
							"uv": {
								"north": {"uv": [68, 14], "uv_size": [2.5, 0.5]},
								"east": {"uv": [76, 53], "uv_size": [1, 0.5]},
								"south": {"uv": [68, 16], "uv_size": [2.5, 0.5]},
								"west": {"uv": [57, 76], "uv_size": [1, 0.5]}
							}
						},
						{
							"origin": [-1.46094, 2.16876, -2.29586],
							"size": [2.8875, 0.825, 0.34173],
							"uv": {
								"east": {"uv": [76, 58], "uv_size": [0.5, 1]},
								"west": {"uv": [59, 76], "uv_size": [0.5, 1]},
								"up": {"uv": [68, 18], "uv_size": [2.5, 0.5]},
								"down": {"uv": [68, 20.5], "uv_size": [2.5, -0.5]}
							}
						}
					]
				},
				{
					"name": "bone",
					"parent": "scope_body",
					"pivot": [-0.01562, 1.28677, -6.85557],
					"cubes": [
						{
							"origin": [-0.73541, 1.30467, -15.25957],
							"size": [1.47082, 2.20424, 0.06563],
							"uv": {
								"north": {"uv": [90.5, 7], "uv_size": [1, -0.5]}
							}
						}
					]
				},
				{
					"name": "bone4",
					"parent": "scope_body",
					"pivot": [-0.02344, 1.2815, -1.67829],
					"cubes": [
						{
							"origin": [-1.34375, 1.98438, -2.67187],
							"size": [2.64063, 0.1875, 1.34375],
							"uv": {
								"east": {"uv": [91.5, 9.5], "uv_size": [-1, 6]},
								"west": {"uv": [91.5, 9.5], "uv_size": [-1, 6]},
								"up": {"uv": [90.5, 15.5], "uv_size": [1, -6]},
								"down": {"uv": [90.5, 15.5], "uv_size": [1, -6]}
							}
						},
						{
							"origin": [-1.34375, 2.98438, -2.67187],
							"size": [2.64063, 0.1875, 1.34375],
							"uv": {
								"east": {"uv": [91.5, 9.5], "uv_size": [-1, 6]},
								"west": {"uv": [91.5, 9.5], "uv_size": [-1, 6]},
								"up": {"uv": [90.5, 15.5], "uv_size": [1, -6]},
								"down": {"uv": [90.5, 15.5], "uv_size": [1, -6]}
							}
						},
						{
							"origin": [-1.34375, 2.98281, -1.17029],
							"size": [2.64063, 0.17678, 0.1875],
							"pivot": [-0.1875, 2.89978, -1.10779],
							"rotation": [45, 0, 0],
							"uv": {
								"north": {"uv": [91.5, 9.5], "uv_size": [-1, 6]},
								"east": {"uv": [91.5, 9.5], "uv_size": [-1, 6]},
								"south": {"uv": [91.5, 9.5], "uv_size": [-1, 6]},
								"west": {"uv": [91.5, 9.5], "uv_size": [-1, 6]}
							}
						},
						{
							"origin": [-1.34375, 1.98438, -1.51562],
							"size": [2.64063, 1.1875, 0.3125],
							"uv": {
								"north": {"uv": [91.5, 9.5], "uv_size": [-1, 6]},
								"east": {"uv": [91.5, 9.5], "uv_size": [-1, 6]},
								"west": {"uv": [91.5, 9.5], "uv_size": [-1, 6]},
								"up": {"uv": [90.5, 15.5], "uv_size": [1, -6]},
								"down": {"uv": [90.5, 15.5], "uv_size": [1, -6]}
							}
						},
						{
							"origin": [-1.34375, 2.10938, -1.20312],
							"size": [2.64063, 0.9375, 0.125],
							"uv": {
								"north": {"uv": [91.5, 9.5], "uv_size": [-1, 6]},
								"east": {"uv": [91.5, 9.5], "uv_size": [-1, 6]},
								"south": {"uv": [91.5, 9.5], "uv_size": [-1, 6]},
								"west": {"uv": [91.5, 9.5], "uv_size": [-1, 6]}
							}
						},
						{
							"origin": [-1.34375, 1.98595, -1.51942],
							"size": [2.64063, 0.18168, 0.1875],
							"pivot": [-0.1875, 1.8297, -1.26942],
							"rotation": [-45, 0, 0],
							"uv": {
								"north": {"uv": [91.5, 9.5], "uv_size": [-1, 6]},
								"east": {"uv": [91.5, 9.5], "uv_size": [-1, 6]},
								"south": {"uv": [91.5, 9.5], "uv_size": [-1, 6]},
								"west": {"uv": [91.5, 9.5], "uv_size": [-1, 6]}
							}
						},
						{
							"origin": [-1.34375, 1.98438, -3.07812],
							"size": [2.64063, 1.1875, 0.48438],
							"uv": {
								"north": {"uv": [91.5, 9.5], "uv_size": [-1, 6]},
								"east": {"uv": [91.5, 9.5], "uv_size": [-1, 6]},
								"south": {"uv": [91.5, 9.5], "uv_size": [-1, 6]},
								"west": {"uv": [91.5, 9.5], "uv_size": [-1, 6]},
								"up": {"uv": [90.5, 15.5], "uv_size": [1, -6]},
								"down": {"uv": [90.5, 15.5], "uv_size": [1, -6]}
							}
						}
					]
				},
				{
					"name": "bone6",
					"parent": "scope_body",
					"pivot": [0, -0.85937, 0]
				},
				{
					"name": "bone5",
					"parent": "bone6",
					"pivot": [1.375, 0.53126, -5.51562],
					"cubes": [
						{
							"origin": [1.31361, 1.11451, -5.58594],
							"size": [0.01563, 0.5625, 0.07813],
							"pivot": [1.375, 1.6625, -5.54687],
							"rotation": [1.75, 0, 0],
							"uv": {
								"north": {"uv": [143, 127.5], "uv_size": [0.5, 0.5]},
								"east": {"uv": [143, 127.5], "uv_size": [0.5, 0.5]},
								"south": {"uv": [143, 127.5], "uv_size": [0.5, 0.5]},
								"west": {"uv": [143, 127.5], "uv_size": [0.5, 0.5]},
								"up": {"uv": [143.5, 128], "uv_size": [-0.5, -0.5]},
								"down": {"uv": [143.5, 128], "uv_size": [-0.5, -0.5]}
							}
						},
						{
							"origin": [1.23549, 1.66139, -5.60157],
							"size": [0.15625, 0.1875, 0.10938],
							"uv": {
								"north": {"uv": [143, 127.5], "uv_size": [0.5, 0.5]},
								"east": {"uv": [143, 127.5], "uv_size": [0.5, 0.5]},
								"south": {"uv": [143, 127.5], "uv_size": [0.5, 0.5]},
								"west": {"uv": [143, 127.5], "uv_size": [0.5, 0.5]},
								"up": {"uv": [143.5, 128], "uv_size": [-0.5, -0.5]},
								"down": {"uv": [143.5, 128], "uv_size": [-0.5, -0.5]}
							}
						}
					]
				},
				{
					"name": "el",
					"parent": "bone6",
					"pivot": [1.20313, -0.40624, -10.01562],
					"rotation": [-1.27402, 2.02393, -66.52764],
					"cubes": [
						{
							"origin": [2.38639, -0.26389, -5.39043],
							"size": [0.09375, 0.5, 0.09375],
							"uv": {
								"north": {"uv": [163, 24], "uv_size": [1.5, 8]},
								"east": {"uv": [163, 24], "uv_size": [1.5, 8]},
								"south": {"uv": [163, 24], "uv_size": [1.5, 8]},
								"west": {"uv": [163, 24], "uv_size": [1.5, 8]},
								"up": {"uv": [164.5, 25.5], "uv_size": [-1.5, -1.5]},
								"down": {"uv": [164.5, 32], "uv_size": [-1.5, -1.5]}
							}
						},
						{
							"origin": [2.38639, 0.14236, -5.70293],
							"size": [0.09375, 0.09375, 0.3125],
							"uv": {
								"north": {"uv": [163, 24], "uv_size": [1.5, 8]},
								"east": {"uv": [164.5, 24], "uv_size": [5, 1.5]},
								"south": {"uv": [163, 24], "uv_size": [1.5, 8]},
								"west": {"uv": [164.5, 24], "uv_size": [5, 1.5]},
								"up": {"uv": [171, 30.5], "uv_size": [-1.5, -5]},
								"down": {"uv": [164.5, 30.5], "uv_size": [-1.5, -5]}
							}
						},
						{
							"origin": [1.98014, 0.14236, -5.70293],
							"size": [0.09375, 0.09375, 0.3125],
							"uv": {
								"north": {"uv": [163, 24], "uv_size": [1.5, 8]},
								"east": {"uv": [164.5, 24], "uv_size": [5, 1.5]},
								"south": {"uv": [163, 24], "uv_size": [1.5, 8]},
								"west": {"uv": [164.5, 24], "uv_size": [5, 1.5]},
								"up": {"uv": [171, 30.5], "uv_size": [-1.5, -5]},
								"down": {"uv": [164.5, 30.5], "uv_size": [-1.5, -5]}
							}
						},
						{
							"origin": [2.38639, -0.26389, -5.70293],
							"size": [0.09375, 0.09375, 0.3125],
							"uv": {
								"north": {"uv": [163, 24], "uv_size": [1.5, 8]},
								"east": {"uv": [164.5, 24], "uv_size": [5, 1.5]},
								"south": {"uv": [163, 24], "uv_size": [1.5, 8]},
								"west": {"uv": [164.5, 24], "uv_size": [5, 1.5]},
								"up": {"uv": [171, 30.5], "uv_size": [-1.5, -5]},
								"down": {"uv": [164.5, 30.5], "uv_size": [-1.5, -5]}
							}
						},
						{
							"origin": [1.98014, -0.26389, -5.70293],
							"size": [0.09375, 0.09375, 0.3125],
							"uv": {
								"north": {"uv": [163, 24], "uv_size": [1.5, 8]},
								"east": {"uv": [164.5, 24], "uv_size": [5, 1.5]},
								"south": {"uv": [163, 24], "uv_size": [1.5, 8]},
								"west": {"uv": [164.5, 24], "uv_size": [5, 1.5]},
								"up": {"uv": [171, 30.5], "uv_size": [-1.5, -5]},
								"down": {"uv": [164.5, 30.5], "uv_size": [-1.5, -5]}
							}
						},
						{
							"origin": [2.38639, -0.26389, -5.79668],
							"size": [0.09375, 0.5, 0.09375],
							"uv": {
								"north": {"uv": [163, 24], "uv_size": [1.5, 8]},
								"east": {"uv": [163, 24], "uv_size": [1.5, 8]},
								"south": {"uv": [163, 24], "uv_size": [1.5, 8]},
								"west": {"uv": [163, 24], "uv_size": [1.5, 8]},
								"up": {"uv": [164.5, 25.5], "uv_size": [-1.5, -1.5]},
								"down": {"uv": [164.5, 32], "uv_size": [-1.5, -1.5]}
							}
						},
						{
							"origin": [1.98014, -0.26389, -5.79668],
							"size": [0.09375, 0.5, 0.09375],
							"uv": {
								"north": {"uv": [163, 24], "uv_size": [1.5, 8]},
								"east": {"uv": [163, 24], "uv_size": [1.5, 8]},
								"south": {"uv": [163, 24], "uv_size": [1.5, 8]},
								"west": {"uv": [163, 24], "uv_size": [1.5, 8]},
								"up": {"uv": [164.5, 25.5], "uv_size": [-1.5, -1.5]},
								"down": {"uv": [164.5, 32], "uv_size": [-1.5, -1.5]}
							}
						},
						{
							"origin": [2.07389, 0.14236, -5.79668],
							"size": [0.3125, 0.09375, 0.09375],
							"uv": {
								"north": {"uv": [164.5, 24], "uv_size": [5, 1.5]},
								"east": {"uv": [163, 24], "uv_size": [1.5, 8]},
								"south": {"uv": [164.5, 24], "uv_size": [5, 1.5]},
								"west": {"uv": [163, 24], "uv_size": [1.5, 8]},
								"up": {"uv": [169.5, 25.5], "uv_size": [-5, -1.5]},
								"down": {"uv": [169.5, 32], "uv_size": [-5, -1.5]}
							}
						},
						{
							"origin": [2.07389, 0.14236, -5.39043],
							"size": [0.3125, 0.09375, 0.09375],
							"uv": {
								"north": {"uv": [164.5, 24], "uv_size": [5, 1.5]},
								"east": {"uv": [163, 24], "uv_size": [1.5, 8]},
								"south": {"uv": [164.5, 24], "uv_size": [5, 1.5]},
								"west": {"uv": [163, 24], "uv_size": [1.5, 8]},
								"up": {"uv": [169.5, 25.5], "uv_size": [-5, -1.5]},
								"down": {"uv": [169.5, 32], "uv_size": [-5, -1.5]}
							}
						},
						{
							"origin": [2.07389, -0.26389, -5.39043],
							"size": [0.3125, 0.09375, 0.09375],
							"uv": {
								"north": {"uv": [164.5, 24], "uv_size": [5, 1.5]},
								"east": {"uv": [163, 24], "uv_size": [1.5, 8]},
								"south": {"uv": [164.5, 24], "uv_size": [5, 1.5]},
								"west": {"uv": [163, 24], "uv_size": [1.5, 8]},
								"up": {"uv": [169.5, 25.5], "uv_size": [-5, -1.5]},
								"down": {"uv": [169.5, 32], "uv_size": [-5, -1.5]}
							}
						},
						{
							"origin": [2.07389, -0.26389, -5.79668],
							"size": [0.3125, 0.09375, 0.09375],
							"uv": {
								"north": {"uv": [164.5, 24], "uv_size": [5, 1.5]},
								"east": {"uv": [163, 24], "uv_size": [1.5, 8]},
								"south": {"uv": [164.5, 24], "uv_size": [5, 1.5]},
								"west": {"uv": [163, 24], "uv_size": [1.5, 8]},
								"up": {"uv": [169.5, 25.5], "uv_size": [-5, -1.5]},
								"down": {"uv": [169.5, 32], "uv_size": [-5, -1.5]}
							}
						},
						{
							"origin": [1.98014, -0.26389, -5.39043],
							"size": [0.09375, 0.5, 0.09375],
							"uv": {
								"north": {"uv": [163, 24], "uv_size": [1.5, 8]},
								"east": {"uv": [163, 24], "uv_size": [1.5, 8]},
								"south": {"uv": [163, 24], "uv_size": [1.5, 8]},
								"west": {"uv": [163, 24], "uv_size": [1.5, 8]},
								"up": {"uv": [164.5, 25.5], "uv_size": [-1.5, -1.5]},
								"down": {"uv": [164.5, 32], "uv_size": [-1.5, -1.5]}
							}
						},
						{
							"origin": [2.4567, -0.13889, -5.67168],
							"size": [0.02344, 0.25, 0.25],
							"uv": {
								"north": {"uv": [168.5, 26], "uv_size": [0.5, 4]},
								"east": {"uv": [165, 26], "uv_size": [4, 4]},
								"south": {"uv": [165, 26], "uv_size": [0.5, 4]},
								"west": {"uv": [165, 26], "uv_size": [4, 4]},
								"up": {"uv": [169, 26.5], "uv_size": [-4, -0.5]},
								"down": {"uv": [169, 26.5], "uv_size": [-4, -0.5]}
							}
						},
						{
							"origin": [1.98014, -0.13889, -5.67168],
							"size": [0.02344, 0.25, 0.25],
							"uv": {
								"north": {"uv": [168.5, 26], "uv_size": [0.5, 4]},
								"east": {"uv": [165, 26], "uv_size": [4, 4]},
								"south": {"uv": [165, 26], "uv_size": [0.5, 4]},
								"west": {"uv": [165, 26], "uv_size": [4, 4]},
								"up": {"uv": [169, 26.5], "uv_size": [-4, -0.5]},
								"down": {"uv": [169, 26.5], "uv_size": [-4, -0.5]}
							}
						},
						{
							"origin": [1.03734, 0.49576, -5.67168],
							"size": [0.02344, 0.25, 0.25],
							"pivot": [1.20313, -0.40624, -10.01562],
							"rotation": [0, 0, 90],
							"uv": {
								"north": {"uv": [168.5, 26], "uv_size": [0.5, 4]},
								"east": {"uv": [165, 26], "uv_size": [4, 4]},
								"south": {"uv": [165, 26], "uv_size": [0.5, 4]},
								"west": {"uv": [165, 26], "uv_size": [4, 4]},
								"up": {"uv": [169, 26.5], "uv_size": [-4, -0.5]},
								"down": {"uv": [169, 26.5], "uv_size": [-4, -0.5]}
							}
						},
						{
							"origin": [0.56078, 0.49576, -5.67168],
							"size": [0.02344, 0.25, 0.25],
							"pivot": [1.20313, -0.40624, -10.01562],
							"rotation": [0, 0, 90],
							"uv": {
								"north": {"uv": [168.5, 26], "uv_size": [0.5, 4]},
								"east": {"uv": [165, 26], "uv_size": [4, 4]},
								"south": {"uv": [165, 26], "uv_size": [0.5, 4]},
								"west": {"uv": [165, 26], "uv_size": [4, 4]},
								"up": {"uv": [169, 26.5], "uv_size": [-4, -0.5]},
								"down": {"uv": [169, 26.5], "uv_size": [-4, -0.5]}
							}
						},
						{
							"origin": [-3.51582, -0.13889, -9.11361],
							"size": [0.02344, 0.25, 0.25],
							"pivot": [1.20313, -0.40624, -10.01562],
							"rotation": [0, 90, 0],
							"uv": {
								"north": {"uv": [168.5, 26], "uv_size": [0.5, 4]},
								"east": {"uv": [165, 26], "uv_size": [4, 4]},
								"south": {"uv": [165, 26], "uv_size": [0.5, 4]},
								"west": {"uv": [165, 26], "uv_size": [4, 4]},
								"up": {"uv": [169, 26.5], "uv_size": [-4, -0.5]},
								"down": {"uv": [169, 26.5], "uv_size": [-4, -0.5]}
							}
						},
						{
							"origin": [-3.03926, -0.13889, -9.11361],
							"size": [0.02344, 0.25, 0.25],
							"pivot": [1.20313, -0.40624, -10.01562],
							"rotation": [0, 90, 0],
							"uv": {
								"north": {"uv": [168.5, 26], "uv_size": [0.5, 4]},
								"east": {"uv": [165, 26], "uv_size": [4, 4]},
								"south": {"uv": [165, 26], "uv_size": [0.5, 4]},
								"west": {"uv": [165, 26], "uv_size": [4, 4]},
								"up": {"uv": [169, 26.5], "uv_size": [-4, -0.5]},
								"down": {"uv": [169, 26.5], "uv_size": [-4, -0.5]}
							}
						}
					]
				},
				{
					"name": "bone722_illuminated",
					"parent": "el",
					"pivot": [1.20313, -0.40624, -10.26562],
					"cubes": [
						{
							"origin": [1.98014, -0.26389, -5.79668],
							"size": [0.5, 0.5, 0.5],
							"uv": {
								"north": {"uv": [155, 24], "uv_size": [8, 8]},
								"east": {"uv": [155, 24], "uv_size": [8, 8]},
								"south": {"uv": [155, 24], "uv_size": [8, 8]},
								"west": {"uv": [155, 24], "uv_size": [8, 8]},
								"up": {"uv": [163, 32], "uv_size": [-8, -8]},
								"down": {"uv": [163, 32], "uv_size": [-8, -8]}
							}
						},
						{
							"origin": [2.42911, 0.13484, -5.5478],
							"size": [0.0625, 0.10938, 0.10938],
							"uv": {
								"north": {"uv": [0, 1.5], "uv_size": [0.5, 0.5]},
								"east": {"uv": [125, 141], "uv_size": [0.5, 0.5]},
								"south": {"uv": [0, 2.5], "uv_size": [0.5, 0.5]},
								"west": {"uv": [143, 127.5], "uv_size": [0.5, 0.5]},
								"up": {"uv": [126, 143], "uv_size": [0.5, 0.5]},
								"down": {"uv": [143, 126], "uv_size": [0.5, -0.5]}
							}
						}
					]
				},
				{
					"name": "bone7",
					"parent": "bone722_illuminated",
					"pivot": [1.20313, -0.40624, -10.26562],
					"rotation": [0, 0, -45],
					"cubes": [
						{
							"origin": [5.15586, -0.94877, -7.73226],
							"size": [0.1875, 0.1875, 0.1875],
							"pivot": [1.20313, -0.40624, -10.26562],
							"rotation": [0, -45, 0],
							"uv": {
								"north": {"uv": [163, 32], "uv_size": [8, 8]},
								"east": {"uv": [163, 32], "uv_size": [8, 8]},
								"south": {"uv": [163, 32], "uv_size": [8, 8]},
								"west": {"uv": [163, 32], "uv_size": [8, 8]},
								"up": {"uv": [171, 40], "uv_size": [-8, -8]},
								"down": {"uv": [171, 40], "uv_size": [-8, -8]}
							}
						}
					]
				},
				{
					"name": "bone8",
					"parent": "scope_body",
					"pivot": [0, -1.64062, -2.90625],
					"cubes": [
						{
							"origin": [-0.57323, -0.10937, -7.8125],
							"size": [0.25, 0.25, 6.84376],
							"pivot": [-0.44823, 0.01563, -3.8125],
							"rotation": [0, 0, -45],
							"uv": {
								"north": {"uv": [91.5, 9.5], "uv_size": [-1, 6]},
								"east": {"uv": [91.5, 9.5], "uv_size": [-1, 6]},
								"south": {"uv": [91.5, 9.5], "uv_size": [-1, 6]},
								"west": {"uv": [91.5, 9.5], "uv_size": [-1, 6]},
								"down": {"uv": [90.5, 15.5], "uv_size": [1, -6]}
							}
						},
						{
							"origin": [0.32323, -0.10937, -7.8125],
							"size": [0.25, 0.25, 6.84376],
							"pivot": [0.44823, 0.01563, -3.8125],
							"rotation": [0, 0, 45],
							"uv": {
								"north": {"uv": [90.5, 9.5], "uv_size": [1, 6]},
								"east": {"uv": [90.5, 9.5], "uv_size": [1, 6]},
								"south": {"uv": [90.5, 9.5], "uv_size": [1, 6]},
								"west": {"uv": [90.5, 9.5], "uv_size": [1, 6]},
								"down": {"uv": [91.5, 15.5], "uv_size": [-1, -6]}
							}
						},
						{
							"origin": [-0.6875, 0.16875, -5.77187],
							"size": [1.375, 0.3125, 0.3125],
							"pivot": [0, 0.29375, -5.64687],
							"rotation": [45, 0, 0],
							"uv": {
								"north": {"uv": [45, 10], "uv_size": [2, 3]},
								"east": {"uv": [45, 10], "uv_size": [2, 3]},
								"south": {"uv": [45, 10], "uv_size": [2, 3]},
								"west": {"uv": [45, 10], "uv_size": [2, 3]},
								"up": {"uv": [47, 13], "uv_size": [-2, -3]},
								"down": {"uv": [47, 13], "uv_size": [-2, -3]}
							}
						},
						{
							"origin": [-0.5625, 0.16875, -10.39687],
							"size": [1.17188, 0.875, 0.3125],
							"pivot": [0, 0.29375, -10.27187],
							"rotation": [45, 0, 0],
							"uv": {
								"north": {"uv": [45, 10], "uv_size": [2, 3]},
								"east": {"uv": [45, 10], "uv_size": [2, 3]},
								"south": {"uv": [45, 10], "uv_size": [2, 3]},
								"west": {"uv": [45, 10], "uv_size": [2, 3]}
							}
						},
						{
							"origin": [-0.5625, 0.11697, -10.28749],
							"size": [1.17188, 0.25, 2.59375],
							"uv": {
								"east": {"uv": [45, 10], "uv_size": [2, 3]},
								"west": {"uv": [45, 10], "uv_size": [2, 3]},
								"up": {"uv": [47, 13], "uv_size": [-2, -3]},
								"down": {"uv": [47, 13], "uv_size": [-2, -3]}
							}
						},
						{
							"origin": [-0.5625, 0.73569, -10.89059],
							"size": [1.17188, 0.25, 7.25],
							"uv": {
								"north": {"uv": [45, 10], "uv_size": [2, 3]},
								"east": {"uv": [45, 10], "uv_size": [2, 3]},
								"west": {"uv": [45, 10], "uv_size": [2, 3]},
								"up": {"uv": [47, 13], "uv_size": [-2, -3]},
								"down": {"uv": [47, 13], "uv_size": [-2, -3]}
							}
						},
						{
							"origin": [-0.5625, 0.16875, -5.77187],
							"size": [1.17188, 1.3125, 0.3125],
							"pivot": [0, 0.29375, -5.64687],
							"rotation": [45, 0, 0],
							"uv": {
								"north": {"uv": [45, 10], "uv_size": [2, 3]},
								"east": {"uv": [45, 10], "uv_size": [2, 3]},
								"south": {"uv": [45, 10], "uv_size": [2, 3]},
								"west": {"uv": [45, 10], "uv_size": [2, 3]}
							}
						},
						{
							"origin": [-0.5625, 0.16875, -7.52187],
							"size": [1.17188, 1.3125, 0.3125],
							"pivot": [0, 0.29375, -7.39687],
							"rotation": [45, 0, 0],
							"uv": {
								"north": {"uv": [45, 10], "uv_size": [2, 3]},
								"east": {"uv": [45, 10], "uv_size": [2, 3]},
								"south": {"uv": [45, 10], "uv_size": [2, 3]},
								"west": {"uv": [45, 10], "uv_size": [2, 3]}
							}
						},
						{
							"origin": [-0.5625, 0.16875, -3.39687],
							"size": [1.17188, 1.3125, 0.3125],
							"pivot": [0, 0.29375, -3.27187],
							"rotation": [45, 0, 0],
							"uv": {
								"north": {"uv": [45, 10], "uv_size": [2, 3]},
								"east": {"uv": [45, 10], "uv_size": [2, 3]},
								"south": {"uv": [45, 10], "uv_size": [2, 3]},
								"west": {"uv": [45, 10], "uv_size": [2, 3]}
							}
						},
						{
							"origin": [-0.5625, 0.6375, -1.67812],
							"size": [1.17188, 0.84375, 0.3125],
							"pivot": [0, 0.29375, -1.55312],
							"rotation": [-45, 0, 0],
							"uv": {
								"north": {"uv": [45, 10], "uv_size": [2, 3]},
								"east": {"uv": [45, 10], "uv_size": [2, 3]},
								"south": {"uv": [45, 10], "uv_size": [2, 3]},
								"west": {"uv": [45, 10], "uv_size": [2, 3]}
							}
						},
						{
							"origin": [-0.5625, 0.24687, -10.34999],
							"size": [1.17188, 1.23438, 0.3125],
							"pivot": [0, 0.29375, -10.22499],
							"rotation": [-45, 0, 0],
							"uv": {
								"north": {"uv": [45, 10], "uv_size": [2, 3]},
								"east": {"uv": [45, 10], "uv_size": [2, 3]},
								"south": {"uv": [45, 10], "uv_size": [2, 3]},
								"west": {"uv": [45, 10], "uv_size": [2, 3]},
								"up": {"uv": [47, 13], "uv_size": [-2, -3]},
								"down": {"uv": [47, 13], "uv_size": [-2, -3]}
							}
						},
						{
							"origin": [-0.5625, 0.27812, -8.59999],
							"size": [1.17188, 1.20313, 0.3125],
							"pivot": [0, 0.29375, -8.47499],
							"rotation": [-45, 0, 0],
							"uv": {
								"north": {"uv": [45, 10], "uv_size": [2, 3]},
								"east": {"uv": [45, 10], "uv_size": [2, 3]},
								"south": {"uv": [45, 10], "uv_size": [2, 3]},
								"west": {"uv": [45, 10], "uv_size": [2, 3]}
							}
						},
						{
							"origin": [-0.6875, 0.18438, -3.44375],
							"size": [1.375, 0.3125, 0.3125],
							"pivot": [0, 0.30937, -3.31875],
							"rotation": [45, 0, 0],
							"uv": {
								"north": {"uv": [45, 10], "uv_size": [2, 3]},
								"east": {"uv": [45, 10], "uv_size": [2, 3]},
								"south": {"uv": [45, 10], "uv_size": [2, 3]},
								"west": {"uv": [45, 10], "uv_size": [2, 3]},
								"up": {"uv": [47, 13], "uv_size": [-2, -3]},
								"down": {"uv": [47, 13], "uv_size": [-2, -3]}
							}
						}
					]
				},
				{
					"name": "bone32",
					"parent": "bone8",
					"pivot": [0, -0.99218, -4.69531],
					"cubes": [
						{
							"origin": [0.45313, 0.01563, -7.8125],
							"size": [0.17188, 0.59375, 6.84376],
							"uv": {
								"north": {"uv": [80, 61], "uv_size": [0.5, 0.5]},
								"south": {"uv": [62, 80], "uv_size": [0.5, 0.5]},
								"west": {"uv": [56, 8], "uv_size": [6, 0.5]},
								"up": {"uv": [45, 54], "uv_size": [0.5, 6]}
							}
						},
						{
							"origin": [-0.62501, 0.01563, -7.8125],
							"size": [0.17188, 0.59375, 6.84376],
							"uv": {
								"north": {"uv": [80.5, 61], "uv_size": [-0.5, 0.5]},
								"east": {"uv": [62, 8], "uv_size": [-6, 0.5]},
								"south": {"uv": [62.5, 80], "uv_size": [-0.5, 0.5]},
								"up": {"uv": [45.5, 54], "uv_size": [-0.5, 6]}
							}
						},
						{
							"origin": [-0.45312, 0.20313, -7.8125],
							"size": [0.90625, 0.40626, 6.84376],
							"uv": {
								"north": {"uv": [76, 60], "uv_size": [1, 0.5]},
								"south": {"uv": [61, 76], "uv_size": [1, 0.5]},
								"up": {"uv": [43, 10], "uv_size": [1, 6]},
								"down": {"uv": [43, 48], "uv_size": [1, -6]}
							}
						}
					]
				},
				{
					"name": "bone36",
					"parent": "bone32",
					"pivot": [0.76563, -1.09374, -6.90625]
				},
				{
					"name": "bone4_illuminated",
					"parent": "bone36",
					"pivot": [0.42125, -1.09374, -7.21797],
					"cubes": [
						{
							"origin": [0.74126, 0.00359, -6.96842],
							"size": [0.06437, 0.43625, 0.05903],
							"pivot": [0.80563, 0.43984, -6.96842],
							"rotation": [0, -45, 0],
							"uv": {
								"north": {"uv": [12, 84], "uv_size": [0.5, 0.5]},
								"east": {"uv": [12, 84], "uv_size": [0.5, 0.5]},
								"south": {"uv": [12, 84], "uv_size": [0.5, 0.5]},
								"west": {"uv": [12, 84], "uv_size": [0.5, 0.5]},
								"up": {"uv": [12.5, 84.5], "uv_size": [-0.5, -0.5]},
								"down": {"uv": [12.5, 84.5], "uv_size": [-0.5, -0.5]}
							}
						}
					]
				},
				{
					"name": "bone38",
					"parent": "bone36",
					"pivot": [1.02826, -1.28124, -7.44568],
					"cubes": [
						{
							"origin": [1.03099, 0.03125, -7.87415],
							"size": [0.23438, 0.375, 0.125],
							"pivot": [1.03099, 0.03125, -7.74915],
							"rotation": [0, 118, 0],
							"uv": {
								"north": {"uv": [84, 16], "uv_size": [0.5, 0.5]},
								"east": {"uv": [84, 22], "uv_size": [0.5, 0.5]},
								"south": {"uv": [84, 24], "uv_size": [0.5, 0.5]},
								"west": {"uv": [26, 84], "uv_size": [0.5, 0.5]},
								"up": {"uv": [84, 26], "uv_size": [0.5, 0.5]},
								"down": {"uv": [28, 84.5], "uv_size": [0.5, -0.5]}
							}
						},
						{
							"origin": [0.98226, 0.03125, -7.64489],
							"size": [0.23438, 0.375, 0.125],
							"pivot": [0.98226, 0.03125, -7.51989],
							"rotation": [0, 78, 0],
							"uv": {
								"north": {"uv": [84, 28], "uv_size": [0.5, 0.5]},
								"east": {"uv": [84, 30], "uv_size": [0.5, 0.5]},
								"south": {"uv": [32, 84], "uv_size": [0.5, 0.5]},
								"west": {"uv": [84, 32], "uv_size": [0.5, 0.5]},
								"up": {"uv": [34, 84], "uv_size": [0.5, 0.5]},
								"down": {"uv": [84, 34.5], "uv_size": [0.5, -0.5]}
							}
						},
						{
							"origin": [0.90983, 0.03125, -7.42199],
							"size": [0.23438, 0.375, 0.125],
							"pivot": [0.90983, 0.03125, -7.29699],
							"rotation": [0, 72, 0],
							"uv": {
								"north": {"uv": [36, 84], "uv_size": [0.5, 0.5]},
								"east": {"uv": [38, 84], "uv_size": [0.5, 0.5]},
								"south": {"uv": [40, 84], "uv_size": [0.5, 0.5]},
								"west": {"uv": [84, 40], "uv_size": [0.5, 0.5]},
								"up": {"uv": [42, 84], "uv_size": [0.5, 0.5]},
								"down": {"uv": [84, 42.5], "uv_size": [0.5, -0.5]}
							}
						},
						{
							"origin": [0.64063, 0.03125, -7.26562],
							"size": [0.23438, 0.375, 0.4375],
							"uv": {
								"north": {"uv": [44, 84], "uv_size": [0.5, 0.5]},
								"east": {"uv": [84, 44], "uv_size": [0.5, 0.5]},
								"south": {"uv": [84, 48], "uv_size": [0.5, 0.5]},
								"west": {"uv": [84, 50], "uv_size": [0.5, 0.5]},
								"up": {"uv": [84, 52], "uv_size": [0.5, 0.5]},
								"down": {"uv": [56, 84.5], "uv_size": [0.5, -0.5]}
							}
						},
						{
							"origin": [0.66659, 0.03125, -7.49197],
							"size": [0.23438, 0.375, 0.23438],
							"pivot": [0.85409, 0.01563, -7.28885],
							"rotation": [0, 42, 0],
							"uv": {
								"north": {"uv": [84, 56], "uv_size": [0.5, 0.5]},
								"east": {"uv": [58, 84], "uv_size": [0.5, 0.5]},
								"south": {"uv": [84, 58], "uv_size": [0.5, 0.5]},
								"west": {"uv": [60, 84], "uv_size": [0.5, 0.5]},
								"up": {"uv": [84, 60], "uv_size": [0.5, 0.5]},
								"down": {"uv": [62, 84.5], "uv_size": [0.5, -0.5]}
							}
						},
						{
							"origin": [0.84076, 0.03125, -7.6488],
							"size": [0.17188, 0.375, 0.09375],
							"pivot": [1.02826, 0.01563, -7.44568],
							"rotation": [0, 42, 0],
							"uv": {
								"north": {"uv": [84, 62], "uv_size": [0.5, 0.5]},
								"east": {"uv": [64, 84], "uv_size": [0.5, 0.5]},
								"south": {"uv": [84, 64], "uv_size": [0.5, 0.5]},
								"west": {"uv": [66, 84], "uv_size": [0.5, 0.5]},
								"up": {"uv": [84, 70], "uv_size": [0.5, 0.5]},
								"down": {"uv": [72, 84.5], "uv_size": [0.5, -0.5]}
							}
						},
						{
							"origin": [0.64063, 0.03125, -6.82812],
							"size": [0.23438, 0.375, 0.34375],
							"pivot": [0.875, 0.03125, -6.82812],
							"rotation": [0, -60, 0],
							"uv": {
								"north": {"uv": [84, 72], "uv_size": [0.5, 0.5]},
								"east": {"uv": [74, 84], "uv_size": [0.5, 0.5]},
								"south": {"uv": [84, 74], "uv_size": [0.5, 0.5]},
								"west": {"uv": [76, 84], "uv_size": [0.5, 0.5]},
								"up": {"uv": [78, 84], "uv_size": [0.5, 0.5]},
								"down": {"uv": [84, 83.5], "uv_size": [0.5, -0.5]}
							}
						}
					]
				},
				{
					"name": "bone42",
					"parent": "bone32",
					"pivot": [-0.76562, -1.09374, -6.90625]
				},
				{
					"name": "bone44",
					"parent": "bone42",
					"pivot": [-1.02826, -1.28124, -7.44568],
					"cubes": [
						{
							"origin": [-1.26537, 0.03125, -7.87415],
							"size": [0.23438, 0.375, 0.125],
							"pivot": [-1.03099, 0.03125, -7.74915],
							"rotation": [0, -118, 0],
							"uv": {
								"north": {"uv": [30, 85], "uv_size": [0.5, 0.5]},
								"east": {"uv": [85, 36], "uv_size": [0.5, 0.5]},
								"south": {"uv": [85, 38], "uv_size": [0.5, 0.5]},
								"west": {"uv": [46, 85], "uv_size": [0.5, 0.5]},
								"up": {"uv": [85, 46], "uv_size": [0.5, 0.5]},
								"down": {"uv": [48, 85.5], "uv_size": [0.5, -0.5]}
							}
						},
						{
							"origin": [-1.21664, 0.03125, -7.64489],
							"size": [0.23438, 0.375, 0.125],
							"pivot": [-0.98226, 0.03125, -7.51989],
							"rotation": [0, -78, 0],
							"uv": {
								"north": {"uv": [50, 85], "uv_size": [0.5, 0.5]},
								"east": {"uv": [52, 85], "uv_size": [0.5, 0.5]},
								"south": {"uv": [54, 85], "uv_size": [0.5, 0.5]},
								"west": {"uv": [85, 54], "uv_size": [0.5, 0.5]},
								"up": {"uv": [85, 66], "uv_size": [0.5, 0.5]},
								"down": {"uv": [68, 85.5], "uv_size": [0.5, -0.5]}
							}
						},
						{
							"origin": [-1.14421, 0.03125, -7.42199],
							"size": [0.23438, 0.375, 0.125],
							"pivot": [-0.90983, 0.03125, -7.29699],
							"rotation": [0, -72, 0],
							"uv": {
								"north": {"uv": [85, 68], "uv_size": [0.5, 0.5]},
								"east": {"uv": [70, 85], "uv_size": [0.5, 0.5]},
								"south": {"uv": [85, 76], "uv_size": [0.5, 0.5]},
								"west": {"uv": [85, 78], "uv_size": [0.5, 0.5]},
								"up": {"uv": [80, 85], "uv_size": [0.5, 0.5]},
								"down": {"uv": [85, 80.5], "uv_size": [0.5, -0.5]}
							}
						},
						{
							"origin": [-0.875, 0.03125, -7.26562],
							"size": [0.23438, 0.375, 0.4375],
							"uv": {
								"north": {"uv": [82, 85], "uv_size": [0.5, 0.5]},
								"east": {"uv": [84, 85], "uv_size": [0.5, 0.5]},
								"south": {"uv": [86, 6], "uv_size": [0.5, 0.5]},
								"west": {"uv": [86, 8], "uv_size": [0.5, 0.5]},
								"up": {"uv": [10, 86], "uv_size": [0.5, 0.5]},
								"down": {"uv": [86, 10.5], "uv_size": [0.5, -0.5]}
							}
						},
						{
							"origin": [-0.90096, 0.03125, -7.49197],
							"size": [0.23438, 0.375, 0.23438],
							"pivot": [-0.85409, 0.01563, -7.28885],
							"rotation": [0, -42, 0],
							"uv": {
								"north": {"uv": [12, 86], "uv_size": [0.5, 0.5]},
								"east": {"uv": [86, 12], "uv_size": [0.5, 0.5]},
								"south": {"uv": [86, 14], "uv_size": [0.5, 0.5]},
								"west": {"uv": [86, 16], "uv_size": [0.5, 0.5]},
								"up": {"uv": [86, 22], "uv_size": [0.5, 0.5]},
								"down": {"uv": [86, 24.5], "uv_size": [0.5, -0.5]}
							}
						},
						{
							"origin": [-1.01264, 0.03125, -7.6488],
							"size": [0.17188, 0.375, 0.09375],
							"pivot": [-1.02826, 0.01563, -7.44568],
							"rotation": [0, -42, 0],
							"uv": {
								"north": {"uv": [26, 86], "uv_size": [0.5, 0.5]},
								"east": {"uv": [86, 26], "uv_size": [0.5, 0.5]},
								"south": {"uv": [28, 86], "uv_size": [0.5, 0.5]},
								"west": {"uv": [86, 28], "uv_size": [0.5, 0.5]},
								"up": {"uv": [86, 30], "uv_size": [0.5, 0.5]},
								"down": {"uv": [32, 86.5], "uv_size": [0.5, -0.5]}
							}
						},
						{
							"origin": [-0.875, 0.03125, -6.82812],
							"size": [0.23438, 0.375, 0.34375],
							"pivot": [-0.875, 0.03125, -6.82812],
							"rotation": [0, 60, 0],
							"uv": {
								"north": {"uv": [86, 32], "uv_size": [0.5, 0.5]},
								"east": {"uv": [34, 86], "uv_size": [0.5, 0.5]},
								"south": {"uv": [86, 34], "uv_size": [0.5, 0.5]},
								"west": {"uv": [36, 86], "uv_size": [0.5, 0.5]},
								"up": {"uv": [38, 86], "uv_size": [0.5, 0.5]},
								"down": {"uv": [40, 86.5], "uv_size": [0.5, -0.5]}
							}
						}
					]
				},
				{
					"name": "bone3_illuminated",
					"parent": "bone42",
					"pivot": [-0.76562, -1.09374, -6.90625],
					"cubes": [
						{
							"origin": [-0.83687, 0.00359, -6.96842],
							"size": [0.1425, 0.43625, 0.05903],
							"uv": {
								"east": {"uv": [20, 85], "uv_size": [0.5, 0.5]},
								"west": {"uv": [85, 20], "uv_size": [0.5, 0.5]},
								"up": {"uv": [22, 85], "uv_size": [0.5, 0.5]},
								"down": {"uv": [24, 85.5], "uv_size": [0.5, -0.5]}
							}
						},
						{
							"origin": [-1.76383, 0.00359, -6.81694],
							"size": [0.05903, 0.43625, 0.1425],
							"pivot": [-1.01674, 0.20906, -5.67299],
							"rotation": [0, -45, 0],
							"uv": {
								"north": {"uv": [14, 85], "uv_size": [0.5, 0.5]},
								"south": {"uv": [16, 85], "uv_size": [0.5, 0.5]},
								"up": {"uv": [18, 85], "uv_size": [0.5, 0.5]},
								"down": {"uv": [85, 18.5], "uv_size": [0.5, -0.5]}
							}
						},
						{
							"origin": [-0.79514, 0.00359, -7.01016],
							"size": [0.05903, 0.43625, 0.1425],
							"uv": {
								"north": {"uv": [4, 85], "uv_size": [0.5, 0.5]},
								"south": {"uv": [85, 4], "uv_size": [0.5, 0.5]},
								"up": {"uv": [6, 85], "uv_size": [0.5, 0.5]},
								"down": {"uv": [8, 85.5], "uv_size": [0.5, -0.5]}
							}
						},
						{
							"origin": [-1.80556, 0.00359, -6.7752],
							"size": [0.1425, 0.43625, 0.05903],
							"pivot": [-1.01674, 0.20906, -5.67299],
							"rotation": [0, -45, 0],
							"uv": {
								"east": {"uv": [0, 85], "uv_size": [0.5, 0.5]},
								"west": {"uv": [85, 0], "uv_size": [0.5, 0.5]},
								"up": {"uv": [2, 85], "uv_size": [0.5, 0.5]},
								"down": {"uv": [85, 2.5], "uv_size": [0.5, -0.5]}
							}
						}
					]
				},
				{
					"name": "division",
					"pivot": [-1.32812, -1.86875, -119.875],
					"cubes": [
						{
							"origin": [-94.34375, -63.63125, -120],
							"size": [66.85, 125.125, 0.25],
							"uv": {
								"north": {"uv": [0, 88], "uv_size": [67, 125]},
								"east": {"uv": [0, 88], "uv_size": [67, 125]},
								"south": {"uv": [0, 88], "uv_size": [67, 125]},
								"west": {"uv": [0, 88], "uv_size": [67, 125]},
								"up": {"uv": [67, 213], "uv_size": [-67, -125]},
								"down": {"uv": [67, 213], "uv_size": [-67, -125]}
							}
						},
						{
							"origin": [24.53125, -63.30625, -120],
							"size": [67.475, 124.7, 0.25],
							"uv": {
								"north": {"uv": [0, 88], "uv_size": [67, 125]},
								"east": {"uv": [0, 88], "uv_size": [67, 125]},
								"south": {"uv": [0, 88], "uv_size": [67, 125]},
								"west": {"uv": [0, 88], "uv_size": [67, 125]},
								"up": {"uv": [67, 213], "uv_size": [-67, -125]},
								"down": {"uv": [67, 213], "uv_size": [-67, -125]}
							}
						},
						{
							"origin": [-28.36875, 25.09376, -120],
							"size": [54.075, 36, 0.25],
							"uv": {
								"north": {"uv": [0, 88], "uv_size": [67, 125]},
								"east": {"uv": [0, 88], "uv_size": [67, 125]},
								"south": {"uv": [0, 88], "uv_size": [67, 125]},
								"west": {"uv": [0, 88], "uv_size": [67, 125]},
								"up": {"uv": [67, 213], "uv_size": [-67, -125]},
								"down": {"uv": [67, 213], "uv_size": [-67, -125]}
							}
						},
						{
							"origin": [-28.36875, -62.38125, -120],
							"size": [54.075, 35.925, 0.25],
							"uv": {
								"north": {"uv": [0, 88], "uv_size": [67, 125]},
								"east": {"uv": [0, 88], "uv_size": [67, 125]},
								"south": {"uv": [0, 88], "uv_size": [67, 125]},
								"west": {"uv": [0, 88], "uv_size": [67, 125]},
								"up": {"uv": [67, 213], "uv_size": [-67, -125]},
								"down": {"uv": [67, 213], "uv_size": [-67, -125]}
							}
						}
					]
				},
				{
					"name": "bone72_illuminated",
					"parent": "division",
					"pivot": [-1.45, -0.03125, -119.875],
					"cubes": [
						{
							"origin": [-19.59062, -17.06249, -120],
							"size": [36.28125, 36.125, 0.25],
							"uv": {
								"south": {"uv": [159.71094, 62], "uv_size": [352.28906, 252]}
							}
						}
					]
				},
				{
					"name": "ocularring",
					"pivot": [0, 1.44108, 0.53003],
					"cubes": [
						{
							"origin": [0.85739, 0.73766, -0.375],
							"size": [0.48438, 0.1875, 2.18444],
							"pivot": [0.85739, 0.73766, 1.80944],
							"rotation": [0, 0, -47],
							"uv": {
								"north": {"uv": [20, 77], "uv_size": [0.5, 0.5]},
								"east": {"uv": [38, 68], "uv_size": [2, 0.5]},
								"south": {"uv": [77, 20], "uv_size": [0.5, 0.5]},
								"west": {"uv": [41, 68], "uv_size": [2, 0.5]},
								"up": {"uv": [34, 67], "uv_size": [0.5, 2]},
								"down": {"uv": [28, 70], "uv_size": [0.5, -2]}
							}
						},
						{
							"origin": [-1.63242, 0.62487, -0.37806],
							"size": [0.48438, 0.1875, 2.1875],
							"pivot": [-0.87302, 0.34704, 1.80944],
							"rotation": [0, 0, 47],
							"uv": {
								"north": {"uv": [22, 77], "uv_size": [0.5, 0.5]},
								"east": {"uv": [44, 68], "uv_size": [2, 0.5]},
								"south": {"uv": [24, 77], "uv_size": [0.5, 0.5]},
								"west": {"uv": [55, 68], "uv_size": [2, 0.5]},
								"up": {"uv": [47, 68], "uv_size": [0.5, 2]},
								"down": {"uv": [58, 70], "uv_size": [0.5, -2]}
							}
						},
						{
							"origin": [-0.85739, 0.73766, -0.37806],
							"size": [1.71479, 0.1875, 2.1875],
							"uv": {
								"north": {"uv": [3, 61], "uv_size": [-1, 2]},
								"east": {"uv": [3, 61], "uv_size": [-1, 2]},
								"south": {"uv": [3, 61], "uv_size": [-1, 2]},
								"west": {"uv": [3, 61], "uv_size": [-1, 2]},
								"up": {"uv": [2, 63], "uv_size": [1, -2]},
								"down": {"uv": [2, 63], "uv_size": [1, -2]}
							}
						},
						{
							"origin": [-0.89063, 3.50173, -0.375],
							"size": [1.78126, 0.1875, 2.93796],
							"uv": {
								"north": {"uv": [3, 70], "uv_size": [2, 0.5]},
								"east": {"uv": [61, 22], "uv_size": [4, 0.5]},
								"south": {"uv": [8, 70], "uv_size": [2, 0.5]},
								"west": {"uv": [61, 24], "uv_size": [4, 0.5]},
								"up": {"uv": [15, 24], "uv_size": [2, 4]},
								"down": {"uv": [18, 29], "uv_size": [2, -4]}
							}
						},
						{
							"origin": [-1.29688, 3.50173, -0.375],
							"size": [0.40625, 0.18751, 2.93796],
							"pivot": [-0.89062, 3.68923, 2.56296],
							"rotation": [0, 0, -43],
							"uv": {
								"north": {"uv": [77, 47], "uv_size": [0.5, 0.5]},
								"east": {"uv": [61, 26], "uv_size": [4, 0.5]},
								"south": {"uv": [49, 77], "uv_size": [0.5, 0.5]},
								"west": {"uv": [61, 28], "uv_size": [4, 0.5]},
								"up": {"uv": [4, 61], "uv_size": [0.5, 4]},
								"down": {"uv": [36, 65], "uv_size": [0.5, -4]}
							}
						},
						{
							"origin": [0.89063, 3.50173, -0.375],
							"size": [0.40625, 0.1875, 2.93796],
							"pivot": [0.89063, 3.68923, 2.56296],
							"rotation": [0, 0, 43],
							"uv": {
								"north": {"uv": [51, 77], "uv_size": [0.5, 0.5]},
								"east": {"uv": [61, 30], "uv_size": [4, 0.5]},
								"south": {"uv": [53, 77], "uv_size": [0.5, 0.5]},
								"west": {"uv": [38, 61], "uv_size": [4, 0.5]},
								"up": {"uv": [43, 61], "uv_size": [0.5, 4]},
								"down": {"uv": [45, 65], "uv_size": [0.5, -4]}
							}
						},
						{
							"origin": [0.95336, 3.17605, -0.375],
							"size": [0.23438, 0.23612, 2.93796],
							"uv": {
								"north": {"uv": [55, 77], "uv_size": [0.5, 0.5]},
								"east": {"uv": [61, 48], "uv_size": [4, 0.5]},
								"south": {"uv": [77, 55], "uv_size": [0.5, 0.5]},
								"west": {"uv": [61, 50], "uv_size": [4, 0.5]},
								"up": {"uv": [61, 52], "uv_size": [0.5, 4]},
								"down": {"uv": [53, 65], "uv_size": [0.5, -4]}
							}
						},
						{
							"origin": [0.95336, 0.92606, 2.375],
							"size": [0.23438, 2.20312, 0.375],
							"pivot": [1.18774, 3.67606, 2.75],
							"rotation": [-20, 0, 0],
							"uv": {
								"north": {"uv": [0, 64], "uv_size": [0.5, 3]},
								"east": {"uv": [2, 64], "uv_size": [0.5, 3]},
								"south": {"uv": [8, 64], "uv_size": [0.5, 3]},
								"west": {"uv": [64, 16], "uv_size": [0.5, 3]},
								"down": {"uv": [69, 77.5], "uv_size": [0.5, -0.5]}
							}
						},
						{
							"origin": [-1.18774, 0.92606, 2.34375],
							"size": [0.23438, 2.20312, 0.40625],
							"pivot": [-1.18774, 3.67606, 2.75],
							"rotation": [-20, 0, 0],
							"uv": {
								"north": {"uv": [0.5, 64], "uv_size": [-0.5, 3]},
								"east": {"uv": [64.5, 16], "uv_size": [-0.5, 3]},
								"south": {"uv": [8.5, 64], "uv_size": [-0.5, 3]},
								"west": {"uv": [2.5, 64], "uv_size": [-0.5, 3]},
								"down": {"uv": [69.5, 77.5], "uv_size": [-0.5, -0.5]}
							}
						},
						{
							"origin": [0.95336, 1.09191, -0.375],
							"size": [0.23438, 2.08415, 2.18444],
							"uv": {
								"north": {"uv": [35, 70], "uv_size": [0.5, 2]},
								"east": {"uv": [56, 57], "uv_size": [1.5, 2]},
								"south": {"uv": [37, 70], "uv_size": [0.5, 2]},
								"west": {"uv": [0, 58], "uv_size": [1.5, 2]},
								"down": {"uv": [72, 15.5], "uv_size": [0.5, -1.5]}
							}
						},
						{
							"origin": [0.95336, 2.98254, 1.80944],
							"size": [0.23438, 0.19353, 0.64062],
							"uv": {
								"north": {"uv": [35, 70], "uv_size": [0.5, 2]},
								"east": {"uv": [56, 57], "uv_size": [1.5, 2]},
								"south": {"uv": [37, 70], "uv_size": [0.5, 2]},
								"west": {"uv": [0, 58], "uv_size": [1.5, 2]},
								"down": {"uv": [72, 15.5], "uv_size": [0.5, -1.5]}
							}
						},
						{
							"origin": [0.95336, 1.99816, 1.80944],
							"size": [0.23438, 0.9904, 0.32812],
							"uv": {
								"north": {"uv": [35, 70], "uv_size": [0.5, 2]},
								"east": {"uv": [56, 57], "uv_size": [1.5, 2]},
								"south": {"uv": [37, 70], "uv_size": [0.5, 2]},
								"west": {"uv": [0, 58], "uv_size": [1.5, 2]},
								"down": {"uv": [72, 15.5], "uv_size": [0.5, -1.5]}
							}
						},
						{
							"origin": [-1.18774, 2.98254, 1.80944],
							"size": [0.23438, 0.19353, 0.64062],
							"uv": {
								"north": {"uv": [35.5, 70], "uv_size": [-0.5, 2]},
								"east": {"uv": [1.5, 58], "uv_size": [-1.5, 2]},
								"south": {"uv": [37.5, 70], "uv_size": [-0.5, 2]},
								"west": {"uv": [57.5, 57], "uv_size": [-1.5, 2]},
								"down": {"uv": [72.5, 15.5], "uv_size": [-0.5, -1.5]}
							}
						},
						{
							"origin": [-1.18774, 1.99816, 1.80944],
							"size": [0.23438, 0.9904, 0.32812],
							"uv": {
								"north": {"uv": [35.5, 70], "uv_size": [-0.5, 2]},
								"east": {"uv": [1.5, 58], "uv_size": [-1.5, 2]},
								"south": {"uv": [37.5, 70], "uv_size": [-0.5, 2]},
								"west": {"uv": [57.5, 57], "uv_size": [-1.5, 2]},
								"down": {"uv": [72.5, 15.5], "uv_size": [-0.5, -1.5]}
							}
						},
						{
							"origin": [-1.18774, 1.09191, -0.37806],
							"size": [0.23438, 2.08415, 2.1875],
							"uv": {
								"north": {"uv": [43, 70], "uv_size": [0.5, 2]},
								"east": {"uv": [3, 58], "uv_size": [1.5, 2]},
								"south": {"uv": [45, 70], "uv_size": [0.5, 2]},
								"west": {"uv": [39, 58], "uv_size": [1.5, 2]},
								"down": {"uv": [25, 73.5], "uv_size": [0.5, -1.5]}
							}
						},
						{
							"origin": [-1.18774, 3.17605, -0.37806],
							"size": [0.23438, 0.23612, 2.94102],
							"uv": {
								"north": {"uv": [78, 40], "uv_size": [0.5, 0.5]},
								"east": {"uv": [61, 57], "uv_size": [4, 0.5]},
								"south": {"uv": [42, 78], "uv_size": [0.5, 0.5]},
								"west": {"uv": [61, 59], "uv_size": [4, 0.5]},
								"up": {"uv": [61, 61], "uv_size": [0.5, 4]},
								"down": {"uv": [16, 66], "uv_size": [0.5, -4]}
							}
						}
					]
				},
				{
					"name": "ocular",
					"pivot": [-0.03125, 2.19019, 1.51563],
					"cubes": [
						{
							"origin": [-1.00222, 0.88549, 1.40625],
							"size": [1.95757, 2.56251, 0.21875],
							"uv": {
								"north": {"uv": [60, 10], "uv_size": [1.5, 2]},
								"east": {"uv": [47, 71], "uv_size": [0.5, 2]},
								"south": {"uv": [60, 13], "uv_size": [1.5, 2]},
								"west": {"uv": [8, 72], "uv_size": [0.5, 2]},
								"up": {"uv": [74, 18], "uv_size": [1.5, 0.5]},
								"down": {"uv": [74, 37.5], "uv_size": [1.5, -0.5]}
							}
						}
					]
				},
				{
					"name": "scope_view",
					"pivot": [0, 2.27188, 9]
				}
			]
		}
	]
}