{
	"format_version": "1.12.0",
	"minecraft:geometry": [
		{
			"description": {
				"identifier": "geometry.unknown",
				"texture_width": 16,
				"texture_height": 16,
				"visible_bounds_width": 8,
				"visible_bounds_height": 1.5,
				"visible_bounds_offset": [0, 0.25, 0]
			},
			"bones": [
				{
					"name": "scope_body",
					"pivot": [0, 0, 0],
					"cubes": [
						{
							"origin": [1, 0.53401, -1.998],
							"size": [0.125, 1.18198, 0.25],
							"uv": {
								"north": {"uv": [0, 8], "uv_size": [0.25, 1.25]},
								"east": {"uv": [1, 8], "uv_size": [0.25, 1.25]},
								"south": {"uv": [2, 8], "uv_size": [0.25, 1.25]},
								"west": {"uv": [3, 8], "uv_size": [0.25, 1.25]}
							}
						},
						{
							"origin": [1, 0.63756, -1.998],
							"size": [0.125, 0.82843, 0.25],
							"pivot": [0, 1, -1.75],
							"rotation": [0, 0, 45],
							"uv": {
								"north": {"uv": [7, 8], "uv_size": [0.25, 0.75]},
								"east": {"uv": [8, 8], "uv_size": [0.25, 0.75]},
								"south": {"uv": [9, 0], "uv_size": [0.25, 0.75]},
								"west": {"uv": [9, 1], "uv_size": [0.25, 0.75]}
							}
						},
						{
							"origin": [1, 0.53401, -1.998],
							"size": [0.125, 1.43198, 0.25],
							"pivot": [0, 1.25, -1.75],
							"rotation": [0, 0, 90],
							"uv": {
								"north": {"uv": [2, 5], "uv_size": [0.25, 1.5]},
								"east": {"uv": [3, 5], "uv_size": [0.25, 1.5]},
								"south": {"uv": [4, 5], "uv_size": [0.25, 1.5]}
							}
						},
						{
							"origin": [1, 0.28401, -1.998],
							"size": [0.125, 1.43198, 0.25],
							"pivot": [0, 1, -1.75],
							"rotation": [0, 0, -90],
							"uv": {
								"north": {"uv": [5, 4], "uv_size": [0.25, 1.5]},
								"east": {"uv": [6, 0], "uv_size": [0.25, 1.5]},
								"south": {"uv": [6, 2], "uv_size": [0.25, 1.5]},
								"west": {"uv": [6, 4], "uv_size": [0.25, 1.5]}
							}
						},
						{
							"origin": [-0.11244, 2.25, -1.998],
							"size": [0.57843, 0.125, 0.25],
							"pivot": [0, 1.25, -1.75],
							"rotation": [0, 0, 45],
							"uv": {
								"north": {"uv": [9, 8], "uv_size": [0.5, 0.25]},
								"south": {"uv": [9, 9], "uv_size": [0.5, 0.25]},
								"up": {"uv": [0, 10], "uv_size": [0.5, 0.25]},
								"down": {"uv": [10, 0.25], "uv_size": [0.5, -0.25]}
							}
						},
						{
							"origin": [-0.46599, 2.25, -1.998],
							"size": [0.57843, 0.125, 0.25],
							"pivot": [0, 1.25, -1.75],
							"rotation": [0, 0, -45],
							"uv": {
								"north": {"uv": [1, 10], "uv_size": [0.5, 0.25]},
								"south": {"uv": [10, 1], "uv_size": [0.5, 0.25]},
								"up": {"uv": [2, 10], "uv_size": [0.5, 0.25]},
								"down": {"uv": [10, 2.25], "uv_size": [0.5, -0.25]}
							}
						},
						{
							"origin": [-1.125, 0.53401, -1.998],
							"size": [0.125, 1.18198, 0.25],
							"uv": {
								"north": {"uv": [4, 8], "uv_size": [0.25, 1.25]},
								"east": {"uv": [5, 8], "uv_size": [0.25, 1.25]},
								"south": {"uv": [6, 8], "uv_size": [0.25, 1.25]},
								"west": {"uv": [8, 6], "uv_size": [0.25, 1.25]}
							}
						},
						{
							"origin": [-1.125, 0.63756, -1.998],
							"size": [0.125, 0.82843, 0.25],
							"pivot": [0, 1, -1.75],
							"rotation": [0, 0, -45],
							"uv": {
								"north": {"uv": [9, 2], "uv_size": [0.25, 0.75]},
								"east": {"uv": [9, 3], "uv_size": [0.25, 0.75]},
								"south": {"uv": [9, 4], "uv_size": [0.25, 0.75]},
								"west": {"uv": [9, 5], "uv_size": [0.25, 0.75]}
							}
						},
						{
							"origin": [-0.625, -0.375, -1.999],
							"size": [1.25, 0.5, 2],
							"uv": {
								"north": {"uv": [4, 2], "uv_size": [1.25, 0.5]},
								"east": {"uv": [0, 4], "uv_size": [2, 0.5]},
								"south": {"uv": [4, 3], "uv_size": [1.25, 0.5]},
								"west": {"uv": [4, 0], "uv_size": [2, 0.5]},
								"up": {"uv": [2, 0], "uv_size": [1.25, 2]},
								"down": {"uv": [2, 4], "uv_size": [1.25, -2]}
							}
						},
						{
							"origin": [-0.6875, -0.25, -0.5],
							"size": [1.375, 0.25, 0.25],
							"pivot": [0, -0.125, -0.375],
							"rotation": [-45, 0, 0],
							"uv": {
								"north": {"uv": [5, 6], "uv_size": [1.5, 0.25]},
								"east": {"uv": [10, 6], "uv_size": [0.25, 0.25]},
								"south": {"uv": [0, 7], "uv_size": [1.5, 0.25]},
								"west": {"uv": [7, 10], "uv_size": [0.25, 0.25]},
								"up": {"uv": [7, 0], "uv_size": [1.5, 0.25]},
								"down": {"uv": [7, 1.25], "uv_size": [1.5, -0.25]}
							}
						},
						{
							"origin": [-0.6875, -0.25, -1.75],
							"size": [1.375, 0.25, 0.25],
							"pivot": [0, -0.125, -1.625],
							"rotation": [-45, 0, 0],
							"uv": {
								"north": {"uv": [2, 7], "uv_size": [1.5, 0.25]},
								"east": {"uv": [10, 7], "uv_size": [0.25, 0.25]},
								"south": {"uv": [7, 2], "uv_size": [1.5, 0.25]},
								"west": {"uv": [8, 10], "uv_size": [0.25, 0.25]},
								"up": {"uv": [7, 3], "uv_size": [1.5, 0.25]},
								"down": {"uv": [4, 7.25], "uv_size": [1.5, -0.25]}
							}
						},
						{
							"origin": [-0.375, 0.125, -0.25],
							"size": [0.75, 0.25, 0.25],
							"uv": {
								"south": {"uv": [9, 6], "uv_size": [0.75, 0.25]},
								"up": {"uv": [7, 9], "uv_size": [0.75, 0.25]}
							}
						},
						{
							"origin": [-0.375, -0.41332, -0.44265],
							"size": [0.75, 0.75, 0.25],
							"pivot": [0, 0.21168, -0.31765],
							"rotation": [-67.5, 0, 0],
							"uv": {
								"north": {"uv": [4, 4], "uv_size": [0.75, 0.75]}
							}
						},
						{
							"origin": [-0.375, 0.125, -2],
							"size": [0.75, 0.25, 0.25],
							"uv": {
								"north": {"uv": [9, 7], "uv_size": [0.75, 0.25]},
								"up": {"uv": [8, 9], "uv_size": [0.75, 0.25]}
							}
						},
						{
							"origin": [-0.375, -0.17678, -1.875],
							"size": [0.75, 0.5, 0.25],
							"pivot": [0, 0.19822, -1.75],
							"rotation": [45, 0, 0],
							"uv": {
								"south": {"uv": [7, 4], "uv_size": [0.75, 0.5]}
							}
						},
						{
							"origin": [0.17678, -0.35355, -2],
							"size": [0.35355, 0.5, 2],
							"pivot": [0.55178, 0.02145, -0.5],
							"rotation": [0, 0, 45],
							"uv": {
								"north": {"uv": [3, 10], "uv_size": [0.25, 0.5]},
								"east": {"uv": [4, 1], "uv_size": [2, 0.5]},
								"south": {"uv": [10, 3], "uv_size": [0.25, 0.5]},
								"up": {"uv": [0, 5], "uv_size": [0.25, 2]}
							}
						},
						{
							"origin": [-0.53033, -0.35355, -2],
							"size": [0.35355, 0.5, 2],
							"pivot": [-0.55178, 0.02145, -0.5],
							"rotation": [0, 0, -45],
							"uv": {
								"north": {"uv": [10, 5], "uv_size": [0.25, 0.5]},
								"south": {"uv": [6, 10], "uv_size": [0.25, 0.5]},
								"west": {"uv": [2, 4], "uv_size": [2, 0.5]},
								"up": {"uv": [1, 5], "uv_size": [0.25, 2]}
							}
						},
						{
							"origin": [-1.125, -0.125, -1.875],
							"size": [2.25, 2.25, 0],
							"uv": {
								"north": {"uv": [15.75, 11.75], "uv_size": [-4.25, 4.25]},
								"south": {"uv": [11.5, 11.75], "uv_size": [4.25, 4.25]}
							}
						}
					]
				},
				{
					"name": "light_illuminated",
					"parent": "scope_body",
					"pivot": [0, 0.1602, -0.59281],
					"cubes": [
						{
							"origin": [-0.21875, 0.11065, -0.76201],
							"size": [0.4375, 0.1875, 0.25],
							"pivot": [0, 0.2044, -0.63701],
							"rotation": [-45, 0, 0],
							"uv": {
								"north": {"uv": [4, 10], "uv_size": [0.5, 0.25]},
								"east": {"uv": [10, 8], "uv_size": [0.25, 0.25]},
								"west": {"uv": [9, 10], "uv_size": [0.25, 0.25]},
								"up": {"uv": [10, 4], "uv_size": [0.5, 0.25]},
								"down": {"uv": [5, 10.25], "uv_size": [0.5, -0.25]}
							}
						}
					]
				},
				{
					"name": "ocular",
					"pivot": [0, 1.125, -1.9375],
					"cubes": [
						{
							"origin": [-1, 0.5, -1.9375],
							"size": [2, 1.25, 0],
							"uv": {
								"south": {"uv": [1, 0], "uv_size": [-1, 1]}
							}
						},
						{
							"origin": [-0.75, 1.75, -1.9375],
							"size": [1.5, 0.25, 0],
							"uv": {
								"south": {"uv": [1, 0], "uv_size": [-1, 1]}
							}
						},
						{
							"origin": [-0.7955, 1.25628, -1.9375],
							"size": [0.35355, 0.25, 0],
							"pivot": [-1.19194, 1.38128, -2.0625],
							"rotation": [0, 0, -45],
							"uv": {
								"south": {"uv": [1, 0], "uv_size": [-1, 1]}
							}
						},
						{
							"origin": [0.44194, 1.25628, -1.9375],
							"size": [0.35355, 0.25, 0],
							"pivot": [1.19194, 1.38128, -2.0625],
							"rotation": [0, 0, 45],
							"uv": {
								"south": {"uv": [0, 0], "uv_size": [1, 1]}
							}
						},
						{
							"origin": [0.44194, 0.74372, -1.9375],
							"size": [0.35355, 0.25, 0],
							"pivot": [1.19194, 0.86872, -2.0625],
							"rotation": [0, 0, -45],
							"uv": {
								"south": {"uv": [0, 1], "uv_size": [1, -1]}
							}
						},
						{
							"origin": [-0.7955, 0.74372, -1.9375],
							"size": [0.35355, 0.25, 0],
							"pivot": [-1.19194, 0.86872, -2.0625],
							"rotation": [0, 0, 45],
							"uv": {
								"south": {"uv": [1, 1], "uv_size": [-1, -1]}
							}
						},
						{
							"origin": [-0.75, 0.25, -1.9375],
							"size": [1.5, 0.25, 0],
							"uv": {
								"south": {"uv": [1, 0], "uv_size": [-1, 1]}
							}
						}
					]
				},
				{
					"name": "scope_view",
					"pivot": [0, 1.125, 2.25]
				},
				{
					"name": "division",
					"pivot": [0, 0, 0]
				},
				{
					"name": "division_illuminated",
					"parent": "division",
					"pivot": [0, 0, 0],
					"cubes": [
						{
							"origin": [-0.125, 1, -64.75],
							"size": [0.25, 0.25, 0],
							"pivot": [0, 1.125, -64.75],
							"rotation": [0, 0, -45],
							"uv": {
								"south": {"uv": [10, 9], "uv_size": [0.25, 0.25]}
							}
						},
						{
							"origin": [0.44352, 0.19647, -64.75],
							"size": [0.25, 1, 0],
							"pivot": [0.56852, 0.19647, -64.75],
							"rotation": [0, 0, -30],
							"uv": {
								"south": {"uv": [7, 6], "uv_size": [0.25, 1]}
							}
						},
						{
							"origin": [-0.69352, 0.19647, -64.75],
							"size": [0.25, 1, 0],
							"pivot": [-0.56852, 0.19647, -64.75],
							"rotation": [0, 0, 30],
							"uv": {
								"south": {"uv": [8, 4], "uv_size": [0.25, 1]}
							}
						},
						{
							"origin": [-3.25, 1, -64.75],
							"size": [1.5, 0.25, 0],
							"uv": {
								"south": {"uv": [7, 5], "uv_size": [1.5, 0.25]}
							}
						},
						{
							"origin": [1.75, 1, -64.75],
							"size": [1.5, 0.25, 0],
							"uv": {
								"south": {"uv": [6, 7], "uv_size": [1.5, 0.25]}
							}
						}
					]
				}
			]
		}
	]
}