{
    "ammo": "emxarms:x16sg",
    "ammo_amount": 12,
    "extended_mag_ammo_amount": [
        16,
        20,
        36
    ],
    "bolt": "closed_bolt",
    "rpm": 72.0,
    "bullet": {
        "life": 0.8,
        "bullet_amount": 10,
        "damage": 39.7,
        "tracer_count_interval": 0,
        "extra_damage": {
            "armor_ignore": 0.04,
            "head_shot_multiplier": 1.27,
            "damage_adjust": [
                {
                    "distance": 3,
                    "damage": 39.7
                },
                {
                    "distance": 6,
                    "damage": 31.8
                },
                {
                    "distance": 9,
                    "damage": 11.9
                },
                {
                    "distance": 12,
                    "damage": 7.9
                },
                {
                    "distance": "infinite",
                    "damage": 4.0
                }
            ]
        },
        "speed": 170,
        "gravity": 0.0245,
        "knockback": 0,
        "friction": 0.01,
        "ignite": false,
        "ignite_entity_time": 16,
        "pierce": 1
    },
    "reload": {
        "type": "magazine",
        "feed": {
            "empty": 2.95,
            "tactical": 1.95
        },
        "cooldown": {
            "empty": 3.69,
            "tactical": 2.77
        }
    },
    "draw_time": 0.35,
    "put_away_time": 0.4,
    "aim_time": 0.2,
    "sprint_time": 0.2,
    "fire_mode": [
        "auto",
        "semi"
    ],
    "burst_data": {
        "continuous_shoot": true,
        "count": 3,
        "bpm": 216.0,
        "min_interval": 2.12
    },
    "recoil": {
        "pitch": [
            {
                "time": 0,
                "value": [
                    0.9,
                    1.2
                ]
            },
            {
                "time": 0.25,
                "value": [
                    0.9,
                    1.2
                ]
            },
            {
                "time": 0.45,
                "value": [
                    -0.175,
                    -0.175
                ]
            },
            {
                "time": 0.6,
                "value": [
                    0,
                    0
                ]
            }
        ],
        "yaw": [
            {
                "time": 0,
                "value": [
                    -0.35,
                    0.35
                ]
            },
            {
                "time": 0.25,
                "value": [
                    -0.35,
                    0.35
                ]
            },
            {
                "time": 0.45,
                "value": [
                    0,
                    0
                ]
            }
        ]
    },
    "hurt_bob_tweak_multiplier": 0.05,
    "weight": 5.2,
    "movement_speed": {
        "base": 0.0,
        "aim": -0.2,
        "reload": -0.2
    },
    "inaccuracy": {
        "stand": 12.5,
        "move": 17.625,
        "sneak": 6.55,
        "lie": 4.9125,
        "aim": 3.93
    },
    "melee": {
        "distance": 1,
        "cooldown": 0.6,
        "default": {
            "animation_type": "melee_push",
            "distance": 2,
            "range_angle": 30,
            "damage": 2.0,
            "knockback": 0.5,
            "prep": 0.1
        }
    },
    "allow_attachment_types": [
        "scope",
        "grip",
        "muzzle",
        "stock",
        "extended_mag"
    ],
    "exclusive_attachments": {
        "tacz:scope_standard_8x": {
            "weight": 2.0,
            "ads_addend": 0.04,
            "inaccuracy_addend": -0.4,
            "recoil_modifier": {
                "pitch": -0.2,
                "yaw": -0.1
            }
        }
    }
}