{
    "ammo": "emxarms:339x57",
    "ammo_amount": 40,
    "extended_mag_ammo_amount": [
        45,
        50,
        60
    ],
    "bolt": "closed_bolt",
    "rpm": 485.0,
    "bullet": {
        "life": 0.75,
        "bullet_amount": 1,
        "damage": 8.3,
        "tracer_count_interval": 0,
        "extra_damage": {
            "armor_ignore": 0.1,
            "head_shot_multiplier": 1.38,
            "damage_adjust": [
                {
                    "distance": 3,
                    "damage": 8.3
                },
                {
                    "distance": 9,
                    "damage": 6.6
                },
                {
                    "distance": 15,
                    "damage": 5.0
                },
                {
                    "distance": 18,
                    "damage": 4.2
                },
                {
                    "distance": "infinite",
                    "damage": 0.8
                }
            ]
        },
        "ignite": false,
        "ignite_entity_time": 12,
        "speed": 300,
        "gravity": 0.0245,
        "knockback": 0,
        "friction": 0.01,
        "pierce": 2
    },
    "reload": {
        "type": "magazine",
        "feed": {
            "empty": 1.87,
            "tactical": 1.4
        },
        "cooldown": {
            "empty": 2.2,
            "tactical": 1.87
        }
    },
    "draw_time": 0.3,
    "put_away_time": 0.43,
    "aim_time": 0.2,
    "sprint_time": 0.2,
    "weight": 3.5,
    "movement_speed": {
        "base": 0.0,
        "aim": -0.2,
        "reload": -0.15
    },
    "fire_mode": [
        "auto",
        "semi",
        "burst"
    ],
    "burst_data": {
        "continuous_shoot": true,
        "count": 3,
        "bpm": 1455.0,
        "min_interval": 0.7
    },
    "recoil": {
        "pitch": [
            {
                "time": 0,
                "value": [
                    0.58,
                    0.68
                ]
            },
            {
                "time": 0.3,
                "value": [
                    0.55,
                    0.65
                ]
            },
            {
                "time": 0.5,
                "value": [
                    -0.125,
                    -0.125
                ]
            },
            {
                "time": 0.65,
                "value": [
                    0,
                    0
                ]
            }
        ],
        "yaw": [
            {
                "time": 0,
                "value": [
                    -0.25,
                    0.25
                ]
            },
            {
                "time": 0.3,
                "value": [
                    0.15,
                    0.25
                ]
            },
            {
                "time": 0.5,
                "value": [
                    0,
                    0
                ]
            }
        ]
    },
    "inaccuracy": {
        "stand": 3.0,
        "move": 4.99,
        "sneak": 1.8,
        "lie": 1.35,
        "aim": 0.54
    },
    "melee": {
        "distance": 1,
        "cooldown": 0.6,
        "default": {
            "animation_type": "melee_push",
            "distance": 2,
            "range_angle": 30,
            "damage": 2.0,
            "knockback": 0.5,
            "prep": 0.1
        }
    },
    "allow_attachment_types": [
        "scope",
        "grip",
        "stock",
        "muzzle",
        "extended_mag"
    ],
    "exclusive_attachments": {}
}