{
    "ammo": "emxarms:339x57fmj",
    "rpm": 471.0,
    "bullet": {
        "life": 0.6,
        "bullet_amount": 1,
        "damage": 8.4,
        "tracer_count_interval": 0,
        "extra_damage": {
            "armor_ignore": 0.1,
            "head_shot_multiplier": 1.43,
            "damage_adjust": [
                {
                    "distance": 3,
                    "damage": 8.4
                },
                {
                    "distance": 9,
                    "damage": 6.7
                },
                {
                    "distance": 15,
                    "damage": 5.0
                },
                {
                    "distance": 18,
                    "damage": 4.2
                },
                {
                    "distance": "infinite",
                    "damage": 0.8
                }
            ]
        },
        "ignite": false,
        "ignite_entity_time": 12,
        "speed": 240,
        "gravity": 0.0245,
        "knockback": 0,
        "friction": 0.012,
        "pierce": 2
    },
    "ammo_amount": 30,
    "extended_mag_ammo_amount": [
        33,
        36,
        45
    ],
    "bolt": "closed_bolt",
    "reload": {
        "type": "magazine",
        "feed": {
            "empty": 2.71,
            "tactical": 1.63
        },
        "cooldown": {
            "empty": 3.17,
            "tactical": 2.5
        }
    },
    "draw_time": 0.3,
    "put_away_time": 0.43,
    "aim_time": 0.18,
    "sprint_time": 0.2,
    "weight": 3.4,
    "movement_speed": {
        "base": 0.0,
        "aim": -0.15,
        "reload": -0.1
    },
    "fire_mode": [
        "auto",
        "burst",
        "semi"
    ],
    "burst_data": {
        "continuous_shoot": true,
        "count": 3,
        "bpm": 1413.0,
        "min_interval": 0.7
    },
    "melee": {
        "distance": 1,
        "cooldown": 0.6,
        "default": {
            "animation_type": "melee_push",
            "distance": 2,
            "range_angle": 30,
            "damage": 2.0,
            "knockback": 0.5,
            "prep": 0.1
        }
    },
    "allow_attachment_types": [
        "scope",
        "stock",
        "grip",
        "muzzle",
        "extended_mag"
    ],
    "recoil": {
        "pitch": [
            {
                "time": 0,
                "value": [
                    0.71,
                    0.71
                ]
            },
            {
                "time": 0.12,
                "value": [
                    0.65,
                    0.65
                ]
            },
            {
                "time": 0.3,
                "value": [
                    -0.2,
                    -0.2
                ]
            },
            {
                "time": 0.45,
                "value": [
                    0,
                    0
                ]
            }
        ],
        "yaw": [
            {
                "time": 0,
                "value": [
                    -0.15,
                    0.15
                ]
            },
            {
                "time": 0.12,
                "value": [
                    -0.15,
                    0.15
                ]
            },
            {
                "time": 0.3,
                "value": [
                    0,
                    0
                ]
            }
        ]
    },
    "inaccuracy": {
        "stand": 3.0,
        "move": 4.99,
        "sneak": 1.8,
        "lie": 1.35,
        "aim": 0.54
    }
}