{
    "ammo": "emxarms:402x31",
    "rpm": 520.0,
    "bullet": {
        "life": 0.6,
        "bullet_amount": 1,
        "damage": 5.1,
        "tracer_count_interval": 0,
        "extra_damage": {
            "armor_ignore": 0.15,
            "head_shot_multiplier": 1.39,
            "damage_adjust": [
                {
                    "distance": 3,
                    "damage": 5.1
                },
                {
                    "distance": 6,
                    "damage": 4.1
                },
                {
                    "distance": 9,
                    "damage": 3.1
                },
                {
                    "distance": 12,
                    "damage": 1.0
                },
                {
                    "distance": "infinite",
                    "damage": 0.5
                }
            ]
        },
        "ignite": false,
        "ignite_entity_time": 10,
        "speed": 180,
        "gravity": 0.0245,
        "knockback": 0,
        "friction": 0.012,
        "pierce": 1
    },
    "ammo_amount": 40,
    "extended_mag_ammo_amount": [
        50,
        64,
        80
    ],
    "bolt": "closed_bolt",
    "reload": {
        "type": "magazine",
        "feed": {
            "empty": 2.03,
            "tactical": 1.67
        },
        "cooldown": {
            "empty": 2.47,
            "tactical": 2.2
        }
    },
    "draw_time": 0.37,
    "put_away_time": 0.27,
    "sprint_time": 0.2,
    "aim_time": 0.1,
    "weight": 2.85,
    "movement_speed": {
        "base": 0.0,
        "aim": -0.1,
        "reload": 0
    },
    "fire_mode": [
        "auto",
        "burst",
        "semi"
    ],
    "burst_data": {
        "continuous_shoot": true,
        "count": 4,
        "bpm": 1560.0,
        "min_interval": 0.76
    },
    "melee": {
        "distance": 1,
        "cooldown": 0.6,
        "default": {
            "animation_type": "melee_push",
            "distance": 2,
            "range_angle": 30,
            "damage": 2.0,
            "knockback": 0.5,
            "prep": 0.1
        }
    },
    "allow_attachment_types": [
        "scope",
        "stock",
        "grip",
        "muzzle",
        "extended_mag"
    ],
    "recoil": {
        "pitch": [
            {
                "time": 0,
                "value": [
                    0.65,
                    0.65
                ]
            },
            {
                "time": 0.12,
                "value": [
                    0.65,
                    0.65
                ]
            },
            {
                "time": 0.3,
                "value": [
                    -0.2,
                    -0.2
                ]
            },
            {
                "time": 0.45,
                "value": [
                    0,
                    0
                ]
            }
        ],
        "yaw": [
            {
                "time": 0,
                "value": [
                    -0.35,
                    0.35
                ]
            },
            {
                "time": 0.12,
                "value": [
                    -0.35,
                    0.35
                ]
            },
            {
                "time": 0.3,
                "value": [
                    0,
                    0
                ]
            }
        ]
    },
    "inaccuracy": {
        "stand": 4.0,
        "move": 6.32,
        "sneak": 2.3,
        "lie": 1.7249999999999999,
        "aim": 0.69
    }
}