{
    "ammo": "emxarms:410x57ap",
    "ammo_amount": 30,
    "extended_mag_ammo_amount": [
        45,
        60,
        80
    ],
    "bolt": "open_bolt",
    "rpm": 1136.0,
    "bullet": {
        "life": 0.75,
        "bullet_amount": 1,
        "damage": 4.7,
        "tracer_count_interval": 0,
        "extra_damage": {
            "armor_ignore": 0.08,
            "head_shot_multiplier": 1.29,
            "damage_adjust": [
                {
                    "distance": 3,
                    "damage": 4.7
                },
                {
                    "distance": 6,
                    "damage": 4.2
                },
                {
                    "distance": 9,
                    "damage": 3.3
                },
                {
                    "distance": 12,
                    "damage": 1.4
                },
                {
                    "distance": "infinite",
                    "damage": 0.5
                }
            ]
        },
        "ignite": false,
        "ignite_entity_time": 14,
        "speed": 300,
        "gravity": 0.0245,
        "knockback": 0,
        "friction": 0.01,
        "pierce": 3
    },
    "reload": {
        "type": "magazine",
        "feed": {
            "empty": 2.8,
            "tactical": 2.8
        },
        "cooldown": {
            "empty": 4.7,
            "tactical": 3.8
        }
    },
    "draw_time": 0.55,
    "put_away_time": 0.9,
    "aim_time": 0.28,
    "sprint_time": 0.21,
    "weight": 8.4,
    "movement_speed": {
        "base": 0.0,
        "aim": -0.25,
        "reload": -0.2
    },
    "fire_mode": [
        "semi",
        "auto"
    ],
    "recoil": {
        "pitch": [
            {
                "time": 0,
                "value": [
                    1.78,
                    1.98
                ]
            },
            {
                "time": 0.3,
                "value": [
                    0.95,
                    0.95
                ]
            },
            {
                "time": 0.5,
                "value": [
                    -0.125,
                    -0.125
                ]
            },
            {
                "time": 0.65,
                "value": [
                    0,
                    0
                ]
            }
        ],
        "yaw": [
            {
                "time": 0,
                "value": [
                    -0.35,
                    0.35
                ]
            },
            {
                "time": 0.3,
                "value": [
                    0.15,
                    0.25
                ]
            },
            {
                "time": 0.5,
                "value": [
                    0,
                    0
                ]
            }
        ]
    },
    "inaccuracy": {
        "stand": 6.25,
        "move": 9.3125,
        "sneak": 3.425,
        "lie": 2.5687499999999996,
        "aim": 1.0274999999999999
    },
    "melee": {
        "distance": 1,
        "cooldown": 0.7,
        "default": {
            "animation_type": "melee_push",
            "distance": 2,
            "range_angle": 30,
            "damage": 3.0,
            "knockback": 0.5,
            "prep": 0.1
        }
    },
    "allow_attachment_types": [
        "scope",
        "grip",
        "stock",
        "muzzle",
        "extended_mag"
    ],
    "exclusive_attachments": {}
}