{
    "ammo": "emxarms:402x31fmj",
    "rpm": 531.0,
    "bullet": {
        "life": 0.55,
        "bullet_amount": 1,
        "damage": 5.5,
        "tracer_count_interval": 0,
        "extra_damage": {
            "armor_ignore": 0.15,
            "head_shot_multiplier": 1.39,
            "damage_adjust": [
                {
                    "distance": 3,
                    "damage": 5.5
                },
                {
                    "distance": 6,
                    "damage": 4.4
                },
                {
                    "distance": 9,
                    "damage": 3.3
                },
                {
                    "distance": 12,
                    "damage": 1.1
                },
                {
                    "distance": "infinite",
                    "damage": 0.6
                }
            ]
        },
        "ammo_amount": 2,
        "ignite": false,
        "ignite_entity_time": 10,
        "speed": 210,
        "gravity": 0.098,
        "knockback": 0.1,
        "friction": 0.02,
        "pierce": 3
    },
    "ammo_amount": 25,
    "extended_mag_ammo_amount": [
        30,
        35,
        45
    ],
    "bolt": "closed_bolt",
    "reload": {
        "type": "magazine",
        "feed": {
            "empty": 2.37,
            "tactical": 1.57
        },
        "cooldown": {
            "empty": 2.87,
            "tactical": 2.17
        }
    },
    "draw_time": 0.53,
    "put_away_time": 0.47,
    "aim_time": 0.12,
    "sprint_time": 0.15,
    "weight": 2.35,
    "movement_speed": {
        "base": 0.0,
        "aim": -0.1,
        "reload": 0
    },
    "fire_mode": [
        "auto",
        "burst"
    ],
    "burst_data": {
        "continuous_shoot": true,
        "count": 3,
        "bpm": 1593.0,
        "min_interval": 0.68
    },
    "allow_attachment_types": [
        "scope",
        "muzzle",
        "grip",
        "stock",
        "extended_mag"
    ],
    "recoil": {
        "pitch": [
            {
                "time": 0,
                "value": [
                    0.5,
                    0.5
                ]
            },
            {
                "time": 0.2,
                "value": [
                    0.5,
                    0.5
                ]
            },
            {
                "time": 0.55,
                "value": [
                    -0.15,
                    -0.15
                ]
            },
            {
                "time": 0.7,
                "value": [
                    0,
                    0
                ]
            }
        ],
        "yaw": [
            {
                "time": 0,
                "value": [
                    -0.2,
                    0.15
                ]
            },
            {
                "time": 0.3,
                "value": [
                    -0.2,
                    0.15
                ]
            },
            {
                "time": 0.55,
                "value": [
                    0,
                    0
                ]
            }
        ]
    },
    "inaccuracy": {
        "stand": 4.0,
        "move": 6.32,
        "sneak": 2.3,
        "lie": 1.7249999999999999,
        "aim": 0.69
    },
    "melee": {
        "distance": 1,
        "cooldown": 0.5,
        "default": {
            "animation_type": "melee_stock",
            "distance": 1,
            "range_angle": 30,
            "damage": 6,
            "knockback": 0.6,
            "prep": 0.1
        }
    }
}