{
    "ammo": "emxarms:402x31",
    "rpm": 360.0,
    "bullet": {
        "life": 0.6,
        "bullet_amount": 1,
        "damage": 7.2,
        "tracer_count_interval": 0,
        "extra_damage": {
            "armor_ignore": 0.11,
            "head_shot_multiplier": 1.41,
            "damage_adjust": [
                {
                    "distance": 3,
                    "damage": 7.2
                },
                {
                    "distance": 6,
                    "damage": 5.8
                },
                {
                    "distance": 9,
                    "damage": 4.3
                },
                {
                    "distance": 12,
                    "damage": 2.2
                },
                {
                    "distance": "infinite",
                    "damage": 0.7
                }
            ]
        },
        "ignite": false,
        "ignite_entity_time": 8,
        "speed": 150,
        "gravity": 0.0245,
        "knockback": 0,
        "friction": 0.012,
        "pierce": 1
    },
    "ammo_amount": 21,
    "extended_mag_ammo_amount": [
        24,
        30,
        36
    ],
    "bolt": "closed_bolt",
    "reload": {
        "type": "magazine",
        "feed": {
            "empty": 1.63,
            "tactical": 1.05
        },
        "cooldown": {
            "empty": 1.88,
            "tactical": 1.5
        }
    },
    "draw_time": 0.32,
    "put_away_time": 0.35,
    "aim_time": 0.17,
    "sprint_time": 0.2,
    "weight": 1.1,
    "movement_speed": {
        "base": 0.0,
        "aim": 0,
        "reload": 0.1
    },
    "fire_mode": [
        "semi",
        "burst"
    ],
    "burst_data": {
        "continuous_shoot": true,
        "count": 3,
        "bpm": 1080.0,
        "min_interval": 0.78
    },
    "allow_attachment_types": [
        "scope",
        "grip",
        "muzzle",
        "stock",
        "extended_mag"
    ],
    "recoil": {
        "pitch": [
            {
                "time": 0,
                "value": [
                    0.55,
                    0.55
                ]
            },
            {
                "time": 0.35,
                "value": [
                    0.55,
                    0.55
                ]
            },
            {
                "time": 0.6,
                "value": [
                    -0.175,
                    -0.175
                ]
            },
            {
                "time": 0.8,
                "value": [
                    0.05,
                    0.05
                ]
            },
            {
                "time": 1.0,
                "value": [
                    0,
                    0
                ]
            }
        ],
        "yaw": [
            {
                "time": 0,
                "value": [
                    -0.2,
                    0.2
                ]
            },
            {
                "time": 0.45,
                "value": [
                    0,
                    0
                ]
            }
        ]
    },
    "inaccuracy": {
        "stand": 2.5,
        "move": 4.325,
        "sneak": 1.55,
        "lie": 1.1625,
        "aim": 0.4650000000000001
    }
}