{
    "ammo": "emxarms:x16sg",
    "rpm": 73.0,
    "bullet": {
        "life": 0.3,
        "bullet_amount": 16,
        "damage": 37.5,
        "tracer_count_interval": 0,
        "extra_damage": {
            "armor_ignore": 0.04,
            "head_shot_multiplier": 1.29,
            "damage_adjust": [
                {
                    "distance": 3,
                    "damage": 37.5
                },
                {
                    "distance": 6,
                    "damage": 30.0
                },
                {
                    "distance": 9,
                    "damage": 11.2
                },
                {
                    "distance": 12,
                    "damage": 7.5
                },
                {
                    "distance": "infinite",
                    "damage": 3.8
                }
            ]
        },
        "ignite": false,
        "ignite_entity_time": 18,
        "speed": 120,
        "gravity": 0.0245,
        "knockback": 0.875,
        "friction": 0.012,
        "pierce": 2
    },
    "ammo_amount": 2,
    "bolt": "open_bolt",
    "reload": {
        "type": "magazine",
        "feed": {
            "empty": 1.83,
            "tactical": 1.23
        },
        "cooldown": {
            "empty": 2.3,
            "tactical": 1.6
        }
    },
    "draw_time": 0.27,
    "put_away_time": 0.203,
    "aim_time": 0.1,
    "sprint_time": 0.075,
    "weight": 1.8,
    "movement_speed": {
        "base": 0.0,
        "aim": 0,
        "reload": 0.15
    },
    "fire_mode": [
        "semi",
        "burst"
    ],
    "burst_data": {
        "continuous_shoot": false,
        "count": 2,
        "bpm": 600,
        "min_interval": 0.5
    },
    "melee": {
        "distance": 1,
        "cooldown": 0.6,
        "default": {
            "animation_type": "melee_push",
            "distance": 2,
            "range_angle": 30,
            "damage": 2.0,
            "knockback": 0.5,
            "prep": 0.1
        }
    },
    "allow_attachment_types": [
        "scope",
        "stock",
        "grip",
        "extended_mag"
    ],
    "exclusive_attachments": {
        "tacz:oem_stock_tactical": {
            "weight": 2.0,
            "ads_addend": 0.04,
            "inaccuracy_addend": -0.125,
            "recoil_modifier": {
                "pitch": -0.3,
                "yaw": -0.2
            }
        }
    },
    "recoil": {
        "pitch": [
            {
                "time": 0,
                "value": [
                    3.5,
                    3.5
                ]
            },
            {
                "time": 0.3,
                "value": [
                    3.5,
                    3.5
                ]
            },
            {
                "time": 0.5,
                "value": [
                    -1.15,
                    -1.15
                ]
            },
            {
                "time": 0.65,
                "value": [
                    0,
                    0
                ]
            },
            {
                "time": 0.7,
                "value": [
                    0,
                    0
                ]
            }
        ],
        "yaw": [
            {
                "time": 0,
                "value": [
                    -1.5,
                    -1.5
                ]
            },
            {
                "time": 0.3,
                "value": [
                    -1.5,
                    -1.5
                ]
            },
            {
                "time": 0.5,
                "value": [
                    0.2,
                    0.2
                ]
            },
            {
                "time": 0.7,
                "value": [
                    0,
                    0
                ]
            }
        ]
    },
    "inaccuracy": {
        "stand": 12.5,
        "move": 17.625,
        "sneak": 6.55,
        "lie": 4.9125,
        "aim": 3.93
    }
}