{
    "ammo": "emxarms:402x31",
    "rpm": 356.0,
    "bullet": {
        "life": 0.7,
        "bullet_amount": 1,
        "damage": 7.5,
        "tracer_count_interval": 0,
        "extra_damage": {
            "armor_ignore": 0.11,
            "head_shot_multiplier": 1.34,
            "damage_adjust": [
                {
                    "distance": 3,
                    "damage": 7.5
                },
                {
                    "distance": 6,
                    "damage": 6.0
                },
                {
                    "distance": 9,
                    "damage": 4.5
                },
                {
                    "distance": 12,
                    "damage": 2.2
                },
                {
                    "distance": "infinite",
                    "damage": 0.8
                }
            ]
        },
        "ignite": false,
        "ignite_entity_time": 10,
        "speed": 170,
        "gravity": 0.0245,
        "knockback": 0,
        "friction": 0.012,
        "pierce": 2
    },
    "ammo_amount": 10,
    "extended_mag_ammo_amount": [
        12,
        16,
        20
    ],
    "bolt": "closed_bolt",
    "reload": {
        "type": "magazine",
        "feed": {
            "empty": 1.67,
            "tactical": 1.2
        },
        "cooldown": {
            "empty": 2,
            "tactical": 1.64
        }
    },
    "draw_time": 0.35,
    "put_away_time": 0.33,
    "aim_time": 0.2,
    "sprint_time": 0.2,
    "weight": 2.15,
    "movement_speed": {
        "base": 0.0,
        "aim": -0.1,
        "reload": -0.1
    },
    "fire_mode": [
        "semi",
        "burst"
    ],
    "burst_data": {
        "continuous_shoot": true,
        "count": 4,
        "bpm": 1068.0,
        "min_interval": 0.9
    },
    "allow_attachment_types": [
        "scope",
        "grip",
        "muzzle",
        "extended_mag"
    ],
    "melee": {
        "distance": 1,
        "cooldown": 0.6,
        "default": {
            "animation_type": "melee_push",
            "distance": 2,
            "range_angle": 30,
            "damage": 3.2,
            "knockback": 0.5,
            "prep": 0.1
        }
    },
    "recoil": {
        "pitch": [
            {
                "time": 0,
                "value": [
                    0.95,
                    0.95
                ]
            },
            {
                "time": 0.4,
                "value": [
                    0.95,
                    0.95
                ]
            },
            {
                "time": 0.65,
                "value": [
                    -0.225,
                    -0.225
                ]
            },
            {
                "time": 0.85,
                "value": [
                    0.125,
                    0.125
                ]
            },
            {
                "time": 1.1,
                "value": [
                    0,
                    0
                ]
            },
            {
                "time": 1.2,
                "value": [
                    0,
                    0
                ]
            }
        ],
        "yaw": [
            {
                "time": 0,
                "value": [
                    -0.3,
                    0.3
                ]
            },
            {
                "time": 0.5,
                "value": [
                    0,
                    0
                ]
            }
        ]
    },
    "inaccuracy": {
        "stand": 2.5,
        "move": 4.325,
        "sneak": 1.55,
        "lie": 1.1625,
        "aim": 0.4650000000000001
    }
}