{
    "ammo": "emxarms:339x57fmj",
    "rpm": 43.0,
    "bullet": {
        "life": 0.6,
        "bullet_amount": 1,
        "damage": 28.5,
        "tracer_count_interval": 0,
        "extra_damage": {
            "armor_ignore": 0.15,
            "head_shot_multiplier": 1.69,
            "damage_adjust": [
                {
                    "distance": 3,
                    "damage": 28.5
                },
                {
                    "distance": 6,
                    "damage": 25.7
                },
                {
                    "distance": 18,
                    "damage": 22.8
                },
                {
                    "distance": 24,
                    "damage": 17.1
                },
                {
                    "distance": "infinite",
                    "damage": 14.2
                }
            ]
        },
        "ignite": false,
        "ignite_entity_time": 20,
        "explosion": {
            "explode": false,
            "radius": 2,
            "damage": 8,
            "delay": 3,
            "knockback": false
        },
        "speed": 270,
        "gravity": 0.0245,
        "knockback": 0,
        "friction": 0.012,
        "pierce": 2
    },
    "ammo_amount": 10,
    "extended_mag_ammo_amount": [
        12,
        15,
        20
    ],
    "bolt": "closed_bolt",
    "reload": {
        "type": "magazine",
        "feed": {
            "empty": 2.71,
            "tactical": 1.63
        },
        "cooldown": {
            "empty": 3.17,
            "tactical": 2.5
        }
    },
    "draw_time": 0.3,
    "put_away_time": 0.43,
    "aim_time": 0.18,
    "sprint_time": 0.2,
    "weight": 5.3,
    "movement_speed": {
        "base": 0.0,
        "aim": -0.15,
        "reload": -0.1
    },
    "fire_mode": [
        "semi"
    ],
    "burst_data": {
        "continuous_shoot": true,
        "count": 3,
        "bpm": 129.0,
        "min_interval": 3.24
    },
    "melee": {
        "distance": 1,
        "cooldown": 0.6,
        "default": {
            "animation_type": "melee_push",
            "distance": 2,
            "range_angle": 30,
            "damage": 2.0,
            "knockback": 0.5,
            "prep": 0.1
        }
    },
    "allow_attachment_types": [
        "scope",
        "stock",
        "grip",
        "muzzle",
        "extended_mag"
    ],
    "recoil": {
        "pitch": [
            {
                "time": 0,
                "value": [
                    1.55,
                    1.55
                ]
            },
            {
                "time": 0.18,
                "value": [
                    1.4,
                    1.4
                ]
            },
            {
                "time": 0.3,
                "value": [
                    0.5,
                    0.5
                ]
            },
            {
                "time": 0.45,
                "value": [
                    0,
                    0
                ]
            }
        ],
        "yaw": [
            {
                "time": 0,
                "value": [
                    -0.18,
                    0.18
                ]
            },
            {
                "time": 0.12,
                "value": [
                    -0.15,
                    0.15
                ]
            },
            {
                "time": 0.3,
                "value": [
                    0,
                    0
                ]
            }
        ]
    },
    "inaccuracy": {
        "stand": 0.75,
        "move": 1.9975,
        "sneak": 0.675,
        "lie": 0.5062500000000001,
        "aim": 0.20250000000000004
    }
}