{
    "ammo": "emxarms:emx_tediore",
    "rpm": 373.0,
    "bullet": {
        "life": 0.6,
        "bullet_amount": 1,
        "damage": 7.3,
        "tracer_count_interval": 0,
        "extra_damage": {
            "armor_ignore": 0.11,
            "head_shot_multiplier": 1.38,
            "damage_adjust": [
                {
                    "distance": 3,
                    "damage": 7.3
                },
                {
                    "distance": 6,
                    "damage": 5.8
                },
                {
                    "distance": 9,
                    "damage": 4.4
                },
                {
                    "distance": 12,
                    "damage": 2.2
                },
                {
                    "distance": "infinite",
                    "damage": 0.7
                }
            ]
        },
        "speed": 90,
        "gravity": 0.05,
        "knockback": 0,
        "friction": 0.012,
        "ignite": false,
        "pierce": 1
    },
    "ammo_amount": 5,
    "extended_mag_ammo_amount": [
        8,
        12,
        20
    ],
    "bolt": "closed_bolt",
    "reload": {
        "type": "magazine",
        "feed": {
            "empty": 1.3,
            "tactical": 1.3
        },
        "cooldown": {
            "empty": 1.4,
            "tactical": 1.4
        }
    },
    "draw_time": 1.25,
    "put_away_time": 0.5,
    "aim_time": 0.2,
    "sprint_time": 0.1,
    "weight": 0.5,
    "movement_speed": {
        "base": 0.0,
        "aim": 0,
        "reload": 0.2
    },
    "fire_mode": [
        "semi"
    ],
    "burst_data": {
        "continuous_shoot": true,
        "count": 1,
        "bpm": 1119.0,
        "min_interval": 0.56
    },
    "melee": {
        "distance": 1,
        "cooldown": 0.6
    },
    "allow_attachment_types": [
        "muzzle",
        "extended_mag"
    ],
    "recoil": {
        "pitch": [
            {
                "time": 0,
                "value": [
                    0.55,
                    0.55
                ]
            },
            {
                "time": 0.35,
                "value": [
                    0.55,
                    0.55
                ]
            },
            {
                "time": 0.6,
                "value": [
                    -0.175,
                    -0.175
                ]
            },
            {
                "time": 0.8,
                "value": [
                    0.05,
                    0.05
                ]
            },
            {
                "time": 1.0,
                "value": [
                    0,
                    0
                ]
            }
        ],
        "yaw": [
            {
                "time": 0,
                "value": [
                    -0.2,
                    0.2
                ]
            },
            {
                "time": 0.45,
                "value": [
                    0,
                    0
                ]
            }
        ]
    },
    "inaccuracy": {
        "stand": 2.5,
        "move": 4.325,
        "sneak": 1.55,
        "lie": 1.1625,
        "aim": 0.4650000000000001
    }
}