{
    "ammo": "emxarms:339x57",
    "ammo_amount": 80,
    "extended_mag_ammo_amount": [
        120,
        150,
        200
    ],
    "bolt": "open_bolt",
    "rpm": 1095.0,
    "bullet": {
        "life": 0.75,
        "bullet_amount": 1,
        "damage": 3.8,
        "tracer_count_interval": 0,
        "extra_damage": {
            "armor_ignore": 0.08,
            "head_shot_multiplier": 1.35,
            "damage_adjust": [
                {
                    "distance": 3,
                    "damage": 3.8
                },
                {
                    "distance": 6,
                    "damage": 3.4
                },
                {
                    "distance": 9,
                    "damage": 2.7
                },
                {
                    "distance": 12,
                    "damage": 1.1
                },
                {
                    "distance": "infinite",
                    "damage": 0.4
                }
            ]
        },
        "ignite": false,
        "ignite_entity_time": 12,
        "speed": 280,
        "gravity": 0.0245,
        "knockback": 0,
        "friction": 0.01,
        "pierce": 1
    },
    "reload": {
        "type": "magazine",
        "feed": {
            "empty": 2.8,
            "tactical": 2.8
        },
        "cooldown": {
            "empty": 4.7,
            "tactical": 3.8
        }
    },
    "draw_time": 0.55,
    "put_away_time": 1.1,
    "aim_time": 0.45,
    "sprint_time": 0.21,
    "weight": 8,
    "movement_speed": {
        "base": 0.0,
        "aim": -0.25,
        "reload": -0.2
    },
    "fire_mode": [
        "auto",
        "burst"
    ],
    "burst_data": {
        "continuous_shoot": true,
        "count": 3,
        "bpm": 3285.0,
        "min_interval": 0.56
    },
    "recoil": {
        "pitch": [
            {
                "time": 0,
                "value": [
                    0.88,
                    0.98
                ]
            },
            {
                "time": 0.3,
                "value": [
                    0.65,
                    0.65
                ]
            },
            {
                "time": 0.5,
                "value": [
                    -0.125,
                    -0.125
                ]
            },
            {
                "time": 0.65,
                "value": [
                    0,
                    0
                ]
            }
        ],
        "yaw": [
            {
                "time": 0,
                "value": [
                    -0.29,
                    0.29
                ]
            },
            {
                "time": 0.3,
                "value": [
                    -0.29,
                    0.29
                ]
            },
            {
                "time": 0.5,
                "value": [
                    0,
                    0
                ]
            }
        ]
    },
    "inaccuracy": {
        "stand": 6.25,
        "move": 9.3125,
        "sneak": 3.425,
        "lie": 2.5687499999999996,
        "aim": 1.0274999999999999
    },
    "melee": {
        "distance": 1,
        "cooldown": 0.7,
        "default": {
            "animation_type": "melee_push",
            "distance": 2,
            "range_angle": 30,
            "damage": 3.2,
            "knockback": 0.5,
            "prep": 0.1
        }
    },
    "allow_attachment_types": [
        "scope",
        "grip",
        "stock",
        "muzzle",
        "extended_mag"
    ],
    "exclusive_attachments": {}
}