{
    "ammo": "emxarms:402x31",
    "ammo_amount": 8,
    "extended_mag_ammo_amount": [
        11,
        12,
        14
    ],
    "bolt": "closed_bolt",
    "rpm": 361.0,
    "bullet": {
        "life": 10,
        "bullet_amount": 2,
        "damage": 8.2,
        "tracer_count_interval": 0,
        "extra_damage": {
            "armor_ignore": 0.12,
            "head_shot_multiplier": 1.39,
            "damage_adjust": [
                {
                    "distance": 3,
                    "damage": 8.2
                },
                {
                    "distance": 6,
                    "damage": 6.6
                },
                {
                    "distance": 9,
                    "damage": 4.9
                },
                {
                    "distance": 12,
                    "damage": 2.5
                },
                {
                    "distance": "infinite",
                    "damage": 0.8
                }
            ]
        },
        "speed": 400,
        "gravity": 0,
        "knockback": 1,
        "friction": 0.01,
        "ignite": false,
        "ignite_entity_time": 14,
        "pierce": 2
    },
    "reload": {
        "type": "magazine",
        "feed": {
            "empty": 2.92,
            "tactical": 1.96
        },
        "cooldown": {
            "empty": 3.58,
            "tactical": 3.25
        }
    },
    "draw_time": 0.88,
    "put_away_time": 0.6,
    "aim_time": 0.2,
    "sprint_time": 0.3,
    "weight": 3.85,
    "movement_speed": {
        "base": 0.0,
        "aim": -0.15,
        "reload": -0.1
    },
    "fire_mode": [
        "semi"
    ],
    "allow_attachment_types": [
        "muzzle",
        "grip",
        "extended_mag"
    ],
    "burst_data": {
        "continuous_shoot": false,
        "count": 2,
        "bpm": -1,
        "min_interval": 0.3
    },
    "recoil": {
        "pitch": [
            {
                "time": 0,
                "value": [
                    0.7,
                    0.7
                ]
            },
            {
                "time": 0.25,
                "value": [
                    0.7,
                    0.7
                ]
            },
            {
                "time": 0.45,
                "value": [
                    -0.175,
                    -0.175
                ]
            },
            {
                "time": 0.6,
                "value": [
                    0,
                    0
                ]
            }
        ],
        "yaw": [
            {
                "time": 0,
                "value": [
                    -0.35,
                    -0.15
                ]
            },
            {
                "time": 0.25,
                "value": [
                    -0.35,
                    -0.15
                ]
            },
            {
                "time": 0.45,
                "value": [
                    0,
                    0
                ]
            }
        ]
    },
    "inaccuracy": {
        "stand": 2.5,
        "move": 4.325,
        "sneak": 1.55,
        "lie": 1.1625,
        "aim": 0.4650000000000001
    }
}