{
    "ammo": "emxarms:339x57",
    "rpm": 1086.0,
    "bullet": {
        "life": 0.6,
        "bullet_amount": 1,
        "damage": 4.0,
        "tracer_count_interval": 0,
        "extra_damage": {
            "armor_ignore": 0.09,
            "head_shot_multiplier": 1.31,
            "damage_adjust": [
                {
                    "distance": 3,
                    "damage": 4.0
                },
                {
                    "distance": 6,
                    "damage": 3.6
                },
                {
                    "distance": 9,
                    "damage": 2.8
                },
                {
                    "distance": 12,
                    "damage": 1.2
                },
                {
                    "distance": "infinite",
                    "damage": 0.4
                }
            ]
        },
        "ignite": false,
        "ignite_entity_time": 12,
        "speed": 240,
        "gravity": 0.0245,
        "knockback": 0,
        "friction": 0.012,
        "pierce": 1
    },
    "ammo_amount": 75,
    "extended_mag_ammo_amount": [
        85,
        100,
        125
    ],
    "bolt": "closed_bolt",
    "reload": {
        "type": "magazine",
        "feed": {
            "empty": 2.71,
            "tactical": 1.63
        },
        "cooldown": {
            "empty": 3.17,
            "tactical": 2.5
        }
    },
    "draw_time": 0.3,
    "put_away_time": 0.43,
    "aim_time": 0.32,
    "sprint_time": 0.2,
    "weight": 6.2,
    "movement_speed": {
        "base": 0.0,
        "aim": -0.15,
        "reload": -0.15
    },
    "fire_mode": [
        "auto",
        "burst",
        "semi"
    ],
    "burst_data": {
        "continuous_shoot": true,
        "count": 5,
        "bpm": 3258.0,
        "min_interval": 0.63
    },
    "melee": {
        "distance": 1,
        "cooldown": 0.6,
        "default": {
            "animation_type": "melee_push",
            "distance": 2,
            "range_angle": 30,
            "damage": 2.0,
            "knockback": 0.5,
            "prep": 0.1
        }
    },
    "allow_attachment_types": [
        "scope",
        "stock",
        "grip",
        "muzzle",
        "extended_mag"
    ],
    "recoil": {
        "pitch": [
            {
                "time": 0,
                "value": [
                    0.78,
                    0.78
                ]
            },
            {
                "time": 0.12,
                "value": [
                    0.68,
                    0.68
                ]
            },
            {
                "time": 0.3,
                "value": [
                    -0.2,
                    -0.2
                ]
            },
            {
                "time": 0.45,
                "value": [
                    0,
                    0
                ]
            }
        ],
        "yaw": [
            {
                "time": 0,
                "value": [
                    -0.18,
                    0.18
                ]
            },
            {
                "time": 0.12,
                "value": [
                    -0.15,
                    0.15
                ]
            },
            {
                "time": 0.3,
                "value": [
                    0,
                    0
                ]
            }
        ]
    },
    "inaccuracy": {
        "stand": 6.25,
        "move": 9.3125,
        "sneak": 3.425,
        "lie": 2.5687499999999996,
        "aim": 1.0274999999999999
    }
}