{
    "ammo": "emxarms:1045x103",
    "ammo_amount": 4,
    "extended_mag_ammo_amount": [
        5,
        6,
        8
    ],
    "bolt": "manual_action",
    "rpm": 45.0,
    "bullet": {
        "life": 0.8,
        "bullet_amount": 1,
        "damage": 26.9,
        "tracer_count_interval": 0,
        "extra_damage": {
            "armor_ignore": 0.15,
            "head_shot_multiplier": 1.65,
            "damage_adjust": [
                {
                    "distance": 3,
                    "damage": 26.9
                },
                {
                    "distance": 6,
                    "damage": 24.2
                },
                {
                    "distance": 18,
                    "damage": 21.5
                },
                {
                    "distance": 24,
                    "damage": 16.1
                },
                {
                    "distance": "infinite",
                    "damage": 13.4
                }
            ]
        },
        "ignite": false,
        "ignite_entity_time": 30,
        "speed": 400,
        "gravity": 0.025,
        "knockback": 0,
        "friction": 0.01,
        "pierce": 4,
        "explosion": {
            "explode": false,
            "radius": 4,
            "damage": 17,
            "delay": 3,
            "knockback": false
        }
    },
    "reload": {
        "type": "magazine",
        "feed": {
            "empty": 2.05,
            "tactical": 1.2
        },
        "cooldown": {
            "empty": 2.53,
            "tactical": 2.03
        }
    },
    "draw_time": 0.43,
    "put_away_time": 0.87,
    "aim_time": 0.21,
    "sprint_time": 0.2,
    "bolt_action_time": 1.43,
    "weight": 8.7,
    "movement_speed": {
        "base": 0.0,
        "aim": -0.3,
        "reload": -0.2
    },
    "fire_mode": [
        "semi"
    ],
    "recoil": {
        "pitch": [
            {
                "time": 0,
                "value": [
                    4.5,
                    4.5
                ]
            },
            {
                "time": 0.32,
                "value": [
                    4.5,
                    4.5
                ]
            },
            {
                "time": 0.57,
                "value": [
                    -0.5,
                    -0.5
                ]
            },
            {
                "time": 0.82,
                "value": [
                    0.25,
                    0.25
                ]
            },
            {
                "time": 1.17,
                "value": [
                    0,
                    0
                ]
            },
            {
                "time": 1.47,
                "value": [
                    0,
                    0
                ]
            }
        ],
        "yaw": [
            {
                "time": 0,
                "value": [
                    -0.7,
                    0.75
                ]
            },
            {
                "time": 0.32,
                "value": [
                    -0.7,
                    0.75
                ]
            },
            {
                "time": 0.57,
                "value": [
                    0,
                    0
                ]
            }
        ]
    },
    "inaccuracy": {
        "stand": 0.75,
        "move": 1.9975,
        "sneak": 0.675,
        "lie": 0.5062500000000001,
        "aim": 0.20250000000000004
    },
    "melee": {
        "distance": 1,
        "cooldown": 0.6,
        "default": {
            "animation_type": "melee_push",
            "distance": 2,
            "range_angle": 30,
            "damage": 2.0,
            "knockback": 0.5,
            "prep": 0.1
        }
    },
    "allow_attachment_types": [
        "scope",
        "grip",
        "stock",
        "muzzle",
        "extended_mag"
    ],
    "exclusive_attachments": {
        "tacz:scope_standard_8x": {
            "weight": 2.0,
            "ads_addend": 0.04,
            "recoil_modifier": {
                "yaw": -0.2
            }
        }
    }
}