{
    "ammo": "setsentinel:heavy_ammo",
    "ammo_amount": 6,
    "extended_mag_ammo_amount": [
        9,
        12,
        15
    ],
    "bolt": "open_bolt",
    "rpm": 72.0,
    "script_param": {
        "intro": 1.4,
        "intro_fanning": 1.8,
        "intro_empty": 1,
        "loop": 1.97,
        "ending": 1.2,
        "loop_feed": 1.7
    },
    "bullet": {
        "life": 0.9,
        "bullet_amount": 20,
        "damage": 38.1,
        "tracer_count_interval": 0,
        "extra_damage": {
            "armor_ignore": 0.05,
            "head_shot_multiplier": 1.31,
            "damage_adjust": [
                {
                    "distance": 3,
                    "damage": 38.1
                },
                {
                    "distance": 6,
                    "damage": 30.5
                },
                {
                    "distance": 9,
                    "damage": 11.4
                },
                {
                    "distance": 12,
                    "damage": 7.6
                },
                {
                    "distance": "infinite",
                    "damage": 3.8
                }
            ]
        },
        "speed": 300,
        "gravity": 0.0245,
        "knockback": 0,
        "friction": 0,
        "weight": 5,
        "ignite": false,
        "pierce": 10
    },
    "reload": {
        "type": "magazine",
        "feed": {
            "empty": 2.9,
            "tactical": 2.2
        },
        "cooldown": {
            "empty": 3.8,
            "tactical": 3
        }
    },
    "draw_time": 0.5,
    "put_away_time": 0.5,
    "aim_time": 0.2,
    "sprint_time": 0.2,
    "bolt_action_time": 0,
    "fire_mode": [
        "semi",
        "auto"
    ],
    "fire_mode_adjust": {
        "semi": {
            "damage": -7.6,
            "rpm": 14.0,
            "speed": 0,
            "knockback": 0.5,
            "armor_ignore": 0.01,
            "head_shot_multiplier": -0.26,
            "aim_inaccuracy": 0.75,
            "other_inaccuracy": 2.5
        },
        "auto": {
            "damage": 7.6,
            "rpm": -29.0,
            "speed": 100,
            "knockback": 0.1,
            "armor_ignore": -0.01,
            "head_shot_multiplier": 0.26,
            "aim_inaccuracy": -0.75,
            "other_inaccuracy": -2.5
        }
    },
    "recoil": {
        "pitch": [
            {
                "time": 0,
                "value": [
                    5.5,
                    5.5
                ]
            },
            {
                "time": 0.46,
                "value": [
                    5,
                    5
                ]
            },
            {
                "time": 0.6,
                "value": [
                    3,
                    3
                ]
            },
            {
                "time": 0.82,
                "value": [
                    -0.6,
                    -0.6
                ]
            },
            {
                "time": 1.17,
                "value": [
                    0,
                    0
                ]
            },
            {
                "time": 1.47,
                "value": [
                    0,
                    0
                ]
            }
        ],
        "yaw": [
            {
                "time": 0,
                "value": [
                    -0.6,
                    -0.5
                ]
            },
            {
                "time": 0.32,
                "value": [
                    -0.6,
                    -0.5
                ]
            },
            {
                "time": 0.57,
                "value": [
                    0,
                    0
                ]
            }
        ]
    },
    "inaccuracy": {
        "stand": 12.5,
        "move": 17.625,
        "sneak": 6.55,
        "lie": 4.9125,
        "aim": 3.93
    },
    "allow_attachment_types": [
        "scope",
        "grip",
        "stock",
        "muzzle",
        "laser",
        "extended_mag"
    ]
}