{
    "ammo": "setsentinel:heavy_ammo",
    "ammo_amount": 6,
    "extended_mag_ammo_amount": [
        9,
        12,
        15
    ],
    "bolt": "manual_action",
    "rpm": 47.0,
    "script_param": {
        "intro": 1.4,
        "intro_fanning": 1.8,
        "intro_empty": 1,
        "loop": 1.97,
        "ending": 1.2,
        "loop_feed": 1.7
    },
    "bullet": {
        "life": 0.9,
        "bullet_amount": 1,
        "damage": 30.2,
        "tracer_count_interval": 0,
        "extra_damage": {
            "armor_ignore": 0.15,
            "head_shot_multiplier": 1.68,
            "damage_adjust": [
                {
                    "distance": 3,
                    "damage": 30.2
                },
                {
                    "distance": 6,
                    "damage": 27.2
                },
                {
                    "distance": 18,
                    "damage": 24.2
                },
                {
                    "distance": 24,
                    "damage": 18.1
                },
                {
                    "distance": "infinite",
                    "damage": 15.1
                }
            ]
        },
        "speed": 500,
        "gravity": 0.0245,
        "knockback": 0,
        "friction": 0,
        "weight": 15,
        "ignite": false,
        "pierce": 10
    },
    "reload": {
        "type": "magazine",
        "feed": {
            "empty": 3.6,
            "tactical": 2.75
        },
        "cooldown": {
            "empty": 3.8,
            "tactical": 3
        }
    },
    "draw_time": 0.8,
    "put_away_time": 0.4,
    "aim_time": 0.4,
    "sprint_time": 0.2,
    "bolt_action_time": 0.9,
    "fire_mode": [
        "semi"
    ],
    "recoil": {
        "pitch": [
            {
                "time": 0,
                "value": [
                    5.5,
                    5.5
                ]
            },
            {
                "time": 0.46,
                "value": [
                    5,
                    5
                ]
            },
            {
                "time": 0.6,
                "value": [
                    3,
                    3
                ]
            },
            {
                "time": 0.82,
                "value": [
                    -0.6,
                    -0.6
                ]
            },
            {
                "time": 1.17,
                "value": [
                    0,
                    0
                ]
            },
            {
                "time": 1.47,
                "value": [
                    0,
                    0
                ]
            }
        ],
        "yaw": [
            {
                "time": 0,
                "value": [
                    -0.6,
                    -0.5
                ]
            },
            {
                "time": 0.32,
                "value": [
                    -0.6,
                    -0.5
                ]
            },
            {
                "time": 0.57,
                "value": [
                    0,
                    0
                ]
            }
        ]
    },
    "inaccuracy": {
        "stand": 0.75,
        "move": 1.9975,
        "sneak": 0.675,
        "lie": 0.5062500000000001,
        "aim": 0.20250000000000004
    },
    "allow_attachment_types": [
        "scope",
        "grip",
        "stock",
        "muzzle",
        "laser",
        "extended_mag"
    ],
    "tacz_fire_control_extension:fire_control_system": {
        "aim_cone_angle": 5
    }
}