{
    "ammo": "setsentinel:heavy_ammo",
    "ammo_amount": 20,
    "extended_mag_ammo_amount": [
        22,
        24,
        30
    ],
    "bolt": "closed_bolt",
    "rpm": 487.0,
    "bullet": {
        "life": 0.8,
        "bullet_amount": 1,
        "damage": 10.8,
        "tracer_count_interval": 0,
        "extra_damage": {
            "armor_ignore": 0.1,
            "head_shot_multiplier": 1.49,
            "damage_adjust": [
                {
                    "distance": 3,
                    "damage": 10.8
                },
                {
                    "distance": 9,
                    "damage": 8.6
                },
                {
                    "distance": 15,
                    "damage": 6.5
                },
                {
                    "distance": 18,
                    "damage": 5.4
                },
                {
                    "distance": "infinite",
                    "damage": 1.1
                }
            ]
        },
        "speed": 300,
        "gravity": 0.15,
        "knockback": 0,
        "friction": 0.0125,
        "ignite": false,
        "pierce": 2,
        "explosion": {
            "explode": false,
            "damage": 25,
            "radius": 0.75,
            "knockback": true,
            "delay": 1
        }
    },
    "reload": {
        "type": "magazine",
        "feed": {
            "empty": 2.05,
            "tactical": 1.2
        },
        "cooldown": {
            "empty": 2.53,
            "tactical": 2.03
        }
    },
    "draw_time": 0.43,
    "put_away_time": 0.43,
    "aim_time": 0.21,
    "sprint_time": 0.19,
    "weight": 4.6,
    "movement_speed": {
        "base": 0.0,
        "aim": -0.2,
        "reload": -0.1
    },
    "crawl_recoil_multiplier": 0.5,
    "fire_mode": [
        "auto"
    ],
    "recoil": {
        "pitch": [
            {
                "time": 0,
                "value": [
                    1.0,
                    1.0
                ]
            },
            {
                "time": 0.2,
                "value": [
                    1.0,
                    1.0
                ]
            },
            {
                "time": 0.45,
                "value": [
                    -0.2,
                    -0.2
                ]
            },
            {
                "time": 0.6,
                "value": [
                    0,
                    0
                ]
            },
            {
                "time": 0.7,
                "value": [
                    0,
                    0
                ]
            }
        ],
        "yaw": [
            {
                "time": 0,
                "value": [
                    -0.3,
                    0.15
                ]
            },
            {
                "time": 0.35,
                "value": [
                    -0.3,
                    0.15
                ]
            },
            {
                "time": 0.5,
                "value": [
                    0,
                    0
                ]
            }
        ]
    },
    "inaccuracy": {
        "stand": 3.0,
        "move": 4.99,
        "sneak": 1.8,
        "lie": 1.35,
        "aim": 0.54
    },
    "melee": {
        "distance": 1,
        "cooldown": 0.6,
        "default": {
            "animation_type": "melee_stock",
            "distance": 1,
            "range_angle": 30,
            "damage": 2,
            "knockback": 0.6,
            "prep": 0.1
        }
    },
    "allow_attachment_types": [
        "scope",
        "stock",
        "grip",
        "muzzle",
        "extended_mag"
    ]
}