{
    "ammo": "setsentinel:heavy_ammo",
    "ammo_amount": 6,
    "bolt": "open_bolt",
    "rpm": 389.0,
    "script_param": {
        "intro": 1.4,
        "intro_fanning": 1.8,
        "intro_empty": 1,
        "loop": 1.97,
        "ending": 1.2,
        "loop_feed": 1.7
    },
    "bullet": {
        "life": 0.9,
        "bullet_amount": 1,
        "damage": 10.1,
        "tracer_count_interval": 0,
        "extra_damage": {
            "armor_ignore": 0.11,
            "head_shot_multiplier": 1.44,
            "damage_adjust": [
                {
                    "distance": 3,
                    "damage": 10.1
                },
                {
                    "distance": 6,
                    "damage": 8.1
                },
                {
                    "distance": 9,
                    "damage": 6.1
                },
                {
                    "distance": 12,
                    "damage": 3.0
                },
                {
                    "distance": "infinite",
                    "damage": 1.0
                }
            ]
        },
        "speed": 300,
        "gravity": 0.0245,
        "knockback": 0,
        "friction": 0.012,
        "ignite": false,
        "pierce": 7
    },
    "reload": {
        "type": "magazine",
        "feed": {
            "empty": 2,
            "tactical": 1.8
        },
        "cooldown": {
            "empty": 2.3,
            "tactical": 2
        }
    },
    "draw_time": 0.5,
    "put_away_time": 1.2,
    "aim_time": 0.2,
    "sprint_time": 0.2,
    "bolt_action_time": 0,
    "fire_mode": [
        "semi",
        "auto"
    ],
    "fire_mode_adjust": {
        "auto": {
            "rpm": 78.0,
            "damage": -2.0,
            "knockback": 0,
            "aim_inaccuracy": 0.15,
            "other_inaccuracy": 0.5,
            "armor_ignore": 0.02,
            "head_shot_multiplier": -0.29
        }
    },
    "recoil": {
        "pitch": [
            {
                "time": 0,
                "value": [
                    1.5,
                    1.5
                ]
            },
            {
                "time": 0.46,
                "value": [
                    1,
                    1
                ]
            },
            {
                "time": 0.6,
                "value": [
                    0.5,
                    0.5
                ]
            },
            {
                "time": 0.82,
                "value": [
                    -0.6,
                    -0.6
                ]
            },
            {
                "time": 1.17,
                "value": [
                    0,
                    0
                ]
            },
            {
                "time": 1.47,
                "value": [
                    0,
                    0
                ]
            }
        ],
        "yaw": [
            {
                "time": 0,
                "value": [
                    -0.6,
                    -0.5
                ]
            },
            {
                "time": 0.32,
                "value": [
                    -0.6,
                    -0.5
                ]
            },
            {
                "time": 0.57,
                "value": [
                    0,
                    0
                ]
            }
        ]
    },
    "inaccuracy": {
        "stand": 2.5,
        "move": 4.325,
        "sneak": 1.55,
        "lie": 1.1625,
        "aim": 0.4650000000000001
    }
}