{
  // 版本
  "version": "0.1",
  // 名称，支持本地化
  "name": "pack.setsentinel.setsentinel.name",
  // 描述文本，支持本地化
  "desc": "pack.setsentinel.setsentinel.desc",
  // 许可证
  "license": "CC BY-NC-ND 4.0",
  // 作者
  "authors": [
    "lonelyboy",
    "黄毛白鼠鼠",
    "神梦星辰"
  ],
  // 日期：ISO 8601 标准，即 YYYY-MM-DD
  "date": "2024-12-10",
  // URL 链接，可以在枪械合成台看到，点击按钮可以访问网络链接
  "url": "https://tacwiki.mcma.club/zh/"
}