{
    "ammo": "create_armorer:rbapb",
    "ammo_amount": 8,
    "extended_mag_ammo_amount": [
        10,
        12,
        14
    ],
    "bolt": "open_bolt",
    "rpm": 33.0,
    "bullet": {
        "life": 1,
        "bullet_amount": 1,
        "damage": 18.6,
        "tracer_count_interval": 0,
        "extra_damage": {
            "armor_ignore": 0.15,
            "head_shot_multiplier": 1.65,
            "damage_adjust": [
                {
                    "distance": 3,
                    "damage": 18.6
                },
                {
                    "distance": 6,
                    "damage": 16.7
                },
                {
                    "distance": 18,
                    "damage": 14.9
                },
                {
                    "distance": 24,
                    "damage": 11.2
                },
                {
                    "distance": "infinite",
                    "damage": 9.3
                }
            ]
        },
        "speed": 320,
        "gravity": 0.0245,
        "knockback": 0,
        "friction": 0.01,
        "ignite": false,
        "pierce": 2
    },
    "reload": {
        "type": "magazine",
        "feed": {
            "empty": 2.38,
            "tactical": 2.38
        },
        "cooldown": {
            "empty": 3.21,
            "tactical": 3.21
        }
    },
    "draw_time": 0.71,
    "put_away_time": 0.42,
    "aim_time": 0.2,
    "sprint_time": 0.2,
    "fire_mode": [
        "semi"
    ],
    "recoil": {
        "pitch": [
            {
                "time": 0,
                "value": [
                    2.25,
                    2.25
                ]
            },
            {
                "time": 0.3,
                "value": [
                    2.25,
                    2.25
                ]
            },
            {
                "time": 0.5,
                "value": [
                    -0.4,
                    -0.4
                ]
            },
            {
                "time": 0.8,
                "value": [
                    0.125,
                    0.125
                ]
            },
            {
                "time": 1.1,
                "value": [
                    0,
                    0
                ]
            },
            {
                "time": 1.4,
                "value": [
                    0,
                    0
                ]
            }
        ],
        "yaw": [
            {
                "time": 0,
                "value": [
                    -0.45,
                    0.45
                ]
            },
            {
                "time": 0.3,
                "value": [
                    -0.45,
                    0.45
                ]
            },
            {
                "time": 0.5,
                "value": [
                    0,
                    0
                ]
            }
        ]
    },
    "inaccuracy": {
        "stand": 0.75,
        "move": 1.9975,
        "sneak": 0.675,
        "lie": 0.5062500000000001,
        "aim": 0.20250000000000004
    },
    "melee": {
        "distance": 1,
        "cooldown": 0.75,
        "default": {
            "animation_type": "melee_stock",
            "distance": 1.5,
            "range_angle": 45,
            "damage": 6,
            "knockback": 0.5,
            "prep": 0.1
        }
    },
    "allow_attachment_types": [
        "grip",
        "extended_mag",
        "scope"
    ]
}