{
  "ammo": "create_armorer:melee_weapon",
  "ammo_amount": 1,
  "extended_mag_ammo_amount": [
    1,
    1,
    1
  ],
  "bolt": "open_bolt",
  "rpm": 1200,
  "bullet": {
    "life": 0.05,
    "bullet_amount": 1,
    "damage": 16,
    "extra_damage": {
      "armor_ignore": 0,
      "head_shot_multiplier": 1.0,
      "damage_adjust": [
        {"distance": 4, "damage": 0},
        {"distance": 80, "damage": 0},
        {"distance": "infinite", "damage": 0}
      ]
    },
    "speed": 1,
    "gravity": 0.15,
    "knockback": 0,
    "friction": 0.015,
    "ignite": false,
    "pierce": 1
  },
  "reload": {
    "type": "magazine",
    "feed": {
      "empty": 0.04,
      "tactical": 0.04
    },
    "cooldown": {
      "empty": 0.1,
      "tactical": 0.1
    }
  },
  "draw_time": 0.75,
  "put_away_time": 0.5,
  "aim_time": 0.2,
  "sprint_time": 0.25,
  "fire_mode": [
    "semi"
  ],
  "recoil": {
    "pitch": [
      {"time": 0, "value": [0, 0]}
    ],
    "yaw": [
      {"time": 0, "value": [0, 0]}
    ]
  },
  "inaccuracy": {
    "stand": 0,
    "move": 0,
    "sneak": 0,
    "lie": 0,
    "aim": 0
  },
  "melee": {
    "distance": 3,
    "cooldown": 0.58,
    "default": {
      "animation_type": "melee_stock",
      "distance": 1,
      "range_angle": 45,
      "damage": 8,
      "knockback": 0.25,
      "prep": 0.15
    }
  },
  "allow_attachment_types": [
    "muzzle"
  ]
}