{
  "model": "emxmors:gun/emx_atlas45_geo",
  "texture": "emxmors:gun/uv/emx_atlas45",
  "hud": "emxmors:gun/hud/emx_atlas45",
  "slot": "emxmors:gun/slot/emx_atlas45",
  "animation": "emxmors:emx_atlas45",
  "use_default_animation": "pistol",
  "transform": {
    "scale": {
      "thirdperson": [0.6, 0.6, 0.6],
      "ground": [0.6, 0.6, 0.6],
      "fixed": [1.2, 1.2, 1.2]
    }
  },
  "shell": {
    "initial_velocity": [8.0, 5.0, -0.5],
    "random_velocity": [2.5, 1.5, 0.25],
    "acceleration": [0.0, -20, 0.0],
    "angular_velocity": [-720, -720, 90],
    "living_time": 1.0
  },
  "muzzle_flash": {
    "texture": "emxarms:flash/emx_muzzle_flash",
    "scale": 0.8
  },
  "sounds": {
    "draw": "tacz:b93r/b93r_draw",
    "put_away": "emxmors:emx_atlas45/b93r_put_away",
    "shoot": "emxmors:emx_atlas45/b93r_shoot",
    "shoot_3p": "emxmors:emx_atlas45/b93r_shoot_3p",
    "silence": "emxmors:emx_atlas45/b93r_silence",
    "silence_3p": "emxmors:emx_atlas45/b93r_silence_3p",
    "dry_fire": "emxarms:emx_dw",
    "fire_select": "emxarms:emx_mode",
	"kill": "emxarms:emx_hit1"
  },
  "text_show": {
    // 作用的组名，该组的旋转点决定文本的位置和朝向
    "ammo_count_text_show_pos": {
      // 文本缩放，默认大小对于 BlockBench 里的 1
      "scale": 0.4,
      // 对齐方式：right，center，left
      "align": "center",
      // 阴影
      "shadow": false,
      // 文本颜色
      "color": "#53f9af",
      // 亮度：1-15
      "light": 15,
      // 本地化，且支持PlaceholderAPI 风格的占位符
      // 目前仅支持两个：%player_name% %ammo_count%
      "text": "%ammo_count%"
    },
    "ammo_count_text_show_pos2": {
      // 文本缩放，默认大小对于 BlockBench 里的 1
      "scale": 0.35,
      // 对齐方式：right，center，left
      "align": "right",
      // 阴影
      "shadow": false,
      // 文本颜色
      "color": "#53f9af",
      // 亮度：1-15
      "light": 15,
      // 本地化，且支持PlaceholderAPI 风格的占位符
      // 目前仅支持两个：%player_name% %ammo_count%
      "text": "%player_name%"
  },
    "ammo_count_text_show_pos4": {
      // 文本缩放，默认大小对于 BlockBench 里的 1
      "scale": 0.35,
      // 对齐方式：right，center，left
      "align": "right",
      // 阴影
      "shadow": false,
      // 文本颜色
      "color": "#53f9af",
      // 亮度：1-15
      "light": 15,
      // 本地化，且支持PlaceholderAPI 风格的占位符
      // 目前仅支持两个：%player_name% %ammo_count%
      "text": "Enjoy hunting!"
  },
    "ammo_count_text_show_pos3": {
      // 文本缩放，默认大小对于 BlockBench 里的 1
      "scale": 0.15,
      // 对齐方式：right，center，left
      "align": "center",
      // 阴影
      "shadow": false,
      // 文本颜色
      "color": "#53f9af",
      // 亮度：1-15
      "light": 15,
      // 本地化，且支持PlaceholderAPI 风格的占位符
      // 目前仅支持两个：%player_name% %ammo_count%
      "text": "-Ammo-"
  },
    "ammo_out_show_pos2": {
      "scale": 0.15,
      "align": "center",
      "shadow": false,
      "color": "#ffc64b",
      "light": 15,
      "text": "-OutAmmo-"
    },
    "ammo_out_show_pos1": {
      "scale": 0.4,
      "align": "center",
      "shadow": false,
      "color": "#ffc64b",
      "light": 15,
      "text": "＋︿＋"
    },
    "ammo_out_show_pos3": {
      "scale": 0.4,
      "align": "center",
      "shadow": false,
      "color": "#ffc64b",
      "light": 15,
      "text": "≥︿≤"
    }
  },
  "offhand_show": {
    "pos": [4, 13, -2],
    "rotate": [-90, -35, 90],
    "scale": [0.5, 0.5, 0.5]
  },
  "hotbar_show": {
    "0": {
      "pos": [-5, 13, -2],
      "rotate": [-90, -35, 90],
      "scale": [0.5, 0.5, 0.5]
    }
  }
}