{
  "model": "emxmors:gun/emx_succession_geo",
  "texture": "emxmors:gun/uv/emx_succession",
  "hud": "emxmors:gun/hud/emx_succession",
  "slot": "emxmors:gun/slot/emx_succession",
  "animation": "emxmors:emx_succession",
  "use_default_animation": "pistol",
  "transform": {
    "scale": {
      "thirdperson": [0.6, 0.6, 0.6],
      "ground": [0.6, 0.6, 0.6],
      "fixed": [1.2, 1.2, 1.2]
    }
  },
  "muzzle_flash": {
    "texture": "emxarms:flash/emx_muzzle_flash",
    "scale": 1
  },
  "iron_zoom": 1.2,
  "shell": {
  },
  "sounds": {
    "reload_empty": "emxmors:emx_succession/wa2000_reload_empty",
    "reload_tactical": "emxmors:emx_succession/wa2000_reload_tactical",
    "inspect": "emxmors:emx_succession/wa2000_inspect",
    "inspect_empty": "emxmors:emx_succession/wa2000_inspect",
    "draw": "emxmors:emx_succession/wa2000_draw",
    "shoot": "emxmors:emx_succession/wa2000_silence",
    "shoot_3p": "emxmors:emx_succession/wa2000_silence",
    "silence": "emxmors:emx_succession/wa2000_silence",
    "silence_3p": "emxmors:emx_succession/wa2000_silence_3p",
    "bolt": "emxmors:emx_succession/wa2000_bolt",
    "put_away": "emxmors:emx_succession/wa2000_put_away",
    "melee_push": "eos:melee_stock/melee_stock_02",
    "melee_stock": "eos:melee_stock/melee_stock_03"
  },
  "offhand_show": {
    "pos": [-2, 20, 4],
    "rotate": [0, 0, 45],
    "scale": [0.5, 0.5, 0.5]
  },
  "hotbar_show": {
    "0": {
      "pos": [-4, 26, 3],
      "rotate": [-90, -5, -90],
      "scale": [0.5, 0.5, 0.5]
    }
  }
}