{
  "model": "emxmors:gun/emx_sf10_geo",
  "texture": "emxmors:gun/uv/emx_sf10",
  "hud": "emxmors:gun/hud/emx_sf10",
  "slot": "emxmors:gun/slot/emx_sf10",
  "animation": "emxmors:emx_sf10",
  "use_default_animation": "rifle",
  "third_person_animation": "default",
  "player_animator_3rd": "tacz:rifle_default.player_animation",
  "show_crosshair": false,
  "transform": {
    "scale": {
      "thirdperson": [0.6, 0.6, 0.6],
      "ground": [0.6, 0.6, 0.6],
      "fixed": [1.2, 1.2, 1.2]
    }
  },
  "muzzle_flash": {
    "texture": "tacz:flash/common_muzzle_flash",
    "scale": 1.5
  },
  "ammo": {
    "tracer_color": "#e3c372"
  },
  "iron_zoom": 1.2,
  "shell": {
    "initial_velocity": [5, 2, 1],
    "random_velocity": [1, 1, 0.25],
    "acceleration": [0.0, -10, 0.0],
    "angular_velocity": [360, -1200, 90],
    "living_time": 1.0
  },
  "sounds": {
    "shoot": "emxmors:emx_sf10/shoot",
    "shoot_3p": "emxmors:emx_sf10/shoot_3p",
    "fire_select": "emxarms:emx_mode",
    "head_hit": "tacz:head_hit",
    "flesh_hit": "tacz:flesh_hit",
    "kill": "emxarms:emx_hit1"

  },
  // 枪械模型上的文本显示
  "text_show": {
    // 作用的组名，该组的旋转点决定文本的位置和朝向
    "ammo_count_text_show_pos": {
      // 文本缩放，默认大小对于 BlockBench 里的 1
      "scale": 1,
      // 对齐方式：right，center，left
      "align": "center",
      // 阴影
      "shadow": false,
      // 文本颜色
      "color": "#53f9af",
      // 亮度：1-15
      "light": 15,
      // 本地化，且支持PlaceholderAPI 风格的占位符
      // 目前仅支持两个：%player_name% %ammo_count%
      "text": "%ammo_count%"
    },
    "ammo_count_text_show_pos2": {
      // 文本缩放，默认大小对于 BlockBench 里的 1
      "scale": 0.5,
      // 对齐方式：right，center，left
      "align": "right",
      // 阴影
      "shadow": false,
      // 文本颜色
      "color": "#53f9af",
      // 亮度：1-15
      "light": 15,
      // 本地化，且支持PlaceholderAPI 风格的占位符
      // 目前仅支持两个：%player_name% %ammo_count%
      "text": "%player_name%"
    },
    "ammo_count_text_show_pos4": {
      // 文本缩放，默认大小对于 BlockBench 里的 1
      "scale": 0.5,
      // 对齐方式：right，center，left
      "align": "right",
      // 阴影
      "shadow": false,
      // 文本颜色
      "color": "#53f9af",
      // 亮度：1-15
      "light": 15,
      // 本地化，且支持PlaceholderAPI 风格的占位符
      // 目前仅支持两个：%player_name% %ammo_count%
      "text": "-User-"
    },
	    "ammo_count_text_show_pos3": {
      // 文本缩放，默认大小对于 BlockBench 里的 1
      "scale": 0.5,
      // 对齐方式：right，center，left
      "align": "right",
      // 阴影
      "shadow": false,
      // 文本颜色
      "color": "#53f9af",
      // 亮度：1-15
      "light": 15,
      // 本地化，且支持PlaceholderAPI 风格的占位符
      // 目前仅支持两个：%player_name% %ammo_count%
      "text": "-Ammo-"
    }
  },
  "offhand_show": {
    "pos": [1, 19, 4],
    "rotate": [0, 0, 50],
    "scale": [0.5, 0.5, 0.5]
  },
  "hotbar_show": {
    "0": {
      "pos": [-4, 24, 3],
      "rotate": [-90, -5, -90],
      "scale": [0.5, 0.5, 0.5]
    }
  }
}