{
  "model": "emxmors:gun/emx_locusmk1_geo",
  "texture": "emxmors:gun/uv/emx_locus_mk1",
  "hud": "emxmors:gun/hud/emx_locusmk1",
  "slot": "emxmors:gun/slot/emx_locusmk1",
  "animation": "emxmors:emx_locusmk1",
  "use_default_animation": "rifle",
  "third_person_animation": "default",
  "transform": {
    "scale": {
      "thirdperson": [0.6, 0.6, 0.6],
      "ground": [0.6, 0.6, 0.6],
      "fixed": [1.2, 1.2, 1.2]
    }
  },
  "muzzle_flash": {
    "texture": "emxarms:flash/emx_muzzle_flash",
    "scale": 2.125
  },
  "iron_zoom": 1.2,
  "shell": {
    "initial_velocity": [5, 2, 1],
    "random_velocity": [1, 1, 0.25],
    "acceleration": [0.0, -10, 0.0],
    "angular_velocity": [360, -1200, 90],
    "living_time": 1.0
  },
  // 子弹相关渲染参数。ammo display 里也有，但是会被这里的参数覆盖掉
  "ammo": {
    // 曳光弹颜色，没有则为 #FFFFFF，没有此字段时，会调用 ammo 的相关字段
    // 严格遵循 RGB 颜色代码
    "tracer_color": "#a58c52",
    // 粒子效果，部分参数和原版指令完全一致，具体可参考 wiki：https://minecraft.fandom.com/zh/wiki/%E5%91%BD%E4%BB%A4/particle
    // 没有此字段时，会调用 ammo 的相关字段
  "particle": {
    //      // 名称，具体可选粒子可参考 wiki：https://minecraft.fandom.com/zh/wiki/%E7%B2%92%E5%AD%90
    "name": "sonic_boom",
    //      // 生成的区域，默认为 0 0 0
    "delta": [
    0,
    0,
    0
     ],
    //      // 速度，默认为0，必须至少为 0
    "speed": 0,
    //      // 粒子存在时间，单位 tick，默认为 20 tick
    "life_time": 20,
    //      // 粒子数量，当子弹速度过快时，可以增大此数量，能够填满子弹路径的空隙
    "count": 5
    }
  },
  "sounds": {
    "silence": "emxmors:emx_locusmk1/fire_silence",
    "silence_3p": "emxmors:emx_locusmk1/fire_silence_3p",
    "shoot": "emxmors:emx_locusmk1/fire2",
    "shoot_3p": "emxmors:emx_locusmk1/fire2",
    "dry_fire": "emxarms:emx_dw",
    "fire_select": "emxarms:emx_mode",
    "head_hit": "tacz:head_hit",
    "flesh_hit": "tacz:flesh_hit",
    "kill": "emxarms:emx_hit1"

  },
  // 枪械模型上的文本显示
  "text_show": {
    // 作用的组名，该组的旋转点决定文本的位置和朝向
    "ammo_count_text_show_pos": {
      // 文本缩放，默认大小对于 BlockBench 里的 1
      "scale": 1,
      // 对齐方式：right，center，left
      "align": "center",
      // 阴影
      "shadow": false,
      // 文本颜色
      "color": "#0ca1ca",
      // 亮度：1-15
      "light": 15,
      // 本地化，且支持PlaceholderAPI 风格的占位符
      // 目前仅支持两个：%player_name% %ammo_count%
      "text": "%ammo_count%"
    },
    "ammo_count_text_show_pos2": {
      // 文本缩放，默认大小对于 BlockBench 里的 1
      "scale": 0.5,
      // 对齐方式：right，center，left
      "align": "right",
      // 阴影
      "shadow": false,
      // 文本颜色
      "color": "#0ca1ca",
      // 亮度：1-15
      "light": 15,
      // 本地化，且支持PlaceholderAPI 风格的占位符
      // 目前仅支持两个：%player_name% %ammo_count%
      "text": "%player_name%"
    },
    "ammo_count_text_show_pos4": {
      // 文本缩放，默认大小对于 BlockBench 里的 1
      "scale": 0.5,
      // 对齐方式：right，center，left
      "align": "right",
      // 阴影
      "shadow": false,
      // 文本颜色
      "color": "#0ca1ca",
      // 亮度：1-15
      "light": 15,
      // 本地化，且支持PlaceholderAPI 风格的占位符
      // 目前仅支持两个：%player_name% %ammo_count%
      "text": "-User-"
    },
	    "ammo_count_text_show_pos3": {
      // 文本缩放，默认大小对于 BlockBench 里的 1
      "scale": 0.5,
      // 对齐方式：right，center，left
      "align": "right",
      // 阴影
      "shadow": false,
      // 文本颜色
      "color": "#0ca1ca",
      // 亮度：1-15
      "light": 15,
      // 本地化，且支持PlaceholderAPI 风格的占位符
      // 目前仅支持两个：%player_name% %ammo_count%
      "text": "-ATLAS-"
    }
  },
  "offhand_show": {
    "pos": [1, 19, 4],
    "rotate": [0, 0, 50],
    "scale": [0.5, 0.5, 0.5]
  },
  "hotbar_show": {
    "0": {
      "pos": [-4, 24, 3],
      "rotate": [-90, -5, -90],
      "scale": [0.5, 0.5, 0.5]
    }
  }
}