{
  "model": "setsentinel:gun/set_svg100_geo",
  "texture": "setsentinel:gun/uv/set_svg100",
  "hud": "setsentinel:gun/hud/set_svg100",
  "slot": "setsentinel:gun/slot/set_svg100",
  "animation": "setsentinel:set_svg100",
  "use_default_animation": "rifle",
  "third_person_animation": "default",
  "transform": {
    "scale": {
      "thirdperson": [0.6, 0.6, 0.6],
      "ground": [0.6, 0.6, 0.6],
      "fixed": [1.2, 1.2, 1.2]
    }
  },
  "muzzle_flash": {
    "texture": "tacz:flash/common_muzzle_flash",
    "scale": 1
  },
  "iron_zoom": 1.5,
  "sounds": {
    "shoot": "setsentinel:set_svg100/svg100_shoot",
    "shoot_3p": "setsentinel:set_svg100/svg100_shoot_3p",
    "head_hit": "setsentinel:head_hit",
    "flesh_hit": "setsentinel:flesh_hit"
  },
  "offhand_show": {
    "pos": [4, 13, -1],
    "rotate": [-90, -35, 90],
    "scale": [0.5, 0.5, 0.5]
  },
  "hotbar_show": {
    "0": {
      "pos": [0, 20, 3],
      "rotate": [-180, 0, 120],
      "scale": [0.5, 0.5, 0.5]
    }
  }
}