{
    "ammo": "applied_armorer:cluster_quartz_bullet",
    "ammo_amount": 5,
    "extended_mag_ammo_amount": [
        8,
        12,
        15
    ],
    "bolt": "closed_bolt",
    "rpm": 54.0,
    "bullet": {
        "life": 1,
        "bullet_amount": 8,
        "damage": 25.7,
        "tracer_count_interval": 0,
        "extra_damage": {
            "armor_ignore": 0.05,
            "head_shot_multiplier": 1.24,
            "damage_adjust": [
                {
                    "distance": 3,
                    "damage": 25.7
                },
                {
                    "distance": 6,
                    "damage": 20.6
                },
                {
                    "distance": 9,
                    "damage": 7.7
                },
                {
                    "distance": 12,
                    "damage": 5.1
                },
                {
                    "distance": "infinite",
                    "damage": 2.6
                }
            ]
        },
        "speed": 320,
        "gravity": 0.15,
        "knockback": 0,
        "friction": 0.015,
        "ignite": false,
        "ignite_entity_time": 6,
        "pierce": 1
    },
    "reload": {
        "type": "magazine",
        "feed": {
            "empty": 2.35,
            "tactical": 1.75
        },
        "cooldown": {
            "empty": 2.96,
            "tactical": 2.45
        }
    },
    "draw_time": 0.79,
    "put_away_time": 0.58,
    "aim_time": 0.25,
    "sprint_time": 0.2,
    "weight": 3.77,
    "movement_speed": {
        "base": 0.0,
        "aim": -0.1,
        "reload": -0.1
    },
    "crawl_recoil_multiplier": 0.25,
    "fire_mode": [
        "auto",
        "semi"
    ],
    "recoil": {
        "pitch": [
            {
                "time": 0,
                "value": [
                    0.35,
                    0.35
                ]
            },
            {
                "time": 0.2,
                "value": [
                    0.35,
                    0.35
                ]
            },
            {
                "time": 0.35,
                "value": [
                    -0.1,
                    -0.1
                ]
            },
            {
                "time": 0.5,
                "value": [
                    0.02,
                    0.02
                ]
            },
            {
                "time": 0.8,
                "value": [
                    0,
                    0
                ]
            }
        ],
        "yaw": [
            {
                "time": 0,
                "value": [
                    -0.2,
                    0.2
                ]
            },
            {
                "time": 0.25,
                "value": [
                    -0.2,
                    0.2
                ]
            },
            {
                "time": 0.4,
                "value": [
                    0,
                    0
                ]
            }
        ]
    },
    "inaccuracy": {
        "stand": 12.5,
        "move": 17.625,
        "sneak": 6.55,
        "lie": 4.9125,
        "aim": 3.93
    },
    "melee": {
        "distance": 1,
        "cooldown": 1.0,
        "default": {
            "animation_type": "melee_stock",
            "distance": 1.25,
            "range_angle": 30,
            "damage": 4,
            "knockback": 1,
            "prep": 0.1
        }
    },
    "builtin_attachments": {
        "scope": "applied_armorer:si_xs_07"
    },
    "allow_attachment_types": [
        "extended_mag",
        "scope",
        "stock",
        "muzzle",
        "grip"
    ]
}