{
  "ammo": "applied_armorer:fluix_infused_grenade",
  "rpm": 60,
  "ammo_amount": 3,
  "extended_mag_ammo_amount": [
    4,
    5,
    6
  ],
  "bolt": "open_bolt",
  "bullet": {
    "life": 5,
    "bullet_amount": 1,
    "damage": 10,
    "extra_damage": {
      "armor_ignore": 0.0,
      "head_shot_multiplier": 1.0,
      "damage_adjust": [
        {"distance": 40, "damage": 5},
        {"distance": "infinite", "damage": 2}
      ]
    },
    "speed": 60,
    "gravity": 0.15,
    "knockback": 0,
    "friction": 0.05,
    "ignite": false,
    "pierce": 0,
    "explosion": {
      "explode": true,
      "damage": 20,
      "radius": 5.5,
      "knockback": false,
      "delay": 30
    }
  },
  "reload": {
    "type": "magazine",
    "feed": {
      "tactical": 1.83,
      "empty": 1.83
    },
    "cooldown": {
      "tactical": 2.71,
      "empty": 2.71
    }
  },
  "draw_time": 0.92,
  "put_away_time": 0.58,
  "aim_time": 0.2,
  "sprint_time": 0.15,
  "weight": 6,
  "movement_speed": {
    "base": 0.0,
    "aim": -0.1,
    "reload": 0
  },
  "crawl_recoil_multiplier": 0.5,
  "fire_mode": [
    "semi"
  ],
  "recoil": {
    "pitch": [
      {"time": 0, "value": [2.25, 2.25]},
      {"time": 0.3, "value": [2.25, 2.25]},
      {"time": 0.55, "value": [-0.7, -0.7]},
      {"time": 0.8, "value": [0.2, 0.2]},
      {"time": 1.2, "value": [0, 0]},
      {"time": 1.4, "value": [0, 0]}
    ],
    "yaw": [
      {"time": 0, "value": [-0.4, 0.4]},
      {"time": 0.55, "value": [0, 0]}
    ]
  },
  "inaccuracy": {
    "stand": 1.5,
    "move": 2.5,
    "sneak": 1,
    "lie": 0.5,
    "aim": 0.2
  },
  "melee": {
    "distance": 1,
    "cooldown": 1.0,
    "default": {
      "animation_type": "melee_stock",
      "distance": 1.25,
      "range_angle": 30,
      "damage": 5,
      "knockback": 1,
      "prep": 0.1
    }
  },
  "builtin_attachments": {
    "scope": "applied_armorer:si_xs_07"
  },
  "allow_attachment_types": [
    "extended_mag",
    "scope",
    "stock",
    "muzzle",
    "grip"
  ]
}