{
    "ammo": "applied_armorer:etched_quartz_bullet",
    "rpm": 282.0,
    "bullet": {
        "life": 0.6,
        "bullet_amount": 1,
        "damage": 5.5,
        "tracer_count_interval": 0,
        "extra_damage": {
            "armor_ignore": 0.11,
            "head_shot_multiplier": 1.35,
            "damage_adjust": [
                {
                    "distance": 3,
                    "damage": 5.5
                },
                {
                    "distance": 6,
                    "damage": 4.4
                },
                {
                    "distance": 9,
                    "damage": 3.3
                },
                {
                    "distance": 12,
                    "damage": 1.6
                },
                {
                    "distance": "infinite",
                    "damage": 0.6
                }
            ]
        },
        "speed": 210,
        "gravity": 0.15,
        "knockback": 0.1,
        "friction": 0.025,
        "ignite": false,
        "ignite_entity_time": 6,
        "pierce": 0
    },
    "ammo_amount": 17,
    "extended_mag_ammo_amount": [
        21,
        25,
        30
    ],
    "bolt": "closed_bolt",
    "reload": {
        "type": "magazine",
        "feed": {
            "empty": 1.75,
            "tactical": 1
        },
        "cooldown": {
            "empty": 2.15,
            "tactical": 1.45
        }
    },
    "draw_time": 0.3,
    "put_away_time": 0.3,
    "aim_time": 0.125,
    "sprint_time": 0.08,
    "weight": 1.2,
    "fire_mode": [
        "semi"
    ],
    "allow_attachment_types": [
        "muzzle",
        "stock",
        "scope",
        "extended_mag"
    ],
    "recoil": {
        "pitch": [
            {
                "time": 0,
                "value": [
                    0.8,
                    0.8
                ]
            },
            {
                "time": 0.4,
                "value": [
                    0.8,
                    0.8
                ]
            },
            {
                "time": 0.65,
                "value": [
                    -0.2,
                    -0.2
                ]
            },
            {
                "time": 0.85,
                "value": [
                    0.1,
                    0.1
                ]
            },
            {
                "time": 1.1,
                "value": [
                    0,
                    0
                ]
            },
            {
                "time": 1.2,
                "value": [
                    0,
                    0
                ]
            }
        ],
        "yaw": [
            {
                "time": 0,
                "value": [
                    -0.25,
                    0.25
                ]
            },
            {
                "time": 0.5,
                "value": [
                    0,
                    0
                ]
            }
        ]
    },
    "inaccuracy": {
        "stand": 2.5,
        "move": 4.325,
        "sneak": 1.55,
        "lie": 1.1625,
        "aim": 0.4650000000000001
    }
}