{
	"format_version": "1.12.0",
	"minecraft:geometry": [
		{
			"description": {
				"identifier": "geometry.sight_sro_dot - Converted",
				"texture_width": 256,
				"texture_height": 256,
				"visible_bounds_width": 11,
				"visible_bounds_height": 2,
				"visible_bounds_offset": [0, 0, 0]
			},
			"bones": [
				{
					"name": "scope_view",
					"pivot": [-0.03162, 1.07206, -1.8063]
				},
				{
					"name": "scope_body",
					"pivot": [0, 0, 0]
				},
				{
					"name": "divisi1on_illuminated",
					"parent": "scope_body",
					"pivot": [-1.02569, 1.44269, 0],
					"cubes": [
						{
							"origin": [-0.80237, 0.55336, -5.40711],
							"size": [1.52964, 1.04347, 0],
							"inflate": 0.0001,
							"uv": {
								"north": {"uv": [33, 182.5], "uv_size": [1, 0.5]},
								"east": {"uv": [33, 182.5], "uv_size": [1, 0.5]},
								"south": {"uv": [7.13724, 2.28743], "uv_size": [241.65979, 250.75288]},
								"west": {"uv": [33, 182.5], "uv_size": [1, 0.5]},
								"up": {"uv": [34, 183], "uv_size": [-1, -0.5]},
								"down": {"uv": [34, 183], "uv_size": [-1, -0.5]}
							}
						}
					]
				},
				{
					"name": "ocularring",
					"pivot": [0, 0, 0]
				},
				{
					"name": "division",
					"pivot": [0, 0, 0]
				},
				{
					"name": "division_illuminated",
					"parent": "division",
					"pivot": [-1.02569, 0.54941, 0],
					"cubes": [
						{
							"origin": [-0.80237, 0.55336, -5.40711],
							"size": [1.52964, 1.04347, 0],
							"inflate": 0.0001,
							"uv": {
								"north": {"uv": [33, 182.5], "uv_size": [1, 0.5]},
								"east": {"uv": [33, 182.5], "uv_size": [1, 0.5]},
								"south": {"uv": [7.13724, 2.28743], "uv_size": [241.65979, 250.75288]},
								"west": {"uv": [33, 182.5], "uv_size": [1, 0.5]},
								"up": {"uv": [34, 183], "uv_size": [-1, -0.5]},
								"down": {"uv": [34, 183], "uv_size": [-1, -0.5]}
							}
						}
					]
				},
				{
					"name": "ocular",
					"pivot": [0, 2.98438, 0.025]
				}
			]
		}
	]
}