{
	"format_version": "1.12.0",
	"minecraft:geometry": [
		{
			"description": {
				"identifier": "geometry.sight_coyote - Converted",
				"texture_width": 64,
				"texture_height": 64,
				"visible_bounds_width": 7,
				"visible_bounds_height": 2.5,
				"visible_bounds_offset": [0, 0.75, 0]
			},
			"bones": [
				{
					"name": "scope_body",
					"pivot": [0, 7.7, -0.25]
				},
				{
					"name": "bone7",
					"parent": "scope_body",
					"pivot": [0.59597, 0.39883, -0.88513],
					"cubes": [
						{
							"origin": [-0.625, 0.1375, -2.6875],
							"size": [1.25, 0.25, 1.9375],
							"uv": {
								"north": {"uv": [12, 1], "uv_size": [1.5, 0.5]},
								"east": {"uv": [3, 5], "uv_size": [2, 0.5]},
								"south": {"uv": [2, 12], "uv_size": [1.5, 0.5]},
								"west": {"uv": [5, 5], "uv_size": [2, 0.5]},
								"up": {"uv": [0, 0], "uv_size": [1.5, 2]},
								"down": {"uv": [0, 4], "uv_size": [1.5, -2]}
							}
						},
						{
							"origin": [-0.625, 0.05938, -2.6875],
							"size": [1.25, 0.07813, 1.625],
							"uv": {
								"north": {"uv": [11, 13], "uv_size": [1.5, 0.5]},
								"east": {"uv": [13, 12], "uv_size": [1.5, 0.5]},
								"south": {"uv": [13, 13], "uv_size": [1.5, 0.5]},
								"west": {"uv": [14, 0], "uv_size": [1.5, 0.5]},
								"up": {"uv": [2, 0], "uv_size": [1.5, 1.5]},
								"down": {"uv": [2, 3.5], "uv_size": [1.5, -1.5]}
							}
						},
						{
							"origin": [0.5, -0.25312, -2.6875],
							"size": [0.125, 0.3125, 1.625],
							"uv": {
								"north": {"uv": [5, 22], "uv_size": [0.5, 0.5]},
								"east": {"uv": [14, 1], "uv_size": [1.5, 0.5]},
								"south": {"uv": [22, 5], "uv_size": [0.5, 0.5]},
								"west": {"uv": [2, 14], "uv_size": [1.5, 0.5]},
								"up": {"uv": [4, 14], "uv_size": [0.5, 1.5]},
								"down": {"uv": [5, 15.5], "uv_size": [0.5, -1.5]}
							}
						},
						{
							"origin": [-0.625, -0.25312, -2.6875],
							"size": [0.125, 0.3125, 1.625],
							"uv": {
								"north": {"uv": [6, 22], "uv_size": [0.5, 0.5]},
								"east": {"uv": [14, 2], "uv_size": [1.5, 0.5]},
								"south": {"uv": [22, 6], "uv_size": [0.5, 0.5]},
								"west": {"uv": [14, 4], "uv_size": [1.5, 0.5]},
								"up": {"uv": [6, 14], "uv_size": [0.5, 1.5]},
								"down": {"uv": [14, 7.5], "uv_size": [0.5, -1.5]}
							}
						},
						{
							"origin": [-0.5, -0.25312, -2.6875],
							"size": [0.0625, 0.0625, 1.625],
							"uv": {
								"north": {"uv": [9, 22], "uv_size": [0.5, 0.5]},
								"east": {"uv": [0, 15], "uv_size": [1.5, 0.5]},
								"south": {"uv": [22, 9], "uv_size": [0.5, 0.5]},
								"west": {"uv": [2, 15], "uv_size": [1.5, 0.5]},
								"up": {"uv": [15, 5], "uv_size": [0.5, 1.5]},
								"down": {"uv": [7, 16.5], "uv_size": [0.5, -1.5]}
							}
						},
						{
							"origin": [0.45044, -0.22187, -2.6875],
							"size": [0.125, 0.0625, 1.625],
							"pivot": [0.48169, -0.19062, -1.875],
							"rotation": [0, 0, -45],
							"uv": {
								"north": {"uv": [12, 22], "uv_size": [0.5, 0.5]},
								"east": {"uv": [0, 16], "uv_size": [1.5, 0.5]},
								"south": {"uv": [22, 12], "uv_size": [0.5, 0.5]},
								"west": {"uv": [16, 0], "uv_size": [1.5, 0.5]},
								"up": {"uv": [16, 1], "uv_size": [0.5, 1.5]},
								"down": {"uv": [2, 17.5], "uv_size": [0.5, -1.5]}
							}
						},
						{
							"origin": [0.4375, -0.25312, -2.6875],
							"size": [0.0625, 0.0625, 1.625],
							"uv": {
								"north": {"uv": [11, 22], "uv_size": [0.5, 0.5]},
								"east": {"uv": [11, 15], "uv_size": [1.5, 0.5]},
								"south": {"uv": [22, 11], "uv_size": [0.5, 0.5]},
								"west": {"uv": [15, 12], "uv_size": [1.5, 0.5]},
								"up": {"uv": [15, 13], "uv_size": [0.5, 1.5]},
								"down": {"uv": [15, 16.5], "uv_size": [0.5, -1.5]}
							}
						},
						{
							"origin": [-0.57544, -0.22187, -2.6875],
							"size": [0.125, 0.0625, 1.625],
							"pivot": [-0.48169, -0.19062, -1.875],
							"rotation": [0, 0, 45],
							"uv": {
								"north": {"uv": [10, 22], "uv_size": [0.5, 0.5]},
								"east": {"uv": [15, 3], "uv_size": [1.5, 0.5]},
								"south": {"uv": [22, 10], "uv_size": [0.5, 0.5]},
								"west": {"uv": [15, 7], "uv_size": [1.5, 0.5]},
								"up": {"uv": [8, 15], "uv_size": [0.5, 1.5]},
								"down": {"uv": [15, 10.5], "uv_size": [0.5, -1.5]}
							}
						},
						{
							"origin": [-0.80459, -0.40545, -2.6875],
							"size": [0.125, 0.25, 1.625],
							"pivot": [-0.17959, -0.45232, -0.25],
							"rotation": [0, 0, 45],
							"uv": {
								"north": {"uv": [7, 22], "uv_size": [0.5, 0.5]},
								"east": {"uv": [7, 14], "uv_size": [1.5, 0.5]},
								"south": {"uv": [22, 7], "uv_size": [0.5, 0.5]},
								"west": {"uv": [14, 8], "uv_size": [1.5, 0.5]},
								"up": {"uv": [9, 14], "uv_size": [0.5, 1.5]},
								"down": {"uv": [10, 15.5], "uv_size": [0.5, -1.5]}
							}
						},
						{
							"origin": [0.67959, -0.40545, -2.6875],
							"size": [0.125, 0.25, 1.625],
							"pivot": [0.17959, -0.45232, -0.25],
							"rotation": [0, 0, -45],
							"uv": {
								"north": {"uv": [8, 22], "uv_size": [0.5, 0.5]},
								"east": {"uv": [11, 14], "uv_size": [1.5, 0.5]},
								"south": {"uv": [22, 8], "uv_size": [0.5, 0.5]},
								"west": {"uv": [14, 11], "uv_size": [1.5, 0.5]},
								"up": {"uv": [13, 14], "uv_size": [0.5, 1.5]},
								"down": {"uv": [14, 15.5], "uv_size": [0.5, -1.5]}
							}
						},
						{
							"origin": [-0.4375, 0.3875, -2.6875],
							"size": [0.875, 0.1875, 1.46875],
							"uv": {
								"north": {"uv": [1, 17], "uv_size": [1, 0.5]},
								"east": {"uv": [12, 6], "uv_size": [1.5, 0.5]},
								"south": {"uv": [17, 1], "uv_size": [1, 0.5]},
								"west": {"uv": [12, 7], "uv_size": [1.5, 0.5]},
								"up": {"uv": [4, 1], "uv_size": [1, 1.5]},
								"down": {"uv": [2, 5.5], "uv_size": [1, -1.5]}
							}
						},
						{
							"origin": [-0.50823, 0.1056, -2.6875],
							"size": [0.26517, 0.1875, 1.46875],
							"pivot": [-0.68057, 0.19935, -1.59375],
							"rotation": [0, 0, -45],
							"uv": {
								"north": {"uv": [12, 20], "uv_size": [0.5, 0.5]},
								"east": {"uv": [8, 12], "uv_size": [1.5, 0.5]},
								"south": {"uv": [20, 12], "uv_size": [0.5, 0.5]},
								"west": {"uv": [12, 8], "uv_size": [1.5, 0.5]},
								"up": {"uv": [12, 9], "uv_size": [0.5, 1.5]},
								"down": {"uv": [10, 13.5], "uv_size": [0.5, -1.5]}
							}
						},
						{
							"origin": [-0.73012, -0.05379, -0.95044],
							"size": [0.32767, 0.1875, 0.1875],
							"pivot": [-0.83996, 0.03996, -1.26294],
							"rotation": [0, 45, -45],
							"uv": {
								"north": {"uv": [35, 1], "uv_size": [0.5, 0.5]},
								"east": {"uv": [2, 35], "uv_size": [0.5, 0.5]},
								"south": {"uv": [35, 2], "uv_size": [0.5, 0.5]},
								"west": {"uv": [3, 35], "uv_size": [0.5, 0.5]},
								"up": {"uv": [35, 3], "uv_size": [0.5, 0.5]},
								"down": {"uv": [4, 35.5], "uv_size": [0.5, -0.5]}
							}
						},
						{
							"origin": [0.40246, -0.05379, -0.95044],
							"size": [0.32767, 0.1875, 0.1875],
							"pivot": [0.83996, 0.03996, -1.26294],
							"rotation": [0, -45, 45],
							"uv": {
								"north": {"uv": [35, 4], "uv_size": [0.5, 0.5]},
								"east": {"uv": [5, 35], "uv_size": [0.5, 0.5]},
								"south": {"uv": [35, 5], "uv_size": [0.5, 0.5]},
								"west": {"uv": [6, 35], "uv_size": [0.5, 0.5]},
								"up": {"uv": [35, 6], "uv_size": [0.5, 0.5]},
								"down": {"uv": [7, 35.5], "uv_size": [0.5, -0.5]}
							}
						},
						{
							"origin": [0.24307, 0.1056, -2.6875],
							"size": [0.26517, 0.1875, 1.46875],
							"pivot": [0.68057, 0.19935, -1.59375],
							"rotation": [0, 0, 45],
							"uv": {
								"north": {"uv": [13, 20], "uv_size": [0.5, 0.5]},
								"east": {"uv": [11, 12], "uv_size": [1.5, 0.5]},
								"south": {"uv": [20, 13], "uv_size": [0.5, 0.5]},
								"west": {"uv": [12, 11], "uv_size": [1.5, 0.5]},
								"up": {"uv": [0, 13], "uv_size": [0.5, 1.5]},
								"down": {"uv": [1, 14.5], "uv_size": [0.5, -1.5]}
							}
						},
						{
							"origin": [0.625, 0.1375, -0.78125],
							"size": [0.10938, 0.1875, 0.1875],
							"uv": {
								"north": {"uv": [19, 6], "uv_size": [0.5, 0.5]},
								"east": {"uv": [7, 19], "uv_size": [0.5, 0.5]},
								"south": {"uv": [19, 7], "uv_size": [0.5, 0.5]},
								"west": {"uv": [8, 19], "uv_size": [0.5, 0.5]},
								"up": {"uv": [19, 8], "uv_size": [0.5, 0.5]},
								"down": {"uv": [9, 19.5], "uv_size": [0.5, -0.5]}
							}
						},
						{
							"origin": [-0.73437, 0.1375, -1.15625],
							"size": [0.10938, 0.25, 0.375],
							"uv": {
								"north": {"uv": [21, 11], "uv_size": [0.5, 0.5]},
								"east": {"uv": [12, 21], "uv_size": [0.5, 0.5]},
								"south": {"uv": [21, 12], "uv_size": [0.5, 0.5]},
								"west": {"uv": [13, 21], "uv_size": [0.5, 0.5]},
								"up": {"uv": [21, 13], "uv_size": [0.5, 0.5]},
								"down": {"uv": [14, 21.5], "uv_size": [0.5, -0.5]}
							}
						},
						{
							"origin": [-0.73437, 0.1375, -0.78125],
							"size": [0.10938, 0.1875, 0.1875],
							"uv": {
								"north": {"uv": [21, 8], "uv_size": [0.5, 0.5]},
								"east": {"uv": [9, 21], "uv_size": [0.5, 0.5]},
								"south": {"uv": [21, 9], "uv_size": [0.5, 0.5]},
								"west": {"uv": [10, 21], "uv_size": [0.5, 0.5]},
								"up": {"uv": [21, 10], "uv_size": [0.5, 0.5]},
								"down": {"uv": [11, 21.5], "uv_size": [0.5, -0.5]}
							}
						},
						{
							"origin": [0.625, 0.1375, -1.15625],
							"size": [0.10938, 0.25, 0.375],
							"uv": {
								"north": {"uv": [21, 5], "uv_size": [0.5, 0.5]},
								"east": {"uv": [6, 21], "uv_size": [0.5, 0.5]},
								"south": {"uv": [21, 6], "uv_size": [0.5, 0.5]},
								"west": {"uv": [7, 21], "uv_size": [0.5, 0.5]},
								"up": {"uv": [21, 7], "uv_size": [0.5, 0.5]},
								"down": {"uv": [8, 21.5], "uv_size": [0.5, -0.5]}
							}
						},
						{
							"origin": [-0.54094, 0.1375, -1.20574],
							"size": [0.10934, 0.25, 0.18746],
							"pivot": [-0.48628, 0.26693, -1.29949],
							"rotation": [0, -49, 0],
							"uv": {
								"north": {"uv": [21, 2], "uv_size": [0.5, 0.5]},
								"east": {"uv": [3, 21], "uv_size": [0.5, 0.5]},
								"south": {"uv": [21, 3], "uv_size": [0.5, 0.5]},
								"west": {"uv": [4, 21], "uv_size": [0.5, 0.5]},
								"up": {"uv": [21, 4], "uv_size": [0.5, 0.5]},
								"down": {"uv": [5, 21.5], "uv_size": [0.5, -0.5]}
							}
						},
						{
							"origin": [0.4316, 0.1375, -1.20574],
							"size": [0.10934, 0.25, 0.18746],
							"pivot": [0.48628, 0.26693, -1.29949],
							"rotation": [0, 49, 0],
							"uv": {
								"north": {"uv": [20, 20], "uv_size": [0.5, 0.5]},
								"east": {"uv": [0, 21], "uv_size": [0.5, 0.5]},
								"south": {"uv": [21, 0], "uv_size": [0.5, 0.5]},
								"west": {"uv": [1, 21], "uv_size": [0.5, 0.5]},
								"up": {"uv": [21, 1], "uv_size": [0.5, 0.5]},
								"down": {"uv": [2, 21.5], "uv_size": [0.5, -0.5]}
							}
						},
						{
							"origin": [-0.4375, 0.84724, -0.63155],
							"size": [0.875, 0.67187, 0.125],
							"pivot": [-0.46875, 0.51911, -0.1628],
							"rotation": [68, 0, 0],
							"uv": {
								"north": {"uv": [17, 2], "uv_size": [1, 0.5]},
								"east": {"uv": [14, 20], "uv_size": [0.5, 0.5]},
								"south": {"uv": [3, 17], "uv_size": [1, 0.5]},
								"west": {"uv": [20, 14], "uv_size": [0.5, 0.5]},
								"up": {"uv": [17, 3], "uv_size": [1, 0.5]},
								"down": {"uv": [4, 17.5], "uv_size": [1, -0.5]}
							}
						},
						{
							"origin": [-0.73439, 0.84724, -0.63155],
							"size": [1.46877, 0.37499, 0.125],
							"pivot": [-0.42185, 0.51911, -0.1628],
							"rotation": [68, 0, 0],
							"uv": {
								"north": {"uv": [2, 13], "uv_size": [1.5, 0.5]},
								"east": {"uv": [15, 20], "uv_size": [0.5, 0.5]},
								"south": {"uv": [13, 3], "uv_size": [1.5, 0.5]},
								"west": {"uv": [20, 15], "uv_size": [0.5, 0.5]},
								"up": {"uv": [4, 13], "uv_size": [1.5, 0.5]},
								"down": {"uv": [13, 5.5], "uv_size": [1.5, -0.5]}
							}
						},
						{
							"origin": [-0.73437, 1.22778, -1.22715],
							"size": [1.4688, 0.24718, 0.12908],
							"pivot": [-0.42182, 0.89856, -0.7584],
							"rotation": [113, 0, 0],
							"uv": {
								"north": {"uv": [6, 13], "uv_size": [1.5, 0.5]},
								"east": {"uv": [19, 20], "uv_size": [0.5, 0.5]},
								"south": {"uv": [8, 13], "uv_size": [1.5, 0.5]},
								"west": {"uv": [20, 19], "uv_size": [0.5, 0.5]},
								"up": {"uv": [13, 9], "uv_size": [1.5, 0.5]},
								"down": {"uv": [13, 10.5], "uv_size": [1.5, -0.5]}
							}
						},
						{
							"origin": [0.32496, 0.16892, -1.25421],
							"size": [0.25, 0.41986, 0.25],
							"pivot": [0.44996, 0.44616, -1.06671],
							"rotation": [60.25724, 40.96653, -20.53628],
							"uv": {
								"north": {"uv": [16, 20], "uv_size": [0.5, 0.5]},
								"east": {"uv": [20, 16], "uv_size": [0.5, 0.5]},
								"south": {"uv": [17, 20], "uv_size": [0.5, 0.5]},
								"west": {"uv": [20, 17], "uv_size": [0.5, 0.5]},
								"up": {"uv": [18, 20], "uv_size": [0.5, 0.5]},
								"down": {"uv": [20, 18.5], "uv_size": [0.5, -0.5]}
							}
						},
						{
							"origin": [-0.57496, 0.16892, -1.25421],
							"size": [0.25, 0.41986, 0.25],
							"pivot": [-0.44996, 0.44616, -1.06671],
							"rotation": [60.25724, -40.96653, 20.53628],
							"uv": {
								"north": {"uv": [21, 14], "uv_size": [0.5, 0.5]},
								"east": {"uv": [15, 21], "uv_size": [0.5, 0.5]},
								"south": {"uv": [21, 15], "uv_size": [0.5, 0.5]},
								"west": {"uv": [16, 21], "uv_size": [0.5, 0.5]},
								"up": {"uv": [21, 16], "uv_size": [0.5, 0.5]},
								"down": {"uv": [17, 21.5], "uv_size": [0.5, -0.5]}
							}
						},
						{
							"origin": [-0.625, 0.1375, -0.75],
							"size": [1.25, 0.1875, 0.15625],
							"uv": {
								"north": {"uv": [12, 2], "uv_size": [1.5, 0.5]},
								"east": {"uv": [19, 0], "uv_size": [0.5, 0.5]},
								"south": {"uv": [4, 12], "uv_size": [1.5, 0.5]},
								"west": {"uv": [1, 19], "uv_size": [0.5, 0.5]},
								"up": {"uv": [12, 4], "uv_size": [1.5, 0.5]},
								"down": {"uv": [6, 12.5], "uv_size": [1.5, -0.5]}
							}
						},
						{
							"origin": [-0.20312, 0.18438, -0.59375],
							"size": [0.40625, 0.09375, 0.09375],
							"uv": {
								"north": {"uv": [25, 20], "uv_size": [0.5, 0.5]},
								"east": {"uv": [21, 25], "uv_size": [0.5, 0.5]},
								"south": {"uv": [25, 21], "uv_size": [0.5, 0.5]},
								"west": {"uv": [22, 25], "uv_size": [0.5, 0.5]},
								"up": {"uv": [25, 22], "uv_size": [0.5, 0.5]},
								"down": {"uv": [23, 25.5], "uv_size": [0.5, -0.5]}
							}
						},
						{
							"origin": [-0.47666, 0.18438, -0.8106],
							"size": [0.15625, 0.09375, 0.09375],
							"pivot": [-0.52353, -0.3, -0.46685],
							"rotation": [0, -45, 0],
							"uv": {
								"north": {"uv": [25, 23], "uv_size": [0.5, 0.5]},
								"east": {"uv": [24, 25], "uv_size": [0.5, 0.5]},
								"south": {"uv": [25, 24], "uv_size": [0.5, 0.5]},
								"west": {"uv": [25, 25], "uv_size": [0.5, 0.5]},
								"up": {"uv": [0, 26], "uv_size": [0.5, 0.5]},
								"down": {"uv": [26, 0.5], "uv_size": [0.5, -0.5]}
							}
						},
						{
							"origin": [0.32041, 0.18438, -0.8106],
							"size": [0.15625, 0.09375, 0.09375],
							"pivot": [0.52353, -0.3, -0.46685],
							"rotation": [0, 45, 0],
							"uv": {
								"north": {"uv": [1, 26], "uv_size": [0.5, 0.5]},
								"east": {"uv": [26, 1], "uv_size": [0.5, 0.5]},
								"south": {"uv": [2, 26], "uv_size": [0.5, 0.5]},
								"west": {"uv": [26, 2], "uv_size": [0.5, 0.5]},
								"up": {"uv": [3, 26], "uv_size": [0.5, 0.5]},
								"down": {"uv": [26, 3.5], "uv_size": [0.5, -0.5]}
							}
						},
						{
							"origin": [0.3609, 0.1375, -0.6698],
							"size": [0.35938, 0.1875, 0.125],
							"pivot": [0.59528, 0.23125, -0.6073],
							"rotation": [0, 21, 0],
							"uv": {
								"north": {"uv": [19, 3], "uv_size": [0.5, 0.5]},
								"east": {"uv": [4, 19], "uv_size": [0.5, 0.5]},
								"south": {"uv": [19, 4], "uv_size": [0.5, 0.5]},
								"west": {"uv": [5, 19], "uv_size": [0.5, 0.5]},
								"up": {"uv": [19, 5], "uv_size": [0.5, 0.5]},
								"down": {"uv": [6, 19.5], "uv_size": [0.5, -0.5]}
							}
						},
						{
							"origin": [-0.43989, 0.1375, -0.63917],
							"size": [0.35938, 0.1875, 0.125],
							"pivot": [-0.31489, 0.23125, -0.57667],
							"rotation": [0, 26.5, 0],
							"uv": {
								"north": {"uv": [19, 15], "uv_size": [0.5, 0.5]},
								"east": {"uv": [16, 19], "uv_size": [0.5, 0.5]},
								"south": {"uv": [19, 16], "uv_size": [0.5, 0.5]},
								"west": {"uv": [17, 19], "uv_size": [0.5, 0.5]},
								"up": {"uv": [19, 17], "uv_size": [0.5, 0.5]},
								"down": {"uv": [18, 19.5], "uv_size": [0.5, -0.5]}
							}
						},
						{
							"origin": [-0.72028, 0.1375, -0.6698],
							"size": [0.35938, 0.1875, 0.125],
							"pivot": [-0.59528, 0.23125, -0.6073],
							"rotation": [0, -21, 0],
							"uv": {
								"north": {"uv": [19, 12], "uv_size": [0.5, 0.5]},
								"east": {"uv": [13, 19], "uv_size": [0.5, 0.5]},
								"south": {"uv": [19, 13], "uv_size": [0.5, 0.5]},
								"west": {"uv": [14, 19], "uv_size": [0.5, 0.5]},
								"up": {"uv": [19, 14], "uv_size": [0.5, 0.5]},
								"down": {"uv": [15, 19.5], "uv_size": [0.5, -0.5]}
							}
						},
						{
							"origin": [0.08052, 0.1375, -0.63917],
							"size": [0.35938, 0.1875, 0.125],
							"pivot": [0.31489, 0.23125, -0.57667],
							"rotation": [0, -26.5, 0],
							"uv": {
								"north": {"uv": [19, 9], "uv_size": [0.5, 0.5]},
								"east": {"uv": [10, 19], "uv_size": [0.5, 0.5]},
								"south": {"uv": [19, 10], "uv_size": [0.5, 0.5]},
								"west": {"uv": [11, 19], "uv_size": [0.5, 0.5]},
								"up": {"uv": [19, 11], "uv_size": [0.5, 0.5]},
								"down": {"uv": [12, 19.5], "uv_size": [0.5, -0.5]}
							}
						},
						{
							"origin": [-0.5, 0.86174, -0.46983],
							"size": [1, 0.10937, 0.125],
							"pivot": [0, 0.36174, 0.03017],
							"rotation": [56.5, 0, 0],
							"uv": {
								"north": {"uv": [1, 5], "uv_size": [1, 0.5]},
								"east": {"uv": [19, 1], "uv_size": [0.5, 0.5]},
								"south": {"uv": [16, 10], "uv_size": [1, 0.5]},
								"west": {"uv": [2, 19], "uv_size": [0.5, 0.5]},
								"up": {"uv": [11, 16], "uv_size": [1, 0.5]},
								"down": {"uv": [16, 11.5], "uv_size": [1, -0.5]}
							}
						},
						{
							"origin": [-0.5, 1.00667, -0.63884],
							"size": [1, 0.375, 0.125],
							"pivot": [0, 0.56917, -0.13884],
							"rotation": [68, 0, 0],
							"uv": {
								"north": {"uv": [12, 16], "uv_size": [1, 0.5]},
								"east": {"uv": [19, 2], "uv_size": [0.5, 0.5]},
								"south": {"uv": [13, 16], "uv_size": [1, 0.5]},
								"west": {"uv": [3, 19], "uv_size": [0.5, 0.5]},
								"up": {"uv": [16, 13], "uv_size": [1, 0.5]},
								"down": {"uv": [14, 16.5], "uv_size": [1, -0.5]}
							}
						},
						{
							"origin": [-0.48437, 0.43218, -1.0476],
							"size": [0.0625, 0.0625, 0.125],
							"pivot": [-0.45312, 0.46343, -0.97729],
							"rotation": [60.25724, 40.96653, -20.53628],
							"uv": {
								"north": {"uv": [33, 26], "uv_size": [0.5, 0.5]},
								"east": {"uv": [27, 33], "uv_size": [0.5, 0.5]},
								"south": {"uv": [33, 27], "uv_size": [0.5, 0.5]},
								"west": {"uv": [28, 33], "uv_size": [0.5, 0.5]},
								"up": {"uv": [33, 28], "uv_size": [0.5, 0.5]},
								"down": {"uv": [29, 33.5], "uv_size": [0.5, -0.5]}
							}
						},
						{
							"origin": [0.40625, 0.33853, -0.8158],
							"size": [0.0625, 0.0625, 0.125],
							"pivot": [0.4375, 0.36978, -0.74549],
							"rotation": [60.25724, -40.96653, 20.53628],
							"uv": {
								"north": {"uv": [2, 34], "uv_size": [0.5, 0.5]},
								"east": {"uv": [34, 2], "uv_size": [0.5, 0.5]},
								"south": {"uv": [3, 34], "uv_size": [0.5, 0.5]},
								"west": {"uv": [34, 3], "uv_size": [0.5, 0.5]},
								"up": {"uv": [4, 34], "uv_size": [0.5, 0.5]},
								"down": {"uv": [34, 4.5], "uv_size": [0.5, -0.5]}
							}
						},
						{
							"origin": [0.42188, 0.43218, -1.0476],
							"size": [0.0625, 0.0625, 0.125],
							"pivot": [0.45313, 0.46343, -0.97729],
							"rotation": [60.25724, -40.96653, 20.53628],
							"uv": {
								"north": {"uv": [33, 32], "uv_size": [0.5, 0.5]},
								"east": {"uv": [33, 33], "uv_size": [0.5, 0.5]},
								"south": {"uv": [0, 34], "uv_size": [0.5, 0.5]},
								"west": {"uv": [34, 0], "uv_size": [0.5, 0.5]},
								"up": {"uv": [1, 34], "uv_size": [0.5, 0.5]},
								"down": {"uv": [34, 1.5], "uv_size": [0.5, -0.5]}
							}
						},
						{
							"origin": [-0.46875, 0.33853, -0.8158],
							"size": [0.0625, 0.0625, 0.125],
							"pivot": [-0.4375, 0.36978, -0.74549],
							"rotation": [60.25724, 40.96653, -20.53628],
							"uv": {
								"north": {"uv": [33, 29], "uv_size": [0.5, 0.5]},
								"east": {"uv": [30, 33], "uv_size": [0.5, 0.5]},
								"south": {"uv": [33, 30], "uv_size": [0.5, 0.5]},
								"west": {"uv": [31, 33], "uv_size": [0.5, 0.5]},
								"up": {"uv": [33, 31], "uv_size": [0.5, 0.5]},
								"down": {"uv": [32, 33.5], "uv_size": [0.5, -0.5]}
							}
						},
						{
							"origin": [-0.375, 1.38167, -0.63884],
							"size": [0.75, 0.125, 0.125],
							"pivot": [0, 0.56917, -0.13884],
							"rotation": [68, 0, 0],
							"uv": {
								"north": {"uv": [16, 14], "uv_size": [1, 0.5]},
								"east": {"uv": [19, 18], "uv_size": [0.5, 0.5]},
								"south": {"uv": [16, 15], "uv_size": [1, 0.5]},
								"west": {"uv": [19, 19], "uv_size": [0.5, 0.5]},
								"up": {"uv": [16, 16], "uv_size": [1, 0.5]},
								"down": {"uv": [0, 17.5], "uv_size": [1, -0.5]}
							}
						},
						{
							"origin": [-0.47587, 0.33633, -0.94763],
							"size": [0.2549, 0.125, 0.125],
							"pivot": [-0.59597, 0.39883, -0.88513],
							"rotation": [60.25724, 40.96653, -20.53628],
							"uv": {
								"north": {"uv": [0, 20], "uv_size": [0.5, 0.5]},
								"east": {"uv": [20, 0], "uv_size": [0.5, 0.5]},
								"south": {"uv": [1, 20], "uv_size": [0.5, 0.5]},
								"west": {"uv": [20, 1], "uv_size": [0.5, 0.5]},
								"up": {"uv": [2, 20], "uv_size": [0.5, 0.5]},
								"down": {"uv": [20, 2.5], "uv_size": [0.5, -0.5]}
							}
						},
						{
							"origin": [-0.37098, 0.25042, -0.73499],
							"size": [0.3174, 0.125, 0.125],
							"pivot": [-0.42857, 0.31292, -0.67249],
							"rotation": [-23.25776, 65.93702, -115.20632],
							"uv": {
								"north": {"uv": [6, 20], "uv_size": [0.5, 0.5]},
								"east": {"uv": [20, 6], "uv_size": [0.5, 0.5]},
								"south": {"uv": [7, 20], "uv_size": [0.5, 0.5]},
								"west": {"uv": [20, 7], "uv_size": [0.5, 0.5]},
								"up": {"uv": [8, 20], "uv_size": [0.5, 0.5]},
								"down": {"uv": [20, 8.5], "uv_size": [0.5, -0.5]}
							}
						},
						{
							"origin": [0.05357, 0.25042, -0.73499],
							"size": [0.3174, 0.125, 0.125],
							"pivot": [0.42857, 0.31292, -0.67249],
							"rotation": [-23.25776, -65.93702, 115.20632],
							"uv": {
								"north": {"uv": [9, 20], "uv_size": [0.5, 0.5]},
								"east": {"uv": [20, 9], "uv_size": [0.5, 0.5]},
								"south": {"uv": [10, 20], "uv_size": [0.5, 0.5]},
								"west": {"uv": [20, 10], "uv_size": [0.5, 0.5]},
								"up": {"uv": [11, 20], "uv_size": [0.5, 0.5]},
								"down": {"uv": [20, 11.5], "uv_size": [0.5, -0.5]}
							}
						},
						{
							"origin": [0.22097, 0.33633, -0.94763],
							"size": [0.2549, 0.125, 0.125],
							"pivot": [0.59597, 0.39883, -0.88513],
							"rotation": [60.25724, -40.96653, 20.53628],
							"uv": {
								"north": {"uv": [3, 20], "uv_size": [0.5, 0.5]},
								"east": {"uv": [20, 3], "uv_size": [0.5, 0.5]},
								"south": {"uv": [4, 20], "uv_size": [0.5, 0.5]},
								"west": {"uv": [20, 4], "uv_size": [0.5, 0.5]},
								"up": {"uv": [5, 20], "uv_size": [0.5, 0.5]},
								"down": {"uv": [20, 5.5], "uv_size": [0.5, -0.5]}
							}
						}
					]
				},
				{
					"name": "bone2",
					"parent": "scope_body",
					"pivot": [0, -0.3, -2.89062],
					"cubes": [
						{
							"origin": [-0.875, 0.44085, -2.18547],
							"size": [1.75, 0.1875, 0.26517],
							"pivot": [0, 0.5346, -2.0453],
							"rotation": [-45, 0, 0],
							"uv": {
								"north": {"uv": [0, 6], "uv_size": [2, 0.5]},
								"east": {"uv": [21, 17], "uv_size": [0.5, 0.5]},
								"south": {"uv": [6, 0], "uv_size": [2, 0.5]},
								"west": {"uv": [18, 21], "uv_size": [0.5, 0.5]},
								"up": {"uv": [2, 6], "uv_size": [2, 0.5]},
								"down": {"uv": [4, 6.5], "uv_size": [2, -0.5]}
							}
						},
						{
							"origin": [-0.875, 0.5125, -2.39062],
							"size": [1.75, 0.1875, 0.3125],
							"uv": {
								"north": {"uv": [7, 3], "uv_size": [2, 0.5]},
								"east": {"uv": [21, 19], "uv_size": [0.5, 0.5]},
								"south": {"uv": [4, 7], "uv_size": [2, 0.5]},
								"west": {"uv": [20, 21], "uv_size": [0.5, 0.5]},
								"up": {"uv": [7, 5], "uv_size": [2, 0.5]},
								"down": {"uv": [6, 7.5], "uv_size": [2, -0.5]}
							}
						},
						{
							"origin": [-0.875, 0.42947, -2.59107],
							"size": [1.75, 0.1875, 0.3125],
							"pivot": [0, 0.52322, -2.43482],
							"rotation": [45, 0, 0],
							"uv": {
								"north": {"uv": [0, 8], "uv_size": [2, 0.5]},
								"east": {"uv": [21, 20], "uv_size": [0.5, 0.5]},
								"south": {"uv": [8, 0], "uv_size": [2, 0.5]},
								"west": {"uv": [21, 21], "uv_size": [0.5, 0.5]},
								"up": {"uv": [8, 1], "uv_size": [2, 0.5]},
								"down": {"uv": [2, 8.5], "uv_size": [2, -0.5]}
							}
						},
						{
							"origin": [-0.875, -0.3, -2.70312],
							"size": [1.75, 0.1875, 0.625],
							"uv": {
								"north": {"uv": [6, 4], "uv_size": [2, 0.5]},
								"east": {"uv": [21, 18], "uv_size": [0.5, 0.5]},
								"south": {"uv": [6, 6], "uv_size": [2, 0.5]},
								"west": {"uv": [19, 21], "uv_size": [0.5, 0.5]},
								"up": {"uv": [0, 7], "uv_size": [2, 0.5]},
								"down": {"uv": [2, 7.5], "uv_size": [2, -0.5]}
							}
						},
						{
							"origin": [-0.875, 0.07438, -2.95431],
							"size": [1.75, 0.43812, 0.25119],
							"uv": {
								"north": {"uv": [8, 8], "uv_size": [2, 0.5]},
								"east": {"uv": [1, 22], "uv_size": [0.5, 0.5]},
								"south": {"uv": [0, 9], "uv_size": [2, 0.5]},
								"west": {"uv": [22, 1], "uv_size": [0.5, 0.5]},
								"up": {"uv": [2, 9], "uv_size": [2, 0.5]},
								"down": {"uv": [9, 3.5], "uv_size": [2, -0.5]}
							}
						},
						{
							"origin": [-0.875, 0.76825, -3.14848],
							"size": [1.75, 0.50116, 0.12526],
							"inflate": 0.0001,
							"pivot": [0, 0.51941, -3.21073],
							"rotation": [-77.5, 0, 0],
							"uv": {
								"north": {"uv": [0, 10], "uv_size": [2, 0.5]},
								"east": {"uv": [3, 22], "uv_size": [0.5, 0.5]},
								"south": {"uv": [10, 0], "uv_size": [2, 0.5]},
								"west": {"uv": [22, 3], "uv_size": [0.5, 0.5]},
								"up": {"uv": [10, 1], "uv_size": [2, 0.5]},
								"down": {"uv": [2, 10.5], "uv_size": [2, -0.5]}
							}
						},
						{
							"origin": [-0.875, -0.12138, -2.39691],
							"size": [1.75, 0.16605, 0.25],
							"pivot": [0, -0.58033, -2.33441],
							"rotation": [45, 0, 0],
							"uv": {
								"north": {"uv": [4, 9], "uv_size": [2, 0.5]},
								"east": {"uv": [2, 22], "uv_size": [0.5, 0.5]},
								"south": {"uv": [9, 5], "uv_size": [2, 0.5]},
								"west": {"uv": [22, 2], "uv_size": [0.5, 0.5]},
								"up": {"uv": [6, 9], "uv_size": [2, 0.5]},
								"down": {"uv": [8, 9.5], "uv_size": [2, -0.5]}
							}
						},
						{
							"origin": [-0.875, -0.10187, -2.61569],
							"size": [1.75, 0.2897, 0.25],
							"pivot": [0, -0.56081, -2.55319],
							"rotation": [27.5, 0, 0],
							"uv": {
								"north": {"uv": [10, 2], "uv_size": [2, 0.5]},
								"east": {"uv": [4, 22], "uv_size": [0.5, 0.5]},
								"south": {"uv": [4, 10], "uv_size": [2, 0.5]},
								"west": {"uv": [22, 4], "uv_size": [0.5, 0.5]},
								"up": {"uv": [10, 4], "uv_size": [2, 0.5]},
								"down": {"uv": [6, 10.5], "uv_size": [2, -0.5]}
							}
						},
						{
							"origin": [-0.875, -0.43258, -2.02321],
							"size": [1.75, 0.1875, 0.26517],
							"pivot": [0, -0.43258, -2.21071],
							"rotation": [45, 0, 0],
							"uv": {
								"north": {"uv": [8, 4], "uv_size": [2, 0.5]},
								"east": {"uv": [0, 22], "uv_size": [0.5, 0.5]},
								"south": {"uv": [6, 8], "uv_size": [2, 0.5]},
								"west": {"uv": [22, 0], "uv_size": [0.5, 0.5]},
								"up": {"uv": [8, 6], "uv_size": [2, 0.5]},
								"down": {"uv": [8, 7.5], "uv_size": [2, -0.5]}
							}
						},
						{
							"origin": [-0.875, -0.1125, -2.70312],
							"size": [1.75, 0.625, 0.8125],
							"uv": {
								"north": {"uv": [8, 2], "uv_size": [2, 0.5]},
								"east": {"uv": [5, 17], "uv_size": [1, 0.5]},
								"south": {"uv": [4, 8], "uv_size": [2, 0.5]},
								"west": {"uv": [6, 17], "uv_size": [1, 0.5]},
								"up": {"uv": [0, 4], "uv_size": [2, 1]},
								"down": {"uv": [4, 1], "uv_size": [2, -1]}
							}
						}
					]
				},
				{
					"name": "bone3",
					"parent": "scope_body",
					"pivot": [0, 7.7, -0.3125],
					"cubes": [
						{
							"origin": [0.625, -0.05, -1.6875],
							"size": [0.25, 0.0625, 0.125],
							"uv": {
								"north": {"uv": [13, 22], "uv_size": [0.5, 0.5]},
								"east": {"uv": [22, 13], "uv_size": [0.5, 0.5]},
								"south": {"uv": [14, 22], "uv_size": [0.5, 0.5]},
								"west": {"uv": [22, 14], "uv_size": [0.5, 0.5]},
								"up": {"uv": [15, 22], "uv_size": [0.5, 0.5]},
								"down": {"uv": [22, 15.5], "uv_size": [0.5, -0.5]}
							}
						},
						{
							"origin": [0.75, -0.2375, -1.6875],
							"size": [0.15625, 0.1875, 0.125],
							"pivot": [0.8125, -0.01875, -1.625],
							"rotation": [0, -20, 0],
							"uv": {
								"north": {"uv": [22, 22], "uv_size": [0.5, 0.5]},
								"east": {"uv": [0, 23], "uv_size": [0.5, 0.5]},
								"south": {"uv": [23, 0], "uv_size": [0.5, 0.5]},
								"west": {"uv": [1, 23], "uv_size": [0.5, 0.5]},
								"up": {"uv": [23, 1], "uv_size": [0.5, 0.5]},
								"down": {"uv": [2, 23.5], "uv_size": [0.5, -0.5]}
							}
						},
						{
							"origin": [0.75, 0.0125, -1.6875],
							"size": [0.15625, 0.1875, 0.125],
							"pivot": [0.8125, -0.01875, -1.625],
							"rotation": [0, -20, 0],
							"uv": {
								"north": {"uv": [19, 22], "uv_size": [0.5, 0.5]},
								"east": {"uv": [22, 19], "uv_size": [0.5, 0.5]},
								"south": {"uv": [20, 22], "uv_size": [0.5, 0.5]},
								"west": {"uv": [22, 20], "uv_size": [0.5, 0.5]},
								"up": {"uv": [21, 22], "uv_size": [0.5, 0.5]},
								"down": {"uv": [22, 21.5], "uv_size": [0.5, -0.5]}
							}
						},
						{
							"origin": [0.8125, -0.2375, -1.93824],
							"size": [0.09375, 0.4375, 0.25074],
							"pivot": [0.8125, -0.01875, -1.625],
							"rotation": [0, -20, 0],
							"uv": {
								"north": {"uv": [23, 8], "uv_size": [0.5, 0.5]},
								"east": {"uv": [9, 23], "uv_size": [0.5, 0.5]},
								"south": {"uv": [23, 9], "uv_size": [0.5, 0.5]},
								"west": {"uv": [10, 23], "uv_size": [0.5, 0.5]},
								"up": {"uv": [23, 10], "uv_size": [0.5, 0.5]},
								"down": {"uv": [11, 23.5], "uv_size": [0.5, -0.5]}
							}
						},
						{
							"origin": [0.7185, -0.2375, -1.86619],
							"size": [0.0625, 0.4375, 0.125],
							"pivot": [0.7185, -0.26875, -1.67869],
							"rotation": [0, -65, 0],
							"uv": {
								"north": {"uv": [23, 11], "uv_size": [0.5, 0.5]},
								"east": {"uv": [12, 23], "uv_size": [0.5, 0.5]},
								"south": {"uv": [23, 12], "uv_size": [0.5, 0.5]},
								"west": {"uv": [13, 23], "uv_size": [0.5, 0.5]},
								"up": {"uv": [23, 13], "uv_size": [0.5, 0.5]},
								"down": {"uv": [14, 23.5], "uv_size": [0.5, -0.5]}
							}
						},
						{
							"origin": [0.8125, -0.2375, -1.5625],
							"size": [0.09375, 0.4375, 0.36784],
							"pivot": [0.8125, -0.01875, -1.625],
							"rotation": [0, -20, 0],
							"uv": {
								"north": {"uv": [23, 2], "uv_size": [0.5, 0.5]},
								"east": {"uv": [3, 23], "uv_size": [0.5, 0.5]},
								"south": {"uv": [23, 3], "uv_size": [0.5, 0.5]},
								"west": {"uv": [4, 23], "uv_size": [0.5, 0.5]},
								"up": {"uv": [23, 4], "uv_size": [0.5, 0.5]},
								"down": {"uv": [5, 23.5], "uv_size": [0.5, -0.5]}
							}
						},
						{
							"origin": [-0.90625, -0.2375, -1.5625],
							"size": [0.09375, 0.4375, 0.36784],
							"pivot": [-0.8125, -0.01875, -1.625],
							"rotation": [0, 20, 0],
							"uv": {
								"north": {"uv": [23.5, 2], "uv_size": [-0.5, 0.5]},
								"east": {"uv": [4.5, 23], "uv_size": [-0.5, 0.5]},
								"south": {"uv": [23.5, 3], "uv_size": [-0.5, 0.5]},
								"west": {"uv": [3.5, 23], "uv_size": [-0.5, 0.5]},
								"up": {"uv": [23.5, 4], "uv_size": [-0.5, 0.5]},
								"down": {"uv": [5.5, 23.5], "uv_size": [-0.5, -0.5]}
							}
						},
						{
							"origin": [-0.90625, -0.2375, -1.93824],
							"size": [0.09375, 0.4375, 0.25074],
							"pivot": [-0.8125, -0.01875, -1.625],
							"rotation": [0, 20, 0],
							"uv": {
								"north": {"uv": [23.5, 8], "uv_size": [-0.5, 0.5]},
								"east": {"uv": [10.5, 23], "uv_size": [-0.5, 0.5]},
								"south": {"uv": [23.5, 9], "uv_size": [-0.5, 0.5]},
								"west": {"uv": [9.5, 23], "uv_size": [-0.5, 0.5]},
								"up": {"uv": [23.5, 10], "uv_size": [-0.5, 0.5]},
								"down": {"uv": [11.5, 23.5], "uv_size": [-0.5, -0.5]}
							}
						},
						{
							"origin": [0.90625, -0.175, -1.3125],
							"size": [0.03125, 0.3125, 0.0625],
							"pivot": [0.8125, -0.01875, -1.625],
							"rotation": [0, -20, 0],
							"uv": {
								"north": {"uv": [23, 14], "uv_size": [0.5, 0.5]},
								"east": {"uv": [15, 23], "uv_size": [0.5, 0.5]},
								"south": {"uv": [23, 15], "uv_size": [0.5, 0.5]},
								"west": {"uv": [16, 23], "uv_size": [0.5, 0.5]},
								"up": {"uv": [23, 16], "uv_size": [0.5, 0.5]},
								"down": {"uv": [17, 23.5], "uv_size": [0.5, -0.5]}
							}
						},
						{
							"origin": [0.90625, -0.175, -1.4375],
							"size": [0.03125, 0.3125, 0.0625],
							"pivot": [0.8125, -0.01875, -1.625],
							"rotation": [0, -20, 0],
							"uv": {
								"north": {"uv": [23, 17], "uv_size": [0.5, 0.5]},
								"east": {"uv": [18, 23], "uv_size": [0.5, 0.5]},
								"south": {"uv": [23, 18], "uv_size": [0.5, 0.5]},
								"west": {"uv": [19, 23], "uv_size": [0.5, 0.5]},
								"up": {"uv": [23, 19], "uv_size": [0.5, 0.5]},
								"down": {"uv": [20, 23.5], "uv_size": [0.5, -0.5]}
							}
						},
						{
							"origin": [0.90625, -0.175, -1.5625],
							"size": [0.03125, 0.3125, 0.0625],
							"pivot": [0.8125, -0.01875, -1.625],
							"rotation": [0, -20, 0],
							"uv": {
								"north": {"uv": [23, 20], "uv_size": [0.5, 0.5]},
								"east": {"uv": [21, 23], "uv_size": [0.5, 0.5]},
								"south": {"uv": [23, 21], "uv_size": [0.5, 0.5]},
								"west": {"uv": [22, 23], "uv_size": [0.5, 0.5]},
								"up": {"uv": [23, 22], "uv_size": [0.5, 0.5]},
								"down": {"uv": [23, 23.5], "uv_size": [0.5, -0.5]}
							}
						},
						{
							"origin": [0.90625, -0.175, -1.75],
							"size": [0.03125, 0.3125, 0.0625],
							"pivot": [0.8125, -0.01875, -1.625],
							"rotation": [0, -20, 0],
							"uv": {
								"north": {"uv": [0, 24], "uv_size": [0.5, 0.5]},
								"east": {"uv": [24, 0], "uv_size": [0.5, 0.5]},
								"south": {"uv": [1, 24], "uv_size": [0.5, 0.5]},
								"west": {"uv": [24, 1], "uv_size": [0.5, 0.5]},
								"up": {"uv": [2, 24], "uv_size": [0.5, 0.5]},
								"down": {"uv": [24, 2.5], "uv_size": [0.5, -0.5]}
							}
						},
						{
							"origin": [0.90625, -0.175, -1.875],
							"size": [0.03125, 0.3125, 0.0625],
							"pivot": [0.8125, -0.01875, -1.625],
							"rotation": [0, -20, 0],
							"uv": {
								"north": {"uv": [3, 24], "uv_size": [0.5, 0.5]},
								"east": {"uv": [24, 3], "uv_size": [0.5, 0.5]},
								"south": {"uv": [4, 24], "uv_size": [0.5, 0.5]},
								"west": {"uv": [24, 4], "uv_size": [0.5, 0.5]},
								"up": {"uv": [5, 24], "uv_size": [0.5, 0.5]},
								"down": {"uv": [24, 5.5], "uv_size": [0.5, -0.5]}
							}
						},
						{
							"origin": [0.7379, -0.2375, -1.58877],
							"size": [0.0625, 0.4375, 0.3125],
							"pivot": [0.72227, -0.01875, -1.65127],
							"rotation": [0, -5, 0],
							"uv": {
								"north": {"uv": [23, 5], "uv_size": [0.5, 0.5]},
								"east": {"uv": [6, 23], "uv_size": [0.5, 0.5]},
								"south": {"uv": [23, 6], "uv_size": [0.5, 0.5]},
								"west": {"uv": [7, 23], "uv_size": [0.5, 0.5]},
								"up": {"uv": [23, 7], "uv_size": [0.5, 0.5]},
								"down": {"uv": [8, 23.5], "uv_size": [0.5, -0.5]}
							}
						},
						{
							"origin": [0.625, -0.05, -1.75],
							"size": [0.0625, 0.0625, 0.0625],
							"uv": {
								"north": {"uv": [16, 22], "uv_size": [0.5, 0.5]},
								"east": {"uv": [22, 16], "uv_size": [0.5, 0.5]},
								"south": {"uv": [17, 22], "uv_size": [0.5, 0.5]},
								"west": {"uv": [22, 17], "uv_size": [0.5, 0.5]},
								"up": {"uv": [18, 22], "uv_size": [0.5, 0.5]},
								"down": {"uv": [22, 18.5], "uv_size": [0.5, -0.5]}
							}
						}
					]
				},
				{
					"name": "bone4",
					"parent": "bone3",
					"pivot": [0, 7.7, -0.3125],
					"cubes": [
						{
							"origin": [-0.875, -0.05, -1.6875],
							"size": [0.25, 0.0625, 0.125],
							"uv": {
								"north": {"uv": [6, 24], "uv_size": [0.5, 0.5]},
								"east": {"uv": [24, 6], "uv_size": [0.5, 0.5]},
								"south": {"uv": [7, 24], "uv_size": [0.5, 0.5]},
								"west": {"uv": [24, 7], "uv_size": [0.5, 0.5]},
								"up": {"uv": [8, 24], "uv_size": [0.5, 0.5]},
								"down": {"uv": [24, 8.5], "uv_size": [0.5, -0.5]}
							}
						},
						{
							"origin": [-0.90625, -0.2375, -1.6875],
							"size": [0.15625, 0.1875, 0.125],
							"pivot": [-0.8125, -0.01875, -1.625],
							"rotation": [0, 20, 0],
							"uv": {
								"north": {"uv": [9, 24], "uv_size": [0.5, 0.5]},
								"east": {"uv": [24, 9], "uv_size": [0.5, 0.5]},
								"south": {"uv": [10, 24], "uv_size": [0.5, 0.5]},
								"west": {"uv": [24, 10], "uv_size": [0.5, 0.5]},
								"up": {"uv": [11, 24], "uv_size": [0.5, 0.5]},
								"down": {"uv": [24, 11.5], "uv_size": [0.5, -0.5]}
							}
						},
						{
							"origin": [-0.90625, 0.0125, -1.6875],
							"size": [0.15625, 0.1875, 0.125],
							"pivot": [-0.8125, -0.01875, -1.625],
							"rotation": [0, 20, 0],
							"uv": {
								"north": {"uv": [12, 24], "uv_size": [0.5, 0.5]},
								"east": {"uv": [24, 12], "uv_size": [0.5, 0.5]},
								"south": {"uv": [13, 24], "uv_size": [0.5, 0.5]},
								"west": {"uv": [24, 13], "uv_size": [0.5, 0.5]},
								"up": {"uv": [14, 24], "uv_size": [0.5, 0.5]},
								"down": {"uv": [24, 14.5], "uv_size": [0.5, -0.5]}
							}
						},
						{
							"origin": [-0.781, -0.2375, -1.86619],
							"size": [0.0625, 0.4375, 0.125],
							"pivot": [-0.7185, -0.26875, -1.67869],
							"rotation": [0, 65, 0],
							"uv": {
								"north": {"uv": [18, 24], "uv_size": [0.5, 0.5]},
								"east": {"uv": [24, 18], "uv_size": [0.5, 0.5]},
								"south": {"uv": [19, 24], "uv_size": [0.5, 0.5]},
								"west": {"uv": [24, 19], "uv_size": [0.5, 0.5]},
								"up": {"uv": [20, 24], "uv_size": [0.5, 0.5]},
								"down": {"uv": [24, 20.5], "uv_size": [0.5, -0.5]}
							}
						},
						{
							"origin": [-0.9375, -0.175, -1.3125],
							"size": [0.03125, 0.3125, 0.0625],
							"pivot": [-0.8125, -0.01875, -1.625],
							"rotation": [0, 20, 0],
							"uv": {
								"north": {"uv": [24, 24], "uv_size": [0.5, 0.5]},
								"east": {"uv": [0, 25], "uv_size": [0.5, 0.5]},
								"south": {"uv": [25, 0], "uv_size": [0.5, 0.5]},
								"west": {"uv": [1, 25], "uv_size": [0.5, 0.5]},
								"up": {"uv": [25, 1], "uv_size": [0.5, 0.5]},
								"down": {"uv": [2, 25.5], "uv_size": [0.5, -0.5]}
							}
						},
						{
							"origin": [-0.9375, -0.175, -1.4375],
							"size": [0.03125, 0.3125, 0.0625],
							"pivot": [-0.8125, -0.01875, -1.625],
							"rotation": [0, 20, 0],
							"uv": {
								"north": {"uv": [25, 2], "uv_size": [0.5, 0.5]},
								"east": {"uv": [3, 25], "uv_size": [0.5, 0.5]},
								"south": {"uv": [25, 3], "uv_size": [0.5, 0.5]},
								"west": {"uv": [4, 25], "uv_size": [0.5, 0.5]},
								"up": {"uv": [25, 4], "uv_size": [0.5, 0.5]},
								"down": {"uv": [5, 25.5], "uv_size": [0.5, -0.5]}
							}
						},
						{
							"origin": [-0.9375, -0.175, -1.5625],
							"size": [0.03125, 0.3125, 0.0625],
							"pivot": [-0.8125, -0.01875, -1.625],
							"rotation": [0, 20, 0],
							"uv": {
								"north": {"uv": [25, 5], "uv_size": [0.5, 0.5]},
								"east": {"uv": [6, 25], "uv_size": [0.5, 0.5]},
								"south": {"uv": [25, 6], "uv_size": [0.5, 0.5]},
								"west": {"uv": [7, 25], "uv_size": [0.5, 0.5]},
								"up": {"uv": [25, 7], "uv_size": [0.5, 0.5]},
								"down": {"uv": [8, 25.5], "uv_size": [0.5, -0.5]}
							}
						},
						{
							"origin": [-0.9375, -0.175, -1.75],
							"size": [0.03125, 0.3125, 0.0625],
							"pivot": [-0.8125, -0.01875, -1.625],
							"rotation": [0, 20, 0],
							"uv": {
								"north": {"uv": [25, 8], "uv_size": [0.5, 0.5]},
								"east": {"uv": [9, 25], "uv_size": [0.5, 0.5]},
								"south": {"uv": [25, 9], "uv_size": [0.5, 0.5]},
								"west": {"uv": [10, 25], "uv_size": [0.5, 0.5]},
								"up": {"uv": [25, 10], "uv_size": [0.5, 0.5]},
								"down": {"uv": [11, 25.5], "uv_size": [0.5, -0.5]}
							}
						},
						{
							"origin": [-0.9375, -0.175, -1.875],
							"size": [0.03125, 0.3125, 0.0625],
							"pivot": [-0.8125, -0.01875, -1.625],
							"rotation": [0, 20, 0],
							"uv": {
								"north": {"uv": [25, 11], "uv_size": [0.5, 0.5]},
								"east": {"uv": [12, 25], "uv_size": [0.5, 0.5]},
								"south": {"uv": [25, 12], "uv_size": [0.5, 0.5]},
								"west": {"uv": [13, 25], "uv_size": [0.5, 0.5]},
								"up": {"uv": [25, 13], "uv_size": [0.5, 0.5]},
								"down": {"uv": [14, 25.5], "uv_size": [0.5, -0.5]}
							}
						},
						{
							"origin": [-0.8004, -0.2375, -1.58877],
							"size": [0.0625, 0.4375, 0.3125],
							"pivot": [-0.72227, -0.01875, -1.65127],
							"rotation": [0, 5, 0],
							"uv": {
								"north": {"uv": [25, 14], "uv_size": [0.5, 0.5]},
								"east": {"uv": [15, 25], "uv_size": [0.5, 0.5]},
								"south": {"uv": [25, 15], "uv_size": [0.5, 0.5]},
								"west": {"uv": [16, 25], "uv_size": [0.5, 0.5]},
								"up": {"uv": [25, 16], "uv_size": [0.5, 0.5]},
								"down": {"uv": [17, 25.5], "uv_size": [0.5, -0.5]}
							}
						},
						{
							"origin": [-0.6875, -0.05, -1.75],
							"size": [0.0625, 0.0625, 0.0625],
							"uv": {
								"north": {"uv": [25, 17], "uv_size": [0.5, 0.5]},
								"east": {"uv": [18, 25], "uv_size": [0.5, 0.5]},
								"south": {"uv": [25, 18], "uv_size": [0.5, 0.5]},
								"west": {"uv": [19, 25], "uv_size": [0.5, 0.5]},
								"up": {"uv": [25, 19], "uv_size": [0.5, 0.5]},
								"down": {"uv": [20, 25.5], "uv_size": [0.5, -0.5]}
							}
						}
					]
				},
				{
					"name": "bone5",
					"parent": "scope_body",
					"pivot": [0, 7.7, -0.25],
					"cubes": [
						{
							"origin": [-0.875, 0.7625, -2.8125],
							"size": [0.125, 0.1875, 0.875],
							"uv": {
								"north": {"uv": [4, 26], "uv_size": [0.5, 0.5]},
								"east": {"uv": [7, 17], "uv_size": [1, 0.5]},
								"south": {"uv": [26, 4], "uv_size": [0.5, 0.5]},
								"west": {"uv": [17, 7], "uv_size": [1, 0.5]},
								"up": {"uv": [8, 17], "uv_size": [0.5, 1]},
								"down": {"uv": [9, 18], "uv_size": [0.5, -1]}
							}
						},
						{
							"origin": [-0.875, 0.55012, -2.89206],
							"size": [0.125, 0.0625, 0.28125],
							"pivot": [0, 0.67512, -2.79831],
							"rotation": [12.5, 0, 0],
							"uv": {
								"north": {"uv": [24, 26], "uv_size": [0.5, 0.5]},
								"east": {"uv": [26, 24], "uv_size": [0.5, 0.5]},
								"south": {"uv": [25, 26], "uv_size": [0.5, 0.5]},
								"west": {"uv": [26, 25], "uv_size": [0.5, 0.5]},
								"up": {"uv": [26, 26], "uv_size": [0.5, 0.5]},
								"down": {"uv": [0, 27.5], "uv_size": [0.5, -0.5]}
							}
						},
						{
							"origin": [-0.875, 0.6003, -2.92695],
							"size": [0.125, 0.0625, 0.32813],
							"pivot": [0, 0.7253, -2.78632],
							"rotation": [-2.5, 0, 0],
							"uv": {
								"north": {"uv": [27, 10], "uv_size": [0.5, 0.5]},
								"east": {"uv": [11, 27], "uv_size": [0.5, 0.5]},
								"south": {"uv": [27, 11], "uv_size": [0.5, 0.5]},
								"west": {"uv": [12, 27], "uv_size": [0.5, 0.5]},
								"up": {"uv": [27, 12], "uv_size": [0.5, 0.5]},
								"down": {"uv": [13, 27.5], "uv_size": [0.5, -0.5]}
							}
						},
						{
							"origin": [-0.875, 0.51243, -2.58413],
							"size": [0.125, 0.0625, 0.09375],
							"pivot": [0, 0.63743, -2.49038],
							"rotation": [-42.5, 0, 0],
							"uv": {
								"north": {"uv": [27, 7], "uv_size": [0.5, 0.5]},
								"east": {"uv": [8, 27], "uv_size": [0.5, 0.5]},
								"south": {"uv": [27, 8], "uv_size": [0.5, 0.5]},
								"west": {"uv": [9, 27], "uv_size": [0.5, 0.5]},
								"up": {"uv": [27, 9], "uv_size": [0.5, 0.5]},
								"down": {"uv": [10, 27.5], "uv_size": [0.5, -0.5]}
							}
						},
						{
							"origin": [-0.875, 0.62662, -2.97907],
							"size": [0.125, 0.09375, 0.25],
							"pivot": [0, 0.75162, -2.91657],
							"rotation": [-42.5, 0, 0],
							"uv": {
								"north": {"uv": [27, 0], "uv_size": [0.5, 0.5]},
								"east": {"uv": [1, 27], "uv_size": [0.5, 0.5]},
								"south": {"uv": [27, 1], "uv_size": [0.5, 0.5]},
								"west": {"uv": [2, 27], "uv_size": [0.5, 0.5]},
								"up": {"uv": [27, 2], "uv_size": [0.5, 0.5]},
								"down": {"uv": [3, 27.5], "uv_size": [0.5, -0.5]}
							}
						},
						{
							"origin": [-0.875, 0.73269, -3.44698],
							"size": [0.125, 0.0625, 0.75],
							"pivot": [0, 0.85769, -2.88448],
							"rotation": [-102.5, 0, 0],
							"uv": {
								"north": {"uv": [27, 3], "uv_size": [0.5, 0.5]},
								"east": {"uv": [18, 0], "uv_size": [1, 0.5]},
								"south": {"uv": [4, 27], "uv_size": [0.5, 0.5]},
								"west": {"uv": [1, 18], "uv_size": [1, 0.5]},
								"up": {"uv": [18, 1], "uv_size": [0.5, 1]},
								"down": {"uv": [2, 19], "uv_size": [0.5, -1]}
							}
						},
						{
							"origin": [-0.875, 0.79519, -3.10323],
							"size": [0.125, 0.04688, 0.3125],
							"pivot": [0, 0.85769, -2.88448],
							"rotation": [-102.5, 0, 0],
							"uv": {
								"north": {"uv": [27, 22], "uv_size": [0.5, 0.5]},
								"east": {"uv": [23, 27], "uv_size": [0.5, 0.5]},
								"south": {"uv": [27, 23], "uv_size": [0.5, 0.5]},
								"west": {"uv": [24, 27], "uv_size": [0.5, 0.5]},
								"up": {"uv": [27, 24], "uv_size": [0.5, 0.5]},
								"down": {"uv": [25, 27.5], "uv_size": [0.5, -0.5]}
							}
						},
						{
							"origin": [0.58617, 0.59867, -2.8125],
							"size": [0.125, 0.1875, 0.875],
							"pivot": [0.64867, 0.69242, -2.375],
							"rotation": [0, 0, 90],
							"uv": {
								"north": {"uv": [29, 25], "uv_size": [0.5, 0.5]},
								"east": {"uv": [18, 8], "uv_size": [1, 0.5]},
								"south": {"uv": [26, 29], "uv_size": [0.5, 0.5]},
								"west": {"uv": [9, 18], "uv_size": [1, 0.5]},
								"up": {"uv": [18, 9], "uv_size": [0.5, 1]},
								"down": {"uv": [10, 19], "uv_size": [0.5, -1]}
							}
						},
						{
							"origin": [0.24935, 0.59867, -2.18815],
							"size": [0.125, 0.1875, 0.3125],
							"pivot": [0.31185, 0.69242, -2.31315],
							"rotation": [45, 0, 90],
							"uv": {
								"north": {"uv": [29, 26], "uv_size": [0.5, 0.5]},
								"east": {"uv": [27, 29], "uv_size": [0.5, 0.5]},
								"south": {"uv": [29, 27], "uv_size": [0.5, 0.5]},
								"west": {"uv": [28, 29], "uv_size": [0.5, 0.5]},
								"up": {"uv": [29, 28], "uv_size": [0.5, 0.5]},
								"down": {"uv": [29, 29.5], "uv_size": [0.5, -0.5]}
							}
						},
						{
							"origin": [-0.37435, 0.59867, -2.18815],
							"size": [0.125, 0.1875, 0.3125],
							"pivot": [-0.31185, 0.69242, -2.31315],
							"rotation": [45, 0, -90],
							"uv": {
								"north": {"uv": [0, 30], "uv_size": [0.5, 0.5]},
								"east": {"uv": [30, 0], "uv_size": [0.5, 0.5]},
								"south": {"uv": [1, 30], "uv_size": [0.5, 0.5]},
								"west": {"uv": [30, 1], "uv_size": [0.5, 0.5]},
								"up": {"uv": [2, 30], "uv_size": [0.5, 0.5]},
								"down": {"uv": [30, 2.5], "uv_size": [0.5, -0.5]}
							}
						},
						{
							"origin": [0.70201, 0.64665, -2.8125],
							"size": [0.125, 0.1875, 0.875],
							"pivot": [0.76451, 0.7404, -2.375],
							"rotation": [0, 0, 45],
							"uv": {
								"north": {"uv": [29, 24], "uv_size": [0.5, 0.5]},
								"east": {"uv": [18, 6], "uv_size": [1, 0.5]},
								"south": {"uv": [25, 29], "uv_size": [0.5, 0.5]},
								"west": {"uv": [7, 18], "uv_size": [1, 0.5]},
								"up": {"uv": [18, 7], "uv_size": [0.5, 1]},
								"down": {"uv": [8, 19], "uv_size": [0.5, -1]}
							}
						},
						{
							"origin": [0.75, 1.03395, -2.0625],
							"size": [0.125, 0.24372, 0.125],
							"pivot": [0, 0.59645, -1.9375],
							"rotation": [45, 0, 0],
							"uv": {
								"north": {"uv": [29, 21], "uv_size": [0.5, 0.5]},
								"east": {"uv": [22, 29], "uv_size": [0.5, 0.5]},
								"south": {"uv": [29, 22], "uv_size": [0.5, 0.5]},
								"west": {"uv": [23, 29], "uv_size": [0.5, 0.5]},
								"up": {"uv": [29, 23], "uv_size": [0.5, 0.5]},
								"down": {"uv": [24, 29.5], "uv_size": [0.5, -0.5]}
							}
						},
						{
							"origin": [0.75, 0.84645, -1.9375],
							"size": [0.125, 0.61872, 0.25],
							"pivot": [0, 0.59645, -1.9375],
							"rotation": [45, 0, 0],
							"uv": {
								"north": {"uv": [29, 18], "uv_size": [0.5, 0.5]},
								"east": {"uv": [19, 29], "uv_size": [0.5, 0.5]},
								"south": {"uv": [29, 19], "uv_size": [0.5, 0.5]},
								"west": {"uv": [20, 29], "uv_size": [0.5, 0.5]},
								"up": {"uv": [29, 20], "uv_size": [0.5, 0.5]},
								"down": {"uv": [21, 29.5], "uv_size": [0.5, -0.5]}
							}
						},
						{
							"origin": [1.54356, 1.55598, -2.8125],
							"size": [0.125, 0.3125, 0.4375],
							"pivot": [0.79356, 1.30598, -2.625],
							"rotation": [0, 0, -80],
							"uv": {
								"north": {"uv": [29, 15], "uv_size": [0.5, 0.5]},
								"east": {"uv": [16, 29], "uv_size": [0.5, 0.5]},
								"south": {"uv": [29, 16], "uv_size": [0.5, 0.5]},
								"west": {"uv": [17, 29], "uv_size": [0.5, 0.5]},
								"up": {"uv": [29, 17], "uv_size": [0.5, 0.5]},
								"down": {"uv": [18, 29.5], "uv_size": [0.5, -0.5]}
							}
						},
						{
							"origin": [1.09975, 1.5474, -2.8125],
							"size": [0.125, 0.1875, 0.4375],
							"pivot": [0.34975, 1.2974, -2.625],
							"rotation": [0, 0, -42.5],
							"uv": {
								"north": {"uv": [29, 12], "uv_size": [0.5, 0.5]},
								"east": {"uv": [13, 29], "uv_size": [0.5, 0.5]},
								"south": {"uv": [29, 13], "uv_size": [0.5, 0.5]},
								"west": {"uv": [14, 29], "uv_size": [0.5, 0.5]},
								"up": {"uv": [29, 14], "uv_size": [0.5, 0.5]},
								"down": {"uv": [15, 29.5], "uv_size": [0.5, -0.5]}
							}
						},
						{
							"origin": [0.77512, 1.43719, -2.8125],
							"size": [0.125, 0.5625, 0.4375],
							"pivot": [0.02512, 1.18719, -2.625],
							"rotation": [0, 0, -5],
							"uv": {
								"north": {"uv": [29, 9], "uv_size": [0.5, 0.5]},
								"east": {"uv": [10, 29], "uv_size": [0.5, 0.5]},
								"south": {"uv": [29, 10], "uv_size": [0.5, 0.5]},
								"west": {"uv": [11, 29], "uv_size": [0.5, 0.5]},
								"up": {"uv": [29, 11], "uv_size": [0.5, 0.5]},
								"down": {"uv": [12, 29.5], "uv_size": [0.5, -0.5]}
							}
						},
						{
							"origin": [0.75, 0.95, -2.8125],
							"size": [0.125, 0.5625, 0.4375],
							"uv": {
								"north": {"uv": [29, 6], "uv_size": [0.5, 0.5]},
								"east": {"uv": [7, 29], "uv_size": [0.5, 0.5]},
								"south": {"uv": [29, 7], "uv_size": [0.5, 0.5]},
								"west": {"uv": [8, 29], "uv_size": [0.5, 0.5]},
								"up": {"uv": [29, 8], "uv_size": [0.5, 0.5]},
								"down": {"uv": [9, 29.5], "uv_size": [0.5, -0.5]}
							}
						},
						{
							"origin": [0.75, 0.88572, -3.61444],
							"size": [0.125, 0.0625, 0.125],
							"pivot": [0, 1.01072, -3.05194],
							"rotation": [-127.5, 0, 0],
							"uv": {
								"north": {"uv": [29, 3], "uv_size": [0.5, 0.5]},
								"east": {"uv": [4, 29], "uv_size": [0.5, 0.5]},
								"south": {"uv": [29, 4], "uv_size": [0.5, 0.5]},
								"west": {"uv": [5, 29], "uv_size": [0.5, 0.5]},
								"up": {"uv": [29, 5], "uv_size": [0.5, 0.5]},
								"down": {"uv": [6, 29.5], "uv_size": [0.5, -0.5]}
							}
						},
						{
							"origin": [0.75, 0.3034, -3.06927],
							"size": [0.125, 0.125, 0.1875],
							"pivot": [0, 0.4909, -2.67864],
							"rotation": [-69, 0, 0],
							"uv": {
								"north": {"uv": [29, 0], "uv_size": [0.5, 0.5]},
								"east": {"uv": [1, 29], "uv_size": [0.5, 0.5]},
								"south": {"uv": [29, 1], "uv_size": [0.5, 0.5]},
								"west": {"uv": [2, 29], "uv_size": [0.5, 0.5]},
								"up": {"uv": [29, 2], "uv_size": [0.5, 0.5]},
								"down": {"uv": [3, 29.5], "uv_size": [0.5, -0.5]}
							}
						},
						{
							"origin": [0.75, 0.39282, -3.307],
							"size": [0.125, 0.0625, 0.125],
							"pivot": [0, 0.51782, -2.91638],
							"rotation": [-111.5, 0, 0],
							"uv": {
								"north": {"uv": [26, 28], "uv_size": [0.5, 0.5]},
								"east": {"uv": [28, 26], "uv_size": [0.5, 0.5]},
								"south": {"uv": [27, 28], "uv_size": [0.5, 0.5]},
								"west": {"uv": [28, 27], "uv_size": [0.5, 0.5]},
								"up": {"uv": [28, 28], "uv_size": [0.5, 0.5]},
								"down": {"uv": [0, 29.5], "uv_size": [0.5, -0.5]}
							}
						},
						{
							"origin": [0.75, 0.76739, -3.15865],
							"size": [0.125, 0.0625, 0.375],
							"pivot": [0, 0.89239, -2.76803],
							"rotation": [-86.5, 0, 0],
							"uv": {
								"north": {"uv": [23, 28], "uv_size": [0.5, 0.5]},
								"east": {"uv": [28, 23], "uv_size": [0.5, 0.5]},
								"south": {"uv": [24, 28], "uv_size": [0.5, 0.5]},
								"west": {"uv": [28, 24], "uv_size": [0.5, 0.5]},
								"up": {"uv": [25, 28], "uv_size": [0.5, 0.5]},
								"down": {"uv": [28, 25.5], "uv_size": [0.5, -0.5]}
							}
						},
						{
							"origin": [0.75, 0.73269, -3.44698],
							"size": [0.125, 0.0625, 0.75],
							"pivot": [0, 0.85769, -2.88448],
							"rotation": [-102.5, 0, 0],
							"uv": {
								"north": {"uv": [22, 28], "uv_size": [0.5, 0.5]},
								"east": {"uv": [18, 4], "uv_size": [1, 0.5]},
								"south": {"uv": [28, 22], "uv_size": [0.5, 0.5]},
								"west": {"uv": [5, 18], "uv_size": [1, 0.5]},
								"up": {"uv": [18, 5], "uv_size": [0.5, 1]},
								"down": {"uv": [6, 19], "uv_size": [0.5, -1]}
							}
						},
						{
							"origin": [0.75, 0.62662, -2.97907],
							"size": [0.125, 0.09375, 0.25],
							"pivot": [0, 0.75162, -2.91657],
							"rotation": [-42.5, 0, 0],
							"uv": {
								"north": {"uv": [19, 28], "uv_size": [0.5, 0.5]},
								"east": {"uv": [28, 19], "uv_size": [0.5, 0.5]},
								"south": {"uv": [20, 28], "uv_size": [0.5, 0.5]},
								"west": {"uv": [28, 20], "uv_size": [0.5, 0.5]},
								"up": {"uv": [21, 28], "uv_size": [0.5, 0.5]},
								"down": {"uv": [28, 21.5], "uv_size": [0.5, -0.5]}
							}
						},
						{
							"origin": [0.75, 0.51243, -2.58413],
							"size": [0.125, 0.0625, 0.09375],
							"pivot": [0, 0.63743, -2.49038],
							"rotation": [-42.5, 0, 0],
							"uv": {
								"north": {"uv": [16, 28], "uv_size": [0.5, 0.5]},
								"east": {"uv": [28, 16], "uv_size": [0.5, 0.5]},
								"south": {"uv": [17, 28], "uv_size": [0.5, 0.5]},
								"west": {"uv": [28, 17], "uv_size": [0.5, 0.5]},
								"up": {"uv": [18, 28], "uv_size": [0.5, 0.5]},
								"down": {"uv": [28, 18.5], "uv_size": [0.5, -0.5]}
							}
						},
						{
							"origin": [0.75, 0.6003, -2.92695],
							"size": [0.125, 0.0625, 0.32813],
							"pivot": [0, 0.7253, -2.78632],
							"rotation": [-2.5, 0, 0],
							"uv": {
								"north": {"uv": [13, 28], "uv_size": [0.5, 0.5]},
								"east": {"uv": [28, 13], "uv_size": [0.5, 0.5]},
								"south": {"uv": [14, 28], "uv_size": [0.5, 0.5]},
								"west": {"uv": [28, 14], "uv_size": [0.5, 0.5]},
								"up": {"uv": [15, 28], "uv_size": [0.5, 0.5]},
								"down": {"uv": [28, 15.5], "uv_size": [0.5, -0.5]}
							}
						},
						{
							"origin": [0.75, 0.55012, -2.89206],
							"size": [0.125, 0.0625, 0.28125],
							"pivot": [0, 0.67512, -2.79831],
							"rotation": [12.5, 0, 0],
							"uv": {
								"north": {"uv": [10, 28], "uv_size": [0.5, 0.5]},
								"east": {"uv": [28, 10], "uv_size": [0.5, 0.5]},
								"south": {"uv": [11, 28], "uv_size": [0.5, 0.5]},
								"west": {"uv": [28, 11], "uv_size": [0.5, 0.5]},
								"up": {"uv": [12, 28], "uv_size": [0.5, 0.5]},
								"down": {"uv": [28, 12.5], "uv_size": [0.5, -0.5]}
							}
						},
						{
							"origin": [0.75, 0.7625, -2.8125],
							"size": [0.125, 0.1875, 0.875],
							"uv": {
								"north": {"uv": [9, 28], "uv_size": [0.5, 0.5]},
								"east": {"uv": [18, 2], "uv_size": [1, 0.5]},
								"south": {"uv": [28, 9], "uv_size": [0.5, 0.5]},
								"west": {"uv": [3, 18], "uv_size": [1, 0.5]},
								"up": {"uv": [18, 3], "uv_size": [0.5, 1]},
								"down": {"uv": [4, 19], "uv_size": [0.5, -1]}
							}
						},
						{
							"origin": [0.75, 0.79519, -3.10323],
							"size": [0.125, 0.04688, 0.3125],
							"pivot": [0, 0.85769, -2.88448],
							"rotation": [-102.5, 0, 0],
							"uv": {
								"north": {"uv": [6, 28], "uv_size": [0.5, 0.5]},
								"east": {"uv": [28, 6], "uv_size": [0.5, 0.5]},
								"south": {"uv": [7, 28], "uv_size": [0.5, 0.5]},
								"west": {"uv": [28, 7], "uv_size": [0.5, 0.5]},
								"up": {"uv": [8, 28], "uv_size": [0.5, 0.5]},
								"down": {"uv": [28, 8.5], "uv_size": [0.5, -0.5]}
							}
						},
						{
							"origin": [-0.875, 0.76739, -3.15865],
							"size": [0.125, 0.0625, 0.375],
							"pivot": [0, 0.89239, -2.76803],
							"rotation": [-86.5, 0, 0],
							"uv": {
								"north": {"uv": [27, 13], "uv_size": [0.5, 0.5]},
								"east": {"uv": [14, 27], "uv_size": [0.5, 0.5]},
								"south": {"uv": [27, 14], "uv_size": [0.5, 0.5]},
								"west": {"uv": [15, 27], "uv_size": [0.5, 0.5]},
								"up": {"uv": [27, 15], "uv_size": [0.5, 0.5]},
								"down": {"uv": [16, 27.5], "uv_size": [0.5, -0.5]}
							}
						},
						{
							"origin": [-0.875, 0.39282, -3.307],
							"size": [0.125, 0.0625, 0.125],
							"pivot": [0, 0.51782, -2.91638],
							"rotation": [-111.5, 0, 0],
							"uv": {
								"north": {"uv": [27, 16], "uv_size": [0.5, 0.5]},
								"east": {"uv": [17, 27], "uv_size": [0.5, 0.5]},
								"south": {"uv": [27, 17], "uv_size": [0.5, 0.5]},
								"west": {"uv": [18, 27], "uv_size": [0.5, 0.5]},
								"up": {"uv": [27, 18], "uv_size": [0.5, 0.5]},
								"down": {"uv": [19, 27.5], "uv_size": [0.5, -0.5]}
							}
						},
						{
							"origin": [-0.875, 0.3034, -3.06927],
							"size": [0.125, 0.125, 0.1875],
							"pivot": [0, 0.4909, -2.67864],
							"rotation": [-69, 0, 0],
							"uv": {
								"north": {"uv": [27, 19], "uv_size": [0.5, 0.5]},
								"east": {"uv": [20, 27], "uv_size": [0.5, 0.5]},
								"south": {"uv": [27, 20], "uv_size": [0.5, 0.5]},
								"west": {"uv": [21, 27], "uv_size": [0.5, 0.5]},
								"up": {"uv": [27, 21], "uv_size": [0.5, 0.5]},
								"down": {"uv": [22, 27.5], "uv_size": [0.5, -0.5]}
							}
						},
						{
							"origin": [-0.875, 0.88572, -3.61444],
							"size": [0.125, 0.0625, 0.125],
							"pivot": [0, 1.01072, -3.05194],
							"rotation": [-127.5, 0, 0],
							"uv": {
								"north": {"uv": [27, 4], "uv_size": [0.5, 0.5]},
								"east": {"uv": [5, 27], "uv_size": [0.5, 0.5]},
								"south": {"uv": [27, 5], "uv_size": [0.5, 0.5]},
								"west": {"uv": [6, 27], "uv_size": [0.5, 0.5]},
								"up": {"uv": [27, 6], "uv_size": [0.5, 0.5]},
								"down": {"uv": [7, 27.5], "uv_size": [0.5, -0.5]}
							}
						},
						{
							"origin": [-0.875, 0.95, -2.8125],
							"size": [0.125, 0.5625, 0.4375],
							"uv": {
								"north": {"uv": [8, 26], "uv_size": [0.5, 0.5]},
								"east": {"uv": [26, 8], "uv_size": [0.5, 0.5]},
								"south": {"uv": [9, 26], "uv_size": [0.5, 0.5]},
								"west": {"uv": [26, 9], "uv_size": [0.5, 0.5]},
								"up": {"uv": [10, 26], "uv_size": [0.5, 0.5]},
								"down": {"uv": [26, 10.5], "uv_size": [0.5, -0.5]}
							}
						},
						{
							"origin": [-0.90012, 1.43719, -2.8125],
							"size": [0.125, 0.5625, 0.4375],
							"pivot": [-0.02512, 1.18719, -2.625],
							"rotation": [0, 0, 5],
							"uv": {
								"north": {"uv": [14, 26], "uv_size": [0.5, 0.5]},
								"east": {"uv": [26, 14], "uv_size": [0.5, 0.5]},
								"south": {"uv": [15, 26], "uv_size": [0.5, 0.5]},
								"west": {"uv": [26, 15], "uv_size": [0.5, 0.5]},
								"up": {"uv": [16, 26], "uv_size": [0.5, 0.5]},
								"down": {"uv": [26, 16.5], "uv_size": [0.5, -0.5]}
							}
						},
						{
							"origin": [-1.22475, 1.5474, -2.8125],
							"size": [0.125, 0.1875, 0.4375],
							"pivot": [-0.34975, 1.2974, -2.625],
							"rotation": [0, 0, 42.5],
							"uv": {
								"north": {"uv": [17, 26], "uv_size": [0.5, 0.5]},
								"east": {"uv": [26, 17], "uv_size": [0.5, 0.5]},
								"south": {"uv": [18, 26], "uv_size": [0.5, 0.5]},
								"west": {"uv": [26, 18], "uv_size": [0.5, 0.5]},
								"up": {"uv": [19, 26], "uv_size": [0.5, 0.5]},
								"down": {"uv": [26, 19.5], "uv_size": [0.5, -0.5]}
							}
						},
						{
							"origin": [-1.66856, 1.55598, -2.8125],
							"size": [0.125, 0.3125, 0.4375],
							"pivot": [-0.79356, 1.30598, -2.625],
							"rotation": [0, 0, 80],
							"uv": {
								"north": {"uv": [20, 26], "uv_size": [0.5, 0.5]},
								"east": {"uv": [26, 20], "uv_size": [0.5, 0.5]},
								"south": {"uv": [21, 26], "uv_size": [0.5, 0.5]},
								"west": {"uv": [26, 21], "uv_size": [0.5, 0.5]},
								"up": {"uv": [22, 26], "uv_size": [0.5, 0.5]},
								"down": {"uv": [26, 22.5], "uv_size": [0.5, -0.5]}
							}
						},
						{
							"origin": [-1.51655, 1.64036, -2.8125],
							"size": [0.125, 0.7831, 0.4375],
							"pivot": [-0.64155, 1.39036, -2.625],
							"rotation": [0, 0, 90],
							"uv": {
								"north": {"uv": [16, 17], "uv_size": [0.5, 1]},
								"east": {"uv": [17, 16], "uv_size": [0.5, 1]},
								"south": {"uv": [17, 17], "uv_size": [0.5, 1]},
								"west": {"uv": [0, 18], "uv_size": [0.5, 1]},
								"up": {"uv": [23, 26], "uv_size": [0.5, 0.5]},
								"down": {"uv": [26, 23.5], "uv_size": [0.5, -0.5]}
							}
						},
						{
							"origin": [-0.875, 0.84645, -1.9375],
							"size": [0.125, 0.61872, 0.25],
							"pivot": [0, 0.59645, -1.9375],
							"rotation": [45, 0, 0],
							"uv": {
								"north": {"uv": [11, 26], "uv_size": [0.5, 0.5]},
								"east": {"uv": [26, 11], "uv_size": [0.5, 0.5]},
								"south": {"uv": [12, 26], "uv_size": [0.5, 0.5]},
								"west": {"uv": [26, 12], "uv_size": [0.5, 0.5]},
								"up": {"uv": [13, 26], "uv_size": [0.5, 0.5]},
								"down": {"uv": [26, 13.5], "uv_size": [0.5, -0.5]}
							}
						},
						{
							"origin": [-0.875, 1.03395, -2.0625],
							"size": [0.125, 0.24372, 0.125],
							"pivot": [0, 0.59645, -1.9375],
							"rotation": [45, 0, 0],
							"uv": {
								"north": {"uv": [27, 25], "uv_size": [0.5, 0.5]},
								"east": {"uv": [26, 27], "uv_size": [0.5, 0.5]},
								"south": {"uv": [27, 26], "uv_size": [0.5, 0.5]},
								"west": {"uv": [27, 27], "uv_size": [0.5, 0.5]},
								"up": {"uv": [0, 28], "uv_size": [0.5, 0.5]},
								"down": {"uv": [28, 0.5], "uv_size": [0.5, -0.5]}
							}
						},
						{
							"origin": [-0.82701, 0.64665, -2.8125],
							"size": [0.125, 0.1875, 0.875],
							"pivot": [-0.76451, 0.7404, -2.375],
							"rotation": [0, 0, -45],
							"uv": {
								"north": {"uv": [5, 26], "uv_size": [0.5, 0.5]},
								"east": {"uv": [10, 17], "uv_size": [1, 0.5]},
								"south": {"uv": [26, 5], "uv_size": [0.5, 0.5]},
								"west": {"uv": [17, 10], "uv_size": [1, 0.5]},
								"up": {"uv": [11, 17], "uv_size": [0.5, 1]},
								"down": {"uv": [17, 12], "uv_size": [0.5, -1]}
							}
						},
						{
							"origin": [-0.71117, 0.59867, -2.8125],
							"size": [0.125, 0.1875, 0.875],
							"pivot": [-0.64867, 0.69242, -2.375],
							"rotation": [0, 0, -90],
							"uv": {
								"north": {"uv": [6, 26], "uv_size": [0.5, 0.5]},
								"east": {"uv": [12, 17], "uv_size": [1, 0.5]},
								"south": {"uv": [26, 6], "uv_size": [0.5, 0.5]},
								"west": {"uv": [17, 12], "uv_size": [1, 0.5]},
								"up": {"uv": [13, 17], "uv_size": [0.5, 1]},
								"down": {"uv": [17, 14], "uv_size": [0.5, -1]}
							}
						},
						{
							"origin": [-0.71117, -0.51117, -2.8125],
							"size": [0.125, 1.10983, 0.71875],
							"pivot": [-0.64867, 0.69242, -2.375],
							"rotation": [0, 0, -90],
							"uv": {
								"north": {"uv": [14, 17], "uv_size": [0.5, 1]},
								"east": {"uv": [17, 14], "uv_size": [0.5, 1]},
								"south": {"uv": [15, 17], "uv_size": [0.5, 1]},
								"west": {"uv": [17, 15], "uv_size": [0.5, 1]},
								"up": {"uv": [7, 26], "uv_size": [0.5, 0.5]},
								"down": {"uv": [26, 7.5], "uv_size": [0.5, -0.5]}
							}
						},
						{
							"origin": [-0.0625, 0.11462, -2.17913],
							"size": [0.125, 1.10983, 0.1875],
							"pivot": [0, 0.66954, -2.11663],
							"rotation": [0, -60, -90],
							"uv": {
								"north": {"uv": [18, 16], "uv_size": [0.5, 1]},
								"east": {"uv": [17, 18], "uv_size": [0.5, 1]},
								"south": {"uv": [18, 17], "uv_size": [0.5, 1]},
								"west": {"uv": [18, 18], "uv_size": [0.5, 1]},
								"up": {"uv": [35, 7], "uv_size": [0.5, 0.5]},
								"down": {"uv": [8, 35.5], "uv_size": [0.5, -0.5]}
							}
						},
						{
							"origin": [-0.0625, 0.29911, -3.10937],
							"size": [0.125, 0.73483, 0.35938],
							"pivot": [0, 0.66653, -2.8125],
							"rotation": [0, 45, -90],
							"uv": {
								"north": {"uv": [5, 34], "uv_size": [0.5, 0.5]},
								"east": {"uv": [34, 5], "uv_size": [0.5, 0.5]},
								"south": {"uv": [6, 34], "uv_size": [0.5, 0.5]},
								"west": {"uv": [34, 6], "uv_size": [0.5, 0.5]},
								"up": {"uv": [7, 34], "uv_size": [0.5, 0.5]},
								"down": {"uv": [34, 7.5], "uv_size": [0.5, -0.5]}
							}
						},
						{
							"origin": [-0.0625, -0.11662, -3.28537],
							"size": [0.125, 1.10983, 0.34375],
							"pivot": [0, 0.4383, -3.00412],
							"rotation": [0, 90, -90],
							"uv": {
								"north": {"uv": [18, 14], "uv_size": [0.5, 1]},
								"east": {"uv": [15, 18], "uv_size": [0.5, 1]},
								"south": {"uv": [18, 15], "uv_size": [0.5, 1]},
								"west": {"uv": [16, 18], "uv_size": [0.5, 1]},
								"up": {"uv": [8, 34], "uv_size": [0.5, 0.5]},
								"down": {"uv": [34, 8.5], "uv_size": [0.5, -0.5]}
							}
						},
						{
							"origin": [0.39867, 0.23518, -3.12912],
							"size": [0.1875, 0.1875, 0.1875],
							"pivot": [0.49242, 0.32893, -3.03537],
							"rotation": [0, 90, -45],
							"uv": {
								"north": {"uv": [21, 34], "uv_size": [0.5, 0.5]},
								"east": {"uv": [34, 21], "uv_size": [0.5, 0.5]},
								"south": {"uv": [22, 34], "uv_size": [0.5, 0.5]},
								"west": {"uv": [34, 22], "uv_size": [0.5, 0.5]},
								"up": {"uv": [23, 34], "uv_size": [0.5, 0.5]},
								"down": {"uv": [34, 23.5], "uv_size": [0.5, -0.5]}
							}
						},
						{
							"origin": [-0.23955, -0.55477, -3.16037],
							"size": [0.125, 0.17678, 0.09375],
							"pivot": [-0.17705, 0.00015, -3.00412],
							"rotation": [0, -90, 135],
							"uv": {
								"north": {"uv": [33, 34], "uv_size": [0.5, 0.5]},
								"east": {"uv": [34, 33], "uv_size": [0.5, 0.5]},
								"south": {"uv": [34, 34], "uv_size": [0.5, 0.5]},
								"west": {"uv": [0, 35], "uv_size": [0.5, 0.5]},
								"up": {"uv": [35, 0], "uv_size": [0.5, 0.5]},
								"down": {"uv": [1, 35.5], "uv_size": [0.5, -0.5]}
							}
						},
						{
							"origin": [-0.1875, -0.11662, -3.16037],
							"size": [0.125, 0.125, 0.09375],
							"pivot": [-0.125, 0.4383, -3.00412],
							"rotation": [0, -90, 90],
							"uv": {
								"north": {"uv": [30, 34], "uv_size": [0.5, 0.5]},
								"east": {"uv": [34, 30], "uv_size": [0.5, 0.5]},
								"south": {"uv": [31, 34], "uv_size": [0.5, 0.5]},
								"west": {"uv": [34, 31], "uv_size": [0.5, 0.5]},
								"up": {"uv": [32, 34], "uv_size": [0.5, 0.5]},
								"down": {"uv": [34, 32.5], "uv_size": [0.5, -0.5]}
							}
						},
						{
							"origin": [-0.39423, 0.25746, -3.16037],
							"size": [0.125, 0.17678, 0.09375],
							"pivot": [-0.33173, 0.81238, -3.00412],
							"rotation": [0, -90, 45],
							"uv": {
								"north": {"uv": [27, 34], "uv_size": [0.5, 0.5]},
								"east": {"uv": [34, 27], "uv_size": [0.5, 0.5]},
								"south": {"uv": [28, 34], "uv_size": [0.5, 0.5]},
								"west": {"uv": [34, 28], "uv_size": [0.5, 0.5]},
								"up": {"uv": [29, 34], "uv_size": [0.5, 0.5]},
								"down": {"uv": [34, 29.5], "uv_size": [0.5, -0.5]}
							}
						},
						{
							"origin": [-0.58617, 0.23518, -3.12912],
							"size": [0.1875, 0.1875, 0.1875],
							"pivot": [-0.49242, 0.32893, -3.03537],
							"rotation": [0, -90, 45],
							"uv": {
								"north": {"uv": [24, 34], "uv_size": [0.5, 0.5]},
								"east": {"uv": [34, 24], "uv_size": [0.5, 0.5]},
								"south": {"uv": [25, 34], "uv_size": [0.5, 0.5]},
								"west": {"uv": [34, 25], "uv_size": [0.5, 0.5]},
								"up": {"uv": [26, 34], "uv_size": [0.5, 0.5]},
								"down": {"uv": [34, 26.5], "uv_size": [0.5, -0.5]}
							}
						},
						{
							"origin": [0.0625, -0.11662, -3.16037],
							"size": [0.125, 0.125, 0.09375],
							"pivot": [0.125, 0.4383, -3.00412],
							"rotation": [0, 90, -90],
							"uv": {
								"north": {"uv": [12, 34], "uv_size": [0.5, 0.5]},
								"east": {"uv": [34, 12], "uv_size": [0.5, 0.5]},
								"south": {"uv": [13, 34], "uv_size": [0.5, 0.5]},
								"west": {"uv": [34, 13], "uv_size": [0.5, 0.5]},
								"up": {"uv": [14, 34], "uv_size": [0.5, 0.5]},
								"down": {"uv": [34, 14.5], "uv_size": [0.5, -0.5]}
							}
						},
						{
							"origin": [0.26923, 0.25746, -3.16037],
							"size": [0.125, 0.17678, 0.09375],
							"pivot": [0.33173, 0.81238, -3.00412],
							"rotation": [0, 90, -45],
							"uv": {
								"north": {"uv": [15, 34], "uv_size": [0.5, 0.5]},
								"east": {"uv": [34, 15], "uv_size": [0.5, 0.5]},
								"south": {"uv": [16, 34], "uv_size": [0.5, 0.5]},
								"west": {"uv": [34, 16], "uv_size": [0.5, 0.5]},
								"up": {"uv": [17, 34], "uv_size": [0.5, 0.5]},
								"down": {"uv": [34, 17.5], "uv_size": [0.5, -0.5]}
							}
						},
						{
							"origin": [0.11455, -0.55477, -3.16037],
							"size": [0.125, 0.17678, 0.09375],
							"pivot": [0.17705, 0.00015, -3.00412],
							"rotation": [0, 90, -135],
							"uv": {
								"north": {"uv": [18, 34], "uv_size": [0.5, 0.5]},
								"east": {"uv": [34, 18], "uv_size": [0.5, 0.5]},
								"south": {"uv": [19, 34], "uv_size": [0.5, 0.5]},
								"west": {"uv": [34, 19], "uv_size": [0.5, 0.5]},
								"up": {"uv": [20, 34], "uv_size": [0.5, 0.5]},
								"down": {"uv": [34, 20.5], "uv_size": [0.5, -0.5]}
							}
						},
						{
							"origin": [-0.0625, -0.19502, -3.10457],
							"size": [0.125, 0.73483, 0.1875],
							"pivot": [0, 0.1724, -2.97957],
							"rotation": [180, 35, 90],
							"uv": {
								"north": {"uv": [9, 34], "uv_size": [0.5, 0.5]},
								"east": {"uv": [34, 9], "uv_size": [0.5, 0.5]},
								"south": {"uv": [10, 34], "uv_size": [0.5, 0.5]},
								"west": {"uv": [34, 10], "uv_size": [0.5, 0.5]},
								"up": {"uv": [11, 34], "uv_size": [0.5, 0.5]},
								"down": {"uv": [34, 11.5], "uv_size": [0.5, -0.5]}
							}
						},
						{
							"origin": [-0.58617, -0.57367, -2.625],
							"size": [0.125, 1.23483, 0.125],
							"pivot": [-0.64867, 0.69242, -2.5],
							"rotation": [0, 0, -90],
							"uv": {
								"north": {"uv": [18, 10], "uv_size": [0.5, 1]},
								"east": {"uv": [11, 18], "uv_size": [0.5, 1]},
								"south": {"uv": [18, 11], "uv_size": [0.5, 1]},
								"west": {"uv": [12, 18], "uv_size": [0.5, 1]},
								"up": {"uv": [3, 30], "uv_size": [0.5, 0.5]},
								"down": {"uv": [30, 3.5], "uv_size": [0.5, -0.5]}
							}
						},
						{
							"origin": [-0.08276, -1.28901, -2.625],
							"size": [0.125, 0.1875, 0.125],
							"pivot": [-0.14526, -0.02292, -2.5],
							"rotation": [0, 0, -135],
							"uv": {
								"north": {"uv": [7, 30], "uv_size": [0.5, 0.5]},
								"east": {"uv": [30, 7], "uv_size": [0.5, 0.5]},
								"south": {"uv": [8, 30], "uv_size": [0.5, 0.5]},
								"west": {"uv": [30, 8], "uv_size": [0.5, 0.5]},
								"up": {"uv": [9, 30], "uv_size": [0.5, 0.5]},
								"down": {"uv": [30, 9.5], "uv_size": [0.5, -0.5]}
							}
						},
						{
							"origin": [0.13453, 1.48052, -2.625],
							"size": [0.125, 0.1875, 0.125],
							"pivot": [0.32203, 2.74661, -2.5],
							"rotation": [0, 0, 45],
							"uv": {
								"north": {"uv": [16, 30], "uv_size": [0.5, 0.5]},
								"east": {"uv": [30, 16], "uv_size": [0.5, 0.5]},
								"south": {"uv": [17, 30], "uv_size": [0.5, 0.5]},
								"west": {"uv": [30, 17], "uv_size": [0.5, 0.5]},
								"up": {"uv": [18, 30], "uv_size": [0.5, 0.5]},
								"down": {"uv": [30, 18.5], "uv_size": [0.5, -0.5]}
							}
						},
						{
							"origin": [-0.04224, -1.28901, -2.625],
							"size": [0.125, 0.1875, 0.125],
							"pivot": [0.14526, -0.02292, -2.5],
							"rotation": [0, 0, 135],
							"uv": {
								"north": {"uv": [13, 30], "uv_size": [0.5, 0.5]},
								"east": {"uv": [30, 13], "uv_size": [0.5, 0.5]},
								"south": {"uv": [14, 30], "uv_size": [0.5, 0.5]},
								"west": {"uv": [30, 14], "uv_size": [0.5, 0.5]},
								"up": {"uv": [15, 30], "uv_size": [0.5, 0.5]},
								"down": {"uv": [30, 15.5], "uv_size": [0.5, -0.5]}
							}
						},
						{
							"origin": [-0.25953, 1.48052, -2.625],
							"size": [0.125, 0.1875, 0.125],
							"pivot": [-0.32203, 2.74661, -2.5],
							"rotation": [0, 0, -45],
							"uv": {
								"north": {"uv": [10, 30], "uv_size": [0.5, 0.5]},
								"east": {"uv": [30, 10], "uv_size": [0.5, 0.5]},
								"south": {"uv": [11, 30], "uv_size": [0.5, 0.5]},
								"west": {"uv": [30, 11], "uv_size": [0.5, 0.5]},
								"up": {"uv": [12, 30], "uv_size": [0.5, 0.5]},
								"down": {"uv": [30, 12.5], "uv_size": [0.5, -0.5]}
							}
						},
						{
							"origin": [-0.58617, -0.71429, -2.625],
							"size": [1.39063, 0.14063, 0.125],
							"pivot": [-0.64867, 0.69242, -2.5],
							"rotation": [0, 0, -90],
							"uv": {
								"north": {"uv": [3, 16], "uv_size": [1.5, 0.5]},
								"east": {"uv": [4, 30], "uv_size": [0.5, 0.5]},
								"south": {"uv": [16, 4], "uv_size": [1.5, 0.5]},
								"west": {"uv": [30, 4], "uv_size": [0.5, 0.5]},
								"up": {"uv": [5, 16], "uv_size": [1.5, 0.5]},
								"down": {"uv": [16, 5.5], "uv_size": [1.5, -0.5]}
							}
						},
						{
							"origin": [-0.80446, -0.71429, -2.625],
							"size": [1.39063, 0.14063, 0.125],
							"pivot": [0.64867, 0.69242, -2.5],
							"rotation": [0, 0, 90],
							"uv": {
								"north": {"uv": [16, 6], "uv_size": [1.5, 0.5]},
								"east": {"uv": [6, 30], "uv_size": [0.5, 0.5]},
								"south": {"uv": [16, 8], "uv_size": [1.5, 0.5]},
								"west": {"uv": [30, 6], "uv_size": [0.5, 0.5]},
								"up": {"uv": [9, 16], "uv_size": [1.5, 0.5]},
								"down": {"uv": [16, 9.5], "uv_size": [1.5, -0.5]}
							}
						},
						{
							"origin": [0.66383, -0.55804, -2.625],
							"size": [0.125, 1.23483, 0.125],
							"pivot": [-0.64867, 0.70804, -2.5],
							"rotation": [0, 0, -90],
							"uv": {
								"north": {"uv": [18, 12], "uv_size": [0.5, 1]},
								"east": {"uv": [13, 18], "uv_size": [0.5, 1]},
								"south": {"uv": [18, 13], "uv_size": [0.5, 1]},
								"west": {"uv": [14, 18], "uv_size": [0.5, 1]},
								"up": {"uv": [5, 30], "uv_size": [0.5, 0.5]},
								"down": {"uv": [30, 5.5], "uv_size": [0.5, -0.5]}
							}
						}
					]
				},
				{
					"name": "bone6",
					"parent": "scope_body",
					"pivot": [0, 8.1375, -0.25],
					"cubes": [
						{
							"origin": [-1.1875, 0.11029, -2.03125],
							"size": [2.3125, 0.15625, 0.15625],
							"pivot": [0, -0.28033, -2.23437],
							"rotation": [45, 0, 0],
							"uv": {
								"north": {"uv": [3, 4], "uv_size": [2.5, 0.5]},
								"east": {"uv": [5, 28], "uv_size": [0.5, 0.5]},
								"south": {"uv": [4, 3], "uv_size": [2.5, 0.5]},
								"west": {"uv": [28, 5], "uv_size": [0.5, 0.5]},
								"up": {"uv": [5, 1], "uv_size": [2.5, 0.5]},
								"down": {"uv": [5, 2.5], "uv_size": [2.5, -0.5]}
							}
						},
						{
							"origin": [-1.125, 0.15625, -2.53125],
							"size": [0.0625, 0.1875, 0.32813],
							"uv": {
								"north": {"uv": [14, 32], "uv_size": [0.5, 0.5]},
								"east": {"uv": [32, 14], "uv_size": [0.5, 0.5]},
								"south": {"uv": [15, 32], "uv_size": [0.5, 0.5]},
								"west": {"uv": [32, 15], "uv_size": [0.5, 0.5]},
								"up": {"uv": [16, 32], "uv_size": [0.5, 0.5]},
								"down": {"uv": [32, 16.5], "uv_size": [0.5, -0.5]}
							}
						},
						{
							"origin": [-1.125, 0.33931, -2.14108],
							"size": [0.0625, 0.0625, 0.08839],
							"pivot": [0, -0.09819, -2.26608],
							"rotation": [45, 0, 0],
							"uv": {
								"north": {"uv": [20, 32], "uv_size": [0.5, 0.5]},
								"east": {"uv": [32, 20], "uv_size": [0.5, 0.5]},
								"south": {"uv": [21, 32], "uv_size": [0.5, 0.5]},
								"west": {"uv": [32, 21], "uv_size": [0.5, 0.5]},
								"up": {"uv": [22, 32], "uv_size": [0.5, 0.5]},
								"down": {"uv": [32, 22.5], "uv_size": [0.5, -0.5]}
							}
						},
						{
							"origin": [-1.125, 0.1335, -1.91965],
							"size": [0.0625, 0.0625, 0.08839],
							"pivot": [0, -0.304, -2.04465],
							"rotation": [45, 0, 0],
							"uv": {
								"north": {"uv": [29, 32], "uv_size": [0.5, 0.5]},
								"east": {"uv": [32, 29], "uv_size": [0.5, 0.5]},
								"south": {"uv": [30, 32], "uv_size": [0.5, 0.5]},
								"west": {"uv": [32, 30], "uv_size": [0.5, 0.5]},
								"up": {"uv": [31, 32], "uv_size": [0.5, 0.5]},
								"down": {"uv": [32, 31.5], "uv_size": [0.5, -0.5]}
							}
						},
						{
							"origin": [-1.125, 0.7481, -2.51235],
							"size": [0.0625, 0.0625, 0.08839],
							"pivot": [0, 0.3106, -2.87709],
							"rotation": [-45, 0, 0],
							"uv": {
								"north": {"uv": [23, 32], "uv_size": [0.5, 0.5]},
								"east": {"uv": [32, 23], "uv_size": [0.5, 0.5]},
								"south": {"uv": [24, 32], "uv_size": [0.5, 0.5]},
								"west": {"uv": [32, 24], "uv_size": [0.5, 0.5]},
								"up": {"uv": [25, 32], "uv_size": [0.5, 0.5]},
								"down": {"uv": [32, 25.5], "uv_size": [0.5, -0.5]}
							}
						},
						{
							"origin": [-1.125, 0.5423, -2.73378],
							"size": [0.0625, 0.0625, 0.08839],
							"pivot": [0, 0.1048, -3.09852],
							"rotation": [-45, 0, 0],
							"uv": {
								"north": {"uv": [26, 32], "uv_size": [0.5, 0.5]},
								"east": {"uv": [32, 26], "uv_size": [0.5, 0.5]},
								"south": {"uv": [27, 32], "uv_size": [0.5, 0.5]},
								"west": {"uv": [32, 27], "uv_size": [0.5, 0.5]},
								"up": {"uv": [28, 32], "uv_size": [0.5, 0.5]},
								"down": {"uv": [32, 28.5], "uv_size": [0.5, -0.5]}
							}
						},
						{
							"origin": [-1.125, 0.09375, -2.46875],
							"size": [0.0625, 0.3125, 0.20313],
							"uv": {
								"north": {"uv": [17, 32], "uv_size": [0.5, 0.5]},
								"east": {"uv": [32, 17], "uv_size": [0.5, 0.5]},
								"south": {"uv": [18, 32], "uv_size": [0.5, 0.5]},
								"west": {"uv": [32, 18], "uv_size": [0.5, 0.5]},
								"up": {"uv": [19, 32], "uv_size": [0.5, 0.5]},
								"down": {"uv": [32, 19.5], "uv_size": [0.5, -0.5]}
							}
						},
						{
							"origin": [-1.1338, -0.20618, -2.46875],
							"size": [0.0625, 0.3125, 0.20313],
							"pivot": [-1.10255, 0.07507, -2.36719],
							"rotation": [0, 0, 20],
							"uv": {
								"north": {"uv": [32, 32], "uv_size": [0.5, 0.5]},
								"east": {"uv": [0, 33], "uv_size": [0.5, 0.5]},
								"south": {"uv": [33, 0], "uv_size": [0.5, 0.5]},
								"west": {"uv": [1, 33], "uv_size": [0.5, 0.5]},
								"up": {"uv": [33, 1], "uv_size": [0.5, 0.5]},
								"down": {"uv": [2, 33.5], "uv_size": [0.5, -0.5]}
							}
						},
						{
							"origin": [-1.22811, -0.30353, -2.46875],
							"size": [0.0625, 0.125, 0.20313],
							"uv": {
								"north": {"uv": [33, 2], "uv_size": [0.5, 0.5]},
								"east": {"uv": [3, 33], "uv_size": [0.5, 0.5]},
								"south": {"uv": [33, 3], "uv_size": [0.5, 0.5]},
								"west": {"uv": [4, 33], "uv_size": [0.5, 0.5]},
								"up": {"uv": [33, 4], "uv_size": [0.5, 0.5]},
								"down": {"uv": [5, 33.5], "uv_size": [0.5, -0.5]}
							}
						},
						{
							"origin": [-1.21534, -0.40113, -2.46875],
							"size": [0.0625, 0.125, 0.20313],
							"pivot": [-1.18409, -0.30738, -2.36719],
							"rotation": [0, 0, -40],
							"uv": {
								"north": {"uv": [33, 5], "uv_size": [0.5, 0.5]},
								"east": {"uv": [6, 33], "uv_size": [0.5, 0.5]},
								"south": {"uv": [33, 6], "uv_size": [0.5, 0.5]},
								"west": {"uv": [7, 33], "uv_size": [0.5, 0.5]},
								"up": {"uv": [33, 7], "uv_size": [0.5, 0.5]},
								"down": {"uv": [8, 33.5], "uv_size": [0.5, -0.5]}
							}
						},
						{
							"origin": [-1.14776, -0.55553, -2.46875],
							"size": [0.0625, 0.21875, 0.20313],
							"pivot": [-1.11651, -0.36803, -2.36719],
							"rotation": [0, 0, -90],
							"uv": {
								"north": {"uv": [33, 8], "uv_size": [0.5, 0.5]},
								"east": {"uv": [9, 33], "uv_size": [0.5, 0.5]},
								"south": {"uv": [33, 9], "uv_size": [0.5, 0.5]},
								"west": {"uv": [10, 33], "uv_size": [0.5, 0.5]},
								"up": {"uv": [33, 10], "uv_size": [0.5, 0.5]},
								"down": {"uv": [11, 33.5], "uv_size": [0.5, -0.5]}
							}
						},
						{
							"origin": [-0.94335, -0.43658, -2.46875],
							"size": [0.0625, 0.10937, 0.20313],
							"pivot": [-0.9121, -0.35845, -2.36719],
							"rotation": [0, 0, -112.5],
							"uv": {
								"north": {"uv": [33, 11], "uv_size": [0.5, 0.5]},
								"east": {"uv": [12, 33], "uv_size": [0.5, 0.5]},
								"south": {"uv": [33, 12], "uv_size": [0.5, 0.5]},
								"west": {"uv": [13, 33], "uv_size": [0.5, 0.5]},
								"up": {"uv": [33, 13], "uv_size": [0.5, 0.5]},
								"down": {"uv": [14, 33.5], "uv_size": [0.5, -0.5]}
							}
						},
						{
							"origin": [-0.85188, -0.53406, -2.46875],
							"size": [0.0625, 0.23438, 0.20313],
							"pivot": [-0.82063, -0.33093, -2.36719],
							"rotation": [0, 0, -90],
							"uv": {
								"north": {"uv": [33, 14], "uv_size": [0.5, 0.5]},
								"east": {"uv": [15, 33], "uv_size": [0.5, 0.5]},
								"south": {"uv": [33, 15], "uv_size": [0.5, 0.5]},
								"west": {"uv": [16, 33], "uv_size": [0.5, 0.5]},
								"up": {"uv": [33, 16], "uv_size": [0.5, 0.5]},
								"down": {"uv": [17, 33.5], "uv_size": [0.5, -0.5]}
							}
						},
						{
							"origin": [-0.78938, -0.53406, -2.40625],
							"size": [0.0625, 0.0625, 0.07813],
							"pivot": [-0.75813, -0.33093, -2.36719],
							"rotation": [0, 0, -90],
							"uv": {
								"north": {"uv": [33, 17], "uv_size": [0.5, 0.5]},
								"east": {"uv": [18, 33], "uv_size": [0.5, 0.5]},
								"south": {"uv": [33, 18], "uv_size": [0.5, 0.5]},
								"west": {"uv": [19, 33], "uv_size": [0.5, 0.5]},
								"up": {"uv": [33, 19], "uv_size": [0.5, 0.5]},
								"down": {"uv": [20, 33.5], "uv_size": [0.5, -0.5]}
							}
						},
						{
							"origin": [-0.75751, -0.53406, -2.4832],
							"size": [0.0625, 0.0625, 0.08839],
							"pivot": [-0.72626, -0.33093, -2.44413],
							"rotation": [45, 0, -90],
							"uv": {
								"north": {"uv": [33, 20], "uv_size": [0.5, 0.5]},
								"east": {"uv": [21, 33], "uv_size": [0.5, 0.5]},
								"south": {"uv": [33, 21], "uv_size": [0.5, 0.5]},
								"west": {"uv": [22, 33], "uv_size": [0.5, 0.5]},
								"up": {"uv": [33, 22], "uv_size": [0.5, 0.5]},
								"down": {"uv": [23, 33.5], "uv_size": [0.5, -0.5]}
							}
						},
						{
							"origin": [-0.75751, -0.53406, -2.33957],
							"size": [0.0625, 0.0625, 0.08839],
							"pivot": [-0.72626, -0.33093, -2.29024],
							"rotation": [-45, 0, -90],
							"uv": {
								"north": {"uv": [33, 23], "uv_size": [0.5, 0.5]},
								"east": {"uv": [24, 33], "uv_size": [0.5, 0.5]},
								"south": {"uv": [33, 24], "uv_size": [0.5, 0.5]},
								"west": {"uv": [25, 33], "uv_size": [0.5, 0.5]},
								"up": {"uv": [33, 25], "uv_size": [0.5, 0.5]},
								"down": {"uv": [26, 33.5], "uv_size": [0.5, -0.5]}
							}
						}
					]
				},
				{
					"name": "octagon",
					"parent": "bone6",
					"pivot": [-0.7625, -0.07, -2.6875],
					"cubes": [
						{
							"origin": [-1.0625, 0.11745, -2.6875],
							"size": [2.125, 0.2651, 0.64],
							"pivot": [-1.0825, 0.25, -2.3675],
							"rotation": [-45, 0, 0],
							"uv": {
								"north": {"uv": [10, 6], "uv_size": [2, 0.5]},
								"east": {"uv": [1, 28], "uv_size": [0.5, 0.5]},
								"south": {"uv": [10, 7], "uv_size": [2, 0.5]},
								"west": {"uv": [28, 1], "uv_size": [0.5, 0.5]},
								"up": {"uv": [8, 10], "uv_size": [2, 0.5]},
								"down": {"uv": [10, 8.5], "uv_size": [2, -0.5]}
							}
						},
						{
							"origin": [-1.0625, 0.11745, -2.6875],
							"size": [2.125, 0.2651, 0.64],
							"uv": {
								"north": {"uv": [10, 9], "uv_size": [2, 0.5]},
								"east": {"uv": [2, 28], "uv_size": [0.5, 0.5]},
								"south": {"uv": [10, 10], "uv_size": [2, 0.5]},
								"west": {"uv": [28, 2], "uv_size": [0.5, 0.5]},
								"up": {"uv": [0, 11], "uv_size": [2, 0.5]},
								"down": {"uv": [2, 11.5], "uv_size": [2, -0.5]}
							}
						},
						{
							"origin": [-1.0625, -0.07, -2.50005],
							"size": [2.125, 0.64, 0.2651],
							"pivot": [-1.0825, 0.25, -2.3675],
							"rotation": [-45, 0, 0],
							"uv": {
								"north": {"uv": [11, 3], "uv_size": [2, 0.5]},
								"east": {"uv": [3, 28], "uv_size": [0.5, 0.5]},
								"south": {"uv": [4, 11], "uv_size": [2, 0.5]},
								"west": {"uv": [28, 3], "uv_size": [0.5, 0.5]},
								"up": {"uv": [11, 5], "uv_size": [2, 0.5]},
								"down": {"uv": [6, 11.5], "uv_size": [2, -0.5]}
							}
						},
						{
							"origin": [-1.0625, -0.07, -2.50005],
							"size": [2.125, 0.64, 0.2651],
							"uv": {
								"north": {"uv": [8, 11], "uv_size": [2, 0.5]},
								"east": {"uv": [4, 28], "uv_size": [0.5, 0.5]},
								"south": {"uv": [10, 11], "uv_size": [2, 0.5]},
								"west": {"uv": [28, 4], "uv_size": [0.5, 0.5]},
								"up": {"uv": [0, 12], "uv_size": [2, 0.5]},
								"down": {"uv": [12, 0.5], "uv_size": [2, -0.5]}
							}
						}
					]
				},
				{
					"name": "bone8",
					"parent": "scope_body",
					"pivot": [0, 7.7, -0.25],
					"cubes": [
						{
							"origin": [-0.1875, 0.575, -1.6875],
							"size": [0.375, 0.03125, 0.28125],
							"uv": {
								"north": {"uv": [19, 30], "uv_size": [0.5, 0.5]},
								"east": {"uv": [30, 19], "uv_size": [0.5, 0.5]},
								"south": {"uv": [20, 30], "uv_size": [0.5, 0.5]},
								"west": {"uv": [30, 20], "uv_size": [0.5, 0.5]},
								"up": {"uv": [21, 30], "uv_size": [0.5, 0.5]},
								"down": {"uv": [30, 21.5], "uv_size": [0.5, -0.5]}
							}
						},
						{
							"origin": [-0.25, 0.575, -1.625],
							"size": [0.0625, 0.03125, 0.15625],
							"uv": {
								"north": {"uv": [31, 12], "uv_size": [0.5, 0.5]},
								"east": {"uv": [13, 31], "uv_size": [0.5, 0.5]},
								"south": {"uv": [31, 13], "uv_size": [0.5, 0.5]},
								"west": {"uv": [14, 31], "uv_size": [0.5, 0.5]},
								"up": {"uv": [31, 14], "uv_size": [0.5, 0.5]},
								"down": {"uv": [15, 31.5], "uv_size": [0.5, -0.5]}
							}
						},
						{
							"origin": [-0.20391, 0.575, -1.51373],
							"size": [0.0625, 0.03125, 0.08839],
							"pivot": [-0.17266, 0.59063, -1.4356],
							"rotation": [0, 45, 0],
							"uv": {
								"north": {"uv": [31, 15], "uv_size": [0.5, 0.5]},
								"east": {"uv": [16, 31], "uv_size": [0.5, 0.5]},
								"south": {"uv": [31, 16], "uv_size": [0.5, 0.5]},
								"west": {"uv": [17, 31], "uv_size": [0.5, 0.5]},
								"up": {"uv": [31, 17], "uv_size": [0.5, 0.5]},
								"down": {"uv": [18, 31.5], "uv_size": [0.5, -0.5]}
							}
						},
						{
							"origin": [-0.20391, 0.575, -1.73627],
							"size": [0.0625, 0.03125, 0.08839],
							"pivot": [-0.17266, 0.59063, -1.65815],
							"rotation": [0, 135, 0],
							"uv": {
								"north": {"uv": [31, 18], "uv_size": [0.5, 0.5]},
								"east": {"uv": [19, 31], "uv_size": [0.5, 0.5]},
								"south": {"uv": [31, 19], "uv_size": [0.5, 0.5]},
								"west": {"uv": [20, 31], "uv_size": [0.5, 0.5]},
								"up": {"uv": [31, 20], "uv_size": [0.5, 0.5]},
								"down": {"uv": [21, 31.5], "uv_size": [0.5, -0.5]}
							}
						},
						{
							"origin": [-0.3125, 0.575, -1.34375],
							"size": [0.09375, 0.01562, 0.09375],
							"pivot": [-0.25781, 0.59063, -1.28906],
							"rotation": [0, 45, 0],
							"uv": {
								"north": {"uv": [31, 0], "uv_size": [0.5, 0.5]},
								"east": {"uv": [1, 31], "uv_size": [0.5, 0.5]},
								"south": {"uv": [31, 1], "uv_size": [0.5, 0.5]},
								"west": {"uv": [2, 31], "uv_size": [0.5, 0.5]},
								"up": {"uv": [31, 2], "uv_size": [0.5, 0.5]},
								"down": {"uv": [3, 31.5], "uv_size": [0.5, -0.5]}
							}
						},
						{
							"origin": [-0.34375, 0.575, -1.84375],
							"size": [0.09375, 0.01562, 0.09375],
							"pivot": [-0.28906, 0.59063, -1.78906],
							"rotation": [0, 45, 0],
							"uv": {
								"north": {"uv": [31, 3], "uv_size": [0.5, 0.5]},
								"east": {"uv": [4, 31], "uv_size": [0.5, 0.5]},
								"south": {"uv": [31, 4], "uv_size": [0.5, 0.5]},
								"west": {"uv": [5, 31], "uv_size": [0.5, 0.5]},
								"up": {"uv": [31, 5], "uv_size": [0.5, 0.5]},
								"down": {"uv": [6, 31.5], "uv_size": [0.5, -0.5]}
							}
						},
						{
							"origin": [-0.35937, 0.575, -1.625],
							"size": [0.03125, 0.0625, 0.15625],
							"uv": {
								"north": {"uv": [28, 30], "uv_size": [0.5, 0.5]},
								"east": {"uv": [30, 28], "uv_size": [0.5, 0.5]},
								"south": {"uv": [29, 30], "uv_size": [0.5, 0.5]},
								"west": {"uv": [30, 29], "uv_size": [0.5, 0.5]},
								"up": {"uv": [30, 30], "uv_size": [0.5, 0.5]},
								"down": {"uv": [0, 31.5], "uv_size": [0.5, -0.5]}
							}
						},
						{
							"origin": [-0.30871, 0.575, -1.50268],
							"size": [0.03125, 0.0625, 0.15625],
							"pivot": [-0.29308, 0.60625, -1.42456],
							"rotation": [0, 45, 0],
							"uv": {
								"north": {"uv": [31, 9], "uv_size": [0.5, 0.5]},
								"east": {"uv": [10, 31], "uv_size": [0.5, 0.5]},
								"south": {"uv": [31, 10], "uv_size": [0.5, 0.5]},
								"west": {"uv": [11, 31], "uv_size": [0.5, 0.5]},
								"up": {"uv": [31, 11], "uv_size": [0.5, 0.5]},
								"down": {"uv": [12, 31.5], "uv_size": [0.5, -0.5]}
							}
						},
						{
							"origin": [-0.30871, 0.575, -1.74732],
							"size": [0.03125, 0.0625, 0.15625],
							"pivot": [-0.29308, 0.60625, -1.66919],
							"rotation": [0, -45, 0],
							"uv": {
								"north": {"uv": [31, 6], "uv_size": [0.5, 0.5]},
								"east": {"uv": [7, 31], "uv_size": [0.5, 0.5]},
								"south": {"uv": [31, 7], "uv_size": [0.5, 0.5]},
								"west": {"uv": [8, 31], "uv_size": [0.5, 0.5]},
								"up": {"uv": [31, 8], "uv_size": [0.5, 0.5]},
								"down": {"uv": [9, 31.5], "uv_size": [0.5, -0.5]}
							}
						},
						{
							"origin": [0.14141, 0.575, -1.73627],
							"size": [0.0625, 0.03125, 0.08839],
							"pivot": [0.17266, 0.59063, -1.65815],
							"rotation": [0, -135, 0],
							"uv": {
								"north": {"uv": [11, 32], "uv_size": [0.5, 0.5]},
								"east": {"uv": [32, 11], "uv_size": [0.5, 0.5]},
								"south": {"uv": [12, 32], "uv_size": [0.5, 0.5]},
								"west": {"uv": [32, 12], "uv_size": [0.5, 0.5]},
								"up": {"uv": [13, 32], "uv_size": [0.5, 0.5]},
								"down": {"uv": [32, 13.5], "uv_size": [0.5, -0.5]}
							}
						},
						{
							"origin": [0.14141, 0.575, -1.51373],
							"size": [0.0625, 0.03125, 0.08839],
							"pivot": [0.17266, 0.59063, -1.4356],
							"rotation": [0, -45, 0],
							"uv": {
								"north": {"uv": [8, 32], "uv_size": [0.5, 0.5]},
								"east": {"uv": [32, 8], "uv_size": [0.5, 0.5]},
								"south": {"uv": [9, 32], "uv_size": [0.5, 0.5]},
								"west": {"uv": [32, 9], "uv_size": [0.5, 0.5]},
								"up": {"uv": [10, 32], "uv_size": [0.5, 0.5]},
								"down": {"uv": [32, 10.5], "uv_size": [0.5, -0.5]}
							}
						},
						{
							"origin": [0.1875, 0.575, -1.625],
							"size": [0.0625, 0.03125, 0.15625],
							"uv": {
								"north": {"uv": [5, 32], "uv_size": [0.5, 0.5]},
								"east": {"uv": [32, 5], "uv_size": [0.5, 0.5]},
								"south": {"uv": [6, 32], "uv_size": [0.5, 0.5]},
								"west": {"uv": [32, 6], "uv_size": [0.5, 0.5]},
								"up": {"uv": [7, 32], "uv_size": [0.5, 0.5]},
								"down": {"uv": [32, 7.5], "uv_size": [0.5, -0.5]}
							}
						},
						{
							"origin": [0.21875, 0.575, -1.34375],
							"size": [0.09375, 0.01562, 0.09375],
							"pivot": [0.25781, 0.59063, -1.28906],
							"rotation": [0, -45, 0],
							"uv": {
								"north": {"uv": [2, 32], "uv_size": [0.5, 0.5]},
								"east": {"uv": [32, 2], "uv_size": [0.5, 0.5]},
								"south": {"uv": [3, 32], "uv_size": [0.5, 0.5]},
								"west": {"uv": [32, 3], "uv_size": [0.5, 0.5]},
								"up": {"uv": [4, 32], "uv_size": [0.5, 0.5]},
								"down": {"uv": [32, 4.5], "uv_size": [0.5, -0.5]}
							}
						},
						{
							"origin": [0.25, 0.575, -1.84375],
							"size": [0.09375, 0.01562, 0.09375],
							"pivot": [0.28906, 0.59063, -1.78906],
							"rotation": [0, -45, 0],
							"uv": {
								"north": {"uv": [31, 30], "uv_size": [0.5, 0.5]},
								"east": {"uv": [31, 31], "uv_size": [0.5, 0.5]},
								"south": {"uv": [0, 32], "uv_size": [0.5, 0.5]},
								"west": {"uv": [32, 0], "uv_size": [0.5, 0.5]},
								"up": {"uv": [1, 32], "uv_size": [0.5, 0.5]},
								"down": {"uv": [32, 1.5], "uv_size": [0.5, -0.5]}
							}
						},
						{
							"origin": [0.27746, 0.575, -1.50268],
							"size": [0.03125, 0.0625, 0.15625],
							"pivot": [0.29308, 0.60625, -1.42456],
							"rotation": [0, -45, 0],
							"uv": {
								"north": {"uv": [31, 27], "uv_size": [0.5, 0.5]},
								"east": {"uv": [28, 31], "uv_size": [0.5, 0.5]},
								"south": {"uv": [31, 28], "uv_size": [0.5, 0.5]},
								"west": {"uv": [29, 31], "uv_size": [0.5, 0.5]},
								"up": {"uv": [31, 29], "uv_size": [0.5, 0.5]},
								"down": {"uv": [30, 31.5], "uv_size": [0.5, -0.5]}
							}
						},
						{
							"origin": [0.32813, 0.575, -1.625],
							"size": [0.03125, 0.0625, 0.15625],
							"uv": {
								"north": {"uv": [31, 24], "uv_size": [0.5, 0.5]},
								"east": {"uv": [25, 31], "uv_size": [0.5, 0.5]},
								"south": {"uv": [31, 25], "uv_size": [0.5, 0.5]},
								"west": {"uv": [26, 31], "uv_size": [0.5, 0.5]},
								"up": {"uv": [31, 26], "uv_size": [0.5, 0.5]},
								"down": {"uv": [27, 31.5], "uv_size": [0.5, -0.5]}
							}
						},
						{
							"origin": [0.27746, 0.575, -1.74732],
							"size": [0.03125, 0.0625, 0.15625],
							"pivot": [0.29308, 0.60625, -1.66919],
							"rotation": [0, 45, 0],
							"uv": {
								"north": {"uv": [31, 21], "uv_size": [0.5, 0.5]},
								"east": {"uv": [22, 31], "uv_size": [0.5, 0.5]},
								"south": {"uv": [31, 22], "uv_size": [0.5, 0.5]},
								"west": {"uv": [23, 31], "uv_size": [0.5, 0.5]},
								"up": {"uv": [31, 23], "uv_size": [0.5, 0.5]},
								"down": {"uv": [24, 31.5], "uv_size": [0.5, -0.5]}
							}
						},
						{
							"origin": [-0.1875, 0.575, -1.375],
							"size": [0.375, 0.03125, 0.03125],
							"uv": {
								"north": {"uv": [25, 30], "uv_size": [0.5, 0.5]},
								"east": {"uv": [30, 25], "uv_size": [0.5, 0.5]},
								"south": {"uv": [26, 30], "uv_size": [0.5, 0.5]},
								"west": {"uv": [30, 26], "uv_size": [0.5, 0.5]},
								"up": {"uv": [27, 30], "uv_size": [0.5, 0.5]},
								"down": {"uv": [30, 27.5], "uv_size": [0.5, -0.5]}
							}
						},
						{
							"origin": [-0.1875, 0.575, -1.75],
							"size": [0.375, 0.03125, 0.03125],
							"uv": {
								"north": {"uv": [22, 30], "uv_size": [0.5, 0.5]},
								"east": {"uv": [30, 22], "uv_size": [0.5, 0.5]},
								"south": {"uv": [23, 30], "uv_size": [0.5, 0.5]},
								"west": {"uv": [30, 23], "uv_size": [0.5, 0.5]},
								"up": {"uv": [24, 30], "uv_size": [0.5, 0.5]},
								"down": {"uv": [30, 24.5], "uv_size": [0.5, -0.5]}
							}
						}
					]
				},
				{
					"name": "division",
					"pivot": [0.05, 0.7, -55.25]
				},
				{
					"name": "division_illuminated",
					"parent": "division",
					"pivot": [0.05, 0.8, -55.25],
					"cubes": [
						{
							"origin": [-0.07443, 1.40248, -8.65613],
							"size": [0.14428, 0.1443, 0.3],
							"pivot": [-0.00229, 1.47463, -8.50613],
							"rotation": [0, 0, 45],
							"uv": {
								"south": {"uv": [0, 19], "uv_size": [0.5, 0.5]}
							}
						}
					]
				},
				{
					"name": "ocular",
					"pivot": [0, 1, -0.9125],
					"cubes": [
						{
							"origin": [-0.62638, 0.83677, -2.6065],
							"size": [1.24963, 1.21241, 0.02463],
							"uv": {
								"south": {"uv": [0, 5], "uv_size": [1, 1]}
							}
						}
					]
				},
				{
					"name": "scope_view",
					"pivot": [0, 1.47372, 4.06225]
				}
			]
		}
	]
}