{
	"format_version": "1.12.0",
	"minecraft:geometry": [
		{
			"description": {
				"identifier": "geometry.sight_coyote - Converted",
				"texture_width": 64,
				"texture_height": 64,
				"visible_bounds_width": 7,
				"visible_bounds_height": 2.5,
				"visible_bounds_offset": [0, 0.75, 0]
			},
			"bones": [
				{
					"name": "scope_body",
					"pivot": [0, 7.7, -0.25],
					"cubes": [
						{
							"origin": [-0.5625, 0.2625, -2.23437],
							"size": [1.125, 0.125, 1.35938],
							"uv": {
								"north": {"uv": [2, 9], "uv_size": [1, 0.5]},
								"east": {"uv": [7, 7], "uv_size": [1.5, 0.5]},
								"south": {"uv": [16, 14], "uv_size": [1, 0.5]},
								"west": {"uv": [8, 0], "uv_size": [1.5, 0.5]},
								"up": {"uv": [2, 0], "uv_size": [1, 1.5]},
								"down": {"uv": [2, 3.5], "uv_size": [1, -1.5]}
							}
						},
						{
							"origin": [-0.75, 0.2625, -1.875],
							"size": [0.14063, 0.20312, 1],
							"uv": {
								"north": {"uv": [26, 3], "uv_size": [0.5, 0.5]},
								"east": {"uv": [5, 19], "uv_size": [1, 0.5]},
								"south": {"uv": [4, 26], "uv_size": [0.5, 0.5]},
								"west": {"uv": [19, 5], "uv_size": [1, 0.5]},
								"up": {"uv": [6, 19], "uv_size": [0.5, 1]},
								"down": {"uv": [19, 7], "uv_size": [0.5, -1]}
							}
						},
						{
							"origin": [-0.72339, 0.2625, -1.00425],
							"size": [0.0625, 0.20312, 0.23438],
							"inflate": 0.0001,
							"pivot": [-0.72349, 0.46573, -1.00435],
							"rotation": [0, 35, 0],
							"uv": {
								"north": {"uv": [20, 13], "uv_size": [0.5, 0.5]},
								"east": {"uv": [14, 20], "uv_size": [0.5, 0.5]},
								"south": {"uv": [20, 14], "uv_size": [0.5, 0.5]},
								"west": {"uv": [15, 20], "uv_size": [0.5, 0.5]},
								"up": {"uv": [20, 15], "uv_size": [0.5, 0.5]},
								"down": {"uv": [16, 20.5], "uv_size": [0.5, -0.5]}
							}
						},
						{
							"origin": [-0.72339, 0.2625, -1.88172],
							"size": [0.0625, 0.20312, 0.87747],
							"inflate": 0.0001,
							"uv": {
								"north": {"uv": [20, 13], "uv_size": [0.5, 0.5]},
								"east": {"uv": [14, 20], "uv_size": [0.5, 0.5]},
								"south": {"uv": [20, 14], "uv_size": [0.5, 0.5]},
								"west": {"uv": [15, 20], "uv_size": [0.5, 0.5]},
								"up": {"uv": [20, 15], "uv_size": [0.5, 0.5]},
								"down": {"uv": [16, 20.5], "uv_size": [0.5, -0.5]}
							}
						},
						{
							"origin": [0.66089, 0.2625, -1.88172],
							"size": [0.0625, 0.20312, 0.87747],
							"inflate": 0.0001,
							"uv": {
								"north": {"uv": [20.5, 13], "uv_size": [-0.5, 0.5]},
								"east": {"uv": [15.5, 20], "uv_size": [-0.5, 0.5]},
								"south": {"uv": [20.5, 14], "uv_size": [-0.5, 0.5]},
								"west": {"uv": [14.5, 20], "uv_size": [-0.5, 0.5]},
								"up": {"uv": [20.5, 15], "uv_size": [-0.5, 0.5]},
								"down": {"uv": [16.5, 20.5], "uv_size": [-0.5, -0.5]}
							}
						},
						{
							"origin": [0.26969, 1.00982, -1.875],
							"size": [0.0625, 0.11428, 0.92188],
							"pivot": [-0.35531, 0.38482, -1.25],
							"rotation": [0, 0, 45],
							"uv": {
								"north": {"uv": [16, 23], "uv_size": [0.5, 0.5]},
								"east": {"uv": [18, 9], "uv_size": [1, 0.5]},
								"south": {"uv": [23, 16], "uv_size": [0.5, 0.5]},
								"west": {"uv": [10, 18], "uv_size": [1, 0.5]},
								"up": {"uv": [18, 10], "uv_size": [0.5, 1]},
								"down": {"uv": [11, 19], "uv_size": [0.5, -1]}
							}
						},
						{
							"origin": [1.41161, 0.08174, -1.875],
							"size": [0.0625, 0.11428, 1],
							"pivot": [0.78661, -0.54326, -1.25],
							"rotation": [0, 0, -45],
							"uv": {
								"north": {"uv": [15, 23], "uv_size": [0.5, 0.5]},
								"east": {"uv": [18, 7], "uv_size": [1, 0.5]},
								"south": {"uv": [23, 15], "uv_size": [0.5, 0.5]},
								"west": {"uv": [8, 18], "uv_size": [1, 0.5]},
								"up": {"uv": [18, 8], "uv_size": [0.5, 1]},
								"down": {"uv": [9, 19], "uv_size": [0.5, -1]}
							}
						},
						{
							"origin": [0.60938, 0.2625, -1.875],
							"size": [0.14063, 0.20312, 1],
							"uv": {
								"north": {"uv": [14, 23], "uv_size": [0.5, 0.5]},
								"east": {"uv": [18, 5], "uv_size": [1, 0.5]},
								"south": {"uv": [23, 14], "uv_size": [0.5, 0.5]},
								"west": {"uv": [6, 18], "uv_size": [1, 0.5]},
								"up": {"uv": [18, 6], "uv_size": [0.5, 1]},
								"down": {"uv": [7, 19], "uv_size": [0.5, -1]}
							}
						},
						{
							"origin": [0.50191, 0.36177, -1.0662],
							"size": [0.0625, 0.08839, 0.75],
							"inflate": 0.0001,
							"pivot": [0.50688, 0.36406, -0.65995],
							"rotation": [26.341, -23.92746, -50.67731],
							"uv": {
								"north": {"uv": [13, 23], "uv_size": [0.5, 0.5]},
								"east": {"uv": [18, 3], "uv_size": [1, 0.5]},
								"south": {"uv": [23, 13], "uv_size": [0.5, 0.5]},
								"west": {"uv": [4, 18], "uv_size": [1, 0.5]},
								"up": {"uv": [18, 4], "uv_size": [0.5, 1]},
								"down": {"uv": [5, 19], "uv_size": [0.5, -1]}
							}
						},
						{
							"origin": [0.50191, 0.27796, -1.0662],
							"size": [0.0625, 0.08839, 0.75],
							"inflate": 0.0001,
							"pivot": [0.50688, 0.36406, -0.65995],
							"rotation": [-26.341, -23.92746, 50.67731],
							"uv": {
								"north": {"uv": [12, 23], "uv_size": [0.5, 0.5]},
								"east": {"uv": [18, 1], "uv_size": [1, 0.5]},
								"south": {"uv": [23, 12], "uv_size": [0.5, 0.5]},
								"west": {"uv": [2, 18], "uv_size": [1, 0.5]},
								"up": {"uv": [18, 2], "uv_size": [0.5, 1]},
								"down": {"uv": [3, 19], "uv_size": [0.5, -1]}
							}
						},
						{
							"origin": [0.48668, 0.325, -1.0662],
							"size": [0.0625, 0.07812, 0.75],
							"inflate": 0.0001,
							"pivot": [0.50688, 0.36406, -0.65995],
							"rotation": [0, -35, 0],
							"uv": {
								"north": {"uv": [11, 23], "uv_size": [0.5, 0.5]},
								"east": {"uv": [17, 17], "uv_size": [1, 0.5]},
								"south": {"uv": [23, 11], "uv_size": [0.5, 0.5]},
								"west": {"uv": [0, 18], "uv_size": [1, 0.5]},
								"up": {"uv": [18, 0], "uv_size": [0.5, 1]},
								"down": {"uv": [1, 19], "uv_size": [0.5, -1]}
							}
						},
						{
							"origin": [0.58136, 0.2625, -1.04909],
							"size": [0.0625, 0.20312, 0.23438],
							"inflate": 0.0001,
							"pivot": [0.61261, 0.36406, -0.90065],
							"rotation": [0, -35, 0],
							"uv": {
								"north": {"uv": [8, 23], "uv_size": [0.5, 0.5]},
								"east": {"uv": [23, 8], "uv_size": [0.5, 0.5]},
								"south": {"uv": [9, 23], "uv_size": [0.5, 0.5]},
								"west": {"uv": [23, 9], "uv_size": [0.5, 0.5]},
								"up": {"uv": [10, 23], "uv_size": [0.5, 0.5]},
								"down": {"uv": [23, 10.5], "uv_size": [0.5, -0.5]}
							}
						},
						{
							"origin": [-1.47411, 0.08174, -1.875],
							"size": [0.0625, 0.11428, 1],
							"pivot": [-0.78661, -0.54326, -1.25],
							"rotation": [0, 0, 45],
							"uv": {
								"north": {"uv": [20, 12], "uv_size": [0.5, 0.5]},
								"east": {"uv": [17, 2], "uv_size": [1, 0.5]},
								"south": {"uv": [13, 20], "uv_size": [0.5, 0.5]},
								"west": {"uv": [3, 17], "uv_size": [1, 0.5]},
								"up": {"uv": [17, 3], "uv_size": [0.5, 1]},
								"down": {"uv": [4, 18], "uv_size": [0.5, -1]}
							}
						},
						{
							"origin": [-0.33219, 1.00982, -1.875],
							"size": [0.0625, 0.11428, 0.92188],
							"pivot": [0.35531, 0.38482, -1.25],
							"rotation": [0, 0, -45],
							"uv": {
								"north": {"uv": [20, 19], "uv_size": [0.5, 0.5]},
								"east": {"uv": [14, 17], "uv_size": [1, 0.5]},
								"south": {"uv": [20, 20], "uv_size": [0.5, 0.5]},
								"west": {"uv": [17, 14], "uv_size": [1, 0.5]},
								"up": {"uv": [15, 17], "uv_size": [0.5, 1]},
								"down": {"uv": [17, 16], "uv_size": [0.5, -1]}
							}
						},
						{
							"origin": [-0.83081, 0.16875, -1.875],
							"size": [1.66161, 0.21607, 1],
							"uv": {
								"north": {"uv": [4, 8], "uv_size": [1.5, 0.5]},
								"east": {"uv": [17, 1], "uv_size": [1, 0.5]},
								"south": {"uv": [6, 8], "uv_size": [1.5, 0.5]},
								"west": {"uv": [2, 17], "uv_size": [1, 0.5]},
								"up": {"uv": [0, 3], "uv_size": [1.5, 1]},
								"down": {"uv": [3, 1], "uv_size": [1.5, -1]}
							}
						},
						{
							"origin": [-0.82947, -0.1125, -2.4375],
							"size": [1.65893, 0.3125, 0.75],
							"uv": {
								"north": {"uv": [2, 12], "uv_size": [1.5, 0.5]},
								"east": {"uv": [7, 19], "uv_size": [1, 0.5]},
								"south": {"uv": [4, 12], "uv_size": [1.5, 0.5]},
								"west": {"uv": [19, 7], "uv_size": [1, 0.5]},
								"up": {"uv": [4, 7], "uv_size": [1.5, 1]},
								"down": {"uv": [7, 6], "uv_size": [1.5, -1]}
							}
						},
						{
							"origin": [-0.76697, -0.04687, -1.5625],
							"size": [1.53393, 0.125, 0.125],
							"pivot": [0, -0.01562, -1.53125],
							"rotation": [45, 0, 0],
							"uv": {
								"north": {"uv": [12, 16], "uv_size": [1.5, 0.5]},
								"east": {"uv": [32, 29], "uv_size": [0.5, 0.5]},
								"south": {"uv": [16, 12], "uv_size": [1.5, 0.5]},
								"west": {"uv": [30, 32], "uv_size": [0.5, 0.5]},
								"up": {"uv": [16, 13], "uv_size": [1.5, 0.5]},
								"down": {"uv": [14, 16.5], "uv_size": [1.5, -0.5]}
							}
						},
						{
							"origin": [0.63438, -0.1125, -2.60669],
							"size": [0.125, 0.5, 0.25],
							"pivot": [0.69688, 0.04375, -2.48169],
							"rotation": [0, 45, 0],
							"uv": {
								"north": {"uv": [28, 18], "uv_size": [0.5, 0.5]},
								"east": {"uv": [19, 28], "uv_size": [0.5, 0.5]},
								"south": {"uv": [28, 19], "uv_size": [0.5, 0.5]},
								"west": {"uv": [20, 28], "uv_size": [0.5, 0.5]},
								"up": {"uv": [28, 20], "uv_size": [0.5, 0.5]},
								"down": {"uv": [21, 28.5], "uv_size": [0.5, -0.5]}
							}
						},
						{
							"origin": [-0.75938, -0.1125, -2.60669],
							"size": [0.125, 0.5, 0.25],
							"pivot": [-0.69688, 0.04375, -2.48169],
							"rotation": [0, -45, 0],
							"uv": {
								"north": {"uv": [28, 21], "uv_size": [0.5, 0.5]},
								"east": {"uv": [22, 28], "uv_size": [0.5, 0.5]},
								"south": {"uv": [28, 22], "uv_size": [0.5, 0.5]},
								"west": {"uv": [23, 28], "uv_size": [0.5, 0.5]},
								"up": {"uv": [28, 23], "uv_size": [0.5, 0.5]},
								"down": {"uv": [24, 28.5], "uv_size": [0.5, -0.5]}
							}
						},
						{
							"origin": [-0.05536, 0.30825, -1.91238],
							"size": [0.25268, 0.1875, 0.125],
							"pivot": [0.77545, 0.12075, -1.91238],
							"rotation": [-60, 0, 0],
							"uv": {
								"north": {"uv": [24, 18], "uv_size": [0.5, 0.5]},
								"east": {"uv": [19, 24], "uv_size": [0.5, 0.5]},
								"south": {"uv": [24, 19], "uv_size": [0.5, 0.5]},
								"west": {"uv": [20, 24], "uv_size": [0.5, 0.5]},
								"up": {"uv": [24, 20], "uv_size": [0.5, 0.5]},
								"down": {"uv": [21, 24.5], "uv_size": [0.5, -0.5]}
							}
						},
						{
							"origin": [-0.05536, 0.10625, -1.375],
							"size": [0.25268, 0.0625, 0.5],
							"uv": {
								"north": {"uv": [24, 15], "uv_size": [0.5, 0.5]},
								"east": {"uv": [16, 24], "uv_size": [0.5, 0.5]},
								"south": {"uv": [24, 16], "uv_size": [0.5, 0.5]},
								"west": {"uv": [17, 24], "uv_size": [0.5, 0.5]},
								"up": {"uv": [24, 17], "uv_size": [0.5, 0.5]},
								"down": {"uv": [18, 24.5], "uv_size": [0.5, -0.5]}
							}
						},
						{
							"origin": [-0.05536, 0.41763, -1.08568],
							"size": [0.25268, 0.1875, 0.125],
							"pivot": [0.77545, 0.01138, -0.96068],
							"rotation": [60, 0, 0],
							"uv": {
								"north": {"uv": [24, 12], "uv_size": [0.5, 0.5]},
								"east": {"uv": [13, 24], "uv_size": [0.5, 0.5]},
								"south": {"uv": [24, 13], "uv_size": [0.5, 0.5]},
								"west": {"uv": [14, 24], "uv_size": [0.5, 0.5]},
								"up": {"uv": [24, 14], "uv_size": [0.5, 0.5]},
								"down": {"uv": [15, 24.5], "uv_size": [0.5, -0.5]}
							}
						},
						{
							"origin": [-0.82947, 0.2, -2.4375],
							"size": [1.65893, 0.09375, 0.5625],
							"uv": {
								"north": {"uv": [8, 6], "uv_size": [1.5, 0.5]},
								"east": {"uv": [20, 23], "uv_size": [0.5, 0.5]},
								"south": {"uv": [8, 8], "uv_size": [1.5, 0.5]},
								"west": {"uv": [23, 20], "uv_size": [0.5, 0.5]},
								"up": {"uv": [0, 9], "uv_size": [1.5, 0.5]},
								"down": {"uv": [9, 1.5], "uv_size": [1.5, -0.5]}
							}
						},
						{
							"origin": [-0.82947, 0.29375, -2.4375],
							"size": [1.65893, 0.09375, 0.20313],
							"uv": {
								"north": {"uv": [9, 2], "uv_size": [1.5, 0.5]},
								"east": {"uv": [21, 23], "uv_size": [0.5, 0.5]},
								"south": {"uv": [9, 3], "uv_size": [1.5, 0.5]},
								"west": {"uv": [23, 21], "uv_size": [0.5, 0.5]},
								"up": {"uv": [4, 9], "uv_size": [1.5, 0.5]},
								"down": {"uv": [9, 4.5], "uv_size": [1.5, -0.5]}
							}
						},
						{
							"origin": [-0.82947, 1.18849, -1.81781],
							"size": [1.65893, 0.09375, 0.14063],
							"pivot": [0.00134, 0.59474, -0.69281],
							"rotation": [45, 0, 0],
							"uv": {
								"north": {"uv": [9, 5], "uv_size": [1.5, 0.5]},
								"east": {"uv": [22, 23], "uv_size": [0.5, 0.5]},
								"south": {"uv": [6, 9], "uv_size": [1.5, 0.5]},
								"west": {"uv": [23, 22], "uv_size": [0.5, 0.5]},
								"up": {"uv": [9, 7], "uv_size": [1.5, 0.5]},
								"down": {"uv": [8, 9.5], "uv_size": [1.5, -0.5]}
							}
						},
						{
							"origin": [-0.82947, 0.23566, -2.29727],
							"size": [1.65893, 0.09375, 0.14063],
							"pivot": [-0.70313, 0.28254, -2.19571],
							"rotation": [-45, 0, 0],
							"uv": {
								"north": {"uv": [0, 10], "uv_size": [1.5, 0.5]},
								"east": {"uv": [23, 23], "uv_size": [0.5, 0.5]},
								"south": {"uv": [10, 0], "uv_size": [1.5, 0.5]},
								"west": {"uv": [0, 24], "uv_size": [0.5, 0.5]},
								"up": {"uv": [2, 10], "uv_size": [1.5, 0.5]},
								"down": {"uv": [4, 10.5], "uv_size": [1.5, -0.5]}
							}
						},
						{
							"origin": [-0.84683, 0.93442, -1.375],
							"size": [0.31518, 0.09375, 0.5],
							"pivot": [-0.01602, 0.52817, -1.25],
							"rotation": [0, 0, -72.5],
							"uv": {
								"north": {"uv": [17, 23], "uv_size": [0.5, 0.5]},
								"east": {"uv": [23, 17], "uv_size": [0.5, 0.5]},
								"south": {"uv": [18, 23], "uv_size": [0.5, 0.5]},
								"west": {"uv": [23, 18], "uv_size": [0.5, 0.5]},
								"up": {"uv": [19, 23], "uv_size": [0.5, 0.5]},
								"down": {"uv": [23, 19.5], "uv_size": [0.5, -0.5]}
							}
						},
						{
							"origin": [-0.83081, 0.30825, -1.91238],
							"size": [1.66161, 0.1875, 0.125],
							"pivot": [0, 0.12075, -1.91238],
							"rotation": [-60, 0, 0],
							"uv": {
								"north": {"uv": [8, 11], "uv_size": [1.5, 0.5]},
								"east": {"uv": [13, 25], "uv_size": [0.5, 0.5]},
								"south": {"uv": [10, 11], "uv_size": [1.5, 0.5]},
								"west": {"uv": [25, 13], "uv_size": [0.5, 0.5]},
								"up": {"uv": [0, 12], "uv_size": [1.5, 0.5]},
								"down": {"uv": [12, 0.5], "uv_size": [1.5, -0.5]}
							}
						},
						{
							"origin": [-0.83081, 0.41763, -1.08568],
							"size": [1.66161, 0.1875, 0.125],
							"pivot": [0, 0.01138, -0.96068],
							"rotation": [60, 0, 0],
							"uv": {
								"north": {"uv": [11, 4], "uv_size": [1.5, 0.5]},
								"east": {"uv": [12, 25], "uv_size": [0.5, 0.5]},
								"south": {"uv": [11, 5], "uv_size": [1.5, 0.5]},
								"west": {"uv": [25, 12], "uv_size": [0.5, 0.5]},
								"up": {"uv": [6, 11], "uv_size": [1.5, 0.5]},
								"down": {"uv": [11, 7.5], "uv_size": [1.5, -0.5]}
							}
						},
						{
							"origin": [-0.83081, -0.11472, -1.375],
							"size": [1.66161, 0.22097, 0.27903],
							"uv": {
								"north": {"uv": [2, 11], "uv_size": [1.5, 0.5]},
								"east": {"uv": [11, 25], "uv_size": [0.5, 0.5]},
								"south": {"uv": [11, 2], "uv_size": [1.5, 0.5]},
								"west": {"uv": [25, 11], "uv_size": [0.5, 0.5]},
								"up": {"uv": [11, 3], "uv_size": [1.5, 0.5]},
								"down": {"uv": [4, 11.5], "uv_size": [1.5, -0.5]}
							}
						},
						{
							"origin": [-0.83081, 0.02858, -1],
							"size": [1.66161, 0.1875, 0.3125],
							"pivot": [0, -0.15892, -0.875],
							"rotation": [45, 0, 0],
							"uv": {
								"north": {"uv": [10, 9], "uv_size": [1.5, 0.5]},
								"east": {"uv": [1, 25], "uv_size": [0.5, 0.5]},
								"south": {"uv": [10, 10], "uv_size": [1.5, 0.5]},
								"west": {"uv": [25, 1], "uv_size": [0.5, 0.5]},
								"up": {"uv": [0, 11], "uv_size": [1.5, 0.5]},
								"down": {"uv": [11, 1.5], "uv_size": [1.5, -0.5]}
							}
						},
						{
							"origin": [-0.83081, 0.10625, -1.375],
							"size": [1.66161, 0.0625, 0.5],
							"uv": {
								"north": {"uv": [6, 10], "uv_size": [1.5, 0.5]},
								"east": {"uv": [0, 25], "uv_size": [0.5, 0.5]},
								"south": {"uv": [10, 6], "uv_size": [1.5, 0.5]},
								"west": {"uv": [25, 0], "uv_size": [0.5, 0.5]},
								"up": {"uv": [8, 10], "uv_size": [1.5, 0.5]},
								"down": {"uv": [10, 8.5], "uv_size": [1.5, -0.5]}
							}
						},
						{
							"origin": [0.53165, 0.93442, -1.375],
							"size": [0.31518, 0.09375, 0.5],
							"pivot": [0.01602, 0.52817, -1.25],
							"rotation": [0, 0, 72.5],
							"uv": {
								"north": {"uv": [24, 21], "uv_size": [0.5, 0.5]},
								"east": {"uv": [22, 24], "uv_size": [0.5, 0.5]},
								"south": {"uv": [24, 22], "uv_size": [0.5, 0.5]},
								"west": {"uv": [23, 24], "uv_size": [0.5, 0.5]},
								"up": {"uv": [24, 23], "uv_size": [0.5, 0.5]},
								"down": {"uv": [24, 24.5], "uv_size": [0.5, -0.5]}
							}
						},
						{
							"origin": [-0.28125, 0.2625, -0.1875],
							"size": [0.5625, 0.20312, 0.15625],
							"uv": {
								"north": {"uv": [0, 21], "uv_size": [0.5, 0.5]},
								"east": {"uv": [21, 0], "uv_size": [0.5, 0.5]},
								"south": {"uv": [1, 21], "uv_size": [0.5, 0.5]},
								"west": {"uv": [21, 1], "uv_size": [0.5, 0.5]},
								"up": {"uv": [2, 21], "uv_size": [0.5, 0.5]},
								"down": {"uv": [21, 2.5], "uv_size": [0.5, -0.5]}
							}
						},
						{
							"origin": [-0.59375, 0.2625, -0.875],
							"size": [1.1875, 0.20312, 0.6875],
							"uv": {
								"north": {"uv": [16, 15], "uv_size": [1, 0.5]},
								"east": {"uv": [20, 2], "uv_size": [0.5, 0.5]},
								"south": {"uv": [16, 16], "uv_size": [1, 0.5]},
								"west": {"uv": [3, 20], "uv_size": [0.5, 0.5]},
								"up": {"uv": [0, 17], "uv_size": [1, 0.5]},
								"down": {"uv": [1, 17.5], "uv_size": [1, -0.5]}
							}
						},
						{
							"origin": [-0.57812, 0.075, -3.03329],
							"size": [1.15625, 0.1875, 2.79891],
							"inflate": 0.0001,
							"uv": {
								"north": {"uv": [16, 17], "uv_size": [1, 0.5]},
								"east": {"uv": [3, 1], "uv_size": [3, 0.5]},
								"south": {"uv": [17, 16], "uv_size": [1, 0.5]},
								"west": {"uv": [3, 2], "uv_size": [3, 0.5]},
								"up": {"uv": [0, 0], "uv_size": [1, 3]},
								"down": {"uv": [1, 3], "uv_size": [1, -3]}
							}
						},
						{
							"origin": [-0.6875, 0.2625, -3.03329],
							"size": [1.375, 0.0625, 0.25204],
							"uv": {
								"north": {"uv": [10, 13], "uv_size": [1.5, 0.5]},
								"east": {"uv": [26, 13], "uv_size": [0.5, 0.5]},
								"south": {"uv": [12, 13], "uv_size": [1.5, 0.5]},
								"west": {"uv": [14, 26], "uv_size": [0.5, 0.5]},
								"up": {"uv": [0, 14], "uv_size": [1.5, 0.5]},
								"down": {"uv": [14, 0.5], "uv_size": [1.5, -0.5]}
							}
						},
						{
							"origin": [-0.76562, 0.6375, -2.76201],
							"size": [1.54688, 0.15733, 0.25013],
							"uv": {
								"north": {"uv": [6, 12], "uv_size": [1.5, 0.5]},
								"east": {"uv": [26, 4], "uv_size": [0.5, 0.5]},
								"south": {"uv": [12, 6], "uv_size": [1.5, 0.5]},
								"west": {"uv": [5, 26], "uv_size": [0.5, 0.5]},
								"up": {"uv": [8, 12], "uv_size": [1.5, 0.5]},
								"down": {"uv": [12, 8.5], "uv_size": [1.5, -0.5]}
							}
						},
						{
							"origin": [0.48438, 0.6375, -2.93389],
							"size": [0.29688, 0.15733, 0.17188],
							"uv": {
								"north": {"uv": [25, 31], "uv_size": [0.5, 0.5]},
								"east": {"uv": [31, 25], "uv_size": [0.5, 0.5]},
								"south": {"uv": [26, 31], "uv_size": [0.5, 0.5]},
								"west": {"uv": [31, 26], "uv_size": [0.5, 0.5]},
								"up": {"uv": [27, 31], "uv_size": [0.5, 0.5]},
								"down": {"uv": [31, 27.5], "uv_size": [0.5, -0.5]}
							}
						},
						{
							"origin": [-0.76562, 0.6375, -2.93389],
							"size": [0.29688, 0.15733, 0.17188],
							"uv": {
								"north": {"uv": [28, 31], "uv_size": [0.5, 0.5]},
								"east": {"uv": [31, 28], "uv_size": [0.5, 0.5]},
								"south": {"uv": [29, 31], "uv_size": [0.5, 0.5]},
								"west": {"uv": [31, 29], "uv_size": [0.5, 0.5]},
								"up": {"uv": [30, 31], "uv_size": [0.5, 0.5]},
								"down": {"uv": [31, 30.5], "uv_size": [0.5, -0.5]}
							}
						},
						{
							"origin": [0.23437, 0.53669, -2.62632],
							"size": [0.54687, 0.18645, 0.3221],
							"pivot": [-0.05603, 0.62894, -2.48764],
							"rotation": [-47.5, 0, 0],
							"uv": {
								"north": {"uv": [26, 9], "uv_size": [0.5, 0.5]},
								"east": {"uv": [10, 26], "uv_size": [0.5, 0.5]},
								"south": {"uv": [26, 10], "uv_size": [0.5, 0.5]},
								"west": {"uv": [11, 26], "uv_size": [0.5, 0.5]},
								"up": {"uv": [26, 11], "uv_size": [0.5, 0.5]},
								"down": {"uv": [12, 26.5], "uv_size": [0.5, -0.5]}
							}
						},
						{
							"origin": [-0.26563, 0.53669, -2.62632],
							"size": [0.54688, 0.1474, 0.17584],
							"pivot": [-0.05603, 0.62894, -2.48764],
							"rotation": [-47.5, 0, 0],
							"uv": {
								"north": {"uv": [31, 31], "uv_size": [0.5, 0.5]},
								"east": {"uv": [0, 32], "uv_size": [0.5, 0.5]},
								"south": {"uv": [32, 0], "uv_size": [0.5, 0.5]},
								"west": {"uv": [1, 32], "uv_size": [0.5, 0.5]},
								"up": {"uv": [32, 1], "uv_size": [0.5, 0.5]},
								"down": {"uv": [2, 32.5], "uv_size": [0.5, -0.5]}
							}
						},
						{
							"origin": [-0.76563, 0.53669, -2.62632],
							"size": [0.54687, 0.18645, 0.3221],
							"pivot": [-0.05603, 0.62894, -2.48764],
							"rotation": [-47.5, 0, 0],
							"uv": {
								"north": {"uv": [32, 5], "uv_size": [0.5, 0.5]},
								"east": {"uv": [6, 32], "uv_size": [0.5, 0.5]},
								"south": {"uv": [32, 6], "uv_size": [0.5, 0.5]},
								"west": {"uv": [7, 32], "uv_size": [0.5, 0.5]},
								"up": {"uv": [32, 7], "uv_size": [0.5, 0.5]},
								"down": {"uv": [8, 32.5], "uv_size": [0.5, -0.5]}
							}
						},
						{
							"origin": [-0.76562, 0.25987, -2.50383],
							"size": [1.54687, 0.1863, 0.18009],
							"pivot": [-0.05603, 0.35212, -2.31966],
							"rotation": [-70, 0, 0],
							"uv": {
								"north": {"uv": [13, 5], "uv_size": [1.5, 0.5]},
								"east": {"uv": [26, 12], "uv_size": [0.5, 0.5]},
								"south": {"uv": [6, 13], "uv_size": [1.5, 0.5]},
								"west": {"uv": [13, 26], "uv_size": [0.5, 0.5]},
								"up": {"uv": [13, 7], "uv_size": [1.5, 0.5]},
								"down": {"uv": [8, 13.5], "uv_size": [1.5, -0.5]}
							}
						},
						{
							"origin": [0.48438, 0.5067, -2.94427],
							"size": [0.29688, 0.185, 0.12742],
							"pivot": [0.00781, 0.72545, -2.76217],
							"rotation": [-32.5, 0, 0],
							"uv": {
								"north": {"uv": [32, 2], "uv_size": [0.5, 0.5]},
								"east": {"uv": [3, 32], "uv_size": [0.5, 0.5]},
								"south": {"uv": [32, 3], "uv_size": [0.5, 0.5]},
								"west": {"uv": [4, 32], "uv_size": [0.5, 0.5]},
								"up": {"uv": [32, 4], "uv_size": [0.5, 0.5]},
								"down": {"uv": [5, 32.5], "uv_size": [0.5, -0.5]}
							}
						},
						{
							"origin": [-0.76562, 0.5067, -2.94427],
							"size": [0.29688, 0.185, 0.12742],
							"pivot": [0.00781, 0.72545, -2.76217],
							"rotation": [-32.5, 0, 0],
							"uv": {
								"north": {"uv": [22, 31], "uv_size": [0.5, 0.5]},
								"east": {"uv": [31, 22], "uv_size": [0.5, 0.5]},
								"south": {"uv": [23, 31], "uv_size": [0.5, 0.5]},
								"west": {"uv": [31, 23], "uv_size": [0.5, 0.5]},
								"up": {"uv": [24, 31], "uv_size": [0.5, 0.5]},
								"down": {"uv": [31, 24.5], "uv_size": [0.5, -0.5]}
							}
						},
						{
							"origin": [-0.76562, 0.325, -3.03329],
							"size": [1.54688, 0.3138, 0.61141],
							"inflate": 0.0001,
							"uv": {
								"north": {"uv": [12, 9], "uv_size": [1.5, 0.5]},
								"east": {"uv": [26, 5], "uv_size": [0.5, 0.5]},
								"south": {"uv": [10, 12], "uv_size": [1.5, 0.5]},
								"west": {"uv": [6, 26], "uv_size": [0.5, 0.5]},
								"up": {"uv": [12, 10], "uv_size": [1.5, 0.5]},
								"down": {"uv": [12, 11.5], "uv_size": [1.5, -0.5]}
							}
						},
						{
							"origin": [-0.76562, 0.18833, -2.81876],
							"size": [1.54687, 0.13667, 0.38126],
							"uv": {
								"north": {"uv": [12, 12], "uv_size": [1.5, 0.5]},
								"east": {"uv": [26, 7], "uv_size": [0.5, 0.5]},
								"south": {"uv": [0, 13], "uv_size": [1.5, 0.5]},
								"west": {"uv": [8, 26], "uv_size": [0.5, 0.5]},
								"up": {"uv": [13, 1], "uv_size": [1.5, 0.5]},
								"down": {"uv": [2, 13.5], "uv_size": [1.5, -0.5]}
							}
						},
						{
							"origin": [-0.76562, 0.21757, -3.03841],
							"size": [1.54688, 0.14956, 0.25437],
							"pivot": [0.00781, 0.2625, -2.85156],
							"rotation": [-32.5, 0, 0],
							"uv": {
								"north": {"uv": [13, 2], "uv_size": [1.5, 0.5]},
								"east": {"uv": [26, 8], "uv_size": [0.5, 0.5]},
								"south": {"uv": [13, 3], "uv_size": [1.5, 0.5]},
								"west": {"uv": [9, 26], "uv_size": [0.5, 0.5]},
								"up": {"uv": [4, 13], "uv_size": [1.5, 0.5]},
								"down": {"uv": [13, 4.5], "uv_size": [1.5, -0.5]}
							}
						},
						{
							"origin": [-0.6875, 0.075, -3.03329],
							"size": [0.10938, 0.1875, 0.61141],
							"uv": {
								"north": {"uv": [17, 25], "uv_size": [0.5, 0.5]},
								"east": {"uv": [25, 17], "uv_size": [0.5, 0.5]},
								"south": {"uv": [18, 25], "uv_size": [0.5, 0.5]},
								"west": {"uv": [25, 18], "uv_size": [0.5, 0.5]},
								"up": {"uv": [19, 25], "uv_size": [0.5, 0.5]},
								"down": {"uv": [25, 19.5], "uv_size": [0.5, -0.5]}
							}
						},
						{
							"origin": [-0.56924, 0.85089, -3.03329],
							"size": [0.125, 0.125, 0.61141],
							"pivot": [0.11826, 0.41339, -1.25],
							"rotation": [0, 0, -45],
							"uv": {
								"north": {"uv": [26, 14], "uv_size": [0.5, 0.5]},
								"east": {"uv": [15, 26], "uv_size": [0.5, 0.5]},
								"south": {"uv": [26, 15], "uv_size": [0.5, 0.5]},
								"west": {"uv": [16, 26], "uv_size": [0.5, 0.5]},
								"up": {"uv": [26, 16], "uv_size": [0.5, 0.5]},
								"down": {"uv": [17, 26.5], "uv_size": [0.5, -0.5]}
							}
						},
						{
							"origin": [0.47549, 0.78839, -3.03329],
							"size": [0.10938, 0.1875, 0.61141],
							"pivot": [-0.10263, 0.41339, -1.25],
							"rotation": [0, 0, 45],
							"uv": {
								"north": {"uv": [26, 17], "uv_size": [0.5, 0.5]},
								"east": {"uv": [18, 26], "uv_size": [0.5, 0.5]},
								"south": {"uv": [26, 18], "uv_size": [0.5, 0.5]},
								"west": {"uv": [19, 26], "uv_size": [0.5, 0.5]},
								"up": {"uv": [26, 19], "uv_size": [0.5, 0.5]},
								"down": {"uv": [20, 26.5], "uv_size": [0.5, -0.5]}
							}
						},
						{
							"origin": [-0.86319, -0.27899, -3.03125],
							"size": [0.10938, 0.25, 0.60938],
							"pivot": [-0.17569, -0.65399, -1.25],
							"rotation": [0, 0, 15],
							"uv": {
								"north": {"uv": [20, 25], "uv_size": [0.5, 0.5]},
								"east": {"uv": [25, 20], "uv_size": [0.5, 0.5]},
								"south": {"uv": [21, 25], "uv_size": [0.5, 0.5]},
								"west": {"uv": [25, 21], "uv_size": [0.5, 0.5]},
								"up": {"uv": [22, 25], "uv_size": [0.5, 0.5]},
								"down": {"uv": [25, 22.5], "uv_size": [0.5, -0.5]}
							}
						},
						{
							"origin": [0.57813, 0.075, -3.03329],
							"size": [0.10938, 0.1875, 0.61141],
							"uv": {
								"north": {"uv": [26, 0], "uv_size": [0.5, 0.5]},
								"east": {"uv": [1, 26], "uv_size": [0.5, 0.5]},
								"south": {"uv": [26, 1], "uv_size": [0.5, 0.5]},
								"west": {"uv": [2, 26], "uv_size": [0.5, 0.5]},
								"up": {"uv": [26, 2], "uv_size": [0.5, 0.5]},
								"down": {"uv": [3, 26.5], "uv_size": [0.5, -0.5]}
							}
						},
						{
							"origin": [0.75382, -0.27899, -3.03125],
							"size": [0.10938, 0.25, 0.60938],
							"pivot": [0.17569, -0.65399, -1.25],
							"rotation": [0, 0, -15],
							"uv": {
								"north": {"uv": [23, 25], "uv_size": [0.5, 0.5]},
								"east": {"uv": [25, 23], "uv_size": [0.5, 0.5]},
								"south": {"uv": [24, 25], "uv_size": [0.5, 0.5]},
								"west": {"uv": [25, 24], "uv_size": [0.5, 0.5]},
								"up": {"uv": [25, 25], "uv_size": [0.5, 0.5]},
								"down": {"uv": [0, 26.5], "uv_size": [0.5, -0.5]}
							}
						},
						{
							"origin": [0.45313, 0.10625, -0.59375],
							"size": [0.07813, 0.07813, 0.42188],
							"pivot": [0.51563, 0.16875, -2.13281],
							"rotation": [0, 0, 45],
							"uv": {
								"north": {"uv": [5, 23], "uv_size": [0.5, 0.5]},
								"east": {"uv": [23, 5], "uv_size": [0.5, 0.5]},
								"south": {"uv": [6, 23], "uv_size": [0.5, 0.5]},
								"west": {"uv": [23, 6], "uv_size": [0.5, 0.5]},
								"up": {"uv": [7, 23], "uv_size": [0.5, 0.5]},
								"down": {"uv": [23, 7.5], "uv_size": [0.5, -0.5]}
							}
						},
						{
							"origin": [0.59375, 0.12188, -0.76562],
							"size": [0.1875, 0.0625, 0.46875],
							"uv": {
								"north": {"uv": [22, 6], "uv_size": [0.5, 0.5]},
								"east": {"uv": [7, 22], "uv_size": [0.5, 0.5]},
								"south": {"uv": [22, 7], "uv_size": [0.5, 0.5]},
								"west": {"uv": [8, 22], "uv_size": [0.5, 0.5]},
								"up": {"uv": [22, 8], "uv_size": [0.5, 0.5]},
								"down": {"uv": [9, 22.5], "uv_size": [0.5, -0.5]}
							}
						},
						{
							"origin": [0.45901, 0.28052, -0.76562],
							"size": [0.1875, 0.04688, 0.46875],
							"pivot": [-0.13474, -0.15698, -1.25],
							"rotation": [0, 0, 10],
							"uv": {
								"north": {"uv": [2, 23], "uv_size": [0.5, 0.5]},
								"east": {"uv": [23, 2], "uv_size": [0.5, 0.5]},
								"south": {"uv": [3, 23], "uv_size": [0.5, 0.5]},
								"west": {"uv": [23, 3], "uv_size": [0.5, 0.5]},
								"up": {"uv": [4, 23], "uv_size": [0.5, 0.5]},
								"down": {"uv": [23, 4.5], "uv_size": [0.5, -0.5]}
							}
						},
						{
							"origin": [0.73923, 0.06892, -0.76562],
							"size": [0.125, 0.0625, 0.0625],
							"pivot": [0.83298, 0.10017, -0.53125],
							"rotation": [0, 0, 40],
							"uv": {
								"north": {"uv": [22, 9], "uv_size": [0.5, 0.5]},
								"east": {"uv": [10, 22], "uv_size": [0.5, 0.5]},
								"south": {"uv": [22, 10], "uv_size": [0.5, 0.5]},
								"west": {"uv": [11, 22], "uv_size": [0.5, 0.5]},
								"up": {"uv": [22, 11], "uv_size": [0.5, 0.5]},
								"down": {"uv": [12, 22.5], "uv_size": [0.5, -0.5]}
							}
						},
						{
							"origin": [0.83934, -0.01508, -0.77824],
							"size": [0.125, 0.0625, 0.04688],
							"pivot": [0.93309, 0.01617, -0.55949],
							"rotation": [0, 45, 40],
							"uv": {
								"north": {"uv": [22, 21], "uv_size": [0.5, 0.5]},
								"east": {"uv": [22, 22], "uv_size": [0.5, 0.5]},
								"south": {"uv": [0, 23], "uv_size": [0.5, 0.5]},
								"west": {"uv": [23, 0], "uv_size": [0.5, 0.5]},
								"up": {"uv": [1, 23], "uv_size": [0.5, 0.5]},
								"down": {"uv": [23, 1.5], "uv_size": [0.5, -0.5]}
							}
						},
						{
							"origin": [0.73923, 0.06892, -0.35937],
							"size": [0.125, 0.0625, 0.0625],
							"pivot": [0.83298, 0.10017, -0.53125],
							"rotation": [0, 0, 40],
							"uv": {
								"north": {"uv": [22, 12], "uv_size": [0.5, 0.5]},
								"east": {"uv": [13, 22], "uv_size": [0.5, 0.5]},
								"south": {"uv": [22, 13], "uv_size": [0.5, 0.5]},
								"west": {"uv": [14, 22], "uv_size": [0.5, 0.5]},
								"up": {"uv": [22, 14], "uv_size": [0.5, 0.5]},
								"down": {"uv": [15, 22.5], "uv_size": [0.5, -0.5]}
							}
						},
						{
							"origin": [0.83934, -0.01508, -0.33113],
							"size": [0.125, 0.0625, 0.04688],
							"pivot": [0.93309, 0.01617, -0.50301],
							"rotation": [0, -45, 40],
							"uv": {
								"north": {"uv": [22, 18], "uv_size": [0.5, 0.5]},
								"east": {"uv": [19, 22], "uv_size": [0.5, 0.5]},
								"south": {"uv": [22, 19], "uv_size": [0.5, 0.5]},
								"west": {"uv": [20, 22], "uv_size": [0.5, 0.5]},
								"up": {"uv": [22, 20], "uv_size": [0.5, 0.5]},
								"down": {"uv": [21, 22.5], "uv_size": [0.5, -0.5]}
							}
						},
						{
							"origin": [0.73923, 0.06892, -0.70312],
							"size": [0.0625, 0.0625, 0.34375],
							"pivot": [0.83298, 0.10017, -0.53125],
							"rotation": [0, 0, 40],
							"uv": {
								"north": {"uv": [22, 15], "uv_size": [0.5, 0.5]},
								"east": {"uv": [16, 22], "uv_size": [0.5, 0.5]},
								"south": {"uv": [22, 16], "uv_size": [0.5, 0.5]},
								"west": {"uv": [17, 22], "uv_size": [0.5, 0.5]},
								"up": {"uv": [22, 17], "uv_size": [0.5, 0.5]},
								"down": {"uv": [18, 22.5], "uv_size": [0.5, -0.5]}
							}
						},
						{
							"origin": [-1.05565, -0.4107, -3.03125],
							"size": [0.1875, 0.4375, 2.79688],
							"pivot": [-0.4619, -0.7232, -1.25],
							"rotation": [0, 0, 37.5],
							"uv": {
								"north": {"uv": [22, 2], "uv_size": [0.5, 0.5]},
								"east": {"uv": [3, 3], "uv_size": [3, 0.5]},
								"south": {"uv": [3, 22], "uv_size": [0.5, 0.5]},
								"west": {"uv": [0, 4], "uv_size": [3, 0.5]},
								"up": {"uv": [3, 4], "uv_size": [0.5, 3]},
								"down": {"uv": [4, 7], "uv_size": [0.5, -3]}
							}
						},
						{
							"origin": [0.34367, 0.16677, -3.03125],
							"size": [0.17188, 0.32813, 2.79688],
							"pivot": [-0.06258, -0.06761, -1.25],
							"rotation": [0, 0, 47.5],
							"uv": {
								"north": {"uv": [22, 5], "uv_size": [0.5, 0.5]},
								"east": {"uv": [6, 3], "uv_size": [3, 0.5]},
								"south": {"uv": [6, 22], "uv_size": [0.5, 0.5]},
								"west": {"uv": [6, 4], "uv_size": [3, 0.5]},
								"up": {"uv": [6, 5], "uv_size": [0.5, 3]},
								"down": {"uv": [3, 10], "uv_size": [0.5, -3]}
							}
						},
						{
							"origin": [0.86815, -0.4107, -3.03125],
							"size": [0.1875, 0.4375, 2.79688],
							"pivot": [0.4619, -0.7232, -1.25],
							"rotation": [0, 0, -37.5],
							"uv": {
								"north": {"uv": [22, 4], "uv_size": [0.5, 0.5]},
								"east": {"uv": [6, 1], "uv_size": [3, 0.5]},
								"south": {"uv": [5, 22], "uv_size": [0.5, 0.5]},
								"west": {"uv": [6, 2], "uv_size": [3, 0.5]},
								"up": {"uv": [1, 6], "uv_size": [0.5, 3]},
								"down": {"uv": [2, 9], "uv_size": [0.5, -3]}
							}
						},
						{
							"origin": [-0.51554, 0.16677, -3.03125],
							"size": [0.17188, 0.32813, 2.79688],
							"pivot": [0.06258, -0.06761, -1.25],
							"rotation": [0, 0, -47.5],
							"uv": {
								"north": {"uv": [22, 3], "uv_size": [0.5, 0.5]},
								"east": {"uv": [0, 5], "uv_size": [3, 0.5]},
								"south": {"uv": [4, 22], "uv_size": [0.5, 0.5]},
								"west": {"uv": [5, 0], "uv_size": [3, 0.5]},
								"up": {"uv": [5, 4], "uv_size": [0.5, 3]},
								"down": {"uv": [0, 9], "uv_size": [0.5, -3]}
							}
						},
						{
							"origin": [-0.35937, 0.075, -0.23437],
							"size": [0.71875, 0.1875, 0.0625],
							"uv": {
								"north": {"uv": [12, 21], "uv_size": [0.5, 0.5]},
								"east": {"uv": [21, 12], "uv_size": [0.5, 0.5]},
								"south": {"uv": [13, 21], "uv_size": [0.5, 0.5]},
								"west": {"uv": [21, 13], "uv_size": [0.5, 0.5]},
								"up": {"uv": [14, 21], "uv_size": [0.5, 0.5]},
								"down": {"uv": [21, 14.5], "uv_size": [0.5, -0.5]}
							}
						},
						{
							"origin": [-0.2047, 0.075, -0.17187],
							"size": [0.40939, 0.1875, 0.15468],
							"uv": {
								"north": {"uv": [21, 21], "uv_size": [0.5, 0.5]},
								"east": {"uv": [0, 22], "uv_size": [0.5, 0.5]},
								"south": {"uv": [22, 0], "uv_size": [0.5, 0.5]},
								"west": {"uv": [1, 22], "uv_size": [0.5, 0.5]},
								"up": {"uv": [22, 1], "uv_size": [0.5, 0.5]},
								"down": {"uv": [2, 22.5], "uv_size": [0.5, -0.5]}
							}
						},
						{
							"origin": [-0.44254, 0.075, -0.03361],
							"size": [0.21875, 0.1875, 0.125],
							"pivot": [-0.08316, 0.16875, 0.06014],
							"rotation": [0, -45, 0],
							"uv": {
								"north": {"uv": [15, 21], "uv_size": [0.5, 0.5]},
								"east": {"uv": [21, 15], "uv_size": [0.5, 0.5]},
								"south": {"uv": [16, 21], "uv_size": [0.5, 0.5]},
								"west": {"uv": [21, 16], "uv_size": [0.5, 0.5]},
								"up": {"uv": [17, 21], "uv_size": [0.5, 0.5]},
								"down": {"uv": [21, 17.5], "uv_size": [0.5, -0.5]}
							}
						},
						{
							"origin": [0.22379, 0.075, -0.03361],
							"size": [0.21875, 0.1875, 0.125],
							"pivot": [0.08316, 0.16875, 0.06014],
							"rotation": [0, 45, 0],
							"uv": {
								"north": {"uv": [18, 21], "uv_size": [0.5, 0.5]},
								"east": {"uv": [21, 18], "uv_size": [0.5, 0.5]},
								"south": {"uv": [19, 21], "uv_size": [0.5, 0.5]},
								"west": {"uv": [21, 19], "uv_size": [0.5, 0.5]},
								"up": {"uv": [20, 21], "uv_size": [0.5, 0.5]},
								"down": {"uv": [21, 20.5], "uv_size": [0.5, -0.5]}
							}
						},
						{
							"origin": [-0.65625, 0.325, -0.875],
							"size": [0.0625, 0.07812, 0.6875],
							"uv": {
								"north": {"uv": [20, 3], "uv_size": [0.5, 0.5]},
								"east": {"uv": [4, 20], "uv_size": [0.5, 0.5]},
								"south": {"uv": [20, 4], "uv_size": [0.5, 0.5]},
								"west": {"uv": [5, 20], "uv_size": [0.5, 0.5]},
								"up": {"uv": [20, 5], "uv_size": [0.5, 0.5]},
								"down": {"uv": [6, 20.5], "uv_size": [0.5, -0.5]}
							}
						},
						{
							"origin": [-0.63778, 0.36959, -0.875],
							"size": [0.0625, 0.08839, 0.6875],
							"pivot": [-0.60653, 0.40865, -0.53125],
							"rotation": [0, 0, 45],
							"uv": {
								"north": {"uv": [20, 6], "uv_size": [0.5, 0.5]},
								"east": {"uv": [7, 20], "uv_size": [0.5, 0.5]},
								"south": {"uv": [20, 7], "uv_size": [0.5, 0.5]},
								"west": {"uv": [8, 20], "uv_size": [0.5, 0.5]},
								"up": {"uv": [20, 8], "uv_size": [0.5, 0.5]},
								"down": {"uv": [9, 20.5], "uv_size": [0.5, -0.5]}
							}
						},
						{
							"origin": [0.56802, 0.27316, -0.875],
							"size": [0.0625, 0.08839, 0.6875],
							"pivot": [0.59927, 0.31222, -0.53125],
							"rotation": [0, 0, 45],
							"uv": {
								"north": {"uv": [9, 21], "uv_size": [0.5, 0.5]},
								"east": {"uv": [21, 9], "uv_size": [0.5, 0.5]},
								"south": {"uv": [10, 21], "uv_size": [0.5, 0.5]},
								"west": {"uv": [21, 10], "uv_size": [0.5, 0.5]},
								"up": {"uv": [11, 21], "uv_size": [0.5, 0.5]},
								"down": {"uv": [21, 11.5], "uv_size": [0.5, -0.5]}
							}
						},
						{
							"origin": [0.59375, 0.325, -0.875],
							"size": [0.0625, 0.07812, 0.6875],
							"uv": {
								"north": {"uv": [6, 21], "uv_size": [0.5, 0.5]},
								"east": {"uv": [21, 6], "uv_size": [0.5, 0.5]},
								"south": {"uv": [7, 21], "uv_size": [0.5, 0.5]},
								"west": {"uv": [21, 7], "uv_size": [0.5, 0.5]},
								"up": {"uv": [8, 21], "uv_size": [0.5, 0.5]},
								"down": {"uv": [21, 8.5], "uv_size": [0.5, -0.5]}
							}
						},
						{
							"origin": [0.57528, 0.36959, -0.875],
							"size": [0.0625, 0.08839, 0.6875],
							"pivot": [0.60653, 0.40865, -0.53125],
							"rotation": [0, 0, -45],
							"uv": {
								"north": {"uv": [3, 21], "uv_size": [0.5, 0.5]},
								"east": {"uv": [21, 3], "uv_size": [0.5, 0.5]},
								"south": {"uv": [4, 21], "uv_size": [0.5, 0.5]},
								"west": {"uv": [21, 4], "uv_size": [0.5, 0.5]},
								"up": {"uv": [5, 21], "uv_size": [0.5, 0.5]},
								"down": {"uv": [21, 5.5], "uv_size": [0.5, -0.5]}
							}
						},
						{
							"origin": [-0.56441, 0.27796, -1.0662],
							"size": [0.0625, 0.08839, 0.75],
							"inflate": 0.0001,
							"pivot": [-0.50688, 0.36406, -0.65995],
							"rotation": [-26.341, 23.92746, -50.67731],
							"uv": {
								"north": {"uv": [20, 18], "uv_size": [0.5, 0.5]},
								"east": {"uv": [10, 17], "uv_size": [1, 0.5]},
								"south": {"uv": [19, 20], "uv_size": [0.5, 0.5]},
								"west": {"uv": [11, 17], "uv_size": [1, 0.5]},
								"up": {"uv": [12, 17], "uv_size": [0.5, 1]},
								"down": {"uv": [13, 18], "uv_size": [0.5, -1]}
							}
						},
						{
							"origin": [-0.54918, 0.325, -1.0662],
							"size": [0.0625, 0.07812, 0.75],
							"inflate": 0.0001,
							"pivot": [-0.50688, 0.36406, -0.65995],
							"rotation": [0, 35, 0],
							"uv": {
								"north": {"uv": [20, 17], "uv_size": [0.5, 0.5]},
								"east": {"uv": [7, 17], "uv_size": [1, 0.5]},
								"south": {"uv": [18, 20], "uv_size": [0.5, 0.5]},
								"west": {"uv": [17, 7], "uv_size": [1, 0.5]},
								"up": {"uv": [8, 17], "uv_size": [0.5, 1]},
								"down": {"uv": [9, 18], "uv_size": [0.5, -1]}
							}
						},
						{
							"origin": [-0.63052, 0.27316, -0.875],
							"size": [0.0625, 0.08839, 0.6875],
							"pivot": [-0.59927, 0.31222, -0.53125],
							"rotation": [0, 0, -45],
							"uv": {
								"north": {"uv": [20, 9], "uv_size": [0.5, 0.5]},
								"east": {"uv": [10, 20], "uv_size": [0.5, 0.5]},
								"south": {"uv": [20, 10], "uv_size": [0.5, 0.5]},
								"west": {"uv": [11, 20], "uv_size": [0.5, 0.5]},
								"up": {"uv": [20, 11], "uv_size": [0.5, 0.5]},
								"down": {"uv": [12, 20.5], "uv_size": [0.5, -0.5]}
							}
						},
						{
							"origin": [-0.56441, 0.36177, -1.0662],
							"size": [0.0625, 0.08839, 0.75],
							"inflate": 0.0001,
							"pivot": [-0.50688, 0.36406, -0.65995],
							"rotation": [26.341, 23.92746, 50.67731],
							"uv": {
								"north": {"uv": [20, 16], "uv_size": [0.5, 0.5]},
								"east": {"uv": [17, 4], "uv_size": [1, 0.5]},
								"south": {"uv": [17, 20], "uv_size": [0.5, 0.5]},
								"west": {"uv": [5, 17], "uv_size": [1, 0.5]},
								"up": {"uv": [17, 5], "uv_size": [0.5, 1]},
								"down": {"uv": [6, 18], "uv_size": [0.5, -1]}
							}
						}
					]
				},
				{
					"name": "di14vision_illuminated",
					"parent": "scope_body",
					"pivot": [-0.28906, 0.72545, -2.59029],
					"cubes": [
						{
							"origin": [1.04151, 0.99902, -2.16411],
							"size": [0.03162, 0.0625, 0.07813],
							"pivot": [0.54151, 1.01464, -2.1563],
							"rotation": [0, 0, -90],
							"uv": {
								"north": {"uv": [11.5, 35.5], "uv_size": [-0.5, -0.5]},
								"east": {"uv": [11.5, 35.5], "uv_size": [-0.5, -0.5]},
								"south": {"uv": [11.5, 35.5], "uv_size": [-0.5, -0.5]},
								"west": {"uv": [11.5, 35.5], "uv_size": [-0.5, -0.5]},
								"up": {"uv": [11, 35], "uv_size": [0.5, 0.5]},
								"down": {"uv": [11, 35], "uv_size": [0.5, 0.5]}
							}
						},
						{
							"origin": [-1.07313, 0.99902, -2.16411],
							"size": [0.03162, 0.0625, 0.07813],
							"pivot": [-0.54151, 1.01464, -2.1563],
							"rotation": [0, 0, 90],
							"uv": {
								"north": {"uv": [11, 35.5], "uv_size": [0.5, -0.5]},
								"east": {"uv": [11, 35.5], "uv_size": [0.5, -0.5]},
								"south": {"uv": [11, 35.5], "uv_size": [0.5, -0.5]},
								"west": {"uv": [11, 35.5], "uv_size": [0.5, -0.5]},
								"up": {"uv": [11.5, 35], "uv_size": [-0.5, 0.5]},
								"down": {"uv": [11.5, 35], "uv_size": [-0.5, 0.5]}
							}
						},
						{
							"origin": [0.35401, 1.59724, -2.18207],
							"size": [0.19541, 0.02781, 0.10956],
							"pivot": [0.54151, 0.84829, -2.10385],
							"rotation": [0, 12.5, -90],
							"uv": {
								"north": {"uv": [11, 35.5], "uv_size": [0.5, -0.5]},
								"east": {"uv": [11, 35.5], "uv_size": [0.5, -0.5]},
								"south": {"uv": [11, 35.5], "uv_size": [0.5, -0.5]},
								"west": {"uv": [11, 35.5], "uv_size": [0.5, -0.5]},
								"up": {"uv": [11.5, 35], "uv_size": [-0.5, 0.5]},
								"down": {"uv": [11.5, 35], "uv_size": [-0.5, 0.5]}
							}
						},
						{
							"origin": [-0.54942, 1.59724, -2.18207],
							"size": [0.19541, 0.02781, 0.10956],
							"pivot": [-0.54151, 0.84829, -2.10385],
							"rotation": [0, -12.5, 90],
							"uv": {
								"north": {"uv": [11.5, 35.5], "uv_size": [-0.5, -0.5]},
								"east": {"uv": [11.5, 35.5], "uv_size": [-0.5, -0.5]},
								"south": {"uv": [11.5, 35.5], "uv_size": [-0.5, -0.5]},
								"west": {"uv": [11.5, 35.5], "uv_size": [-0.5, -0.5]},
								"up": {"uv": [11, 35], "uv_size": [0.5, 0.5]},
								"down": {"uv": [11, 35], "uv_size": [0.5, 0.5]}
							}
						},
						{
							"origin": [-0.49934, 0.66898, -0.70581],
							"size": [0.26563, 0.0625, 0.1875],
							"pivot": [-0.42121, 0.37991, -0.58081],
							"rotation": [0, -90, 30],
							"uv": {
								"north": {"uv": [18, 35], "uv_size": [0.5, 0.5]},
								"east": {"uv": [35, 18], "uv_size": [0.5, 0.5]},
								"south": {"uv": [19, 35], "uv_size": [0.5, 0.5]},
								"west": {"uv": [35, 19], "uv_size": [0.5, 0.5]},
								"up": {"uv": [20, 35], "uv_size": [0.5, 0.5]},
								"down": {"uv": [35, 20.5], "uv_size": [0.5, -0.5]}
							}
						},
						{
							"origin": [-0.46338, 0.66898, -0.42123],
							"size": [0.32813, 0.0625, 0.1875],
							"pivot": [-0.32275, 0.37991, -0.29623],
							"rotation": [30, -45, 0],
							"uv": {
								"north": {"uv": [15, 35], "uv_size": [0.5, 0.5]},
								"east": {"uv": [35, 15], "uv_size": [0.5, 0.5]},
								"south": {"uv": [16, 35], "uv_size": [0.5, 0.5]},
								"west": {"uv": [35, 16], "uv_size": [0.5, 0.5]},
								"up": {"uv": [17, 35], "uv_size": [0.5, 0.5]},
								"down": {"uv": [35, 17.5], "uv_size": [0.5, -0.5]}
							}
						},
						{
							"origin": [-0.19254, 0.61951, -0.50046],
							"size": [0.38507, 0.0625, 0.21371],
							"pivot": [0, 0.65076, -0.36235],
							"rotation": [30, 0, 0],
							"uv": {
								"north": {"uv": [12, 35], "uv_size": [0.5, 0.5]},
								"east": {"uv": [35, 12], "uv_size": [0.5, 0.5]},
								"south": {"uv": [13, 35], "uv_size": [0.5, 0.5]},
								"west": {"uv": [35, 13], "uv_size": [0.5, 0.5]},
								"up": {"uv": [14, 35], "uv_size": [0.5, 0.5]},
								"down": {"uv": [35, 14.5], "uv_size": [0.5, -0.5]}
							}
						},
						{
							"origin": [0.13525, 0.66898, -0.42123],
							"size": [0.32813, 0.0625, 0.1875],
							"pivot": [0.32275, 0.37991, -0.29623],
							"rotation": [30, 45, 0],
							"uv": {
								"north": {"uv": [6, 35], "uv_size": [0.5, 0.5]},
								"east": {"uv": [35, 6], "uv_size": [0.5, 0.5]},
								"south": {"uv": [7, 35], "uv_size": [0.5, 0.5]},
								"west": {"uv": [35, 7], "uv_size": [0.5, 0.5]},
								"up": {"uv": [8, 35], "uv_size": [0.5, 0.5]},
								"down": {"uv": [35, 8.5], "uv_size": [0.5, -0.5]}
							}
						},
						{
							"origin": [0.23371, 0.66898, -0.70581],
							"size": [0.26563, 0.0625, 0.1875],
							"pivot": [0.42121, 0.37991, -0.58081],
							"rotation": [0, 90, -30],
							"uv": {
								"north": {"uv": [9, 35], "uv_size": [0.5, 0.5]},
								"east": {"uv": [35, 9], "uv_size": [0.5, 0.5]},
								"south": {"uv": [10, 35], "uv_size": [0.5, 0.5]},
								"west": {"uv": [35, 10], "uv_size": [0.5, 0.5]},
								"up": {"uv": [11, 35], "uv_size": [0.5, 0.5]},
								"down": {"uv": [35, 11.5], "uv_size": [0.5, -0.5]}
							}
						},
						{
							"origin": [-0.46875, 0.5067, -2.7724],
							"size": [0.95313, 0.185, 0.12742],
							"pivot": [-0.28906, 0.72545, -2.59029],
							"rotation": [-32.5, 0, 0],
							"uv": {
								"north": {"uv": [8, 19], "uv_size": [1, 0.5]},
								"east": {"uv": [26, 6], "uv_size": [0.5, 0.5]},
								"south": {"uv": [19, 8], "uv_size": [1, 0.5]},
								"west": {"uv": [7, 26], "uv_size": [0.5, 0.5]},
								"up": {"uv": [9, 19], "uv_size": [1, 0.5]},
								"down": {"uv": [19, 9.5], "uv_size": [1, -0.5]}
							}
						}
					]
				},
				{
					"name": "bone4",
					"parent": "scope_body",
					"pivot": [0.98532, -0.20585, -2.57356],
					"cubes": [
						{
							"origin": [0.73596, 0.5129, -3.03125],
							"size": [0.125, 0.46875, 0.54688],
							"pivot": [0.28284, 0.27852, -1.25],
							"rotation": [0, 0, 90],
							"uv": {
								"north": {"uv": [4, 27], "uv_size": [0.5, 0.5]},
								"east": {"uv": [27, 4], "uv_size": [0.5, 0.5]},
								"south": {"uv": [5, 27], "uv_size": [0.5, 0.5]},
								"west": {"uv": [27, 5], "uv_size": [0.5, 0.5]},
								"up": {"uv": [6, 27], "uv_size": [0.5, 0.5]},
								"down": {"uv": [27, 6.5], "uv_size": [0.5, -0.5]}
							}
						},
						{
							"origin": [1.01657, -0.2996, -2.99675],
							"size": [0.125, 0.20313, 0.10938],
							"pivot": [1.04782, -0.20585, -2.94207],
							"rotation": [-25, 0, 90],
							"uv": {
								"north": {"uv": [7, 27], "uv_size": [0.5, 0.5]},
								"east": {"uv": [27, 7], "uv_size": [0.5, 0.5]},
								"south": {"uv": [8, 27], "uv_size": [0.5, 0.5]},
								"west": {"uv": [27, 8], "uv_size": [0.5, 0.5]},
								"up": {"uv": [9, 27], "uv_size": [0.5, 0.5]},
								"down": {"uv": [27, 9.5], "uv_size": [0.5, -0.5]}
							}
						},
						{
							"origin": [0.85756, 0.86005, -2.94541],
							"size": [0.125, 0.18409, 0.37519],
							"pivot": [0.40443, 0.27852, -1.16416],
							"rotation": [0, 0, 90],
							"uv": {
								"north": {"uv": [13, 27], "uv_size": [0.5, 0.5]},
								"east": {"uv": [27, 13], "uv_size": [0.5, 0.5]},
								"south": {"uv": [14, 27], "uv_size": [0.5, 0.5]},
								"west": {"uv": [27, 14], "uv_size": [0.5, 0.5]},
								"up": {"uv": [15, 27], "uv_size": [0.5, 0.5]},
								"down": {"uv": [27, 15.5], "uv_size": [0.5, -0.5]}
							}
						},
						{
							"origin": [0.95131, -0.1274, -2.86238],
							"size": [0.07812, 0.2028, 0.2028],
							"pivot": [0.95131, -0.01835, -2.76863],
							"rotation": [45, 0, 90],
							"uv": {
								"north": {"uv": [16, 27], "uv_size": [0.5, 0.5]},
								"east": {"uv": [27, 16], "uv_size": [0.5, 0.5]},
								"south": {"uv": [17, 27], "uv_size": [0.5, 0.5]},
								"west": {"uv": [27, 17], "uv_size": [0.5, 0.5]},
								"up": {"uv": [18, 27], "uv_size": [0.5, 0.5]},
								"down": {"uv": [27, 18.5], "uv_size": [0.5, -0.5]}
							}
						},
						{
							"origin": [1.02943, -0.15865, -2.89363],
							"size": [0.07812, 0.2653, 0.2653],
							"pivot": [0.95131, -0.01835, -2.76863],
							"rotation": [45, 0, 90],
							"uv": {
								"north": {"uv": [28, 15], "uv_size": [0.5, 0.5]},
								"east": {"uv": [16, 28], "uv_size": [0.5, 0.5]},
								"south": {"uv": [28, 16], "uv_size": [0.5, 0.5]},
								"west": {"uv": [17, 28], "uv_size": [0.5, 0.5]},
								"up": {"uv": [28, 17], "uv_size": [0.5, 0.5]},
								"down": {"uv": [18, 28.5], "uv_size": [0.5, -0.5]}
							}
						},
						{
							"origin": [0.87318, -0.16663, -2.70296],
							"size": [0.15625, 0.1403, 0.2653],
							"pivot": [0.95131, -0.09648, -2.75781],
							"rotation": [0, 0, 90],
							"uv": {
								"north": {"uv": [19, 27], "uv_size": [0.5, 0.5]},
								"east": {"uv": [27, 19], "uv_size": [0.5, 0.5]},
								"south": {"uv": [20, 27], "uv_size": [0.5, 0.5]},
								"west": {"uv": [27, 20], "uv_size": [0.5, 0.5]},
								"up": {"uv": [21, 27], "uv_size": [0.5, 0.5]},
								"down": {"uv": [27, 21.5], "uv_size": [0.5, -0.5]}
							}
						},
						{
							"origin": [0.85019, -0.16663, -2.45835],
							"size": [0.15625, 0.1403, 0.2028],
							"pivot": [0.92832, -0.09648, -2.5132],
							"rotation": [20, 0, 90],
							"uv": {
								"north": {"uv": [22, 27], "uv_size": [0.5, 0.5]},
								"east": {"uv": [27, 22], "uv_size": [0.5, 0.5]},
								"south": {"uv": [23, 27], "uv_size": [0.5, 0.5]},
								"west": {"uv": [27, 23], "uv_size": [0.5, 0.5]},
								"up": {"uv": [24, 27], "uv_size": [0.5, 0.5]},
								"down": {"uv": [27, 24.5], "uv_size": [0.5, -0.5]}
							}
						},
						{
							"origin": [0.93408, -0.16663, -2.29508],
							"size": [0.15625, 0.1403, 0.7028],
							"pivot": [1.01221, -0.09648, -2.34993],
							"rotation": [0, 0, 90],
							"uv": {
								"north": {"uv": [25, 27], "uv_size": [0.5, 0.5]},
								"east": {"uv": [27, 25], "uv_size": [0.5, 0.5]},
								"south": {"uv": [26, 27], "uv_size": [0.5, 0.5]},
								"west": {"uv": [27, 26], "uv_size": [0.5, 0.5]},
								"up": {"uv": [27, 27], "uv_size": [0.5, 0.5]},
								"down": {"uv": [0, 28.5], "uv_size": [0.5, -0.5]}
							}
						},
						{
							"origin": [0.74658, -0.16663, -2.10758],
							"size": [0.1875, 0.1403, 0.5153],
							"pivot": [1.01221, -0.09648, -2.34993],
							"rotation": [0, 0, 90],
							"uv": {
								"north": {"uv": [28, 0], "uv_size": [0.5, 0.5]},
								"east": {"uv": [1, 28], "uv_size": [0.5, 0.5]},
								"south": {"uv": [28, 1], "uv_size": [0.5, 0.5]},
								"west": {"uv": [2, 28], "uv_size": [0.5, 0.5]},
								"up": {"uv": [28, 2], "uv_size": [0.5, 0.5]},
								"down": {"uv": [3, 28.5], "uv_size": [0.5, -0.5]}
							}
						},
						{
							"origin": [0.74658, -0.13538, -1.59228],
							"size": [0.34375, 0.0778, 0.03125],
							"pivot": [1.01221, -0.09648, -2.34993],
							"rotation": [0, 0, 90],
							"uv": {
								"north": {"uv": [28, 6], "uv_size": [0.5, 0.5]},
								"east": {"uv": [7, 28], "uv_size": [0.5, 0.5]},
								"south": {"uv": [28, 7], "uv_size": [0.5, 0.5]},
								"west": {"uv": [8, 28], "uv_size": [0.5, 0.5]},
								"up": {"uv": [28, 8], "uv_size": [0.5, 0.5]},
								"down": {"uv": [9, 28.5], "uv_size": [0.5, -0.5]}
							}
						},
						{
							"origin": [0.23139, -0.10177, -1.36497],
							"size": [0.34375, 0.04419, 0.03125],
							"pivot": [0.49701, -0.09648, -2.12262],
							"rotation": [45, 0, 90],
							"uv": {
								"north": {"uv": [28, 9], "uv_size": [0.5, 0.5]},
								"east": {"uv": [10, 28], "uv_size": [0.5, 0.5]},
								"south": {"uv": [28, 10], "uv_size": [0.5, 0.5]},
								"west": {"uv": [11, 28], "uv_size": [0.5, 0.5]},
								"up": {"uv": [28, 11], "uv_size": [0.5, 0.5]},
								"down": {"uv": [12, 28.5], "uv_size": [0.5, -0.5]}
							}
						},
						{
							"origin": [1.26177, -0.13538, -1.36497],
							"size": [0.34375, 0.04419, 0.03125],
							"pivot": [1.5274, -0.09648, -2.12262],
							"rotation": [-45, 0, 90],
							"uv": {
								"north": {"uv": [28, 12], "uv_size": [0.5, 0.5]},
								"east": {"uv": [13, 28], "uv_size": [0.5, 0.5]},
								"south": {"uv": [28, 13], "uv_size": [0.5, 0.5]},
								"west": {"uv": [14, 28], "uv_size": [0.5, 0.5]},
								"up": {"uv": [28, 14], "uv_size": [0.5, 0.5]},
								"down": {"uv": [15, 28.5], "uv_size": [0.5, -0.5]}
							}
						},
						{
							"origin": [0.74658, -0.4477, -2.03627],
							"size": [0.1875, 0.1403, 0.26517],
							"pivot": [1.01221, -0.37755, -2.27862],
							"rotation": [0, -45, 90],
							"uv": {
								"north": {"uv": [28, 3], "uv_size": [0.5, 0.5]},
								"east": {"uv": [4, 28], "uv_size": [0.5, 0.5]},
								"south": {"uv": [28, 4], "uv_size": [0.5, 0.5]},
								"west": {"uv": [5, 28], "uv_size": [0.5, 0.5]},
								"up": {"uv": [28, 5], "uv_size": [0.5, 0.5]},
								"down": {"uv": [6, 28.5], "uv_size": [0.5, -0.5]}
							}
						},
						{
							"origin": [1.01657, -0.2996, -2.62825],
							"size": [0.125, 0.20313, 0.10938],
							"pivot": [1.04782, -0.20585, -2.57356],
							"rotation": [25, 0, 90],
							"uv": {
								"north": {"uv": [10, 27], "uv_size": [0.5, 0.5]},
								"east": {"uv": [27, 10], "uv_size": [0.5, 0.5]},
								"south": {"uv": [11, 27], "uv_size": [0.5, 0.5]},
								"west": {"uv": [27, 11], "uv_size": [0.5, 0.5]},
								"up": {"uv": [12, 27], "uv_size": [0.5, 0.5]},
								"down": {"uv": [27, 12.5], "uv_size": [0.5, -0.5]}
							}
						}
					]
				},
				{
					"name": "bone3",
					"parent": "scope_body",
					"pivot": [0, 7.7625, -0.90625],
					"cubes": [
						{
							"origin": [-0.8125, -0.10922, -3.22582],
							"size": [1.625, 0.13258, 0.33146],
							"pivot": [0, -0.1561, -2.19457],
							"rotation": [-45, 0, 0],
							"uv": {
								"north": {"uv": [2, 15], "uv_size": [1.5, 0.5]},
								"east": {"uv": [26, 24], "uv_size": [0.5, 0.5]},
								"south": {"uv": [15, 2], "uv_size": [1.5, 0.5]},
								"west": {"uv": [25, 26], "uv_size": [0.5, 0.5]},
								"up": {"uv": [15, 3], "uv_size": [1.5, 0.5]},
								"down": {"uv": [4, 15.5], "uv_size": [1.5, -0.5]}
							}
						},
						{
							"origin": [-0.8125, 0.5634, -2.64654],
							"size": [1.625, 0.13258, 0.33146],
							"pivot": [0, 0.63371, -2.6231],
							"rotation": [-135, 0, 0],
							"uv": {
								"north": {"uv": [15, 4], "uv_size": [1.5, 0.5]},
								"east": {"uv": [26, 25], "uv_size": [0.5, 0.5]},
								"south": {"uv": [15, 5], "uv_size": [1.5, 0.5]},
								"west": {"uv": [26, 26], "uv_size": [0.5, 0.5]},
								"up": {"uv": [6, 15], "uv_size": [1.5, 0.5]},
								"down": {"uv": [15, 7.5], "uv_size": [1.5, -0.5]}
							}
						},
						{
							"origin": [-0.8125, 0.46563, -2.89062],
							"size": [1.625, 0.14062, 0.32813],
							"uv": {
								"north": {"uv": [8, 15], "uv_size": [1.5, 0.5]},
								"east": {"uv": [0, 27], "uv_size": [0.5, 0.5]},
								"south": {"uv": [10, 15], "uv_size": [1.5, 0.5]},
								"west": {"uv": [27, 0], "uv_size": [0.5, 0.5]},
								"up": {"uv": [12, 15], "uv_size": [1.5, 0.5]},
								"down": {"uv": [14, 15.5], "uv_size": [1.5, -0.5]}
							}
						},
						{
							"origin": [-0.8125, 0.37187, -2.79687],
							"size": [1.625, 0.32813, 0.14063],
							"uv": {
								"north": {"uv": [0, 16], "uv_size": [1.5, 0.5]},
								"east": {"uv": [1, 27], "uv_size": [0.5, 0.5]},
								"south": {"uv": [16, 0], "uv_size": [1.5, 0.5]},
								"west": {"uv": [27, 1], "uv_size": [0.5, 0.5]},
								"up": {"uv": [2, 16], "uv_size": [1.5, 0.5]},
								"down": {"uv": [4, 16.5], "uv_size": [1.5, -0.5]}
							}
						},
						{
							"origin": [-0.84375, 0.46562, -2.79687],
							"size": [1.6875, 0.14063, 0.14063],
							"pivot": [0, 0.53594, -2.72656],
							"rotation": [45, 0, 0],
							"uv": {
								"north": {"uv": [16, 9], "uv_size": [1.5, 0.5]},
								"east": {"uv": [3, 27], "uv_size": [0.5, 0.5]},
								"south": {"uv": [10, 16], "uv_size": [1.5, 0.5]},
								"west": {"uv": [27, 3], "uv_size": [0.5, 0.5]},
								"up": {"uv": [16, 10], "uv_size": [1.5, 0.5]},
								"down": {"uv": [16, 11.5], "uv_size": [1.5, -0.5]}
							}
						}
					]
				},
				{
					"name": "bone2",
					"parent": "scope_body",
					"pivot": [0, 7.7, -0.25],
					"cubes": [
						{
							"origin": [-0.75, -0.17172, -2.56957],
							"size": [1.5, 0.13258, 0.33146],
							"pivot": [0, -0.2186, -1.53832],
							"rotation": [-45, 0, 0],
							"uv": {
								"north": {"uv": [14, 10], "uv_size": [1.5, 0.5]},
								"east": {"uv": [26, 22], "uv_size": [0.5, 0.5]},
								"south": {"uv": [14, 11], "uv_size": [1.5, 0.5]},
								"west": {"uv": [23, 26], "uv_size": [0.5, 0.5]},
								"up": {"uv": [12, 14], "uv_size": [1.5, 0.5]},
								"down": {"uv": [14, 12.5], "uv_size": [1.5, -0.5]}
							}
						},
						{
							"origin": [-0.75, 0.5009, -1.99029],
							"size": [1.5, 0.13258, 0.33146],
							"pivot": [0, 0.57121, -1.96685],
							"rotation": [-135, 0, 0],
							"uv": {
								"north": {"uv": [14, 13], "uv_size": [1.5, 0.5]},
								"east": {"uv": [26, 23], "uv_size": [0.5, 0.5]},
								"south": {"uv": [14, 14], "uv_size": [1.5, 0.5]},
								"west": {"uv": [24, 26], "uv_size": [0.5, 0.5]},
								"up": {"uv": [0, 15], "uv_size": [1.5, 0.5]},
								"down": {"uv": [15, 1.5], "uv_size": [1.5, -0.5]}
							}
						},
						{
							"origin": [-0.75, 0.40313, -2.23437],
							"size": [1.5, 0.14062, 0.32813],
							"uv": {
								"north": {"uv": [8, 14], "uv_size": [1.5, 0.5]},
								"east": {"uv": [26, 21], "uv_size": [0.5, 0.5]},
								"south": {"uv": [14, 8], "uv_size": [1.5, 0.5]},
								"west": {"uv": [22, 26], "uv_size": [0.5, 0.5]},
								"up": {"uv": [14, 9], "uv_size": [1.5, 0.5]},
								"down": {"uv": [10, 14.5], "uv_size": [1.5, -0.5]}
							}
						},
						{
							"origin": [-0.75, 0.30937, -2.14062],
							"size": [1.5, 0.32813, 0.14063],
							"uv": {
								"north": {"uv": [2, 14], "uv_size": [1.5, 0.5]},
								"east": {"uv": [26, 20], "uv_size": [0.5, 0.5]},
								"south": {"uv": [4, 14], "uv_size": [1.5, 0.5]},
								"west": {"uv": [21, 26], "uv_size": [0.5, 0.5]},
								"up": {"uv": [6, 14], "uv_size": [1.5, 0.5]},
								"down": {"uv": [14, 6.5], "uv_size": [1.5, -0.5]}
							}
						},
						{
							"origin": [-0.1875, 0.46562, -2],
							"size": [0.375, 0.28125, 0.14063],
							"pivot": [0, 0.56719, -1.92969],
							"rotation": [35, 0, 0],
							"uv": {
								"north": {"uv": [28, 24], "uv_size": [0.5, 0.5]},
								"east": {"uv": [25, 28], "uv_size": [0.5, 0.5]},
								"south": {"uv": [28, 25], "uv_size": [0.5, 0.5]},
								"west": {"uv": [26, 28], "uv_size": [0.5, 0.5]},
								"up": {"uv": [28, 26], "uv_size": [0.5, 0.5]},
								"down": {"uv": [27, 28.5], "uv_size": [0.5, -0.5]}
							}
						},
						{
							"origin": [-0.5, 0.68368, -2.26016],
							"size": [1, 0.0625, 0.32812],
							"pivot": [0.3125, 0.50399, -2.00234],
							"rotation": [10, 0, 0],
							"uv": {
								"north": {"uv": [10, 19], "uv_size": [1, 0.5]},
								"east": {"uv": [20, 31], "uv_size": [0.5, 0.5]},
								"south": {"uv": [19, 10], "uv_size": [1, 0.5]},
								"west": {"uv": [31, 20], "uv_size": [0.5, 0.5]},
								"up": {"uv": [11, 19], "uv_size": [1, 0.5]},
								"down": {"uv": [19, 11.5], "uv_size": [1, -0.5]}
							}
						},
						{
							"origin": [-0.5, 0.49341, -2.33555],
							"size": [1, 0.25, 0.26563],
							"pivot": [0.3125, 0.50122, -2.14024],
							"rotation": [55, 0, 0],
							"uv": {
								"north": {"uv": [12, 19], "uv_size": [1, 0.5]},
								"east": {"uv": [21, 31], "uv_size": [0.5, 0.5]},
								"south": {"uv": [19, 12], "uv_size": [1, 0.5]},
								"west": {"uv": [31, 21], "uv_size": [0.5, 0.5]},
								"up": {"uv": [13, 19], "uv_size": [1, 0.5]},
								"down": {"uv": [19, 13.5], "uv_size": [1, -0.5]}
							}
						},
						{
							"origin": [-0.5, 0.65312, -2],
							"size": [0.3125, 0.09375, 0.14063],
							"pivot": [0, 0.56719, -1.92969],
							"rotation": [35, 0, 0],
							"uv": {
								"north": {"uv": [2, 29], "uv_size": [0.5, 0.5]},
								"east": {"uv": [29, 2], "uv_size": [0.5, 0.5]},
								"south": {"uv": [3, 29], "uv_size": [0.5, 0.5]},
								"west": {"uv": [29, 3], "uv_size": [0.5, 0.5]},
								"up": {"uv": [4, 29], "uv_size": [0.5, 0.5]},
								"down": {"uv": [29, 4.5], "uv_size": [0.5, -0.5]}
							}
						},
						{
							"origin": [0.47901, 0.86993, -2.46432],
							"size": [0.125, 0.09375, 0.20313],
							"pivot": [0.54151, 0.9168, -2.20651],
							"rotation": [0, 80, -90],
							"uv": {
								"north": {"uv": [17, 31], "uv_size": [0.5, 0.5]},
								"east": {"uv": [31, 17], "uv_size": [0.5, 0.5]},
								"south": {"uv": [18, 31], "uv_size": [0.5, 0.5]},
								"west": {"uv": [31, 18], "uv_size": [0.5, 0.5]},
								"up": {"uv": [19, 31], "uv_size": [0.5, 0.5]},
								"down": {"uv": [31, 19.5], "uv_size": [0.5, -0.5]}
							}
						},
						{
							"origin": [0.79151, 0.79923, -2.24147],
							"size": [0.25, 0.0625, 0.0625],
							"pivot": [0.54151, 0.81485, -2.24928],
							"rotation": [0, -17.5, -90],
							"uv": {
								"north": {"uv": [14, 31], "uv_size": [0.5, 0.5]},
								"east": {"uv": [31, 14], "uv_size": [0.5, 0.5]},
								"south": {"uv": [15, 31], "uv_size": [0.5, 0.5]},
								"west": {"uv": [31, 15], "uv_size": [0.5, 0.5]},
								"up": {"uv": [16, 31], "uv_size": [0.5, 0.5]},
								"down": {"uv": [31, 16.5], "uv_size": [0.5, -0.5]}
							}
						},
						{
							"origin": [0.79151, 0.99565, -2.0386],
							"size": [0.25, 0.0625, 0.0625],
							"pivot": [0.54151, 1.01128, -2.04641],
							"rotation": [0, 12.5, -90],
							"uv": {
								"north": {"uv": [11, 31], "uv_size": [0.5, 0.5]},
								"east": {"uv": [31, 11], "uv_size": [0.5, 0.5]},
								"south": {"uv": [12, 31], "uv_size": [0.5, 0.5]},
								"west": {"uv": [31, 12], "uv_size": [0.5, 0.5]},
								"up": {"uv": [13, 31], "uv_size": [0.5, 0.5]},
								"down": {"uv": [31, 13.5], "uv_size": [0.5, -0.5]}
							}
						},
						{
							"origin": [0.97901, 1.09575, -1.87835],
							"size": [0.0625, 0.0625, 0.08839],
							"pivot": [0.54151, 1.11137, -1.86027],
							"rotation": [0, 45, -90],
							"uv": {
								"north": {"uv": [8, 31], "uv_size": [0.5, 0.5]},
								"east": {"uv": [31, 8], "uv_size": [0.5, 0.5]},
								"south": {"uv": [9, 31], "uv_size": [0.5, 0.5]},
								"west": {"uv": [31, 9], "uv_size": [0.5, 0.5]},
								"up": {"uv": [10, 31], "uv_size": [0.5, 0.5]},
								"down": {"uv": [31, 10.5], "uv_size": [0.5, -0.5]}
							}
						},
						{
							"origin": [0.97901, 0.99902, -2.16411],
							"size": [0.0625, 0.0625, 0.07813],
							"pivot": [0.54151, 1.01464, -2.1563],
							"rotation": [0, 0, -90],
							"uv": {
								"north": {"uv": [5, 31], "uv_size": [0.5, 0.5]},
								"east": {"uv": [31, 5], "uv_size": [0.5, 0.5]},
								"south": {"uv": [6, 31], "uv_size": [0.5, 0.5]},
								"west": {"uv": [31, 6], "uv_size": [0.5, 0.5]},
								"up": {"uv": [7, 31], "uv_size": [0.5, 0.5]},
								"down": {"uv": [31, 7.5], "uv_size": [0.5, -0.5]}
							}
						},
						{
							"origin": [0.64635, 0.83094, -2.17378],
							"size": [0.1875, 0.0625, 0.14063],
							"pivot": [0.58385, 0.84657, -2.10347],
							"rotation": [-2.20462, 12.3071, -100.23772],
							"uv": {
								"north": {"uv": [2, 31], "uv_size": [0.5, 0.5]},
								"east": {"uv": [31, 2], "uv_size": [0.5, 0.5]},
								"south": {"uv": [3, 31], "uv_size": [0.5, 0.5]},
								"west": {"uv": [31, 3], "uv_size": [0.5, 0.5]},
								"up": {"uv": [4, 31], "uv_size": [0.5, 0.5]},
								"down": {"uv": [31, 4.5], "uv_size": [0.5, -0.5]}
							}
						},
						{
							"origin": [0.60401, 0.99902, -2.22661],
							"size": [0.375, 0.0625, 0.14063],
							"pivot": [0.54151, 1.01464, -2.1563],
							"rotation": [0, 0, -90],
							"uv": {
								"north": {"uv": [30, 29], "uv_size": [0.5, 0.5]},
								"east": {"uv": [30, 30], "uv_size": [0.5, 0.5]},
								"south": {"uv": [0, 31], "uv_size": [0.5, 0.5]},
								"west": {"uv": [31, 0], "uv_size": [0.5, 0.5]},
								"up": {"uv": [1, 31], "uv_size": [0.5, 0.5]},
								"down": {"uv": [31, 1.5], "uv_size": [0.5, -0.5]}
							}
						},
						{
							"origin": [0.47901, 0.80141, -2.26791],
							"size": [0.125, 0.09375, 0.23438],
							"pivot": [0.54151, 0.84829, -2.10385],
							"rotation": [0, 12.5, -90],
							"uv": {
								"north": {"uv": [30, 26], "uv_size": [0.5, 0.5]},
								"east": {"uv": [27, 30], "uv_size": [0.5, 0.5]},
								"south": {"uv": [30, 27], "uv_size": [0.5, 0.5]},
								"west": {"uv": [28, 30], "uv_size": [0.5, 0.5]},
								"up": {"uv": [30, 28], "uv_size": [0.5, 0.5]},
								"down": {"uv": [29, 30.5], "uv_size": [0.5, -0.5]}
							}
						},
						{
							"origin": [0.60401, 0.83266, -2.17416],
							"size": [0.1875, 0.0625, 0.14063],
							"pivot": [0.54151, 0.84829, -2.10385],
							"rotation": [0, 12.5, -90],
							"uv": {
								"north": {"uv": [30, 23], "uv_size": [0.5, 0.5]},
								"east": {"uv": [24, 30], "uv_size": [0.5, 0.5]},
								"south": {"uv": [30, 24], "uv_size": [0.5, 0.5]},
								"west": {"uv": [25, 30], "uv_size": [0.5, 0.5]},
								"up": {"uv": [30, 25], "uv_size": [0.5, 0.5]},
								"down": {"uv": [26, 30.5], "uv_size": [0.5, -0.5]}
							}
						},
						{
							"origin": [0.47901, 0.71431, -2.31825],
							"size": [0.13273, 0.09375, 0.32303],
							"pivot": [0.54151, 0.76118, -2.06553],
							"rotation": [0, 35, -90],
							"uv": {
								"north": {"uv": [30, 20], "uv_size": [0.5, 0.5]},
								"east": {"uv": [21, 30], "uv_size": [0.5, 0.5]},
								"south": {"uv": [30, 21], "uv_size": [0.5, 0.5]},
								"west": {"uv": [22, 30], "uv_size": [0.5, 0.5]},
								"up": {"uv": [30, 22], "uv_size": [0.5, 0.5]},
								"down": {"uv": [23, 30.5], "uv_size": [0.5, -0.5]}
							}
						},
						{
							"origin": [0.70721, 0.38413, -1.99406],
							"size": [0.125, 0.09375, 0.32303],
							"pivot": [0.20721, 0.29819, -1.74133],
							"rotation": [26.341, 23.92746, -39.32269],
							"uv": {
								"north": {"uv": [30, 17], "uv_size": [0.5, 0.5]},
								"east": {"uv": [18, 30], "uv_size": [0.5, 0.5]},
								"south": {"uv": [30, 18], "uv_size": [0.5, 0.5]},
								"west": {"uv": [19, 30], "uv_size": [0.5, 0.5]},
								"up": {"uv": [30, 19], "uv_size": [0.5, 0.5]},
								"down": {"uv": [20, 30.5], "uv_size": [0.5, -0.5]}
							}
						},
						{
							"origin": [0.33221, 0.38413, -1.81165],
							"size": [0.125, 0.09375, 0.14063],
							"pivot": [-0.04279, 0.29819, -1.74133],
							"rotation": [26.341, 23.92746, -39.32269],
							"uv": {
								"north": {"uv": [30, 14], "uv_size": [0.5, 0.5]},
								"east": {"uv": [15, 30], "uv_size": [0.5, 0.5]},
								"south": {"uv": [30, 15], "uv_size": [0.5, 0.5]},
								"west": {"uv": [16, 30], "uv_size": [0.5, 0.5]},
								"up": {"uv": [30, 16], "uv_size": [0.5, 0.5]},
								"down": {"uv": [17, 30.5], "uv_size": [0.5, -0.5]}
							}
						},
						{
							"origin": [0.1875, 0.65312, -2],
							"size": [0.3125, 0.09375, 0.14063],
							"pivot": [0, 0.56719, -1.92969],
							"rotation": [35, 0, 0],
							"uv": {
								"north": {"uv": [30, 11], "uv_size": [0.5, 0.5]},
								"east": {"uv": [12, 30], "uv_size": [0.5, 0.5]},
								"south": {"uv": [30, 12], "uv_size": [0.5, 0.5]},
								"west": {"uv": [13, 30], "uv_size": [0.5, 0.5]},
								"up": {"uv": [30, 13], "uv_size": [0.5, 0.5]},
								"down": {"uv": [14, 30.5], "uv_size": [0.5, -0.5]}
							}
						},
						{
							"origin": [-0.83221, 0.38413, -1.99406],
							"size": [0.125, 0.09375, 0.32303],
							"pivot": [-0.20721, 0.29819, -1.74133],
							"rotation": [26.341, -23.92746, 39.32269],
							"uv": {
								"north": {"uv": [8, 29], "uv_size": [0.5, 0.5]},
								"east": {"uv": [29, 8], "uv_size": [0.5, 0.5]},
								"south": {"uv": [9, 29], "uv_size": [0.5, 0.5]},
								"west": {"uv": [29, 9], "uv_size": [0.5, 0.5]},
								"up": {"uv": [10, 29], "uv_size": [0.5, 0.5]},
								"down": {"uv": [29, 10.5], "uv_size": [0.5, -0.5]}
							}
						},
						{
							"origin": [-0.61174, 0.71431, -2.31825],
							"size": [0.13273, 0.09375, 0.32303],
							"pivot": [-0.54151, 0.76118, -2.06553],
							"rotation": [0, -35, 90],
							"uv": {
								"north": {"uv": [11, 29], "uv_size": [0.5, 0.5]},
								"east": {"uv": [29, 11], "uv_size": [0.5, 0.5]},
								"south": {"uv": [12, 29], "uv_size": [0.5, 0.5]},
								"west": {"uv": [29, 12], "uv_size": [0.5, 0.5]},
								"up": {"uv": [13, 29], "uv_size": [0.5, 0.5]},
								"down": {"uv": [29, 13.5], "uv_size": [0.5, -0.5]}
							}
						},
						{
							"origin": [-0.60401, 0.86993, -2.46432],
							"size": [0.125, 0.09375, 0.20313],
							"pivot": [-0.54151, 0.9168, -2.20651],
							"rotation": [0, -80, 90],
							"uv": {
								"north": {"uv": [30, 8], "uv_size": [0.5, 0.5]},
								"east": {"uv": [9, 30], "uv_size": [0.5, 0.5]},
								"south": {"uv": [30, 9], "uv_size": [0.5, 0.5]},
								"west": {"uv": [10, 30], "uv_size": [0.5, 0.5]},
								"up": {"uv": [30, 10], "uv_size": [0.5, 0.5]},
								"down": {"uv": [11, 30.5], "uv_size": [0.5, -0.5]}
							}
						},
						{
							"origin": [-0.79151, 0.83266, -2.17416],
							"size": [0.1875, 0.0625, 0.14063],
							"pivot": [-0.54151, 0.84829, -2.10385],
							"rotation": [0, -12.5, 90],
							"uv": {
								"north": {"uv": [14, 29], "uv_size": [0.5, 0.5]},
								"east": {"uv": [29, 14], "uv_size": [0.5, 0.5]},
								"south": {"uv": [15, 29], "uv_size": [0.5, 0.5]},
								"west": {"uv": [29, 15], "uv_size": [0.5, 0.5]},
								"up": {"uv": [16, 29], "uv_size": [0.5, 0.5]},
								"down": {"uv": [29, 16.5], "uv_size": [0.5, -0.5]}
							}
						},
						{
							"origin": [-0.66651, 0.89516, -2.17416],
							"size": [0.3125, 0.125, 0.09375],
							"pivot": [-0.54151, 0.84829, -2.10385],
							"rotation": [0, -12.5, 90],
							"uv": {
								"north": {"uv": [32, 8], "uv_size": [0.5, 0.5]},
								"east": {"uv": [9, 32], "uv_size": [0.5, 0.5]},
								"south": {"uv": [32, 9], "uv_size": [0.5, 0.5]},
								"west": {"uv": [10, 32], "uv_size": [0.5, 0.5]},
								"up": {"uv": [32, 10], "uv_size": [0.5, 0.5]},
								"down": {"uv": [11, 32.5], "uv_size": [0.5, -0.5]}
							}
						},
						{
							"origin": [-0.52778, 0.81225, -2.15578],
							"size": [0.1875, 0.125, 0.09375],
							"pivot": [-0.40278, 0.76538, -2.08547],
							"rotation": [8.90928, -8.80348, 44.31282],
							"uv": {
								"north": {"uv": [32, 17], "uv_size": [0.5, 0.5]},
								"east": {"uv": [18, 32], "uv_size": [0.5, 0.5]},
								"south": {"uv": [32, 18], "uv_size": [0.5, 0.5]},
								"west": {"uv": [19, 32], "uv_size": [0.5, 0.5]},
								"up": {"uv": [32, 19], "uv_size": [0.5, 0.5]},
								"down": {"uv": [20, 32.5], "uv_size": [0.5, -0.5]}
							}
						},
						{
							"origin": [-0.6347, 0.96489, -2.17577],
							"size": [0.1875, 0.0625, 0.09375],
							"pivot": [-0.5097, 0.85551, -2.10545],
							"rotation": [10.86815, -6.21271, 29.40842],
							"uv": {
								"north": {"uv": [32, 20], "uv_size": [0.5, 0.5]},
								"east": {"uv": [21, 32], "uv_size": [0.5, 0.5]},
								"south": {"uv": [32, 21], "uv_size": [0.5, 0.5]},
								"west": {"uv": [22, 32], "uv_size": [0.5, 0.5]},
								"up": {"uv": [32, 22], "uv_size": [0.5, 0.5]},
								"down": {"uv": [23, 32.5], "uv_size": [0.5, -0.5]}
							}
						},
						{
							"origin": [0.34028, 0.81225, -2.15578],
							"size": [0.1875, 0.125, 0.09375],
							"pivot": [0.40278, 0.76538, -2.08547],
							"rotation": [8.90928, 8.80348, -44.31282],
							"uv": {
								"north": {"uv": [32, 26], "uv_size": [0.5, 0.5]},
								"east": {"uv": [27, 32], "uv_size": [0.5, 0.5]},
								"south": {"uv": [32, 27], "uv_size": [0.5, 0.5]},
								"west": {"uv": [28, 32], "uv_size": [0.5, 0.5]},
								"up": {"uv": [32, 28], "uv_size": [0.5, 0.5]},
								"down": {"uv": [29, 32.5], "uv_size": [0.5, -0.5]}
							}
						},
						{
							"origin": [0.4472, 0.96489, -2.17577],
							"size": [0.1875, 0.0625, 0.09375],
							"pivot": [0.5097, 0.85551, -2.10545],
							"rotation": [10.86815, 6.21271, -29.40842],
							"uv": {
								"north": {"uv": [32, 23], "uv_size": [0.5, 0.5]},
								"east": {"uv": [24, 32], "uv_size": [0.5, 0.5]},
								"south": {"uv": [32, 24], "uv_size": [0.5, 0.5]},
								"west": {"uv": [25, 32], "uv_size": [0.5, 0.5]},
								"up": {"uv": [32, 25], "uv_size": [0.5, 0.5]},
								"down": {"uv": [26, 32.5], "uv_size": [0.5, -0.5]}
							}
						},
						{
							"origin": [0.35401, 0.89516, -2.17416],
							"size": [0.3125, 0.125, 0.09375],
							"pivot": [0.54151, 0.84829, -2.10385],
							"rotation": [0, 12.5, -90],
							"uv": {
								"north": {"uv": [32, 14], "uv_size": [0.5, 0.5]},
								"east": {"uv": [15, 32], "uv_size": [0.5, 0.5]},
								"south": {"uv": [32, 15], "uv_size": [0.5, 0.5]},
								"west": {"uv": [16, 32], "uv_size": [0.5, 0.5]},
								"up": {"uv": [32, 16], "uv_size": [0.5, 0.5]},
								"down": {"uv": [17, 32.5], "uv_size": [0.5, -0.5]}
							}
						},
						{
							"origin": [-0.54151, 1.02016, -2.17416],
							"size": [0.1875, 0.73928, 0.09375],
							"pivot": [-0.54151, 0.84829, -2.10385],
							"rotation": [0, -12.5, 90],
							"uv": {
								"north": {"uv": [32, 11], "uv_size": [0.5, 0.5]},
								"east": {"uv": [12, 32], "uv_size": [0.5, 0.5]},
								"south": {"uv": [32, 12], "uv_size": [0.5, 0.5]},
								"west": {"uv": [13, 32], "uv_size": [0.5, 0.5]},
								"up": {"uv": [32, 13], "uv_size": [0.5, 0.5]},
								"down": {"uv": [14, 32.5], "uv_size": [0.5, -0.5]}
							}
						},
						{
							"origin": [-0.83385, 0.83094, -2.17378],
							"size": [0.1875, 0.0625, 0.14063],
							"pivot": [-0.58385, 0.84657, -2.10347],
							"rotation": [-2.20462, -12.3071, 100.23772],
							"uv": {
								"north": {"uv": [23, 29], "uv_size": [0.5, 0.5]},
								"east": {"uv": [29, 23], "uv_size": [0.5, 0.5]},
								"south": {"uv": [24, 29], "uv_size": [0.5, 0.5]},
								"west": {"uv": [29, 24], "uv_size": [0.5, 0.5]},
								"up": {"uv": [25, 29], "uv_size": [0.5, 0.5]},
								"down": {"uv": [29, 25.5], "uv_size": [0.5, -0.5]}
							}
						},
						{
							"origin": [-0.97901, 0.99902, -2.22661],
							"size": [0.375, 0.0625, 0.14063],
							"pivot": [-0.54151, 1.01464, -2.1563],
							"rotation": [0, 0, 90],
							"uv": {
								"north": {"uv": [20, 29], "uv_size": [0.5, 0.5]},
								"east": {"uv": [29, 20], "uv_size": [0.5, 0.5]},
								"south": {"uv": [21, 29], "uv_size": [0.5, 0.5]},
								"west": {"uv": [29, 21], "uv_size": [0.5, 0.5]},
								"up": {"uv": [22, 29], "uv_size": [0.5, 0.5]},
								"down": {"uv": [29, 22.5], "uv_size": [0.5, -0.5]}
							}
						},
						{
							"origin": [-1.04151, 0.99902, -2.16411],
							"size": [0.0625, 0.0625, 0.07813],
							"pivot": [-0.54151, 1.01464, -2.1563],
							"rotation": [0, 0, 90],
							"uv": {
								"north": {"uv": [26, 29], "uv_size": [0.5, 0.5]},
								"east": {"uv": [29, 26], "uv_size": [0.5, 0.5]},
								"south": {"uv": [27, 29], "uv_size": [0.5, 0.5]},
								"west": {"uv": [29, 27], "uv_size": [0.5, 0.5]},
								"up": {"uv": [28, 29], "uv_size": [0.5, 0.5]},
								"down": {"uv": [29, 28.5], "uv_size": [0.5, -0.5]}
							}
						},
						{
							"origin": [-1.04151, 0.99565, -2.0386],
							"size": [0.25, 0.0625, 0.0625],
							"pivot": [-0.54151, 1.01128, -2.04641],
							"rotation": [0, -12.5, 90],
							"uv": {
								"north": {"uv": [30, 2], "uv_size": [0.5, 0.5]},
								"east": {"uv": [3, 30], "uv_size": [0.5, 0.5]},
								"south": {"uv": [30, 3], "uv_size": [0.5, 0.5]},
								"west": {"uv": [4, 30], "uv_size": [0.5, 0.5]},
								"up": {"uv": [30, 4], "uv_size": [0.5, 0.5]},
								"down": {"uv": [5, 30.5], "uv_size": [0.5, -0.5]}
							}
						},
						{
							"origin": [-1.04151, 0.79923, -2.24147],
							"size": [0.25, 0.0625, 0.0625],
							"pivot": [-0.54151, 0.81485, -2.24928],
							"rotation": [0, 17.5, 90],
							"uv": {
								"north": {"uv": [30, 5], "uv_size": [0.5, 0.5]},
								"east": {"uv": [6, 30], "uv_size": [0.5, 0.5]},
								"south": {"uv": [30, 6], "uv_size": [0.5, 0.5]},
								"west": {"uv": [7, 30], "uv_size": [0.5, 0.5]},
								"up": {"uv": [30, 7], "uv_size": [0.5, 0.5]},
								"down": {"uv": [8, 30.5], "uv_size": [0.5, -0.5]}
							}
						},
						{
							"origin": [-1.04151, 1.09575, -1.87835],
							"size": [0.0625, 0.0625, 0.08839],
							"pivot": [-0.54151, 1.11137, -1.86027],
							"rotation": [0, -45, 90],
							"uv": {
								"north": {"uv": [29, 29], "uv_size": [0.5, 0.5]},
								"east": {"uv": [0, 30], "uv_size": [0.5, 0.5]},
								"south": {"uv": [30, 0], "uv_size": [0.5, 0.5]},
								"west": {"uv": [1, 30], "uv_size": [0.5, 0.5]},
								"up": {"uv": [30, 1], "uv_size": [0.5, 0.5]},
								"down": {"uv": [2, 30.5], "uv_size": [0.5, -0.5]}
							}
						},
						{
							"origin": [-0.60401, 0.80141, -2.26791],
							"size": [0.125, 0.09375, 0.23438],
							"pivot": [-0.54151, 0.84829, -2.10385],
							"rotation": [0, -12.5, 90],
							"uv": {
								"north": {"uv": [17, 29], "uv_size": [0.5, 0.5]},
								"east": {"uv": [29, 17], "uv_size": [0.5, 0.5]},
								"south": {"uv": [18, 29], "uv_size": [0.5, 0.5]},
								"west": {"uv": [29, 18], "uv_size": [0.5, 0.5]},
								"up": {"uv": [19, 29], "uv_size": [0.5, 0.5]},
								"down": {"uv": [29, 19.5], "uv_size": [0.5, -0.5]}
							}
						},
						{
							"origin": [-0.45721, 0.38413, -1.81165],
							"size": [0.125, 0.09375, 0.14063],
							"pivot": [0.04279, 0.29819, -1.74133],
							"rotation": [26.341, -23.92746, 39.32269],
							"uv": {
								"north": {"uv": [5, 29], "uv_size": [0.5, 0.5]},
								"east": {"uv": [29, 5], "uv_size": [0.5, 0.5]},
								"south": {"uv": [6, 29], "uv_size": [0.5, 0.5]},
								"west": {"uv": [29, 6], "uv_size": [0.5, 0.5]},
								"up": {"uv": [7, 29], "uv_size": [0.5, 0.5]},
								"down": {"uv": [29, 7.5], "uv_size": [0.5, -0.5]}
							}
						},
						{
							"origin": [-0.1875, 0.35245, -1.95446],
							"size": [0.375, 0.17188, 0.14063],
							"uv": {
								"north": {"uv": [28, 27], "uv_size": [0.5, 0.5]},
								"east": {"uv": [28, 28], "uv_size": [0.5, 0.5]},
								"south": {"uv": [0, 29], "uv_size": [0.5, 0.5]},
								"west": {"uv": [29, 0], "uv_size": [0.5, 0.5]},
								"up": {"uv": [1, 29], "uv_size": [0.5, 0.5]},
								"down": {"uv": [29, 1.5], "uv_size": [0.5, -0.5]}
							}
						},
						{
							"origin": [-0.78125, 0.40312, -2.14062],
							"size": [1.5625, 0.14063, 0.14063],
							"pivot": [0, 0.47344, -2.07031],
							"rotation": [-45, 0, 0],
							"uv": {
								"north": {"uv": [6, 16], "uv_size": [1.5, 0.5]},
								"east": {"uv": [2, 27], "uv_size": [0.5, 0.5]},
								"south": {"uv": [16, 6], "uv_size": [1.5, 0.5]},
								"west": {"uv": [27, 2], "uv_size": [0.5, 0.5]},
								"up": {"uv": [8, 16], "uv_size": [1.5, 0.5]},
								"down": {"uv": [16, 8.5], "uv_size": [1.5, -0.5]}
							}
						}
					]
				},
				{
					"name": "bone",
					"parent": "scope_body",
					"pivot": [0, 7.7, -0.25],
					"cubes": [
						{
							"origin": [-0.19254, 0.2625, -0.1875],
							"size": [0.38507, 0.39062, 0.27621],
							"inflate": 0.0001,
							"uv": {
								"north": {"uv": [32, 30], "uv_size": [0.5, 0.5]},
								"east": {"uv": [31, 32], "uv_size": [0.5, 0.5]},
								"south": {"uv": [32, 31], "uv_size": [0.5, 0.5]},
								"west": {"uv": [32, 32], "uv_size": [0.5, 0.5]},
								"up": {"uv": [0, 33], "uv_size": [0.5, 0.5]},
								"down": {"uv": [33, 0.5], "uv_size": [0.5, -0.5]}
							}
						},
						{
							"origin": [0.09342, 0.2625, -0.27556],
							"size": [0.39063, 0.39062, 0.25],
							"inflate": 0.0001,
							"pivot": [0.28092, 0.36406, -0.08806],
							"rotation": [0, 45, 0],
							"uv": {
								"north": {"uv": [1, 33], "uv_size": [0.5, 0.5]},
								"east": {"uv": [33, 1], "uv_size": [0.5, 0.5]},
								"south": {"uv": [2, 33], "uv_size": [0.5, 0.5]},
								"west": {"uv": [33, 2], "uv_size": [0.5, 0.5]},
								"up": {"uv": [3, 33], "uv_size": [0.5, 0.5]},
								"down": {"uv": [33, 3.5], "uv_size": [0.5, -0.5]}
							}
						},
						{
							"origin": [-0.46875, 0.46562, -0.875],
							"size": [0.9375, 0.1875, 0.6875],
							"inflate": 0.0001,
							"uv": {
								"north": {"uv": [14, 19], "uv_size": [1, 0.5]},
								"east": {"uv": [4, 33], "uv_size": [0.5, 0.5]},
								"south": {"uv": [19, 14], "uv_size": [1, 0.5]},
								"west": {"uv": [33, 4], "uv_size": [0.5, 0.5]},
								"up": {"uv": [15, 19], "uv_size": [1, 0.5]},
								"down": {"uv": [19, 15.5], "uv_size": [1, -0.5]}
							}
						},
						{
							"origin": [-0.48405, 0.2625, -0.27556],
							"size": [0.39063, 0.39062, 0.25],
							"inflate": 0.0001,
							"pivot": [-0.28092, 0.36406, -0.08806],
							"rotation": [0, -45, 0],
							"uv": {
								"north": {"uv": [5, 33], "uv_size": [0.5, 0.5]},
								"east": {"uv": [33, 5], "uv_size": [0.5, 0.5]},
								"south": {"uv": [6, 33], "uv_size": [0.5, 0.5]},
								"west": {"uv": [33, 6], "uv_size": [0.5, 0.5]},
								"up": {"uv": [7, 33], "uv_size": [0.5, 0.5]},
								"down": {"uv": [33, 7.5], "uv_size": [0.5, -0.5]}
							}
						},
						{
							"origin": [0.75369, 0.24846, -0.875],
							"size": [0.125, 0.25, 0.6875],
							"inflate": 0.0001,
							"pivot": [0.28494, -0.45467, -1.25],
							"rotation": [0, 0, -22.5],
							"uv": {
								"north": {"uv": [8, 33], "uv_size": [0.5, 0.5]},
								"east": {"uv": [33, 8], "uv_size": [0.5, 0.5]},
								"south": {"uv": [9, 33], "uv_size": [0.5, 0.5]},
								"west": {"uv": [33, 9], "uv_size": [0.5, 0.5]},
								"up": {"uv": [10, 33], "uv_size": [0.5, 0.5]},
								"down": {"uv": [33, 10.5], "uv_size": [0.5, -0.5]}
							}
						},
						{
							"origin": [-0.87869, 0.24846, -0.875],
							"size": [0.125, 0.25, 0.6875],
							"inflate": 0.0001,
							"pivot": [-0.28494, -0.45467, -1.25],
							"rotation": [0, 0, 22.5],
							"uv": {
								"north": {"uv": [11, 33], "uv_size": [0.5, 0.5]},
								"east": {"uv": [33, 11], "uv_size": [0.5, 0.5]},
								"south": {"uv": [12, 33], "uv_size": [0.5, 0.5]},
								"west": {"uv": [33, 12], "uv_size": [0.5, 0.5]},
								"up": {"uv": [13, 33], "uv_size": [0.5, 0.5]},
								"down": {"uv": [33, 13.5], "uv_size": [0.5, -0.5]}
							}
						},
						{
							"origin": [-0.4083, 0.3286, -1.625],
							"size": [0.125, 0.3125, 0.75],
							"inflate": 0.0001,
							"pivot": [-0.3458, 0.48485, -1.15625],
							"rotation": [0, 0, 22.5],
							"uv": {
								"north": {"uv": [14, 33], "uv_size": [0.5, 0.5]},
								"east": {"uv": [16, 19], "uv_size": [1, 0.5]},
								"south": {"uv": [33, 14], "uv_size": [0.5, 0.5]},
								"west": {"uv": [19, 16], "uv_size": [1, 0.5]},
								"up": {"uv": [17, 19], "uv_size": [0.5, 1]},
								"down": {"uv": [19, 18], "uv_size": [0.5, -1]}
							}
						},
						{
							"origin": [-0.34405, 0.34062, -0.90288],
							"size": [0.125, 0.3125, 0.3125],
							"inflate": 0.0001,
							"pivot": [0.1247, -0.3, -0.96538],
							"rotation": [0, -30, 0],
							"uv": {
								"north": {"uv": [15, 33], "uv_size": [0.5, 0.5]},
								"east": {"uv": [33, 15], "uv_size": [0.5, 0.5]},
								"south": {"uv": [16, 33], "uv_size": [0.5, 0.5]},
								"west": {"uv": [33, 16], "uv_size": [0.5, 0.5]},
								"up": {"uv": [17, 33], "uv_size": [0.5, 0.5]},
								"down": {"uv": [33, 17.5], "uv_size": [0.5, -0.5]}
							}
						},
						{
							"origin": [0.21905, 0.34062, -0.90288],
							"size": [0.125, 0.3125, 0.3125],
							"inflate": 0.0001,
							"pivot": [-0.1247, -0.3, -0.96538],
							"rotation": [0, 30, 0],
							"uv": {
								"north": {"uv": [18, 33], "uv_size": [0.5, 0.5]},
								"east": {"uv": [33, 18], "uv_size": [0.5, 0.5]},
								"south": {"uv": [19, 33], "uv_size": [0.5, 0.5]},
								"west": {"uv": [33, 19], "uv_size": [0.5, 0.5]},
								"up": {"uv": [20, 33], "uv_size": [0.5, 0.5]},
								"down": {"uv": [33, 20.5], "uv_size": [0.5, -0.5]}
							}
						},
						{
							"origin": [-0.34375, 0.34062, -1.625],
							"size": [0.6875, 0.3125, 0.75],
							"inflate": 0.0001,
							"uv": {
								"north": {"uv": [21, 33], "uv_size": [0.5, 0.5]},
								"east": {"uv": [18, 19], "uv_size": [1, 0.5]},
								"south": {"uv": [33, 21], "uv_size": [0.5, 0.5]},
								"west": {"uv": [19, 18], "uv_size": [1, 0.5]},
								"up": {"uv": [19, 19], "uv_size": [0.5, 1]},
								"down": {"uv": [0, 21], "uv_size": [0.5, -1]}
							}
						},
						{
							"origin": [0.2833, 0.3286, -1.625],
							"size": [0.125, 0.3125, 0.75],
							"inflate": 0.0001,
							"pivot": [0.3458, 0.48485, -1.15625],
							"rotation": [0, 0, -22.5],
							"uv": {
								"north": {"uv": [22, 33], "uv_size": [0.5, 0.5]},
								"east": {"uv": [20, 0], "uv_size": [1, 0.5]},
								"south": {"uv": [33, 22], "uv_size": [0.5, 0.5]},
								"west": {"uv": [1, 20], "uv_size": [1, 0.5]},
								"up": {"uv": [20, 1], "uv_size": [0.5, 1]},
								"down": {"uv": [2, 21], "uv_size": [0.5, -1]}
							}
						},
						{
							"origin": [-0.18214, 0.34062, -1.78661],
							"size": [0.36428, 0.3125, 0.16161],
							"inflate": 0.0001,
							"uv": {
								"north": {"uv": [23, 33], "uv_size": [0.5, 0.5]},
								"east": {"uv": [33, 23], "uv_size": [0.5, 0.5]},
								"south": {"uv": [24, 33], "uv_size": [0.5, 0.5]},
								"west": {"uv": [33, 24], "uv_size": [0.5, 0.5]},
								"up": {"uv": [25, 33], "uv_size": [0.5, 0.5]},
								"down": {"uv": [33, 25.5], "uv_size": [0.5, -0.5]}
							}
						},
						{
							"origin": [-0.06629, 0.34062, -1.95516],
							"size": [0.22855, 0.3125, 0.25],
							"inflate": 0.0001,
							"pivot": [0.19351, -0.3, -1.45516],
							"rotation": [0, 45, 0],
							"uv": {
								"north": {"uv": [26, 33], "uv_size": [0.5, 0.5]},
								"east": {"uv": [33, 26], "uv_size": [0.5, 0.5]},
								"south": {"uv": [27, 33], "uv_size": [0.5, 0.5]},
								"west": {"uv": [33, 27], "uv_size": [0.5, 0.5]},
								"up": {"uv": [28, 33], "uv_size": [0.5, 0.5]},
								"down": {"uv": [33, 28.5], "uv_size": [0.5, -0.5]}
							}
						},
						{
							"origin": [-0.16226, 0.34062, -1.95516],
							"size": [0.22855, 0.3125, 0.25],
							"inflate": 0.0001,
							"pivot": [-0.19351, -0.3, -1.45516],
							"rotation": [0, -45, 0],
							"uv": {
								"north": {"uv": [29, 33], "uv_size": [0.5, 0.5]},
								"east": {"uv": [33, 29], "uv_size": [0.5, 0.5]},
								"south": {"uv": [30, 33], "uv_size": [0.5, 0.5]},
								"west": {"uv": [33, 30], "uv_size": [0.5, 0.5]},
								"up": {"uv": [31, 33], "uv_size": [0.5, 0.5]},
								"down": {"uv": [33, 31.5], "uv_size": [0.5, -0.5]}
							}
						},
						{
							"origin": [-0.00379, 0.65312, -1.76766],
							"size": [0.22855, 0.0625, 0.125],
							"pivot": [0.25601, -0.3, -1.26766],
							"rotation": [0, 45, 0],
							"uv": {
								"north": {"uv": [32, 33], "uv_size": [0.5, 0.5]},
								"east": {"uv": [33, 32], "uv_size": [0.5, 0.5]},
								"south": {"uv": [33, 33], "uv_size": [0.5, 0.5]},
								"west": {"uv": [0, 34], "uv_size": [0.5, 0.5]},
								"up": {"uv": [34, 0], "uv_size": [0.5, 0.5]},
								"down": {"uv": [1, 34.5], "uv_size": [0.5, -0.5]}
							}
						},
						{
							"origin": [-0.11964, 0.65312, -1.59911],
							"size": [0.23928, 0.0625, 0.125],
							"uv": {
								"north": {"uv": [34, 1], "uv_size": [0.5, 0.5]},
								"east": {"uv": [2, 34], "uv_size": [0.5, 0.5]},
								"south": {"uv": [34, 2], "uv_size": [0.5, 0.5]},
								"west": {"uv": [3, 34], "uv_size": [0.5, 0.5]},
								"up": {"uv": [34, 3], "uv_size": [0.5, 0.5]},
								"down": {"uv": [4, 34.5], "uv_size": [0.5, -0.5]}
							}
						},
						{
							"origin": [-0.22476, 0.65312, -1.76766],
							"size": [0.22855, 0.0625, 0.125],
							"pivot": [-0.25601, -0.3, -1.26766],
							"rotation": [0, -45, 0],
							"uv": {
								"north": {"uv": [34, 4], "uv_size": [0.5, 0.5]},
								"east": {"uv": [5, 34], "uv_size": [0.5, 0.5]},
								"south": {"uv": [34, 5], "uv_size": [0.5, 0.5]},
								"west": {"uv": [6, 34], "uv_size": [0.5, 0.5]},
								"up": {"uv": [34, 6], "uv_size": [0.5, 0.5]},
								"down": {"uv": [7, 34.5], "uv_size": [0.5, -0.5]}
							}
						},
						{
							"origin": [0.0125, 0.65312, -1.83828],
							"size": [0.16605, 0.0625, 0.125],
							"pivot": [0.2098, -0.3, -1.33828],
							"rotation": [0, 75, 0],
							"uv": {
								"north": {"uv": [34, 7], "uv_size": [0.5, 0.5]},
								"east": {"uv": [8, 34], "uv_size": [0.5, 0.5]},
								"south": {"uv": [34, 8], "uv_size": [0.5, 0.5]},
								"west": {"uv": [9, 34], "uv_size": [0.5, 0.5]},
								"up": {"uv": [34, 9], "uv_size": [0.5, 0.5]},
								"down": {"uv": [10, 34.5], "uv_size": [0.5, -0.5]}
							}
						},
						{
							"origin": [-0.04666, 0.65312, -1.9367],
							"size": [0.16605, 0.0625, 0.125],
							"pivot": [0.15065, -0.3, -1.4367],
							"rotation": [0, 105, 0],
							"uv": {
								"north": {"uv": [34, 10], "uv_size": [0.5, 0.5]},
								"east": {"uv": [11, 34], "uv_size": [0.5, 0.5]},
								"south": {"uv": [34, 11], "uv_size": [0.5, 0.5]},
								"west": {"uv": [12, 34], "uv_size": [0.5, 0.5]},
								"up": {"uv": [34, 12], "uv_size": [0.5, 0.5]},
								"down": {"uv": [13, 34.5], "uv_size": [0.5, -0.5]}
							}
						},
						{
							"origin": [-0.25894, 0.69582, -2.02918],
							"size": [0.35355, 0.0625, 0.125],
							"pivot": [0.12587, -0.25731, -1.52918],
							"rotation": [-135.99297, 68.90942, -134.00703],
							"uv": {
								"north": {"uv": [34, 13], "uv_size": [0.5, 0.5]},
								"east": {"uv": [14, 34], "uv_size": [0.5, 0.5]},
								"south": {"uv": [34, 14], "uv_size": [0.5, 0.5]},
								"west": {"uv": [15, 34], "uv_size": [0.5, 0.5]},
								"up": {"uv": [34, 15], "uv_size": [0.5, 0.5]},
								"down": {"uv": [16, 34.5], "uv_size": [0.5, -0.5]}
							}
						},
						{
							"origin": [-0.1194, 0.65312, -1.9367],
							"size": [0.16605, 0.0625, 0.125],
							"pivot": [-0.15065, -0.3, -1.4367],
							"rotation": [0, -105, 0],
							"uv": {
								"north": {"uv": [34, 16], "uv_size": [0.5, 0.5]},
								"east": {"uv": [17, 34], "uv_size": [0.5, 0.5]},
								"south": {"uv": [34, 17], "uv_size": [0.5, 0.5]},
								"west": {"uv": [18, 34], "uv_size": [0.5, 0.5]},
								"up": {"uv": [34, 18], "uv_size": [0.5, 0.5]},
								"down": {"uv": [19, 34.5], "uv_size": [0.5, -0.5]}
							}
						},
						{
							"origin": [-0.17855, 0.65312, -1.83828],
							"size": [0.16605, 0.0625, 0.125],
							"pivot": [-0.2098, -0.3, -1.33828],
							"rotation": [0, -75, 0],
							"uv": {
								"north": {"uv": [34, 19], "uv_size": [0.5, 0.5]},
								"east": {"uv": [20, 34], "uv_size": [0.5, 0.5]},
								"south": {"uv": [34, 20], "uv_size": [0.5, 0.5]},
								"west": {"uv": [21, 34], "uv_size": [0.5, 0.5]},
								"up": {"uv": [34, 21], "uv_size": [0.5, 0.5]},
								"down": {"uv": [22, 34.5], "uv_size": [0.5, -0.5]}
							}
						},
						{
							"origin": [-0.09462, 0.69582, -2.02918],
							"size": [0.35355, 0.0625, 0.125],
							"pivot": [-0.12587, -0.25731, -1.52918],
							"rotation": [-135.99297, -68.90942, 134.00703],
							"uv": {
								"north": {"uv": [34, 22], "uv_size": [0.5, 0.5]},
								"east": {"uv": [23, 34], "uv_size": [0.5, 0.5]},
								"south": {"uv": [34, 23], "uv_size": [0.5, 0.5]},
								"west": {"uv": [24, 34], "uv_size": [0.5, 0.5]},
								"up": {"uv": [34, 24], "uv_size": [0.5, 0.5]},
								"down": {"uv": [25, 34.5], "uv_size": [0.5, -0.5]}
							}
						},
						{
							"origin": [-0.42155, 0.65312, -0.40056],
							"size": [0.32813, 0.0625, 0.125],
							"pivot": [-0.28092, 0.36406, -0.33806],
							"rotation": [0, -45, 0],
							"uv": {
								"north": {"uv": [34, 25], "uv_size": [0.5, 0.5]},
								"east": {"uv": [26, 34], "uv_size": [0.5, 0.5]},
								"south": {"uv": [34, 26], "uv_size": [0.5, 0.5]},
								"west": {"uv": [27, 34], "uv_size": [0.5, 0.5]},
								"up": {"uv": [34, 27], "uv_size": [0.5, 0.5]},
								"down": {"uv": [28, 34.5], "uv_size": [0.5, -0.5]}
							}
						},
						{
							"origin": [-0.19254, 0.65312, -0.3125],
							"size": [0.38507, 0.0625, 0.15121],
							"uv": {
								"north": {"uv": [34, 28], "uv_size": [0.5, 0.5]},
								"east": {"uv": [29, 34], "uv_size": [0.5, 0.5]},
								"south": {"uv": [34, 29], "uv_size": [0.5, 0.5]},
								"west": {"uv": [30, 34], "uv_size": [0.5, 0.5]},
								"up": {"uv": [34, 30], "uv_size": [0.5, 0.5]},
								"down": {"uv": [31, 34.5], "uv_size": [0.5, -0.5]}
							}
						},
						{
							"origin": [0.09342, 0.65312, -0.40056],
							"size": [0.32813, 0.0625, 0.125],
							"pivot": [0.28092, 0.36406, -0.33806],
							"rotation": [0, 45, 0],
							"uv": {
								"north": {"uv": [34, 31], "uv_size": [0.5, 0.5]},
								"east": {"uv": [32, 34], "uv_size": [0.5, 0.5]},
								"south": {"uv": [34, 32], "uv_size": [0.5, 0.5]},
								"west": {"uv": [33, 34], "uv_size": [0.5, 0.5]},
								"up": {"uv": [34, 33], "uv_size": [0.5, 0.5]},
								"down": {"uv": [34, 34.5], "uv_size": [0.5, -0.5]}
							}
						},
						{
							"origin": [0.17456, 0.65312, -0.64331],
							"size": [0.26563, 0.0625, 0.125],
							"pivot": [0.36206, 0.36406, -0.58081],
							"rotation": [0, 90, 0],
							"uv": {
								"north": {"uv": [0, 35], "uv_size": [0.5, 0.5]},
								"east": {"uv": [35, 0], "uv_size": [0.5, 0.5]},
								"south": {"uv": [1, 35], "uv_size": [0.5, 0.5]},
								"west": {"uv": [35, 1], "uv_size": [0.5, 0.5]},
								"up": {"uv": [2, 35], "uv_size": [0.5, 0.5]},
								"down": {"uv": [35, 2.5], "uv_size": [0.5, -0.5]}
							}
						},
						{
							"origin": [-0.44018, 0.65312, -0.64331],
							"size": [0.26563, 0.0625, 0.125],
							"pivot": [-0.36206, 0.36406, -0.58081],
							"rotation": [0, -90, 0],
							"uv": {
								"north": {"uv": [3, 35], "uv_size": [0.5, 0.5]},
								"east": {"uv": [35, 3], "uv_size": [0.5, 0.5]},
								"south": {"uv": [4, 35], "uv_size": [0.5, 0.5]},
								"west": {"uv": [35, 4], "uv_size": [0.5, 0.5]},
								"up": {"uv": [5, 35], "uv_size": [0.5, 0.5]},
								"down": {"uv": [35, 5.5], "uv_size": [0.5, -0.5]}
							}
						}
					]
				},
				{
					"name": "division",
					"pivot": [0.05, 0.95, -55.25]
				},
				{
					"name": "division_illuminated",
					"parent": "division",
					"pivot": [0.05, 0.55, -55.25],
					"cubes": [
						{
							"origin": [-0.06526, 1.49964, -12.56957],
							"size": [0.1285, 0.12846, 0.1285],
							"pivot": [-0.00101, 1.56387, -12.50532],
							"rotation": [0, 0, 45],
							"uv": {
								"north": {"uv": [11.5, 35.5], "uv_size": [-0.5, -0.5]},
								"east": {"uv": [11.5, 35.5], "uv_size": [-0.5, -0.5]},
								"south": {"uv": [11.5, 35.5], "uv_size": [-0.5, -0.5]},
								"west": {"uv": [11.5, 35.5], "uv_size": [-0.5, -0.5]},
								"up": {"uv": [11, 35], "uv_size": [0.5, 0.5]},
								"down": {"uv": [11, 35], "uv_size": [0.5, 0.5]}
							}
						}
					]
				},
				{
					"name": "ocular",
					"pivot": [0, 0.5, -0.475],
					"cubes": [
						{
							"origin": [-0.50138, 0.77427, -2.169],
							"size": [0.99963, 1.05949, 0.02463],
							"uv": {
								"south": {"uv": [7, 6], "uv_size": [1, 1]}
							}
						}
					]
				},
				{
					"name": "scope_view",
					"pivot": [0, 1.56364, 5.18182]
				}
			]
		}
	]
}