{
	"format_version": "1.12.0",
	"minecraft:geometry": [
		{
			"description": {
				"identifier": "geometry.sight_coyote - Converted",
				"texture_width": 100,
				"texture_height": 100,
				"visible_bounds_width": 7,
				"visible_bounds_height": 2.5,
				"visible_bounds_offset": [0, 0.75, 0]
			},
			"bones": [
				{
					"name": "scope_body",
					"pivot": [0, 7.7, -0.25]
				},
				{
					"name": "bone2",
					"parent": "scope_body",
					"pivot": [-1.10635, 2.20586, -2.42574],
					"cubes": [
						{
							"origin": [-0.875, 0.6375, -1.84375],
							"size": [0.125, 0.125, 1.59375],
							"uv": {
								"north": {"uv": [3, 16], "uv_size": [0.5, 0.5]},
								"east": {"uv": [7, 4], "uv_size": [1.5, 0.5]},
								"south": {"uv": [16, 3], "uv_size": [0.5, 0.5]},
								"west": {"uv": [6, 7], "uv_size": [1.5, 0.5]},
								"up": {"uv": [0, 8], "uv_size": [0.5, 1.5]},
								"down": {"uv": [8, 1.5], "uv_size": [0.5, -1.5]}
							}
						},
						{
							"origin": [1.02844, 1.39089, -3.11405],
							"size": [0.125, 0.1875, 0.5],
							"pivot": [1.09094, 1.45339, -2.11405],
							"rotation": [-70.74344, 11.86554, -30.48005],
							"uv": {
								"north": {"uv": [17, 14], "uv_size": [0.5, 0.5]},
								"east": {"uv": [15, 17], "uv_size": [0.5, 0.5]},
								"south": {"uv": [17, 15], "uv_size": [0.5, 0.5]},
								"west": {"uv": [16, 17], "uv_size": [0.5, 0.5]},
								"up": {"uv": [17, 16], "uv_size": [0.5, 0.5]},
								"down": {"uv": [17, 17.5], "uv_size": [0.5, -0.5]}
							}
						},
						{
							"origin": [0.75, 0.77215, -2.98276],
							"size": [0.125, 0.1875, 1.3125],
							"pivot": [0.8125, 0.83465, -1.85776],
							"rotation": [-67.5, 0, 0],
							"uv": {
								"north": {"uv": [17, 13], "uv_size": [0.5, 0.5]},
								"east": {"uv": [8, 8], "uv_size": [1.5, 0.5]},
								"south": {"uv": [14, 17], "uv_size": [0.5, 0.5]},
								"west": {"uv": [9, 0], "uv_size": [1.5, 0.5]},
								"up": {"uv": [1, 9], "uv_size": [0.5, 1.5]},
								"down": {"uv": [2, 10.5], "uv_size": [0.5, -1.5]}
							}
						},
						{
							"origin": [0.625, -0.07426, -0.64466],
							"size": [0.25, 0.125, 0.71875],
							"pivot": [0.8125, -0.01176, -0.19153],
							"rotation": [180, 0, 0],
							"uv": {
								"north": {"uv": [17, 10], "uv_size": [0.5, 0.5]},
								"east": {"uv": [11, 17], "uv_size": [0.5, 0.5]},
								"south": {"uv": [17, 11], "uv_size": [0.5, 0.5]},
								"west": {"uv": [12, 17], "uv_size": [0.5, 0.5]},
								"up": {"uv": [17, 12], "uv_size": [0.5, 0.5]},
								"down": {"uv": [13, 17.5], "uv_size": [0.5, -0.5]}
							}
						},
						{
							"origin": [0.625, -0.13676, 0.02722],
							"size": [0.25, 0.23437, 0.23438],
							"pivot": [0.8125, -0.01176, -0.19153],
							"rotation": [180, 0, 0],
							"uv": {
								"north": {"uv": [5, 20], "uv_size": [0.5, 0.5]},
								"east": {"uv": [20, 5], "uv_size": [0.5, 0.5]},
								"south": {"uv": [6, 20], "uv_size": [0.5, 0.5]},
								"west": {"uv": [20, 6], "uv_size": [0.5, 0.5]},
								"up": {"uv": [7, 20], "uv_size": [0.5, 0.5]},
								"down": {"uv": [20, 7.5], "uv_size": [0.5, -0.5]}
							}
						},
						{
							"origin": [0.875, -0.08989, 0.02722],
							"size": [0.04688, 0.14062, 0.23438],
							"pivot": [0.8125, -0.01176, -0.19153],
							"rotation": [180, 0, 0],
							"uv": {
								"north": {"uv": [21, 6], "uv_size": [0.5, 0.5]},
								"east": {"uv": [7, 21], "uv_size": [0.5, 0.5]},
								"south": {"uv": [21, 7], "uv_size": [0.5, 0.5]},
								"west": {"uv": [8, 21], "uv_size": [0.5, 0.5]},
								"up": {"uv": [21, 8], "uv_size": [0.5, 0.5]},
								"down": {"uv": [9, 21.5], "uv_size": [0.5, -0.5]}
							}
						},
						{
							"origin": [-0.42992, 0.69548, -0.14119],
							"size": [1.23438, 0.23437, 0.07813],
							"inflate": 0.0001,
							"pivot": [-0.60179, 0.82048, -0.35994],
							"rotation": [0, 90, 90],
							"uv": {
								"north": {"uv": [6, 14], "uv_size": [1, 0.5]},
								"east": {"uv": [2, 24], "uv_size": [0.5, 0.5]},
								"south": {"uv": [14, 6], "uv_size": [1, 0.5]},
								"west": {"uv": [24, 2], "uv_size": [0.5, 0.5]},
								"up": {"uv": [7, 14], "uv_size": [1, 0.5]},
								"down": {"uv": [14, 7.5], "uv_size": [1, -0.5]}
							}
						},
						{
							"origin": [-0.42992, 0.38834, 0.08468],
							"size": [0.17188, 0.23437, 0.10938],
							"pivot": [-0.60179, 0.51334, -0.13407],
							"rotation": [180, 45, -90],
							"uv": {
								"north": {"uv": [23, 22], "uv_size": [0.5, 0.5]},
								"east": {"uv": [23, 23], "uv_size": [0.5, 0.5]},
								"south": {"uv": [0, 24], "uv_size": [0.5, 0.5]},
								"west": {"uv": [24, 0], "uv_size": [0.5, 0.5]},
								"up": {"uv": [1, 24], "uv_size": [0.5, 0.5]},
								"down": {"uv": [24, 1.5], "uv_size": [0.5, -0.5]}
							}
						},
						{
							"origin": [-0.42992, 0.1284, -0.29129],
							"size": [0.09833, 0.23437, 0.10938],
							"pivot": [-0.60179, 0.2534, -0.51004],
							"rotation": [180, 0, -90],
							"uv": {
								"north": {"uv": [23, 19], "uv_size": [0.5, 0.5]},
								"east": {"uv": [20, 23], "uv_size": [0.5, 0.5]},
								"south": {"uv": [23, 20], "uv_size": [0.5, 0.5]},
								"west": {"uv": [21, 23], "uv_size": [0.5, 0.5]},
								"up": {"uv": [23, 21], "uv_size": [0.5, 0.5]},
								"down": {"uv": [22, 23.5], "uv_size": [0.5, -0.5]}
							}
						},
						{
							"origin": [-0.42992, 0.20084, -0.05594],
							"size": [0.29688, 0.23437, 0.10938],
							"pivot": [-0.60179, 0.32584, -0.27469],
							"rotation": [180, 45, -90],
							"uv": {
								"north": {"uv": [23, 16], "uv_size": [0.5, 0.5]},
								"east": {"uv": [17, 23], "uv_size": [0.5, 0.5]},
								"south": {"uv": [23, 17], "uv_size": [0.5, 0.5]},
								"west": {"uv": [18, 23], "uv_size": [0.5, 0.5]},
								"up": {"uv": [23, 18], "uv_size": [0.5, 0.5]},
								"down": {"uv": [19, 23.5], "uv_size": [0.5, -0.5]}
							}
						},
						{
							"origin": [-0.42992, -0.00418, 0.02722],
							"size": [0.1875, 0.23437, 0.10938],
							"pivot": [-0.60179, 0.12082, -0.19153],
							"rotation": [180, 0, -90],
							"uv": {
								"north": {"uv": [23, 13], "uv_size": [0.5, 0.5]},
								"east": {"uv": [14, 23], "uv_size": [0.5, 0.5]},
								"south": {"uv": [23, 14], "uv_size": [0.5, 0.5]},
								"west": {"uv": [15, 23], "uv_size": [0.5, 0.5]},
								"up": {"uv": [23, 15], "uv_size": [0.5, 0.5]},
								"down": {"uv": [16, 23.5], "uv_size": [0.5, -0.5]}
							}
						},
						{
							"origin": [-0.71117, -0.00418, 0.02722],
							"size": [0.28125, 0.23437, 0.23438],
							"pivot": [-0.60179, 0.12082, -0.19153],
							"rotation": [180, 0, -90],
							"uv": {
								"north": {"uv": [23, 10], "uv_size": [0.5, 0.5]},
								"east": {"uv": [11, 23], "uv_size": [0.5, 0.5]},
								"south": {"uv": [23, 11], "uv_size": [0.5, 0.5]},
								"west": {"uv": [12, 23], "uv_size": [0.5, 0.5]},
								"up": {"uv": [23, 12], "uv_size": [0.5, 0.5]},
								"down": {"uv": [13, 23.5], "uv_size": [0.5, -0.5]}
							}
						},
						{
							"origin": [-0.73437, -0.09146, 0.02722],
							"size": [0.1875, 0.23437, 0.23438],
							"pivot": [-0.625, 0.03354, -0.19153],
							"rotation": [180, 0, -45],
							"uv": {
								"north": {"uv": [23, 7], "uv_size": [0.5, 0.5]},
								"east": {"uv": [8, 23], "uv_size": [0.5, 0.5]},
								"south": {"uv": [23, 8], "uv_size": [0.5, 0.5]},
								"west": {"uv": [9, 23], "uv_size": [0.5, 0.5]},
								"up": {"uv": [23, 9], "uv_size": [0.5, 0.5]},
								"down": {"uv": [10, 23.5], "uv_size": [0.5, -0.5]}
							}
						},
						{
							"origin": [-0.93403, -0.04491, 0.02722],
							"size": [0.0625, 0.06629, 0.23438],
							"pivot": [-0.8125, -0.01176, -0.19153],
							"rotation": [180, 0, -45],
							"uv": {
								"north": {"uv": [23, 4], "uv_size": [0.5, 0.5]},
								"east": {"uv": [5, 23], "uv_size": [0.5, 0.5]},
								"south": {"uv": [23, 5], "uv_size": [0.5, 0.5]},
								"west": {"uv": [6, 23], "uv_size": [0.5, 0.5]},
								"up": {"uv": [23, 6], "uv_size": [0.5, 0.5]},
								"down": {"uv": [7, 23.5], "uv_size": [0.5, -0.5]}
							}
						},
						{
							"origin": [-0.875, -0.13676, 0.02722],
							"size": [0.25, 0.23437, 0.23438],
							"pivot": [-0.8125, -0.01176, -0.19153],
							"rotation": [180, 0, 0],
							"uv": {
								"north": {"uv": [23, 1], "uv_size": [0.5, 0.5]},
								"east": {"uv": [2, 23], "uv_size": [0.5, 0.5]},
								"south": {"uv": [23, 2], "uv_size": [0.5, 0.5]},
								"west": {"uv": [3, 23], "uv_size": [0.5, 0.5]},
								"up": {"uv": [23, 3], "uv_size": [0.5, 0.5]},
								"down": {"uv": [4, 23.5], "uv_size": [0.5, -0.5]}
							}
						},
						{
							"origin": [-0.94508, -0.05596, 0.02722],
							"size": [0.0625, 0.06629, 0.23438],
							"pivot": [-0.8125, -0.01176, -0.19153],
							"rotation": [180, 0, 45],
							"uv": {
								"north": {"uv": [21, 22], "uv_size": [0.5, 0.5]},
								"east": {"uv": [22, 21], "uv_size": [0.5, 0.5]},
								"south": {"uv": [22, 22], "uv_size": [0.5, 0.5]},
								"west": {"uv": [0, 23], "uv_size": [0.5, 0.5]},
								"up": {"uv": [23, 0], "uv_size": [0.5, 0.5]},
								"down": {"uv": [1, 23.5], "uv_size": [0.5, -0.5]}
							}
						},
						{
							"origin": [-0.92187, -0.08989, 0.02722],
							"size": [0.04688, 0.14062, 0.23438],
							"pivot": [-0.8125, -0.01176, -0.19153],
							"rotation": [180, 0, 0],
							"uv": {
								"north": {"uv": [18, 22], "uv_size": [0.5, 0.5]},
								"east": {"uv": [22, 18], "uv_size": [0.5, 0.5]},
								"south": {"uv": [19, 22], "uv_size": [0.5, 0.5]},
								"west": {"uv": [22, 19], "uv_size": [0.5, 0.5]},
								"up": {"uv": [20, 22], "uv_size": [0.5, 0.5]},
								"down": {"uv": [22, 20.5], "uv_size": [0.5, -0.5]}
							}
						},
						{
							"origin": [0.87153, -0.04491, 0.02722],
							"size": [0.0625, 0.06629, 0.23438],
							"pivot": [0.8125, -0.01176, -0.19153],
							"rotation": [180, 0, 45],
							"uv": {
								"north": {"uv": [21, 9], "uv_size": [0.5, 0.5]},
								"east": {"uv": [10, 21], "uv_size": [0.5, 0.5]},
								"south": {"uv": [21, 10], "uv_size": [0.5, 0.5]},
								"west": {"uv": [11, 21], "uv_size": [0.5, 0.5]},
								"up": {"uv": [21, 11], "uv_size": [0.5, 0.5]},
								"down": {"uv": [12, 21.5], "uv_size": [0.5, -0.5]}
							}
						},
						{
							"origin": [0.88258, -0.05596, 0.02722],
							"size": [0.0625, 0.06629, 0.23438],
							"pivot": [0.8125, -0.01176, -0.19153],
							"rotation": [180, 0, -45],
							"uv": {
								"north": {"uv": [21, 12], "uv_size": [0.5, 0.5]},
								"east": {"uv": [13, 21], "uv_size": [0.5, 0.5]},
								"south": {"uv": [21, 13], "uv_size": [0.5, 0.5]},
								"west": {"uv": [14, 21], "uv_size": [0.5, 0.5]},
								"up": {"uv": [21, 14], "uv_size": [0.5, 0.5]},
								"down": {"uv": [15, 21.5], "uv_size": [0.5, -0.5]}
							}
						},
						{
							"origin": [0.54688, -0.09146, 0.02722],
							"size": [0.1875, 0.23437, 0.23438],
							"pivot": [0.625, 0.03354, -0.19153],
							"rotation": [180, 0, 45],
							"uv": {
								"north": {"uv": [8, 20], "uv_size": [0.5, 0.5]},
								"east": {"uv": [20, 8], "uv_size": [0.5, 0.5]},
								"south": {"uv": [9, 20], "uv_size": [0.5, 0.5]},
								"west": {"uv": [20, 9], "uv_size": [0.5, 0.5]},
								"up": {"uv": [10, 20], "uv_size": [0.5, 0.5]},
								"down": {"uv": [20, 10.5], "uv_size": [0.5, -0.5]}
							}
						},
						{
							"origin": [0.42992, -0.00418, 0.02722],
							"size": [0.28125, 0.23437, 0.23438],
							"pivot": [0.60179, 0.12082, -0.19153],
							"rotation": [180, 0, 90],
							"uv": {
								"north": {"uv": [11, 20], "uv_size": [0.5, 0.5]},
								"east": {"uv": [20, 11], "uv_size": [0.5, 0.5]},
								"south": {"uv": [12, 20], "uv_size": [0.5, 0.5]},
								"west": {"uv": [20, 12], "uv_size": [0.5, 0.5]},
								"up": {"uv": [13, 20], "uv_size": [0.5, 0.5]},
								"down": {"uv": [20, 13.5], "uv_size": [0.5, -0.5]}
							}
						},
						{
							"origin": [0.24242, -0.00418, 0.02722],
							"size": [0.1875, 0.23437, 0.10938],
							"pivot": [0.60179, 0.12082, -0.19153],
							"rotation": [180, 0, 90],
							"uv": {
								"north": {"uv": [14, 20], "uv_size": [0.5, 0.5]},
								"east": {"uv": [20, 14], "uv_size": [0.5, 0.5]},
								"south": {"uv": [15, 20], "uv_size": [0.5, 0.5]},
								"west": {"uv": [20, 15], "uv_size": [0.5, 0.5]},
								"up": {"uv": [16, 20], "uv_size": [0.5, 0.5]},
								"down": {"uv": [20, 16.5], "uv_size": [0.5, -0.5]}
							}
						},
						{
							"origin": [0.25804, 0.38834, 0.08468],
							"size": [0.17188, 0.23437, 0.10938],
							"pivot": [0.60179, 0.51334, -0.13407],
							"rotation": [180, -45, 90],
							"uv": {
								"north": {"uv": [17, 20], "uv_size": [0.5, 0.5]},
								"east": {"uv": [20, 17], "uv_size": [0.5, 0.5]},
								"south": {"uv": [18, 20], "uv_size": [0.5, 0.5]},
								"west": {"uv": [20, 18], "uv_size": [0.5, 0.5]},
								"up": {"uv": [19, 20], "uv_size": [0.5, 0.5]},
								"down": {"uv": [20, 19.5], "uv_size": [0.5, -0.5]}
							}
						},
						{
							"origin": [0.13304, 0.20084, -0.05594],
							"size": [0.29688, 0.23437, 0.10938],
							"pivot": [0.60179, 0.32584, -0.27469],
							"rotation": [180, -45, 90],
							"uv": {
								"north": {"uv": [21, 0], "uv_size": [0.5, 0.5]},
								"east": {"uv": [1, 21], "uv_size": [0.5, 0.5]},
								"south": {"uv": [21, 1], "uv_size": [0.5, 0.5]},
								"west": {"uv": [2, 21], "uv_size": [0.5, 0.5]},
								"up": {"uv": [21, 2], "uv_size": [0.5, 0.5]},
								"down": {"uv": [3, 21.5], "uv_size": [0.5, -0.5]}
							}
						},
						{
							"origin": [0.33159, 0.1284, -0.29129],
							"size": [0.09833, 0.23437, 0.10938],
							"pivot": [0.60179, 0.2534, -0.51004],
							"rotation": [180, 0, 90],
							"uv": {
								"north": {"uv": [21, 3], "uv_size": [0.5, 0.5]},
								"east": {"uv": [4, 21], "uv_size": [0.5, 0.5]},
								"south": {"uv": [21, 4], "uv_size": [0.5, 0.5]},
								"west": {"uv": [5, 21], "uv_size": [0.5, 0.5]},
								"up": {"uv": [21, 5], "uv_size": [0.5, 0.5]},
								"down": {"uv": [6, 21.5], "uv_size": [0.5, -0.5]}
							}
						},
						{
							"origin": [-0.80446, 0.69548, -0.14119],
							"size": [1.23438, 0.23437, 0.07813],
							"inflate": 0.0001,
							"pivot": [0.60179, 0.82048, -0.35994],
							"rotation": [0, -90, -90],
							"uv": {
								"north": {"uv": [13, 8], "uv_size": [1, 0.5]},
								"east": {"uv": [20, 20], "uv_size": [0.5, 0.5]},
								"south": {"uv": [9, 13], "uv_size": [1, 0.5]},
								"west": {"uv": [0, 21], "uv_size": [0.5, 0.5]},
								"up": {"uv": [13, 9], "uv_size": [1, 0.5]},
								"down": {"uv": [10, 13.5], "uv_size": [1, -0.5]}
							}
						},
						{
							"origin": [0.75, -0.30249, -0.44565],
							"size": [0.125, 0.125, 0.15625],
							"pivot": [0.8125, -0.23999, 0.00748],
							"rotation": [-135, 0, 0],
							"uv": {
								"north": {"uv": [17, 7], "uv_size": [0.5, 0.5]},
								"east": {"uv": [8, 17], "uv_size": [0.5, 0.5]},
								"south": {"uv": [17, 8], "uv_size": [0.5, 0.5]},
								"west": {"uv": [9, 17], "uv_size": [0.5, 0.5]},
								"up": {"uv": [17, 9], "uv_size": [0.5, 0.5]},
								"down": {"uv": [10, 17.5], "uv_size": [0.5, -0.5]}
							}
						},
						{
							"origin": [0.75, -0.32315, -0.14355],
							"size": [0.125, 0.125, 0.15625],
							"pivot": [0.8125, -0.26065, 0.30958],
							"rotation": [-90, 0, 0],
							"uv": {
								"north": {"uv": [17, 4], "uv_size": [0.5, 0.5]},
								"east": {"uv": [5, 17], "uv_size": [0.5, 0.5]},
								"south": {"uv": [17, 5], "uv_size": [0.5, 0.5]},
								"west": {"uv": [6, 17], "uv_size": [0.5, 0.5]},
								"up": {"uv": [17, 6], "uv_size": [0.5, 0.5]},
								"down": {"uv": [7, 17.5], "uv_size": [0.5, -0.5]}
							}
						},
						{
							"origin": [0.75, 0.34779, -0.41127],
							"size": [0.125, 0.125, 0.84375],
							"pivot": [0.8125, 0.41029, 0.04185],
							"rotation": [-42.5, 0, 0],
							"uv": {
								"north": {"uv": [17, 3], "uv_size": [0.5, 0.5]},
								"east": {"uv": [2, 13], "uv_size": [1, 0.5]},
								"south": {"uv": [4, 17], "uv_size": [0.5, 0.5]},
								"west": {"uv": [13, 2], "uv_size": [1, 0.5]},
								"up": {"uv": [5, 13], "uv_size": [0.5, 1]},
								"down": {"uv": [13, 6], "uv_size": [0.5, -1]}
							}
						},
						{
							"origin": [0.75, 0.6375, -1.84375],
							"size": [0.125, 0.125, 1.59375],
							"uv": {
								"north": {"uv": [17, 2], "uv_size": [0.5, 0.5]},
								"east": {"uv": [5, 8], "uv_size": [1.5, 0.5]},
								"south": {"uv": [3, 17], "uv_size": [0.5, 0.5]},
								"west": {"uv": [8, 5], "uv_size": [1.5, 0.5]},
								"up": {"uv": [8, 6], "uv_size": [0.5, 1.5]},
								"down": {"uv": [7, 9.5], "uv_size": [0.5, -1.5]}
							}
						},
						{
							"origin": [-0.875, 0.34779, -0.41127],
							"size": [0.125, 0.125, 0.84375],
							"pivot": [-0.8125, 0.41029, 0.04185],
							"rotation": [-42.5, 0, 0],
							"uv": {
								"north": {"uv": [9, 16], "uv_size": [0.5, 0.5]},
								"east": {"uv": [11, 12], "uv_size": [1, 0.5]},
								"south": {"uv": [16, 9], "uv_size": [0.5, 0.5]},
								"west": {"uv": [12, 12], "uv_size": [1, 0.5]},
								"up": {"uv": [1, 13], "uv_size": [0.5, 1]},
								"down": {"uv": [13, 2], "uv_size": [0.5, -1]}
							}
						},
						{
							"origin": [-0.875, -0.32315, -0.14355],
							"size": [0.125, 0.125, 0.15625],
							"pivot": [-0.8125, -0.26065, 0.30958],
							"rotation": [-90, 0, 0],
							"uv": {
								"north": {"uv": [10, 16], "uv_size": [0.5, 0.5]},
								"east": {"uv": [16, 10], "uv_size": [0.5, 0.5]},
								"south": {"uv": [11, 16], "uv_size": [0.5, 0.5]},
								"west": {"uv": [16, 11], "uv_size": [0.5, 0.5]},
								"up": {"uv": [12, 16], "uv_size": [0.5, 0.5]},
								"down": {"uv": [16, 12.5], "uv_size": [0.5, -0.5]}
							}
						},
						{
							"origin": [-0.875, -0.30249, -0.44565],
							"size": [0.125, 0.125, 0.15625],
							"pivot": [-0.8125, -0.23999, 0.00748],
							"rotation": [-135, 0, 0],
							"uv": {
								"north": {"uv": [13, 16], "uv_size": [0.5, 0.5]},
								"east": {"uv": [16, 13], "uv_size": [0.5, 0.5]},
								"south": {"uv": [14, 16], "uv_size": [0.5, 0.5]},
								"west": {"uv": [16, 14], "uv_size": [0.5, 0.5]},
								"up": {"uv": [15, 16], "uv_size": [0.5, 0.5]},
								"down": {"uv": [16, 15.5], "uv_size": [0.5, -0.5]}
							}
						},
						{
							"origin": [-0.875, -0.07426, -0.64466],
							"size": [0.25, 0.125, 0.71875],
							"pivot": [-0.8125, -0.01176, -0.19153],
							"rotation": [180, 0, 0],
							"uv": {
								"north": {"uv": [16, 16], "uv_size": [0.5, 0.5]},
								"east": {"uv": [0, 17], "uv_size": [0.5, 0.5]},
								"south": {"uv": [17, 0], "uv_size": [0.5, 0.5]},
								"west": {"uv": [1, 17], "uv_size": [0.5, 0.5]},
								"up": {"uv": [17, 1], "uv_size": [0.5, 0.5]},
								"down": {"uv": [2, 17.5], "uv_size": [0.5, -0.5]}
							}
						},
						{
							"origin": [-0.6875, -0.04838, -0.64466],
							"size": [0.17188, 0.125, 0.71875],
							"pivot": [-0.625, 0.01412, -0.19153],
							"rotation": [180, 0, -45],
							"uv": {
								"north": {"uv": [0, 18], "uv_size": [0.5, 0.5]},
								"east": {"uv": [18, 0], "uv_size": [0.5, 0.5]},
								"south": {"uv": [1, 18], "uv_size": [0.5, 0.5]},
								"west": {"uv": [18, 1], "uv_size": [0.5, 0.5]},
								"up": {"uv": [2, 18], "uv_size": [0.5, 0.5]},
								"down": {"uv": [18, 2.5], "uv_size": [0.5, -0.5]}
							}
						},
						{
							"origin": [0.13082, -0.64347, -0.54786],
							"size": [0.04419, 0.03125, 0.15625],
							"pivot": [0.31564, -0.23722, 0.03026],
							"rotation": [-144.73561, -30, 35.26439],
							"uv": {
								"north": {"uv": [2, 20], "uv_size": [0.5, 0.5]},
								"east": {"uv": [20, 2], "uv_size": [0.5, 0.5]},
								"south": {"uv": [3, 20], "uv_size": [0.5, 0.5]},
								"west": {"uv": [20, 3], "uv_size": [0.5, 0.5]},
								"up": {"uv": [4, 20], "uv_size": [0.5, 0.5]},
								"down": {"uv": [20, 4.5], "uv_size": [0.5, -0.5]}
							}
						},
						{
							"origin": [0.44097, -0.63519, -0.55613],
							"size": [0.03125, 0.03125, 0.15625],
							"pivot": [0.61284, -0.22894, 0.02199],
							"rotation": [-135, 0, 0],
							"uv": {
								"north": {"uv": [19, 18], "uv_size": [0.5, 0.5]},
								"east": {"uv": [19, 19], "uv_size": [0.5, 0.5]},
								"south": {"uv": [0, 20], "uv_size": [0.5, 0.5]},
								"west": {"uv": [20, 0], "uv_size": [0.5, 0.5]},
								"up": {"uv": [1, 20], "uv_size": [0.5, 0.5]},
								"down": {"uv": [20, 1.5], "uv_size": [0.5, -0.5]}
							}
						},
						{
							"origin": [0.73817, -0.64347, -0.54786],
							"size": [0.04419, 0.03125, 0.15625],
							"pivot": [0.59754, -0.23722, 0.03026],
							"rotation": [-144.73561, 30, -35.26439],
							"uv": {
								"north": {"uv": [19, 15], "uv_size": [0.5, 0.5]},
								"east": {"uv": [16, 19], "uv_size": [0.5, 0.5]},
								"south": {"uv": [19, 16], "uv_size": [0.5, 0.5]},
								"west": {"uv": [17, 19], "uv_size": [0.5, 0.5]},
								"up": {"uv": [19, 17], "uv_size": [0.5, 0.5]},
								"down": {"uv": [18, 19.5], "uv_size": [0.5, -0.5]}
							}
						},
						{
							"origin": [0.40972, -0.60394, -0.55613],
							"size": [0.09375, 0.3125, 0.15625],
							"pivot": [0.61284, -0.22894, 0.02199],
							"rotation": [-135, 0, 0],
							"uv": {
								"north": {"uv": [19, 12], "uv_size": [0.5, 0.5]},
								"east": {"uv": [13, 19], "uv_size": [0.5, 0.5]},
								"south": {"uv": [19, 13], "uv_size": [0.5, 0.5]},
								"west": {"uv": [14, 19], "uv_size": [0.5, 0.5]},
								"up": {"uv": [19, 14], "uv_size": [0.5, 0.5]},
								"down": {"uv": [15, 19.5], "uv_size": [0.5, -0.5]}
							}
						},
						{
							"origin": [0.39063, -0.04838, -0.76966],
							"size": [0.125, 0.125, 0.21875],
							"pivot": [0.625, 0.01412, -0.19153],
							"rotation": [180, 0, 45],
							"uv": {
								"north": {"uv": [19, 9], "uv_size": [0.5, 0.5]},
								"east": {"uv": [10, 19], "uv_size": [0.5, 0.5]},
								"south": {"uv": [19, 10], "uv_size": [0.5, 0.5]},
								"west": {"uv": [11, 19], "uv_size": [0.5, 0.5]},
								"up": {"uv": [19, 11], "uv_size": [0.5, 0.5]},
								"down": {"uv": [12, 19.5], "uv_size": [0.5, -0.5]}
							}
						},
						{
							"origin": [0.65704, -0.31479, -0.52299],
							"size": [0.125, 0.125, 0.21875],
							"pivot": [0.89141, -0.25229, 0.05514],
							"rotation": [180, -45, 45],
							"uv": {
								"north": {"uv": [19, 6], "uv_size": [0.5, 0.5]},
								"east": {"uv": [7, 19], "uv_size": [0.5, 0.5]},
								"south": {"uv": [19, 7], "uv_size": [0.5, 0.5]},
								"west": {"uv": [8, 19], "uv_size": [0.5, 0.5]},
								"up": {"uv": [19, 8], "uv_size": [0.5, 0.5]},
								"down": {"uv": [9, 19.5], "uv_size": [0.5, -0.5]}
							}
						},
						{
							"origin": [0.51563, -0.04838, -0.64466],
							"size": [0.17188, 0.125, 0.71875],
							"pivot": [0.625, 0.01412, -0.19153],
							"rotation": [180, 0, 45],
							"uv": {
								"north": {"uv": [19, 3], "uv_size": [0.5, 0.5]},
								"east": {"uv": [4, 19], "uv_size": [0.5, 0.5]},
								"south": {"uv": [19, 4], "uv_size": [0.5, 0.5]},
								"west": {"uv": [5, 19], "uv_size": [0.5, 0.5]},
								"up": {"uv": [19, 5], "uv_size": [0.5, 0.5]},
								"down": {"uv": [6, 19.5], "uv_size": [0.5, -0.5]}
							}
						},
						{
							"origin": [-0.51562, -0.04838, -0.76966],
							"size": [0.125, 0.125, 0.21875],
							"pivot": [-0.625, 0.01412, -0.19153],
							"rotation": [180, 0, -45],
							"uv": {
								"north": {"uv": [3, 18], "uv_size": [0.5, 0.5]},
								"east": {"uv": [18, 3], "uv_size": [0.5, 0.5]},
								"south": {"uv": [4, 18], "uv_size": [0.5, 0.5]},
								"west": {"uv": [18, 4], "uv_size": [0.5, 0.5]},
								"up": {"uv": [5, 18], "uv_size": [0.5, 0.5]},
								"down": {"uv": [18, 5.5], "uv_size": [0.5, -0.5]}
							}
						},
						{
							"origin": [-0.78204, -0.31479, -0.52299],
							"size": [0.125, 0.125, 0.21875],
							"pivot": [-0.89141, -0.25229, 0.05514],
							"rotation": [180, 45, -45],
							"uv": {
								"north": {"uv": [7, 18], "uv_size": [0.5, 0.5]},
								"east": {"uv": [18, 7], "uv_size": [0.5, 0.5]},
								"south": {"uv": [8, 18], "uv_size": [0.5, 0.5]},
								"west": {"uv": [18, 8], "uv_size": [0.5, 0.5]},
								"up": {"uv": [9, 18], "uv_size": [0.5, 0.5]},
								"down": {"uv": [18, 9.5], "uv_size": [0.5, -0.5]}
							}
						},
						{
							"origin": [-0.50347, 0.09905, -0.76966],
							"size": [1.00693, 0.125, 0.21875],
							"pivot": [-0.61284, 0.16155, -0.19153],
							"rotation": [180, 0, 0],
							"uv": {
								"north": {"uv": [6, 13], "uv_size": [1, 0.5]},
								"east": {"uv": [6, 18], "uv_size": [0.5, 0.5]},
								"south": {"uv": [13, 6], "uv_size": [1, 0.5]},
								"west": {"uv": [18, 6], "uv_size": [0.5, 0.5]},
								"up": {"uv": [13, 7], "uv_size": [1, 0.5]},
								"down": {"uv": [8, 13.5], "uv_size": [1, -0.5]}
							}
						},
						{
							"origin": [-0.50347, -0.60394, -0.55613],
							"size": [0.09375, 0.3125, 0.15625],
							"pivot": [-0.61284, -0.22894, 0.02199],
							"rotation": [-135, 0, 0],
							"uv": {
								"north": {"uv": [10, 18], "uv_size": [0.5, 0.5]},
								"east": {"uv": [18, 10], "uv_size": [0.5, 0.5]},
								"south": {"uv": [11, 18], "uv_size": [0.5, 0.5]},
								"west": {"uv": [18, 11], "uv_size": [0.5, 0.5]},
								"up": {"uv": [12, 18], "uv_size": [0.5, 0.5]},
								"down": {"uv": [18, 12.5], "uv_size": [0.5, -0.5]}
							}
						},
						{
							"origin": [-0.47222, -0.63519, -0.55613],
							"size": [0.03125, 0.03125, 0.15625],
							"pivot": [-0.61284, -0.22894, 0.02199],
							"rotation": [-135, 0, 0],
							"uv": {
								"north": {"uv": [13, 18], "uv_size": [0.5, 0.5]},
								"east": {"uv": [18, 13], "uv_size": [0.5, 0.5]},
								"south": {"uv": [14, 18], "uv_size": [0.5, 0.5]},
								"west": {"uv": [18, 14], "uv_size": [0.5, 0.5]},
								"up": {"uv": [15, 18], "uv_size": [0.5, 0.5]},
								"down": {"uv": [18, 15.5], "uv_size": [0.5, -0.5]}
							}
						},
						{
							"origin": [-0.17502, -0.64347, -0.54786],
							"size": [0.04419, 0.03125, 0.15625],
							"pivot": [-0.31564, -0.23722, 0.03026],
							"rotation": [-144.73561, 30, -35.26439],
							"uv": {
								"north": {"uv": [16, 18], "uv_size": [0.5, 0.5]},
								"east": {"uv": [18, 16], "uv_size": [0.5, 0.5]},
								"south": {"uv": [17, 18], "uv_size": [0.5, 0.5]},
								"west": {"uv": [18, 17], "uv_size": [0.5, 0.5]},
								"up": {"uv": [18, 18], "uv_size": [0.5, 0.5]},
								"down": {"uv": [0, 19.5], "uv_size": [0.5, -0.5]}
							}
						},
						{
							"origin": [-0.78236, -0.64347, -0.54786],
							"size": [0.04419, 0.03125, 0.15625],
							"pivot": [-0.59754, -0.23722, 0.03026],
							"rotation": [-144.73561, -30, 35.26439],
							"uv": {
								"north": {"uv": [19, 0], "uv_size": [0.5, 0.5]},
								"east": {"uv": [1, 19], "uv_size": [0.5, 0.5]},
								"south": {"uv": [19, 1], "uv_size": [0.5, 0.5]},
								"west": {"uv": [2, 19], "uv_size": [0.5, 0.5]},
								"up": {"uv": [19, 2], "uv_size": [0.5, 0.5]},
								"down": {"uv": [3, 19.5], "uv_size": [0.5, -0.5]}
							}
						},
						{
							"origin": [-0.875, 0.77215, -2.98276],
							"size": [0.125, 0.1875, 1.3125],
							"pivot": [-0.8125, 0.83465, -1.85776],
							"rotation": [-67.5, 0, 0],
							"uv": {
								"north": {"uv": [4, 16], "uv_size": [0.5, 0.5]},
								"east": {"uv": [1, 8], "uv_size": [1.5, 0.5]},
								"south": {"uv": [16, 4], "uv_size": [0.5, 0.5]},
								"west": {"uv": [8, 2], "uv_size": [1.5, 0.5]},
								"up": {"uv": [3, 8], "uv_size": [0.5, 1.5]},
								"down": {"uv": [4, 9.5], "uv_size": [0.5, -1.5]}
							}
						},
						{
							"origin": [-1.15344, 1.39089, -3.11405],
							"size": [0.125, 0.1875, 0.5],
							"pivot": [-1.09094, 1.45339, -2.11405],
							"rotation": [-70.74344, -11.86554, 30.48005],
							"uv": {
								"north": {"uv": [5, 16], "uv_size": [0.5, 0.5]},
								"east": {"uv": [16, 5], "uv_size": [0.5, 0.5]},
								"south": {"uv": [6, 16], "uv_size": [0.5, 0.5]},
								"west": {"uv": [16, 6], "uv_size": [0.5, 0.5]},
								"up": {"uv": [7, 16], "uv_size": [0.5, 0.5]},
								"down": {"uv": [16, 7.5], "uv_size": [0.5, -0.5]}
							}
						},
						{
							"origin": [-1.16885, 2.14336, -4.13844],
							"size": [0.125, 0.1875, 1.2127],
							"pivot": [-1.10635, 2.20586, -2.42574],
							"rotation": [-90, -22.5, 90],
							"uv": {
								"north": {"uv": [8, 16], "uv_size": [0.5, 0.5]},
								"east": {"uv": [12, 5], "uv_size": [1, 0.5]},
								"south": {"uv": [16, 8], "uv_size": [0.5, 0.5]},
								"west": {"uv": [12, 8], "uv_size": [1, 0.5]},
								"up": {"uv": [12, 9], "uv_size": [0.5, 1]},
								"down": {"uv": [10, 13], "uv_size": [0.5, -1]}
							}
						}
					]
				},
				{
					"name": "bone3",
					"parent": "scope_body",
					"pivot": [0, 7.7, -0.25],
					"cubes": [
						{
							"origin": [-0.875, -0.22187, -1.625],
							"size": [1.75, 0.45313, 0.75],
							"uv": {
								"north": {"uv": [2, 2], "uv_size": [2, 0.5]},
								"east": {"uv": [13, 10], "uv_size": [1, 0.5]},
								"south": {"uv": [3, 0], "uv_size": [2, 0.5]},
								"west": {"uv": [11, 13], "uv_size": [1, 0.5]},
								"up": {"uv": [0, 0], "uv_size": [2, 1]},
								"down": {"uv": [0, 2], "uv_size": [2, -1]}
							}
						},
						{
							"origin": [-0.96512, -0.20743, -1.625],
							"size": [0.125, 0.11428, 0.75],
							"pivot": [-0.90262, -0.10587, -1.15625],
							"rotation": [0, 0, -45],
							"uv": {
								"north": {"uv": [17, 22], "uv_size": [0.5, 0.5]},
								"east": {"uv": [4, 14], "uv_size": [1, 0.5]},
								"south": {"uv": [22, 17], "uv_size": [0.5, 0.5]},
								"west": {"uv": [14, 4], "uv_size": [1, 0.5]},
								"up": {"uv": [5, 14], "uv_size": [0.5, 1]},
								"down": {"uv": [14, 6], "uv_size": [0.5, -1]}
							}
						},
						{
							"origin": [-0.95581, -0.14107, -1.625],
							"size": [0.125, 0.29151, 0.75],
							"uv": {
								"north": {"uv": [16, 22], "uv_size": [0.5, 0.5]},
								"east": {"uv": [2, 14], "uv_size": [1, 0.5]},
								"south": {"uv": [22, 16], "uv_size": [0.5, 0.5]},
								"west": {"uv": [14, 2], "uv_size": [1, 0.5]},
								"up": {"uv": [3, 14], "uv_size": [0.5, 1]},
								"down": {"uv": [14, 4], "uv_size": [0.5, -1]}
							}
						},
						{
							"origin": [-0.94649, 0.09481, -1.625],
							"size": [0.125, 0.11428, 0.75],
							"pivot": [-0.88399, 0.13387, -1.15625],
							"rotation": [0, 0, 45],
							"uv": {
								"north": {"uv": [15, 22], "uv_size": [0.5, 0.5]},
								"east": {"uv": [0, 14], "uv_size": [1, 0.5]},
								"south": {"uv": [22, 15], "uv_size": [0.5, 0.5]},
								"west": {"uv": [14, 0], "uv_size": [1, 0.5]},
								"up": {"uv": [1, 14], "uv_size": [0.5, 1]},
								"down": {"uv": [14, 2], "uv_size": [0.5, -1]}
							}
						},
						{
							"origin": [0.84012, -0.20743, -1.625],
							"size": [0.125, 0.11428, 0.75],
							"pivot": [0.90262, -0.10587, -1.15625],
							"rotation": [0, 0, 45],
							"uv": {
								"north": {"uv": [6, 26], "uv_size": [0.5, 0.5]},
								"east": {"uv": [15, 2], "uv_size": [1, 0.5]},
								"south": {"uv": [26, 6], "uv_size": [0.5, 0.5]},
								"west": {"uv": [3, 15], "uv_size": [1, 0.5]},
								"up": {"uv": [15, 3], "uv_size": [0.5, 1]},
								"down": {"uv": [4, 16], "uv_size": [0.5, -1]}
							}
						},
						{
							"origin": [0.83081, -0.14107, -1.625],
							"size": [0.125, 0.29151, 0.75],
							"uv": {
								"north": {"uv": [5, 26], "uv_size": [0.5, 0.5]},
								"east": {"uv": [15, 0], "uv_size": [1, 0.5]},
								"south": {"uv": [26, 5], "uv_size": [0.5, 0.5]},
								"west": {"uv": [1, 15], "uv_size": [1, 0.5]},
								"up": {"uv": [15, 1], "uv_size": [0.5, 1]},
								"down": {"uv": [2, 16], "uv_size": [0.5, -1]}
							}
						},
						{
							"origin": [0.82149, 0.09481, -1.625],
							"size": [0.125, 0.11428, 0.75],
							"pivot": [0.88399, 0.13387, -1.15625],
							"rotation": [0, 0, -45],
							"uv": {
								"north": {"uv": [4, 26], "uv_size": [0.5, 0.5]},
								"east": {"uv": [13, 14], "uv_size": [1, 0.5]},
								"south": {"uv": [26, 4], "uv_size": [0.5, 0.5]},
								"west": {"uv": [14, 13], "uv_size": [1, 0.5]},
								"up": {"uv": [14, 14], "uv_size": [0.5, 1]},
								"down": {"uv": [0, 16], "uv_size": [0.5, -1]}
							}
						},
						{
							"origin": [-0.6875, -0.22187, -0.875],
							"size": [1.375, 0.45313, 0.1875],
							"uv": {
								"north": {"uv": [9, 6], "uv_size": [1.5, 0.5]},
								"east": {"uv": [5, 22], "uv_size": [0.5, 0.5]},
								"south": {"uv": [9, 7], "uv_size": [1.5, 0.5]},
								"west": {"uv": [22, 5], "uv_size": [0.5, 0.5]},
								"up": {"uv": [8, 9], "uv_size": [1.5, 0.5]},
								"down": {"uv": [10, 2.5], "uv_size": [1.5, -0.5]}
							}
						},
						{
							"origin": [1.0612, -0.22187, -0.66031],
							"size": [0.26517, 0.45313, 0.25],
							"pivot": [0.53975, -0.22187, -0.09781],
							"rotation": [0, 45, 0],
							"uv": {
								"north": {"uv": [6, 22], "uv_size": [0.5, 0.5]},
								"east": {"uv": [22, 6], "uv_size": [0.5, 0.5]},
								"south": {"uv": [7, 22], "uv_size": [0.5, 0.5]},
								"west": {"uv": [22, 7], "uv_size": [0.5, 0.5]},
								"up": {"uv": [8, 22], "uv_size": [0.5, 0.5]},
								"down": {"uv": [22, 8.5], "uv_size": [0.5, -0.5]}
							}
						},
						{
							"origin": [-1.32636, -0.22187, -0.66031],
							"size": [0.26517, 0.45313, 0.25],
							"pivot": [-0.53975, -0.22187, -0.09781],
							"rotation": [0, -45, 0],
							"uv": {
								"north": {"uv": [9, 22], "uv_size": [0.5, 0.5]},
								"east": {"uv": [22, 9], "uv_size": [0.5, 0.5]},
								"south": {"uv": [10, 22], "uv_size": [0.5, 0.5]},
								"west": {"uv": [22, 10], "uv_size": [0.5, 0.5]},
								"up": {"uv": [11, 22], "uv_size": [0.5, 0.5]},
								"down": {"uv": [22, 11.5], "uv_size": [0.5, -0.5]}
							}
						},
						{
							"origin": [-0.76831, -0.22187, -2.35669],
							"size": [1.53661, 0.45313, 0.73169],
							"uv": {
								"north": {"uv": [9, 1], "uv_size": [1.5, 0.5]},
								"east": {"uv": [21, 15], "uv_size": [0.5, 0.5]},
								"south": {"uv": [9, 3], "uv_size": [1.5, 0.5]},
								"west": {"uv": [16, 21], "uv_size": [0.5, 0.5]},
								"up": {"uv": [9, 4], "uv_size": [1.5, 0.5]},
								"down": {"uv": [5, 9.5], "uv_size": [1.5, -0.5]}
							}
						},
						{
							"origin": [-0.77145, -0.22187, -1.73928],
							"size": [0.16161, 0.45313, 0.1875],
							"pivot": [-0.73483, 0.00469, -1.71339],
							"rotation": [0, -45, 0],
							"uv": {
								"north": {"uv": [2, 22], "uv_size": [0.5, 0.5]},
								"east": {"uv": [22, 2], "uv_size": [0.5, 0.5]},
								"south": {"uv": [3, 22], "uv_size": [0.5, 0.5]},
								"west": {"uv": [22, 3], "uv_size": [0.5, 0.5]},
								"up": {"uv": [4, 22], "uv_size": [0.5, 0.5]},
								"down": {"uv": [22, 4.5], "uv_size": [0.5, -0.5]}
							}
						},
						{
							"origin": [2.05178, -0.22187, -1.50812],
							"size": [0.16161, 0.45313, 0.1875],
							"pivot": [1.17678, -0.22187, 0.14277],
							"rotation": [0, 45, 0],
							"uv": {
								"north": {"uv": [12, 22], "uv_size": [0.5, 0.5]},
								"east": {"uv": [22, 12], "uv_size": [0.5, 0.5]},
								"south": {"uv": [13, 22], "uv_size": [0.5, 0.5]},
								"west": {"uv": [22, 13], "uv_size": [0.5, 0.5]},
								"up": {"uv": [14, 22], "uv_size": [0.5, 0.5]},
								"down": {"uv": [22, 14.5], "uv_size": [0.5, -0.5]}
							}
						},
						{
							"origin": [-0.375, -0.22187, -2.75],
							"size": [0.75, 0.45313, 0.4375],
							"uv": {
								"north": {"uv": [13, 11], "uv_size": [1, 0.5]},
								"east": {"uv": [21, 16], "uv_size": [0.5, 0.5]},
								"south": {"uv": [12, 13], "uv_size": [1, 0.5]},
								"west": {"uv": [17, 21], "uv_size": [0.5, 0.5]},
								"up": {"uv": [13, 12], "uv_size": [1, 0.5]},
								"down": {"uv": [13, 13.5], "uv_size": [1, -0.5]}
							}
						},
						{
							"origin": [-0.71431, -0.22187, -2.66383],
							"size": [0.55622, 0.45313, 0.375],
							"pivot": [-0.37056, 0.00469, -2.44508],
							"rotation": [0, 45, 0],
							"uv": {
								"north": {"uv": [21, 17], "uv_size": [0.5, 0.5]},
								"east": {"uv": [18, 21], "uv_size": [0.5, 0.5]},
								"south": {"uv": [21, 18], "uv_size": [0.5, 0.5]},
								"west": {"uv": [19, 21], "uv_size": [0.5, 0.5]},
								"up": {"uv": [21, 19], "uv_size": [0.5, 0.5]},
								"down": {"uv": [20, 21.5], "uv_size": [0.5, -0.5]}
							}
						},
						{
							"origin": [0.15809, -0.22187, -2.66383],
							"size": [0.55622, 0.45313, 0.375],
							"pivot": [0.37056, 0.00469, -2.44508],
							"rotation": [0, -45, 0],
							"uv": {
								"north": {"uv": [21, 20], "uv_size": [0.5, 0.5]},
								"east": {"uv": [21, 21], "uv_size": [0.5, 0.5]},
								"south": {"uv": [0, 22], "uv_size": [0.5, 0.5]},
								"west": {"uv": [22, 0], "uv_size": [0.5, 0.5]},
								"up": {"uv": [1, 22], "uv_size": [0.5, 0.5]},
								"down": {"uv": [22, 1.5], "uv_size": [0.5, -0.5]}
							}
						},
						{
							"origin": [-0.98125, -0.168, -1.31959],
							"size": [1.9625, 0.336, 0.13918],
							"uv": {
								"north": {"uv": [0, 7], "uv_size": [2, 0.5]},
								"east": {"uv": [27, 11], "uv_size": [0.5, 0.5]},
								"south": {"uv": [2, 7], "uv_size": [2, 0.5]},
								"west": {"uv": [12, 27], "uv_size": [0.5, 0.5]},
								"up": {"uv": [7, 3], "uv_size": [2, 0.5]},
								"down": {"uv": [4, 7.5], "uv_size": [2, -0.5]}
							}
						},
						{
							"origin": [-0.98125, -0.168, -1.31959],
							"size": [1.9625, 0.336, 0.13918],
							"pivot": [-0.34575, 0, -1.25],
							"rotation": [-45, 0, 0],
							"uv": {
								"north": {"uv": [6, 2], "uv_size": [2, 0.5]},
								"east": {"uv": [27, 10], "uv_size": [0.5, 0.5]},
								"south": {"uv": [4, 6], "uv_size": [2, 0.5]},
								"west": {"uv": [11, 27], "uv_size": [0.5, 0.5]},
								"up": {"uv": [6, 5], "uv_size": [2, 0.5]},
								"down": {"uv": [6, 6.5], "uv_size": [2, -0.5]}
							}
						},
						{
							"origin": [-0.98125, -0.06959, -1.418],
							"size": [1.9625, 0.13918, 0.336],
							"uv": {
								"north": {"uv": [0, 6], "uv_size": [2, 0.5]},
								"east": {"uv": [27, 9], "uv_size": [0.5, 0.5]},
								"south": {"uv": [6, 0], "uv_size": [2, 0.5]},
								"west": {"uv": [10, 27], "uv_size": [0.5, 0.5]},
								"up": {"uv": [6, 1], "uv_size": [2, 0.5]},
								"down": {"uv": [2, 6.5], "uv_size": [2, -0.5]}
							}
						},
						{
							"origin": [-0.98125, -0.06959, -1.418],
							"size": [1.9625, 0.13918, 0.336],
							"pivot": [-0.34575, 0, -1.25],
							"rotation": [-45, 0, 0],
							"uv": {
								"north": {"uv": [2, 5], "uv_size": [2, 0.5]},
								"east": {"uv": [27, 8], "uv_size": [0.5, 0.5]},
								"south": {"uv": [5, 3], "uv_size": [2, 0.5]},
								"west": {"uv": [9, 27], "uv_size": [0.5, 0.5]},
								"up": {"uv": [4, 5], "uv_size": [2, 0.5]},
								"down": {"uv": [5, 4.5], "uv_size": [2, -0.5]}
							}
						}
					]
				},
				{
					"name": "bone4",
					"parent": "scope_body",
					"pivot": [0, 7.68438, -0.25],
					"cubes": [
						{
							"origin": [-0.39331, 0.10625, -2.91919],
							"size": [0.78661, 0.22985, 0.55903],
							"uv": {
								"north": {"uv": [8, 14], "uv_size": [1, 0.5]},
								"east": {"uv": [3, 24], "uv_size": [0.5, 0.5]},
								"south": {"uv": [14, 8], "uv_size": [1, 0.5]},
								"west": {"uv": [24, 3], "uv_size": [0.5, 0.5]},
								"up": {"uv": [9, 14], "uv_size": [1, 0.5]},
								"down": {"uv": [14, 9.5], "uv_size": [1, -0.5]}
							}
						},
						{
							"origin": [-0.29419, 0.3361, -2.73169],
							"size": [0.58839, 0.125, 0.62153],
							"uv": {
								"north": {"uv": [15, 24], "uv_size": [0.5, 0.5]},
								"east": {"uv": [24, 15], "uv_size": [0.5, 0.5]},
								"south": {"uv": [16, 24], "uv_size": [0.5, 0.5]},
								"west": {"uv": [24, 16], "uv_size": [0.5, 0.5]},
								"up": {"uv": [17, 24], "uv_size": [0.5, 0.5]},
								"down": {"uv": [24, 17.5], "uv_size": [0.5, -0.5]}
							}
						},
						{
							"origin": [-0.67957, 0.3361, -2.58723],
							"size": [0.625, 0.125, 0.3125],
							"pivot": [-0.34877, 0.3986, -2.37021],
							"rotation": [0, 45, 0],
							"uv": {
								"north": {"uv": [25, 23], "uv_size": [0.5, 0.5]},
								"east": {"uv": [24, 25], "uv_size": [0.5, 0.5]},
								"south": {"uv": [25, 24], "uv_size": [0.5, 0.5]},
								"west": {"uv": [25, 25], "uv_size": [0.5, 0.5]},
								"up": {"uv": [0, 26], "uv_size": [0.5, 0.5]},
								"down": {"uv": [26, 0.5], "uv_size": [0.5, -0.5]}
							}
						},
						{
							"origin": [0.05457, 0.3361, -2.58723],
							"size": [0.625, 0.125, 0.3125],
							"pivot": [0.34877, 0.3986, -2.37021],
							"rotation": [0, -45, 0],
							"uv": {
								"north": {"uv": [1, 26], "uv_size": [0.5, 0.5]},
								"east": {"uv": [26, 1], "uv_size": [0.5, 0.5]},
								"south": {"uv": [2, 26], "uv_size": [0.5, 0.5]},
								"west": {"uv": [26, 2], "uv_size": [0.5, 0.5]},
								"up": {"uv": [3, 26], "uv_size": [0.5, 0.5]},
								"down": {"uv": [26, 3.5], "uv_size": [0.5, -0.5]}
							}
						},
						{
							"origin": [-0.29419, 0.22305, -2.82059],
							"size": [0.58839, 0.125, 0.1875],
							"pivot": [0, 0.28555, -2.81886],
							"rotation": [45, 0, 0],
							"uv": {
								"north": {"uv": [18, 24], "uv_size": [0.5, 0.5]},
								"east": {"uv": [24, 18], "uv_size": [0.5, 0.5]},
								"south": {"uv": [19, 24], "uv_size": [0.5, 0.5]},
								"west": {"uv": [24, 19], "uv_size": [0.5, 0.5]},
								"up": {"uv": [20, 24], "uv_size": [0.5, 0.5]},
								"down": {"uv": [24, 20.5], "uv_size": [0.5, -0.5]}
							}
						},
						{
							"origin": [-0.88618, 0.10625, -2.78883],
							"size": [0.72809, 0.22985, 0.4375],
							"pivot": [-0.43306, 0.11406, -2.57008],
							"rotation": [0, 45, 0],
							"uv": {
								"north": {"uv": [8, 24], "uv_size": [0.5, 0.5]},
								"east": {"uv": [24, 8], "uv_size": [0.5, 0.5]},
								"south": {"uv": [9, 24], "uv_size": [0.5, 0.5]},
								"west": {"uv": [24, 9], "uv_size": [0.5, 0.5]},
								"up": {"uv": [10, 24], "uv_size": [0.5, 0.5]},
								"down": {"uv": [24, 10.5], "uv_size": [0.5, -0.5]}
							}
						},
						{
							"origin": [0.15809, 0.10625, -2.78883],
							"size": [0.72809, 0.22985, 0.4375],
							"pivot": [0.43306, 0.11406, -2.57008],
							"rotation": [0, -45, 0],
							"uv": {
								"north": {"uv": [4, 24], "uv_size": [0.5, 0.5]},
								"east": {"uv": [24, 4], "uv_size": [0.5, 0.5]},
								"south": {"uv": [5, 24], "uv_size": [0.5, 0.5]},
								"west": {"uv": [24, 5], "uv_size": [0.5, 0.5]},
								"up": {"uv": [6, 24], "uv_size": [0.5, 0.5]},
								"down": {"uv": [24, 6.5], "uv_size": [0.5, -0.5]}
							}
						},
						{
							"origin": [0.47693, 0.10625, -2.32225],
							"size": [0.51316, 0.125, 1.81629],
							"pivot": [0.73359, 0.11406, -2.14769],
							"rotation": [0, -90, 0],
							"uv": {
								"north": {"uv": [7, 24], "uv_size": [0.5, 0.5]},
								"east": {"uv": [3, 1], "uv_size": [2, 0.5]},
								"south": {"uv": [24, 7], "uv_size": [0.5, 0.5]},
								"west": {"uv": [2, 3], "uv_size": [2, 0.5]},
								"up": {"uv": [0, 4], "uv_size": [0.5, 2]},
								"down": {"uv": [1, 6], "uv_size": [0.5, -2]}
							}
						},
						{
							"origin": [0.07742, 0.00294, -2.97132],
							"size": [0.17678, 0.125, 1.81629],
							"pivot": [0, 0.16875, -2.06318],
							"rotation": [90, -45, -90],
							"uv": {
								"north": {"uv": [14, 24], "uv_size": [0.5, 0.5]},
								"east": {"uv": [2, 4], "uv_size": [2, 0.5]},
								"south": {"uv": [24, 14], "uv_size": [0.5, 0.5]},
								"west": {"uv": [4, 2], "uv_size": [2, 0.5]},
								"up": {"uv": [4, 3], "uv_size": [0.5, 2]},
								"down": {"uv": [5, 2], "uv_size": [0.5, -2]}
							}
						},
						{
							"origin": [0.47693, 0.23125, -1.11991],
							"size": [0.23169, 0.33275, 0.51105],
							"pivot": [0.73359, 0.11406, -2.14769],
							"rotation": [0, -90, 0],
							"uv": {
								"north": {"uv": [11, 24], "uv_size": [0.5, 0.5]},
								"east": {"uv": [24, 11], "uv_size": [0.5, 0.5]},
								"south": {"uv": [12, 24], "uv_size": [0.5, 0.5]},
								"west": {"uv": [24, 12], "uv_size": [0.5, 0.5]},
								"up": {"uv": [13, 24], "uv_size": [0.5, 0.5]},
								"down": {"uv": [24, 13.5], "uv_size": [0.5, -0.5]}
							}
						},
						{
							"origin": [1.50775, 1.25588, -1.08519],
							"size": [0.63816, 0.14553, 0.09375],
							"pivot": [1.76441, 1.10744, -2.14769],
							"rotation": [0, -90, -45],
							"uv": {
								"north": {"uv": [25, 14], "uv_size": [0.5, 0.5]},
								"east": {"uv": [15, 25], "uv_size": [0.5, 0.5]},
								"south": {"uv": [25, 15], "uv_size": [0.5, 0.5]},
								"west": {"uv": [16, 25], "uv_size": [0.5, 0.5]},
								"up": {"uv": [25, 16], "uv_size": [0.5, 0.5]},
								"down": {"uv": [17, 25.5], "uv_size": [0.5, -0.5]}
							}
						},
						{
							"origin": [1.72693, 0.23125, -0.96934],
							"size": [0.23169, 0.33275, 0.51105],
							"pivot": [1.98359, 0.11406, -2.14769],
							"rotation": [0, -90, 0],
							"uv": {
								"north": {"uv": [25, 8], "uv_size": [0.5, 0.5]},
								"east": {"uv": [9, 25], "uv_size": [0.5, 0.5]},
								"south": {"uv": [25, 9], "uv_size": [0.5, 0.5]},
								"west": {"uv": [10, 25], "uv_size": [0.5, 0.5]},
								"up": {"uv": [25, 10], "uv_size": [0.5, 0.5]},
								"down": {"uv": [11, 25.5], "uv_size": [0.5, -0.5]}
							}
						},
						{
							"origin": [0.1936, 0.23125, -2.37269],
							"size": [0.21875, 0.33275, 0.34375],
							"pivot": [0.30298, 0.39763, -2.20082],
							"rotation": [0, -30, 0],
							"uv": {
								"north": {"uv": [22, 24], "uv_size": [0.5, 0.5]},
								"east": {"uv": [24, 22], "uv_size": [0.5, 0.5]},
								"south": {"uv": [23, 24], "uv_size": [0.5, 0.5]},
								"west": {"uv": [24, 23], "uv_size": [0.5, 0.5]},
								"up": {"uv": [24, 24], "uv_size": [0.5, 0.5]},
								"down": {"uv": [0, 25.5], "uv_size": [0.5, -0.5]}
							}
						},
						{
							"origin": [-0.98029, 0.23125, -2.14852],
							"size": [0.21875, 0.33275, 0.34375],
							"pivot": [-1.00526, 0.11406, -3.14852],
							"rotation": [0, 30, 0],
							"uv": {
								"north": {"uv": [25, 0], "uv_size": [0.5, 0.5]},
								"east": {"uv": [1, 25], "uv_size": [0.5, 0.5]},
								"south": {"uv": [25, 1], "uv_size": [0.5, 0.5]},
								"west": {"uv": [2, 25], "uv_size": [0.5, 0.5]},
								"up": {"uv": [25, 2], "uv_size": [0.5, 0.5]},
								"down": {"uv": [3, 25.5], "uv_size": [0.5, -0.5]}
							}
						},
						{
							"origin": [0.70862, 0.23125, -2.21934],
							"size": [0.40647, 0.33275, 1.61049],
							"pivot": [0.73359, 0.11406, -2.14769],
							"rotation": [0, -90, 0],
							"uv": {
								"north": {"uv": [21, 24], "uv_size": [0.5, 0.5]},
								"east": {"uv": [3, 10], "uv_size": [1.5, 0.5]},
								"south": {"uv": [24, 21], "uv_size": [0.5, 0.5]},
								"west": {"uv": [5, 10], "uv_size": [1.5, 0.5]},
								"up": {"uv": [0, 10], "uv_size": [0.5, 1.5]},
								"down": {"uv": [7, 11.5], "uv_size": [0.5, -1.5]}
							}
						},
						{
							"origin": [0.47693, 0.23125, -2.32225],
							"size": [0.63816, 0.22985, 0.1029],
							"pivot": [0.73359, 0.11406, -2.14769],
							"rotation": [0, -90, 0],
							"uv": {
								"north": {"uv": [25, 11], "uv_size": [0.5, 0.5]},
								"east": {"uv": [12, 25], "uv_size": [0.5, 0.5]},
								"south": {"uv": [25, 12], "uv_size": [0.5, 0.5]},
								"west": {"uv": [13, 25], "uv_size": [0.5, 0.5]},
								"up": {"uv": [25, 13], "uv_size": [0.5, 0.5]},
								"down": {"uv": [14, 25.5], "uv_size": [0.5, -0.5]}
							}
						},
						{
							"origin": [-2.14591, 1.25588, -1.08519],
							"size": [0.63816, 0.14553, 0.09375],
							"pivot": [-1.76441, 1.10744, -2.14769],
							"rotation": [0, 90, 45],
							"uv": {
								"north": {"uv": [25, 20], "uv_size": [0.5, 0.5]},
								"east": {"uv": [21, 25], "uv_size": [0.5, 0.5]},
								"south": {"uv": [25, 21], "uv_size": [0.5, 0.5]},
								"west": {"uv": [22, 25], "uv_size": [0.5, 0.5]},
								"up": {"uv": [25, 22], "uv_size": [0.5, 0.5]},
								"down": {"uv": [23, 25.5], "uv_size": [0.5, -0.5]}
							}
						},
						{
							"origin": [-1.11509, 0.23125, -2.32225],
							"size": [0.63816, 0.22985, 0.1029],
							"pivot": [-0.73359, 0.11406, -2.14769],
							"rotation": [0, 90, 0],
							"uv": {
								"north": {"uv": [25, 17], "uv_size": [0.5, 0.5]},
								"east": {"uv": [18, 25], "uv_size": [0.5, 0.5]},
								"south": {"uv": [25, 18], "uv_size": [0.5, 0.5]},
								"west": {"uv": [19, 25], "uv_size": [0.5, 0.5]},
								"up": {"uv": [25, 19], "uv_size": [0.5, 0.5]},
								"down": {"uv": [20, 25.5], "uv_size": [0.5, -0.5]}
							}
						},
						{
							"origin": [0.99009, 0.23125, -2.05394],
							"size": [0.95369, 0.25, 1.27968],
							"pivot": [0.73359, 0.11406, -2.14769],
							"rotation": [0, -90, 0],
							"uv": {
								"north": {"uv": [12, 14], "uv_size": [1, 0.5]},
								"east": {"uv": [10, 5], "uv_size": [1.5, 0.5]},
								"south": {"uv": [14, 12], "uv_size": [1, 0.5]},
								"west": {"uv": [8, 10], "uv_size": [1.5, 0.5]},
								"up": {"uv": [2, 0], "uv_size": [1, 1.5]},
								"down": {"uv": [1, 3.5], "uv_size": [1, -1.5]}
							}
						},
						{
							"origin": [0.0544, 0.48125, -1.64794],
							"size": [0.20369, 0.0625, 0.21718],
							"pivot": [0.125, 0.5125, -1.5706],
							"rotation": [0, -90, -20],
							"uv": {
								"north": {"uv": [27, 2], "uv_size": [0.5, 0.5]},
								"east": {"uv": [3, 27], "uv_size": [0.5, 0.5]},
								"south": {"uv": [27, 3], "uv_size": [0.5, 0.5]},
								"west": {"uv": [4, 27], "uv_size": [0.5, 0.5]},
								"up": {"uv": [27, 4], "uv_size": [0.5, 0.5]},
								"down": {"uv": [5, 27.5], "uv_size": [0.5, -0.5]}
							}
						},
						{
							"origin": [0.09393, 0.54375, -1.6005],
							"size": [0.10092, 0, 0.09299],
							"inflate": 0.0001,
							"pivot": [0.125, 0.5125, -1.5706],
							"rotation": [0, -90, -20],
							"uv": {
								"north": {"uv": [30.5, 4], "uv_size": [-0.5, -0.5]},
								"east": {"uv": [30.5, 4], "uv_size": [-0.5, -0.5]},
								"south": {"uv": [30.5, 4], "uv_size": [-0.5, -0.5]},
								"west": {"uv": [30.5, 4], "uv_size": [-0.5, -0.5]},
								"up": {"uv": [7, 50.5], "uv_size": [5.5, 5.5]},
								"down": {"uv": [30, 3.5], "uv_size": [0.5, 0.5]}
							}
						},
						{
							"origin": [-0.2654, 0.44738, -1.64794],
							"size": [0.20369, 0.0625, 0.21718],
							"pivot": [-0.1323, 0.47863, -1.5706],
							"rotation": [0, 90, 5],
							"uv": {
								"north": {"uv": [27, 5], "uv_size": [0.5, 0.5]},
								"east": {"uv": [6, 27], "uv_size": [0.5, 0.5]},
								"south": {"uv": [27, 6], "uv_size": [0.5, 0.5]},
								"west": {"uv": [7, 27], "uv_size": [0.5, 0.5]},
								"up": {"uv": [27, 7], "uv_size": [0.5, 0.5]},
								"down": {"uv": [8, 27.5], "uv_size": [0.5, -0.5]}
							}
						},
						{
							"origin": [-0.16263, 0.50988, -1.5926],
							"size": [0.01397, 0, 0.10885],
							"inflate": 0.0001,
							"pivot": [-0.1323, 0.47863, -1.5706],
							"rotation": [0, 90, 5],
							"uv": {
								"up": {"uv": [7, 53], "uv_size": [5.5, 0.5]}
							}
						},
						{
							"origin": [1.03817, 0.22724, -2.17894],
							"size": [0.95369, 0.28107, 0.125],
							"pivot": [0.78167, 0.14112, -2.14769],
							"rotation": [0, -90, -27.5],
							"uv": {
								"north": {"uv": [15, 6], "uv_size": [1, 0.5]},
								"east": {"uv": [14, 26], "uv_size": [0.5, 0.5]},
								"south": {"uv": [7, 15], "uv_size": [1, 0.5]},
								"west": {"uv": [26, 14], "uv_size": [0.5, 0.5]},
								"up": {"uv": [15, 7], "uv_size": [1, 0.5]},
								"down": {"uv": [8, 15.5], "uv_size": [1, -0.5]}
							}
						},
						{
							"origin": [-1.99186, 0.22724, -2.17894],
							"size": [0.95369, 0.28107, 0.125],
							"pivot": [-0.78167, 0.14112, -2.14769],
							"rotation": [0, 90, 27.5],
							"uv": {
								"north": {"uv": [15, 8], "uv_size": [1, 0.5]},
								"east": {"uv": [15, 26], "uv_size": [0.5, 0.5]},
								"south": {"uv": [9, 15], "uv_size": [1, 0.5]},
								"west": {"uv": [26, 15], "uv_size": [0.5, 0.5]},
								"up": {"uv": [15, 9], "uv_size": [1, 0.5]},
								"down": {"uv": [10, 15.5], "uv_size": [1, -0.5]}
							}
						},
						{
							"origin": [0.99009, 0.52017, -1.28476],
							"size": [0.35355, 0.25, 1.27968],
							"pivot": [0.73359, 0.40298, -1.37851],
							"rotation": [-90, -45, 90],
							"uv": {
								"north": {"uv": [25, 7], "uv_size": [0.5, 0.5]},
								"east": {"uv": [10, 8], "uv_size": [1.5, 0.5]},
								"south": {"uv": [8, 25], "uv_size": [0.5, 0.5]},
								"west": {"uv": [10, 9], "uv_size": [1.5, 0.5]},
								"up": {"uv": [10, 10], "uv_size": [0.5, 1.5]},
								"down": {"uv": [11, 1.5], "uv_size": [0.5, -1.5]}
							}
						},
						{
							"origin": [-1.98386, 0.48125, -2.01386],
							"size": [0.82869, 0.10485, 0.3021],
							"pivot": [-0.77367, 0.11406, -2.14769],
							"rotation": [0, 90, 0],
							"uv": {
								"north": {"uv": [10, 14], "uv_size": [1, 0.5]},
								"east": {"uv": [25, 3], "uv_size": [0.5, 0.5]},
								"south": {"uv": [14, 10], "uv_size": [1, 0.5]},
								"west": {"uv": [4, 25], "uv_size": [0.5, 0.5]},
								"up": {"uv": [11, 14], "uv_size": [1, 0.5]},
								"down": {"uv": [14, 11.5], "uv_size": [1, -0.5]}
							}
						},
						{
							"origin": [-1.58515, 0.71414, -2.01386],
							"size": [0.4375, 0.10485, 0.3021],
							"pivot": [-0.76615, 0.34695, -2.14769],
							"rotation": [0, 90, 45],
							"uv": {
								"north": {"uv": [16, 26], "uv_size": [0.5, 0.5]},
								"east": {"uv": [26, 16], "uv_size": [0.5, 0.5]},
								"south": {"uv": [17, 26], "uv_size": [0.5, 0.5]},
								"west": {"uv": [26, 17], "uv_size": [0.5, 0.5]},
								"up": {"uv": [18, 26], "uv_size": [0.5, 0.5]},
								"down": {"uv": [26, 18.5], "uv_size": [0.5, -0.5]}
							}
						},
						{
							"origin": [1.14765, 0.71414, -2.01386],
							"size": [0.4375, 0.10485, 0.3021],
							"pivot": [0.76615, 0.34695, -2.14769],
							"rotation": [0, -90, -45],
							"uv": {
								"north": {"uv": [22, 26], "uv_size": [0.5, 0.5]},
								"east": {"uv": [26, 22], "uv_size": [0.5, 0.5]},
								"south": {"uv": [23, 26], "uv_size": [0.5, 0.5]},
								"west": {"uv": [26, 23], "uv_size": [0.5, 0.5]},
								"up": {"uv": [24, 26], "uv_size": [0.5, 0.5]},
								"down": {"uv": [26, 24.5], "uv_size": [0.5, -0.5]}
							}
						},
						{
							"origin": [-0.44956, 0.23125, -1.2306],
							"size": [0.1875, 0.35485, 0.125],
							"pivot": [-0.35581, 0.40868, -1.21418],
							"rotation": [0, 45, 0],
							"uv": {
								"north": {"uv": [7, 26], "uv_size": [0.5, 0.5]},
								"east": {"uv": [26, 7], "uv_size": [0.5, 0.5]},
								"south": {"uv": [8, 26], "uv_size": [0.5, 0.5]},
								"west": {"uv": [26, 8], "uv_size": [0.5, 0.5]},
								"up": {"uv": [9, 26], "uv_size": [0.5, 0.5]},
								"down": {"uv": [26, 9.5], "uv_size": [0.5, -0.5]}
							}
						},
						{
							"origin": [1.15517, 0.48125, -2.01386],
							"size": [0.82869, 0.10485, 0.3021],
							"pivot": [0.77367, 0.11406, -2.14769],
							"rotation": [0, -90, 0],
							"uv": {
								"north": {"uv": [15, 4], "uv_size": [1, 0.5]},
								"east": {"uv": [13, 26], "uv_size": [0.5, 0.5]},
								"south": {"uv": [5, 15], "uv_size": [1, 0.5]},
								"west": {"uv": [26, 13], "uv_size": [0.5, 0.5]},
								"up": {"uv": [15, 5], "uv_size": [1, 0.5]},
								"down": {"uv": [6, 15.5], "uv_size": [1, -0.5]}
							}
						},
						{
							"origin": [0.26206, 0.23125, -1.2306],
							"size": [0.1875, 0.35485, 0.125],
							"pivot": [0.35581, 0.40868, -1.21418],
							"rotation": [0, -45, 0],
							"uv": {
								"north": {"uv": [10, 26], "uv_size": [0.5, 0.5]},
								"east": {"uv": [26, 10], "uv_size": [0.5, 0.5]},
								"south": {"uv": [11, 26], "uv_size": [0.5, 0.5]},
								"west": {"uv": [26, 11], "uv_size": [0.5, 0.5]},
								"up": {"uv": [12, 26], "uv_size": [0.5, 0.5]},
								"down": {"uv": [26, 12.5], "uv_size": [0.5, -0.5]}
							}
						},
						{
							"origin": [-1.71767, 0.94863, -1.79004],
							"size": [0.125, 0.35485, 0.67548],
							"pivot": [-0.77367, 0.83144, -2.22597],
							"rotation": [-90, 45, -90],
							"uv": {
								"north": {"uv": [25, 4], "uv_size": [0.5, 0.5]},
								"east": {"uv": [5, 25], "uv_size": [0.5, 0.5]},
								"south": {"uv": [25, 5], "uv_size": [0.5, 0.5]},
								"west": {"uv": [6, 25], "uv_size": [0.5, 0.5]},
								"up": {"uv": [25, 6], "uv_size": [0.5, 0.5]},
								"down": {"uv": [7, 25.5], "uv_size": [0.5, -0.5]}
							}
						},
						{
							"origin": [-1.71767, 0.23125, -1.71176],
							"size": [0.10938, 0.35485, 0.67548],
							"pivot": [-0.77367, 0.11406, -2.14769],
							"rotation": [0, 90, 0],
							"uv": {
								"north": {"uv": [19, 26], "uv_size": [0.5, 0.5]},
								"east": {"uv": [26, 19], "uv_size": [0.5, 0.5]},
								"south": {"uv": [20, 26], "uv_size": [0.5, 0.5]},
								"west": {"uv": [26, 20], "uv_size": [0.5, 0.5]},
								"up": {"uv": [21, 26], "uv_size": [0.5, 0.5]},
								"down": {"uv": [26, 21.5], "uv_size": [0.5, -0.5]}
							}
						},
						{
							"origin": [-0.00892, 0.18706, -2.09455],
							"size": [0.125, 0.35485, 0.67548],
							"pivot": [0, 0.41256, -1.75681],
							"rotation": [90, -45, -90],
							"uv": {
								"north": {"uv": [26, 26], "uv_size": [0.5, 0.5]},
								"east": {"uv": [0, 27], "uv_size": [0.5, 0.5]},
								"south": {"uv": [27, 0], "uv_size": [0.5, 0.5]},
								"west": {"uv": [1, 27], "uv_size": [0.5, 0.5]},
								"up": {"uv": [27, 1], "uv_size": [0.5, 0.5]},
								"down": {"uv": [2, 27.5], "uv_size": [0.5, -0.5]}
							}
						},
						{
							"origin": [-0.13438, 0.23125, -2.25436],
							"size": [0.125, 0.35485, 0.98719],
							"pivot": [0, 0.41256, -1.75681],
							"rotation": [0, -90, 0],
							"uv": {
								"north": {"uv": [25, 26], "uv_size": [0.5, 0.5]},
								"east": {"uv": [1, 11], "uv_size": [1.5, 0.5]},
								"south": {"uv": [26, 25], "uv_size": [0.5, 0.5]},
								"west": {"uv": [3, 11], "uv_size": [1.5, 0.5]},
								"up": {"uv": [11, 3], "uv_size": [0.5, 1.5]},
								"down": {"uv": [5, 12.5], "uv_size": [0.5, -1.5]}
							}
						}
					]
				},
				{
					"name": "bone5_illuminated",
					"parent": "scope_body",
					"pivot": [0, 7.7, -0.25],
					"cubes": [
						{
							"origin": [-0.75, 0.62306, -1.77527],
							"size": [0.0625, 0.125, 1.53125],
							"uv": {
								"north": {"uv": [27, 12], "uv_size": [0.5, 0.5]},
								"east": {"uv": [11, 6], "uv_size": [1.5, 0.5]},
								"south": {"uv": [13, 27], "uv_size": [0.5, 0.5]},
								"west": {"uv": [11, 7], "uv_size": [1.5, 0.5]},
								"up": {"uv": [6, 11], "uv_size": [0.5, 1.5]},
								"down": {"uv": [8, 12.5], "uv_size": [0.5, -1.5]}
							}
						},
						{
							"origin": [0.42613, 0.28314, 0.14951],
							"size": [0.0625, 0.125, 0.09375],
							"pivot": [0.55113, 0.34564, 0.10264],
							"rotation": [-90, -47.5, 90],
							"uv": {
								"north": {"uv": [29, 15], "uv_size": [0.5, 0.5]},
								"east": {"uv": [16, 29], "uv_size": [0.5, 0.5]},
								"south": {"uv": [29, 16], "uv_size": [0.5, 0.5]},
								"west": {"uv": [17, 29], "uv_size": [0.5, 0.5]},
								"up": {"uv": [29, 17], "uv_size": [0.5, 0.5]},
								"down": {"uv": [18, 29.5], "uv_size": [0.5, -0.5]}
							}
						},
						{
							"origin": [0.60558, 0.02467, 0.43158],
							"size": [0.0625, 0.125, 0.10938],
							"pivot": [0.73058, 0.08717, 0.38471],
							"rotation": [-90, -47.5, 90],
							"uv": {
								"north": {"uv": [29, 12], "uv_size": [0.5, 0.5]},
								"east": {"uv": [13, 29], "uv_size": [0.5, 0.5]},
								"south": {"uv": [29, 13], "uv_size": [0.5, 0.5]},
								"west": {"uv": [14, 29], "uv_size": [0.5, 0.5]},
								"up": {"uv": [29, 14], "uv_size": [0.5, 0.5]},
								"down": {"uv": [15, 29.5], "uv_size": [0.5, -0.5]}
							}
						},
						{
							"origin": [0.43829, 0.01464, 0.44252],
							"size": [0.0625, 0.125, 0.09375],
							"pivot": [0.56329, 0.07714, 0.39565],
							"rotation": [-127.65635, -31.42176, 145.95742],
							"uv": {
								"north": {"uv": [29, 9], "uv_size": [0.5, 0.5]},
								"east": {"uv": [10, 29], "uv_size": [0.5, 0.5]},
								"south": {"uv": [29, 10], "uv_size": [0.5, 0.5]},
								"west": {"uv": [11, 29], "uv_size": [0.5, 0.5]},
								"up": {"uv": [29, 11], "uv_size": [0.5, 0.5]},
								"down": {"uv": [12, 29.5], "uv_size": [0.5, -0.5]}
							}
						},
						{
							"origin": [0.70234, 0.10422, 0.34477],
							"size": [0.0625, 0.125, 0.09375],
							"pivot": [0.82734, 0.16672, 0.2979],
							"rotation": [-52.34365, -31.42176, 34.04258],
							"uv": {
								"north": {"uv": [29, 6], "uv_size": [0.5, 0.5]},
								"east": {"uv": [7, 29], "uv_size": [0.5, 0.5]},
								"south": {"uv": [29, 7], "uv_size": [0.5, 0.5]},
								"west": {"uv": [8, 29], "uv_size": [0.5, 0.5]},
								"up": {"uv": [29, 8], "uv_size": [0.5, 0.5]},
								"down": {"uv": [9, 29.5], "uv_size": [0.5, -0.5]}
							}
						},
						{
							"origin": [0.05348, 0.27055, 0.28825],
							"size": [0.0625, 0.125, 0.09375],
							"pivot": [0.17848, 0.33305, 0.11637],
							"rotation": [-127.65635, 31.42176, -145.95742],
							"uv": {
								"north": {"uv": [29, 3], "uv_size": [0.5, 0.5]},
								"east": {"uv": [4, 29], "uv_size": [0.5, 0.5]},
								"south": {"uv": [29, 4], "uv_size": [0.5, 0.5]},
								"west": {"uv": [5, 29], "uv_size": [0.5, 0.5]},
								"up": {"uv": [29, 5], "uv_size": [0.5, 0.5]},
								"down": {"uv": [6, 29.5], "uv_size": [0.5, -0.5]}
							}
						},
						{
							"origin": [0.30191, 0.47955, 0.06017],
							"size": [0.0625, 0.125, 0.09375],
							"pivot": [0.42691, 0.54205, -0.11171],
							"rotation": [-52.34365, 31.42176, -34.04258],
							"uv": {
								"north": {"uv": [29, 0], "uv_size": [0.5, 0.5]},
								"east": {"uv": [1, 29], "uv_size": [0.5, 0.5]},
								"south": {"uv": [29, 1], "uv_size": [0.5, 0.5]},
								"west": {"uv": [2, 29], "uv_size": [0.5, 0.5]},
								"up": {"uv": [29, 2], "uv_size": [0.5, 0.5]},
								"down": {"uv": [3, 29.5], "uv_size": [0.5, -0.5]}
							}
						},
						{
							"origin": [0.34421, 0.33336, 0.06346],
							"size": [0.0625, 0.125, 0.25],
							"pivot": [0.46921, 0.39586, 0.04783],
							"rotation": [-42.5, 0, 0],
							"uv": {
								"north": {"uv": [26, 28], "uv_size": [0.5, 0.5]},
								"east": {"uv": [28, 26], "uv_size": [0.5, 0.5]},
								"south": {"uv": [27, 28], "uv_size": [0.5, 0.5]},
								"west": {"uv": [28, 27], "uv_size": [0.5, 0.5]},
								"up": {"uv": [28, 28], "uv_size": [0.5, 0.5]},
								"down": {"uv": [0, 29.5], "uv_size": [0.5, -0.5]}
							}
						},
						{
							"origin": [0.50804, 0.33336, 0.06346],
							"size": [0.0625, 0.125, 0.3125],
							"pivot": [0.63304, 0.39586, 0.04783],
							"rotation": [-42.5, 0, 0],
							"uv": {
								"north": {"uv": [23, 28], "uv_size": [0.5, 0.5]},
								"east": {"uv": [28, 23], "uv_size": [0.5, 0.5]},
								"south": {"uv": [24, 28], "uv_size": [0.5, 0.5]},
								"west": {"uv": [28, 24], "uv_size": [0.5, 0.5]},
								"up": {"uv": [25, 28], "uv_size": [0.5, 0.5]},
								"down": {"uv": [28, 25.5], "uv_size": [0.5, -0.5]}
							}
						},
						{
							"origin": [0.6875, 0.33336, -0.40529],
							"size": [0.0625, 0.125, 0.78125],
							"pivot": [0.8125, 0.39586, 0.04783],
							"rotation": [-42.5, 0, 0],
							"uv": {
								"north": {"uv": [22, 28], "uv_size": [0.5, 0.5]},
								"east": {"uv": [1, 16], "uv_size": [1, 0.5]},
								"south": {"uv": [28, 22], "uv_size": [0.5, 0.5]},
								"west": {"uv": [16, 1], "uv_size": [1, 0.5]},
								"up": {"uv": [2, 16], "uv_size": [0.5, 1]},
								"down": {"uv": [16, 3], "uv_size": [0.5, -1]}
							}
						},
						{
							"origin": [-0.56942, 0.45836, -0.38948],
							"size": [1.14625, 0, 0.21999],
							"pivot": [0.8125, 0.39586, 0.04783],
							"rotation": [-42.5, 0, 0],
							"uv": {
								"north": {"uv": [1, 31], "uv_size": [1, 0.5]},
								"east": {"uv": [1, 31], "uv_size": [1, 0.5]},
								"south": {"uv": [1, 31], "uv_size": [1, 0.5]},
								"west": {"uv": [1, 31], "uv_size": [1, 0.5]},
								"up": {"uv": [43.5, 45.5], "uv_size": [-43, -6.5]},
								"down": {"uv": [2, 31.5], "uv_size": [-1, -0.5]}
							}
						},
						{
							"origin": [0.46783, 2.14691, -2.36471],
							"size": [0.0541, 0.125, 0.4038],
							"pivot": [0.59283, 2.20941, -2.36471],
							"rotation": [-70.74344, 11.86554, -30.48005],
							"uv": {
								"north": {"uv": [19, 28], "uv_size": [0.5, 0.5]},
								"east": {"uv": [28, 19], "uv_size": [0.5, 0.5]},
								"south": {"uv": [20, 28], "uv_size": [0.5, 0.5]},
								"west": {"uv": [28, 20], "uv_size": [0.5, 0.5]},
								"up": {"uv": [21, 28], "uv_size": [0.5, 0.5]},
								"down": {"uv": [28, 21.5], "uv_size": [0.5, -0.5]}
							}
						},
						{
							"origin": [0.6875, 0.95981, -2.77924],
							"size": [0.0625, 0.125, 1.3125],
							"pivot": [0.8125, 1.02231, -1.87299],
							"rotation": [-67.5, 0, 0],
							"uv": {
								"north": {"uv": [18, 28], "uv_size": [0.5, 0.5]},
								"east": {"uv": [12, 3], "uv_size": [1.5, 0.5]},
								"south": {"uv": [28, 18], "uv_size": [0.5, 0.5]},
								"west": {"uv": [12, 4], "uv_size": [1.5, 0.5]},
								"up": {"uv": [4, 12], "uv_size": [0.5, 1.5]},
								"down": {"uv": [7, 13.5], "uv_size": [0.5, -1.5]}
							}
						},
						{
							"origin": [0.6875, 0.62306, -1.77527],
							"size": [0.0625, 0.125, 1.53125],
							"uv": {
								"north": {"uv": [17, 28], "uv_size": [0.5, 0.5]},
								"east": {"uv": [12, 0], "uv_size": [1.5, 0.5]},
								"south": {"uv": [28, 17], "uv_size": [0.5, 0.5]},
								"west": {"uv": [1, 12], "uv_size": [1.5, 0.5]},
								"up": {"uv": [12, 1], "uv_size": [0.5, 1.5]},
								"down": {"uv": [3, 13.5], "uv_size": [0.5, -1.5]}
							}
						},
						{
							"origin": [-0.75, 0.95981, -2.77924],
							"size": [0.0625, 0.125, 1.3125],
							"pivot": [-0.8125, 1.02231, -1.87299],
							"rotation": [-67.5, 0, 0],
							"uv": {
								"north": {"uv": [27, 13], "uv_size": [0.5, 0.5]},
								"east": {"uv": [11, 10], "uv_size": [1.5, 0.5]},
								"south": {"uv": [14, 27], "uv_size": [0.5, 0.5]},
								"west": {"uv": [11, 11], "uv_size": [1.5, 0.5]},
								"up": {"uv": [9, 11], "uv_size": [0.5, 1.5]},
								"down": {"uv": [0, 13.5], "uv_size": [0.5, -1.5]}
							}
						},
						{
							"origin": [-0.52193, 2.14691, -2.36471],
							"size": [0.0541, 0.125, 0.4038],
							"pivot": [-0.59283, 2.20941, -2.36471],
							"rotation": [-70.74344, -11.86554, 30.48005],
							"uv": {
								"north": {"uv": [27, 14], "uv_size": [0.5, 0.5]},
								"east": {"uv": [15, 27], "uv_size": [0.5, 0.5]},
								"south": {"uv": [27, 15], "uv_size": [0.5, 0.5]},
								"west": {"uv": [16, 27], "uv_size": [0.5, 0.5]},
								"up": {"uv": [27, 16], "uv_size": [0.5, 0.5]},
								"down": {"uv": [17, 27.5], "uv_size": [0.5, -0.5]}
							}
						},
						{
							"origin": [-0.08248, 2.17362, -3.0583],
							"size": [0.05799, 0.125, 1.06607],
							"pivot": [-0.14949, 2.23612, -2.37577],
							"rotation": [-90, -22.5, 90],
							"uv": {
								"north": {"uv": [27, 17], "uv_size": [0.5, 0.5]},
								"east": {"uv": [15, 10], "uv_size": [1, 0.5]},
								"south": {"uv": [18, 27], "uv_size": [0.5, 0.5]},
								"west": {"uv": [11, 15], "uv_size": [1, 0.5]},
								"up": {"uv": [15, 11], "uv_size": [0.5, 1]},
								"down": {"uv": [12, 16], "uv_size": [0.5, -1]}
							}
						},
						{
							"origin": [-0.75, 0.33336, -0.40529],
							"size": [0.0625, 0.125, 0.78125],
							"pivot": [-0.8125, 0.39586, 0.04783],
							"rotation": [-42.5, 0, 0],
							"uv": {
								"north": {"uv": [27, 18], "uv_size": [0.5, 0.5]},
								"east": {"uv": [15, 12], "uv_size": [1, 0.5]},
								"south": {"uv": [19, 27], "uv_size": [0.5, 0.5]},
								"west": {"uv": [13, 15], "uv_size": [1, 0.5]},
								"up": {"uv": [15, 13], "uv_size": [0.5, 1]},
								"down": {"uv": [14, 16], "uv_size": [0.5, -1]}
							}
						},
						{
							"origin": [-0.57054, 0.33336, 0.06346],
							"size": [0.0625, 0.125, 0.3125],
							"pivot": [-0.63304, 0.39586, 0.04783],
							"rotation": [-42.5, 0, 0],
							"uv": {
								"north": {"uv": [27, 19], "uv_size": [0.5, 0.5]},
								"east": {"uv": [20, 27], "uv_size": [0.5, 0.5]},
								"south": {"uv": [27, 20], "uv_size": [0.5, 0.5]},
								"west": {"uv": [21, 27], "uv_size": [0.5, 0.5]},
								"up": {"uv": [27, 21], "uv_size": [0.5, 0.5]},
								"down": {"uv": [22, 27.5], "uv_size": [0.5, -0.5]}
							}
						},
						{
							"origin": [-0.40671, 0.33336, 0.06346],
							"size": [0.0625, 0.125, 0.25],
							"pivot": [-0.46921, 0.39586, 0.04783],
							"rotation": [-42.5, 0, 0],
							"uv": {
								"north": {"uv": [27, 22], "uv_size": [0.5, 0.5]},
								"east": {"uv": [23, 27], "uv_size": [0.5, 0.5]},
								"south": {"uv": [27, 23], "uv_size": [0.5, 0.5]},
								"west": {"uv": [24, 27], "uv_size": [0.5, 0.5]},
								"up": {"uv": [27, 24], "uv_size": [0.5, 0.5]},
								"down": {"uv": [25, 27.5], "uv_size": [0.5, -0.5]}
							}
						},
						{
							"origin": [-0.36441, 0.47955, 0.06017],
							"size": [0.0625, 0.125, 0.09375],
							"pivot": [-0.42691, 0.54205, -0.11171],
							"rotation": [-52.34365, -31.42176, 34.04258],
							"uv": {
								"north": {"uv": [27, 25], "uv_size": [0.5, 0.5]},
								"east": {"uv": [26, 27], "uv_size": [0.5, 0.5]},
								"south": {"uv": [27, 26], "uv_size": [0.5, 0.5]},
								"west": {"uv": [27, 27], "uv_size": [0.5, 0.5]},
								"up": {"uv": [0, 28], "uv_size": [0.5, 0.5]},
								"down": {"uv": [28, 0.5], "uv_size": [0.5, -0.5]}
							}
						},
						{
							"origin": [-0.11598, 0.27055, 0.28825],
							"size": [0.0625, 0.125, 0.09375],
							"pivot": [-0.17848, 0.33305, 0.11637],
							"rotation": [-127.65635, -31.42176, 145.95742],
							"uv": {
								"north": {"uv": [1, 28], "uv_size": [0.5, 0.5]},
								"east": {"uv": [28, 1], "uv_size": [0.5, 0.5]},
								"south": {"uv": [2, 28], "uv_size": [0.5, 0.5]},
								"west": {"uv": [28, 2], "uv_size": [0.5, 0.5]},
								"up": {"uv": [3, 28], "uv_size": [0.5, 0.5]},
								"down": {"uv": [28, 3.5], "uv_size": [0.5, -0.5]}
							}
						},
						{
							"origin": [-0.76484, 0.10422, 0.34477],
							"size": [0.0625, 0.125, 0.09375],
							"pivot": [-0.82734, 0.16672, 0.2979],
							"rotation": [-52.34365, 31.42176, -34.04258],
							"uv": {
								"north": {"uv": [4, 28], "uv_size": [0.5, 0.5]},
								"east": {"uv": [28, 4], "uv_size": [0.5, 0.5]},
								"south": {"uv": [5, 28], "uv_size": [0.5, 0.5]},
								"west": {"uv": [28, 5], "uv_size": [0.5, 0.5]},
								"up": {"uv": [6, 28], "uv_size": [0.5, 0.5]},
								"down": {"uv": [28, 6.5], "uv_size": [0.5, -0.5]}
							}
						},
						{
							"origin": [-0.50079, 0.01464, 0.44252],
							"size": [0.0625, 0.125, 0.09375],
							"pivot": [-0.56329, 0.07714, 0.39565],
							"rotation": [-127.65635, 31.42176, -145.95742],
							"uv": {
								"north": {"uv": [7, 28], "uv_size": [0.5, 0.5]},
								"east": {"uv": [28, 7], "uv_size": [0.5, 0.5]},
								"south": {"uv": [8, 28], "uv_size": [0.5, 0.5]},
								"west": {"uv": [28, 8], "uv_size": [0.5, 0.5]},
								"up": {"uv": [9, 28], "uv_size": [0.5, 0.5]},
								"down": {"uv": [28, 9.5], "uv_size": [0.5, -0.5]}
							}
						},
						{
							"origin": [-0.66808, 0.02467, 0.43158],
							"size": [0.0625, 0.125, 0.10938],
							"pivot": [-0.73058, 0.08717, 0.38471],
							"rotation": [-90, 47.5, -90],
							"uv": {
								"north": {"uv": [10, 28], "uv_size": [0.5, 0.5]},
								"east": {"uv": [28, 10], "uv_size": [0.5, 0.5]},
								"south": {"uv": [11, 28], "uv_size": [0.5, 0.5]},
								"west": {"uv": [28, 11], "uv_size": [0.5, 0.5]},
								"up": {"uv": [12, 28], "uv_size": [0.5, 0.5]},
								"down": {"uv": [28, 12.5], "uv_size": [0.5, -0.5]}
							}
						},
						{
							"origin": [-0.39108, 0.06946, 0.38271],
							"size": [0.0625, 0.125, 0.81342],
							"pivot": [-0.45358, 0.13196, 0.33583],
							"rotation": [-90, 47.5, -90],
							"uv": {
								"north": {"uv": [13, 28], "uv_size": [0.5, 0.5]},
								"east": {"uv": [15, 14], "uv_size": [1, 0.5]},
								"south": {"uv": [28, 13], "uv_size": [0.5, 0.5]},
								"west": {"uv": [15, 15], "uv_size": [1, 0.5]},
								"up": {"uv": [0, 16], "uv_size": [0.5, 1]},
								"down": {"uv": [16, 1], "uv_size": [0.5, -1]}
							}
						},
						{
							"origin": [-0.48863, 0.28314, 0.14951],
							"size": [0.0625, 0.125, 0.09375],
							"pivot": [-0.55113, 0.34564, 0.10264],
							"rotation": [-90, 47.5, -90],
							"uv": {
								"north": {"uv": [14, 28], "uv_size": [0.5, 0.5]},
								"east": {"uv": [28, 14], "uv_size": [0.5, 0.5]},
								"south": {"uv": [15, 28], "uv_size": [0.5, 0.5]},
								"west": {"uv": [28, 15], "uv_size": [0.5, 0.5]},
								"up": {"uv": [16, 28], "uv_size": [0.5, 0.5]},
								"down": {"uv": [28, 16.5], "uv_size": [0.5, -0.5]}
							}
						}
					]
				},
				{
					"name": "division",
					"pivot": [0.05, 0.7, -55.25]
				},
				{
					"name": "division_illuminated",
					"parent": "division",
					"pivot": [0.05, 0.8, -60.54644],
					"cubes": [
						{
							"origin": [-0.02569, 1.34648, -7.42332],
							"size": [0.07312, 0.0731, 0],
							"pivot": [0.04348, 1.41073, -7.57332],
							"rotation": [0, 0, 45],
							"uv": {
								"north": {"uv": [11.5, 4.5], "uv_size": [-0.5, -1.5]},
								"east": {"uv": [11.5, 4.5], "uv_size": [-0.5, -1.5]},
								"south": {"uv": [11.5, 4.5], "uv_size": [-0.5, -1.5]},
								"west": {"uv": [11.5, 4.5], "uv_size": [-0.5, -1.5]},
								"up": {"uv": [11, 3], "uv_size": [0.5, 1.5]},
								"down": {"uv": [11, 3], "uv_size": [0.5, 1.5]}
							}
						},
						{
							"origin": [0.18775, 1.15676, -7.42332],
							"size": [0.12846, 0.04154, 0],
							"pivot": [0.31621, 1.1983, -7.42232],
							"rotation": [0, 0, -17],
							"uv": {
								"north": {"uv": [11.5, 4.5], "uv_size": [-0.5, -1.5]},
								"east": {"uv": [11.5, 4.5], "uv_size": [-0.5, -1.5]},
								"south": {"uv": [11.5, 4.5], "uv_size": [-0.5, -1.5]},
								"west": {"uv": [11.5, 4.5], "uv_size": [-0.5, -1.5]},
								"up": {"uv": [11, 3], "uv_size": [0.5, 1.5]},
								"down": {"uv": [11, 3], "uv_size": [0.5, 1.5]}
							}
						},
						{
							"origin": [0.32835, 1.15857, -7.42332],
							"size": [0.12846, 0.04154, 0],
							"pivot": [0.32835, 1.15857, -7.42232],
							"rotation": [0, 0, -71],
							"uv": {
								"north": {"uv": [11.5, 4.5], "uv_size": [-0.5, -1.5]},
								"east": {"uv": [11.5, 4.5], "uv_size": [-0.5, -1.5]},
								"south": {"uv": [11.5, 4.5], "uv_size": [-0.5, -1.5]},
								"west": {"uv": [11.5, 4.5], "uv_size": [-0.5, -1.5]},
								"up": {"uv": [11, 3], "uv_size": [0.5, 1.5]},
								"down": {"uv": [11, 3], "uv_size": [0.5, 1.5]}
							}
						},
						{
							"origin": [-0.31621, 1.15676, -7.42332],
							"size": [0.12846, 0.04154, 0],
							"pivot": [-0.31621, 1.1983, -7.42232],
							"rotation": [0, 0, 17],
							"uv": {
								"north": {"uv": [11, 4.5], "uv_size": [0.5, -1.5]},
								"east": {"uv": [11, 4.5], "uv_size": [0.5, -1.5]},
								"south": {"uv": [11, 4.5], "uv_size": [0.5, -1.5]},
								"west": {"uv": [11, 4.5], "uv_size": [0.5, -1.5]},
								"up": {"uv": [11.5, 3], "uv_size": [-0.5, 1.5]},
								"down": {"uv": [11.5, 3], "uv_size": [-0.5, 1.5]}
							}
						},
						{
							"origin": [-0.45681, 1.15857, -7.42332],
							"size": [0.12846, 0.04154, 0],
							"pivot": [-0.32835, 1.15857, -7.42232],
							"rotation": [0, 0, 71],
							"uv": {
								"north": {"uv": [11, 4.5], "uv_size": [0.5, -1.5]},
								"east": {"uv": [11, 4.5], "uv_size": [0.5, -1.5]},
								"south": {"uv": [11, 4.5], "uv_size": [0.5, -1.5]},
								"west": {"uv": [11, 4.5], "uv_size": [0.5, -1.5]},
								"up": {"uv": [11.5, 3], "uv_size": [-0.5, 1.5]},
								"down": {"uv": [11.5, 3], "uv_size": [-0.5, 1.5]}
							}
						}
					]
				},
				{
					"name": "ocular",
					"pivot": [0, 0.75, -0.975],
					"cubes": [
						{
							"origin": [-0.62638, 0.64927, -2.669],
							"size": [1.24963, 1.52491, 0.02463],
							"uv": {
								"south": {"uv": [0, 2], "uv_size": [1, 1.5]}
							}
						}
					]
				},
				{
					"name": "scope_view",
					"pivot": [0, 1.45, 6.75]
				}
			]
		}
	]
}