{
	"format_version": "1.8.0",
	"animations": {
		"draw": {
			"animation_length": 0.75,
			"bones": {
				"righthand": {
					"rotation": [98.53823, -345.55669, -174.92734],
					"position": [-7.5, -13.4, -3.2],
					"scale": [1, 1.5, 1]
				},
				"lefthand": {
					"rotation": [93.33461, -11.79537, -185.00486],
					"position": [6.7, -14.7, -13.9],
					"scale": [1, 1.5, 1]
				},
				"root": {
					"rotation": {
						"0.0417": {
							"pre": [10.744, -46.02734, 33.2477],
							"post": [10.744, -46.02734, 33.2477],
							"lerp_mode": "catmullrom"
						},
						"0.1667": {
							"post": [7.45831, -31.98945, 30.1915],
							"lerp_mode": "catmullrom"
						},
						"0.2917": {
							"post": [2.19121, -5.40379, 16.81796],
							"lerp_mode": "catmullrom"
						},
						"0.4167": {
							"post": [0.3034, -0.48088, 5.97004],
							"lerp_mode": "catmullrom"
						},
						"0.5": {
							"post": [0, 0, 0],
							"lerp_mode": "catmullrom"
						},
						"0.5417": {
							"post": [-0.0179, 0.0307, 1.62687],
							"lerp_mode": "catmullrom"
						},
						"0.6667": {
							"post": [0, 0, 0.25],
							"lerp_mode": "catmullrom"
						},
						"0.75": {
							"post": [0, 0, 0],
							"lerp_mode": "catmullrom"
						}
					},
					"position": {
						"0.0": {
							"post": [1.5, -12.9, 0.55],
							"lerp_mode": "catmullrom"
						},
						"0.1667": {
							"post": [0.56, -5.62, -0.365],
							"lerp_mode": "catmullrom"
						},
						"0.3333": {
							"post": [0, -1.325, -1.2],
							"lerp_mode": "catmullrom"
						},
						"0.5": {
							"post": [0, -0.225, 0.35],
							"lerp_mode": "catmullrom"
						},
						"0.625": {
							"post": [0, 0, 0],
							"lerp_mode": "catmullrom"
						},
						"0.75": {
							"post": [0, 0, 0],
							"lerp_mode": "catmullrom"
						}
					}
				},
				"camera": {
					"rotation": {
						"0.0": [0, 0, 0],
						"0.0417": [0.04, 0.02, 0.04],
						"0.0833": [0.11, 0.06, 0.13],
						"0.125": [0.18, 0.11, 0.26],
						"0.1667": [0.25, 0.17, 0.43],
						"0.2083": [0.31, 0.22, 0.53],
						"0.25": [0.35, 0.23, 0.52],
						"0.2917": [0.37, 0.22, 0.45],
						"0.3333": [0.38, 0.19, 0.35],
						"0.375": [0.35, 0.13, 0.16],
						"0.4167": [0.3, 0.06, -0.05],
						"0.4583": [0.25, 0, -0.17],
						"0.5": [0.16, -0.02, -0.01],
						"0.5417": [0.07, -0.01, 0.19],
						"0.5833": [0.04, -0.01, 0.14],
						"0.625": [0.01, 0, 0.03],
						"0.6667": [0, 0, -0.05],
						"0.7083": [0, 0, -0.04],
						"0.75": [0, 0, 0]
					}
				}
			},
			"sound_effects": {
				"0.0": {
					"effect": "emxmors:emx_bal/p34_ar_balpha_drop_mvmt_01"
				}
			}
		},
		"static_idle": {
			"loop": true,
			"bones": {
				"righthand": {
					"rotation": [98.53823, -345.55669, -174.92734],
					"position": [-7.5, -13.4, -3.2],
					"scale": [1, 1.5, 1]
				},
				"lefthand": {
					"rotation": [93.33461, -11.79537, -185.00486],
					"position": [6.7, -14.7, -13.9],
					"scale": [1, 1.5, 1]
				},
				"constraint": {
					"rotation": [0.2, 0.2, 0.2],
					"position": [0.2, 0.2, 0.2]
				}
			}
		},
		"put_away": {
			"animation_length": 0.375,
			"bones": {
				"righthand": {
					"rotation": [98.53823, -345.55669, -174.92734],
					"position": [-7.5, -13.4, -3.2],
					"scale": [1, 1.5, 1]
				},
				"lefthand": {
					"rotation": {
						"0.0": [93.33461, -11.79537, -185.00486],
						"0.25": [142.65227, -11.23541, -276.6025]
					},
					"position": {
						"0.0": [6.7, -14.7, -13.9],
						"0.25": [20.52184, -8.17525, 1.96457]
					},
					"scale": [1, 1.5, 1]
				},
				"root": {
					"rotation": {
						"0.0": [0, 0, 0],
						"0.0417": [-0.569, -0.003, 5.018],
						"0.0833": [-2.447, -0.087, 22.848],
						"0.125": [-1.933, -1.636, 29.538],
						"0.1667": [0.762, -5.751, 31.746],
						"0.2083": [5.23, -12.003, 33.27],
						"0.2917": [16.085, -27.043, 33.965],
						"0.3333": [21.774, -34.333, 33.206],
						"0.375": [26.956, -40.562, 32.029]
					},
					"position": {
						"0.0": [0, 0, 0],
						"0.0417": [-0.376, -0.04, -0.284],
						"0.0833": [-1.779, -0.814, -1.917],
						"0.125": [-2.511, -1.566, -2.827],
						"0.1667": [-3.188, -2.654, -3.498],
						"0.2083": [-3.808, -3.961, -3.691],
						"0.2917": [-4.788, -6.679, -1.485],
						"0.3333": [-5.106, -8.035, 0.504],
						"0.375": [-5.274, -9.371, 2.545]
					}
				},
				"camera": {
					"rotation": {
						"0.0": {
							"post": [0, 0, 0],
							"lerp_mode": "catmullrom"
						},
						"0.2083": {
							"post": [0, 0, 0.525],
							"lerp_mode": "catmullrom"
						},
						"0.375": {
							"post": [0, 0, 0],
							"lerp_mode": "catmullrom"
						}
					}
				}
			},
			"sound_effects": {
				"0.0": {
					"effect": "emxmors:emx_bal/p34_ar_balpha_inspect_mvmt_07"
				}
			}
		},
		"shoot": {
			"animation_length": 1.1333,
			"bones": {
				"ump45_bolt": {
					"position": {
						"0.0": [0, 0, 0],
						"0.0333": [0, 0, 2.55],
						"0.0667": [0, 0, 0]
					}
				},
				"root": {
					"rotation": {
						"0.0": [0, 0, 0],
						"0.0333": [-0.586, 0.022, -0.92],
						"0.0667": [-0.504, 0.013, -0.169],
						"0.1": [-0.273, 0.009, 0.812],
						"0.1333": [-0.014, 0.047, 1.048],
						"0.1667": [0.228, 0.118, 0.927],
						"0.2": [0.343, 0.179, 0.353],
						"0.2333": [0.458, 0.242, -0.221],
						"0.2667": [0.339, 0.226, -0.463],
						"0.3": [0.129, 0.177, -0.515],
						"0.3333": [-0.064, 0.105, -0.246],
						"0.3667": [-0.257, 0.034, 0.024],
						"0.4": [-0.21, -0.019, 0.183],
						"0.4333": [-0.162, -0.071, 0.343],
						"0.4667": [-0.098, -0.04, 0.194],
						"0.5": [-0.034, -0.008, 0.045],
						"0.5333": [0.03, 0.024, -0.104],
						"0.5667": [0.094, 0.056, -0.253],
						"0.6": [0.078, 0.045, -0.164],
						"0.6333": [0.062, 0.034, -0.075],
						"0.6667": [0.047, 0.023, 0.015],
						"0.7": [0.031, 0.011, 0.104],
						"0.7333": [0.022, 0.01, 0.058],
						"0.8": [0.013, 0.009, 0.011],
						"0.9": [0.003, 0.005, -0.103],
						"1.0": [0.002, 0.004, -0.077],
						"1.1333": [0, 0, 0]
					},
					"position": {
						"0.0": [0, 0, 0],
						"0.0333": {
							"pre": [0.002, 0.029, 1.2515],
							"post": [0.002, 0.029, 1.2515],
							"lerp_mode": "catmullrom"
						},
						"0.0667": {
							"post": [0.01, 0.05, 1.1175],
							"lerp_mode": "catmullrom"
						},
						"0.1": {
							"post": [0.007, 0.059, 0.539],
							"lerp_mode": "catmullrom"
						},
						"0.1667": {
							"post": [-0.003, -0.014, 0.11],
							"lerp_mode": "catmullrom"
						},
						"0.2": [-0.014, -0.034, 0.084],
						"0.2333": [-0.024, -0.055, 0.058],
						"0.2667": [-0.009, -0.03, 0.051],
						"0.3": [0.001, -0.014, 0.042],
						"0.3333": [0.003, 0.004, 0.034],
						"0.3667": [0.016, -0.009, 0.043],
						"0.4": [0.032, 0.003, 0.056],
						"0.4333": [0.048, 0.015, 0.069],
						"0.4667": [0.039, 0.012, 0.057],
						"0.5": [0.03, 0.01, 0.045],
						"0.5333": [0.022, 0.007, 0.034],
						"0.5667": [0.013, 0.004, 0.022],
						"0.6": [-0.003, -0.006, 0.009],
						"0.6333": [-0.005, -0.007, 0.007],
						"0.6667": [-0.007, -0.007, 0.006],
						"0.7": [-0.01, -0.007, 0.005],
						"0.7333": [-0.008, -0.008, 0.005],
						"0.8": [-0.007, -0.008, 0.004],
						"0.9": [-0.003, -0.009, 0.003],
						"1.0": [-0.003, -0.008, 0.003],
						"1.1333": [0, 0, 0]
					}
				},
				"camera": {
					"rotation": {
						"0.0": {
							"post": [0, 0, 0],
							"lerp_mode": "catmullrom"
						},
						"0.0333": {
							"post": [0, 0, 0.65],
							"lerp_mode": "catmullrom"
						},
						"0.0667": {
							"post": [0, 0, -0.37],
							"lerp_mode": "catmullrom"
						},
						"0.1": {
							"post": [0, 0, 0.41],
							"lerp_mode": "catmullrom"
						},
						"0.1333": {
							"post": [0, 0, -0.185],
							"lerp_mode": "catmullrom"
						},
						"0.1667": {
							"post": [0, 0, 0.2],
							"lerp_mode": "catmullrom"
						},
						"0.2": {
							"post": [0, 0, 0],
							"lerp_mode": "catmullrom"
						}
					}
				},
				"Bolt2": {
					"position": {
						"0.0": {
							"post": [0, 0, 0],
							"lerp_mode": "catmullrom"
						},
						"0.0333": {
							"post": [0, 0, 4.5],
							"lerp_mode": "catmullrom"
						},
						"0.1": {
							"post": [0, 0, 0],
							"lerp_mode": "catmullrom"
						}
					}
				}
			}
		},
		"reload_tactical": {
			"animation_length": 2.7083,
			"bones": {
				"righthand": {
					"rotation": [98.53823, -345.55669, -174.92734],
					"position": [-7.5, -13.4, -3.2],
					"scale": [1, 1.5, 1]
				},
				"lefthand": {
					"rotation": {
						"0.0": [93.33461, -11.79537, -185.00486],
						"0.1667": [191.60906, -7.92203, -247.67958],
						"0.2083": [191.60906, -7.92203, -247.67958],
						"0.25": [191.60906, -7.92203, -247.67958],
						"0.3333": [192.09846, -10.24205, -251.27589],
						"0.4167": [185.12114, -7.42442, -262.96522],
						"0.4583": [208.87, -7.93, -256.15],
						"0.5417": [221.54497, -13.14111, -257.84004],
						"0.625": [207.5138, -20.3561, -253.75523],
						"0.7083": [190.24015, -43.72932, -257.66244],
						"0.75": [158.59, -55.27, -233.95],
						"0.875": [126.93777, -66.80339, -210.24654],
						"1.2917": [191.60906, -7.92203, -247.67958],
						"1.6667": [186.23557, -4.67728, -262.41593],
						"1.75": [186.23557, -4.67728, -262.41593],
						"1.9167": [190.10079, -1.75665, -237.3195],
						"1.9583": [190.10079, -1.75665, -237.3195],
						"2.0": [191.60906, -7.92203, -247.67958],
						"2.0417": [192.27467, -6.83496, -252.8588],
						"2.0833": [192.27467, -6.83496, -252.8588],
						"2.2083": [121.6, -10.38, -204.39],
						"2.2917": [87.51669, -5.7847, -176.92862],
						"2.3333": [93.33461, -11.79537, -185.00486],
						"2.4167": [93.35757, -13.54239, -185.10955],
						"2.5417": [93.33161, -11.54579, -184.99002],
						"2.625": [93.33461, -11.79537, -185.00486]
					},
					"position": {
						"0.0": [6.7, -14.7, -13.9],
						"0.0417": [7.72, -13.56, -10.16],
						"0.125": [8.56, -8.98, 2.82],
						"0.1667": [6.8, -7, 10.2],
						"0.2083": [6.3, -7, 10.1],
						"0.25": [6.3, -7, 10.1],
						"0.3333": [6.375, -6.3, 10.575],
						"0.4167": [6.375, -6.275, 10.875],
						"0.4583": {
							"pre": [6.87, -5.3, 15.52],
							"post": [6.87, -5.3, 15.52],
							"lerp_mode": "catmullrom"
						},
						"0.5417": {
							"post": [8.255, -4.97, 18.95],
							"lerp_mode": "catmullrom"
						},
						"0.625": {
							"post": [10.00947, -3.97998, 21.04685],
							"lerp_mode": "catmullrom"
						},
						"0.7083": {
							"post": [10.78015, -5.30575, 20.32601],
							"lerp_mode": "catmullrom"
						},
						"0.75": {
							"post": [11.35, -7.49, 15.71],
							"lerp_mode": "catmullrom"
						},
						"0.7917": {
							"post": [11.655, -8.17, 14.175],
							"lerp_mode": "catmullrom"
						},
						"0.875": {
							"post": [11.955, -11.77, 11.575],
							"lerp_mode": "catmullrom"
						},
						"1.125": [11.955, -11.77, 11.7],
						"1.2917": [9.31925, -4.87589, 18.54383],
						"1.375": [7.65, -5.17, 17.3],
						"1.5417": [7.495, -5.21, 16.8],
						"1.625": [6.375, -5.47, 13.3],
						"1.7083": [6.375, -6.3, 10],
						"1.8333": [6.375, -6.3, 10],
						"1.9167": [7.275, -4.3, 10.3],
						"1.9583": [7.375, -4.1, 10.3],
						"2.0": [6.375, -7.05, 10],
						"2.0833": [6.375, -7.05, 10],
						"2.125": [7.35, -7.6, 9.43],
						"2.1667": [8.64, -10.54, -3.03],
						"2.2083": [8.94, -12.89, -5.49],
						"2.2917": [6.7, -14.7, -13.9],
						"2.3333": [6.7, -14.7, -13.9],
						"2.5417": [6.7, -14.7, -13.9],
						"2.625": [6.7, -14.7, -13.9]
					},
					"scale": [1, 1.5, 1]
				},
				"root": {
					"rotation": {
						"0.0": {
							"post": [0, 0, 0],
							"lerp_mode": "catmullrom"
						},
						"0.0833": {
							"post": [-0.82, -6.79, 4.55],
							"lerp_mode": "catmullrom"
						},
						"0.2083": {
							"post": [-2.68133, -25.66771, 15.17558],
							"lerp_mode": "catmullrom"
						},
						"0.2917": {
							"post": [-1.885, -28.67, 13.84],
							"lerp_mode": "catmullrom"
						},
						"0.3333": {
							"post": [-1.95805, -28.97026, 13.33559],
							"lerp_mode": "catmullrom"
						},
						"0.4167": {
							"post": [-1.92, -29.97, 13.53],
							"lerp_mode": "catmullrom"
						},
						"0.4583": {
							"post": [0.24247, -29.91264, 8.92896],
							"lerp_mode": "catmullrom"
						},
						"0.5": {
							"post": [-1.8414, -29.10911, 12.87496],
							"lerp_mode": "catmullrom"
						},
						"0.5833": {
							"post": [0.04808, -27.87105, 11.72179],
							"lerp_mode": "catmullrom"
						},
						"0.6667": {
							"post": [-1.09915, -27.18378, 15.29683],
							"lerp_mode": "catmullrom"
						},
						"0.75": {
							"post": [-0.97566, -25.645, 13.85697],
							"lerp_mode": "catmullrom"
						},
						"0.7917": {
							"post": [-1.45867, -24.77723, 13.64904],
							"lerp_mode": "catmullrom"
						},
						"0.9167": {
							"post": [-2.7598, -24.34802, 15.10919],
							"lerp_mode": "catmullrom"
						},
						"1.0": {
							"post": [-3.24915, -24.05878, 15.29683],
							"lerp_mode": "catmullrom"
						},
						"1.125": {
							"post": [-3.57415, -23.00878, 15.29683],
							"lerp_mode": "catmullrom"
						},
						"1.2917": {
							"post": [-3.695, -21.24, 17.2],
							"lerp_mode": "catmullrom"
						},
						"1.375": {
							"post": [-4.19103, -20.6897, 18.01487],
							"lerp_mode": "catmullrom"
						},
						"1.4167": {
							"post": [-3.86313, -20.14835, 17.25594],
							"lerp_mode": "catmullrom"
						},
						"1.5417": {
							"post": [-3.75041, -19.63434, 17.9993],
							"lerp_mode": "catmullrom"
						},
						"1.625": {
							"post": [-2.91, -21.545, 17.58],
							"lerp_mode": "catmullrom"
						},
						"1.6667": {
							"post": [-2.35, -22.42, 17.63],
							"lerp_mode": "catmullrom"
						},
						"1.75": {
							"post": [-2.09035, -21.23901, 18.20812],
							"lerp_mode": "catmullrom"
						},
						"1.875": {
							"post": [-2.02567, -19.97331, 18.23549],
							"lerp_mode": "catmullrom"
						},
						"1.9583": {
							"post": [-2.44655, -19.88599, 18.14879],
							"lerp_mode": "catmullrom"
						},
						"2.0": {
							"post": [-8.0593, -19.07725, 24.09567],
							"lerp_mode": "catmullrom"
						},
						"2.0417": {
							"post": [-2.92109, -19.81376, 12.51511],
							"lerp_mode": "catmullrom"
						},
						"2.125": {
							"post": [-1.68732, -16.44389, 15.42964],
							"lerp_mode": "catmullrom"
						},
						"2.2083": {
							"post": [2.48, -11.765, 7.62],
							"lerp_mode": "catmullrom"
						},
						"2.2917": {
							"post": [6.50699, -2.59487, 3.50403],
							"lerp_mode": "catmullrom"
						},
						"2.3333": {
							"post": [6.265, -0.83, -1.49375],
							"lerp_mode": "catmullrom"
						},
						"2.4167": {
							"post": [-0.225, -0.1, 1.525],
							"lerp_mode": "catmullrom"
						},
						"2.5": {
							"post": [0, 0.775, -0.70625],
							"lerp_mode": "catmullrom"
						},
						"2.5833": {
							"post": [-0.04375, 0.1, 0.36269],
							"lerp_mode": "catmullrom"
						},
						"2.7083": {
							"post": [0, 0, 0],
							"lerp_mode": "catmullrom"
						}
					},
					"position": {
						"0.0": {
							"post": [0, 0, 0],
							"lerp_mode": "catmullrom"
						},
						"0.2083": {
							"post": [1.3, -0.9, -0.7],
							"lerp_mode": "catmullrom"
						},
						"0.3333": {
							"post": [1.3, -1.05, -0.95],
							"lerp_mode": "catmullrom"
						},
						"0.4583": {
							"post": [1.25, -0.815, -0.95],
							"lerp_mode": "catmullrom"
						},
						"0.5": {
							"post": [1.56, -0.895, -0.71],
							"lerp_mode": "catmullrom"
						},
						"0.5833": {
							"post": [1.74, -1.075, -0.8],
							"lerp_mode": "catmullrom"
						},
						"0.6667": {
							"post": [1.595, -1.46, -0.87],
							"lerp_mode": "catmullrom"
						},
						"0.75": {
							"post": [1.355, -1.61, -0.92],
							"lerp_mode": "catmullrom"
						},
						"0.875": {
							"post": [1.19, -1.555, -0.93],
							"lerp_mode": "catmullrom"
						},
						"1.0": {
							"post": [1.165, -1.38, -0.925],
							"lerp_mode": "catmullrom"
						},
						"1.0833": {
							"post": [1.185, -1.295, -0.925],
							"lerp_mode": "catmullrom"
						},
						"1.25": {
							"post": [1.18, -1.285, -1.125],
							"lerp_mode": "catmullrom"
						},
						"1.5": {
							"post": [1.15, -1.335, -1.8],
							"lerp_mode": "catmullrom"
						},
						"1.6667": {
							"post": [1.395, -1.655, -1.925],
							"lerp_mode": "catmullrom"
						},
						"1.9583": {
							"post": [1.505, -1.63, -1.9],
							"lerp_mode": "catmullrom"
						},
						"2.0": {
							"post": [1.515, -2.11, -1.9],
							"lerp_mode": "catmullrom"
						},
						"2.0833": {
							"post": [1.475, -1.975, -1.6],
							"lerp_mode": "catmullrom"
						},
						"2.2083": {
							"post": [1.03, -2.46, -1.81],
							"lerp_mode": "catmullrom"
						},
						"2.2917": {
							"post": [0.36, -2.16, -1.9875],
							"lerp_mode": "catmullrom"
						},
						"2.375": {
							"post": [0, -0.99, -1.5375],
							"lerp_mode": "catmullrom"
						},
						"2.4583": {
							"post": [0, -0.25125, 0.3375],
							"lerp_mode": "catmullrom"
						},
						"2.5": {
							"post": [0, -0.11, 0.35],
							"lerp_mode": "catmullrom"
						},
						"2.5833": {
							"post": [0, -0.065, -0.17625],
							"lerp_mode": "catmullrom"
						},
						"2.7083": {
							"post": [0, 0, 0],
							"lerp_mode": "catmullrom"
						}
					}
				},
				"p90_mag_standard": {
					"rotation": {
						"0.25": [0, 0, 0],
						"0.3333": [5, 0, 0],
						"0.4167": {
							"pre": [4.5, 0, 0],
							"post": [4.5, 0, 0],
							"lerp_mode": "catmullrom"
						},
						"0.4583": {
							"post": [8.76, 2.83, 4.57],
							"lerp_mode": "catmullrom"
						},
						"0.5417": [11.8414, 6.60612, 9.18242],
						"0.625": [18.21689, 14.15035, 9.52646],
						"0.75": {
							"pre": [61.9, -20.71, 9.76],
							"post": [61.9, -20.71, 9.76],
							"lerp_mode": "catmullrom"
						},
						"0.875": {
							"post": [75.18955, -12.54654, -3.73569],
							"lerp_mode": "catmullrom"
						},
						"1.0833": {
							"post": [75.18955, -12.54654, -3.73569],
							"lerp_mode": "catmullrom"
						},
						"1.1667": [20.18955, -12.54654, -3.73569],
						"1.2917": [9.8414, 6.60612, 9.18242],
						"1.375": [9.8414, 7.33112, 9.18242],
						"1.5": [9.74, 5.68, 8.41],
						"1.5417": [9.7, 5.78, 8.03],
						"1.625": [8.75, 0, 0],
						"1.7083": [5, 0, 0],
						"1.9583": [5, 0, 0],
						"2.0": [0, 0, 0]
					},
					"position": {
						"0.25": [0, 0, 0],
						"0.3333": [0, 0.75, 0],
						"0.4167": [0, 0.775, 0.3],
						"0.4583": {
							"pre": [0.53, 1.53, 5.26],
							"post": [0.53, 1.53, 5.26],
							"lerp_mode": "catmullrom"
						},
						"0.5417": {
							"post": [1.275, 1.98, 7.3],
							"lerp_mode": "catmullrom"
						},
						"0.625": {
							"post": [3.03447, 3.19502, 10.87185],
							"lerp_mode": "catmullrom"
						},
						"0.7083": {
							"post": [4.45, 2.05, 10.56],
							"lerp_mode": "catmullrom"
						},
						"0.75": {
							"post": [4.97, -1.12, 5.63],
							"lerp_mode": "catmullrom"
						},
						"0.7917": {
							"post": [5.28, -2.52, 4.2],
							"lerp_mode": "catmullrom"
						},
						"0.875": {
							"post": [5.58, -6.82, 2.1],
							"lerp_mode": "catmullrom"
						},
						"1.0833": [5.58, -4.72, 1.7],
						"1.2917": [2.94425, 2.17411, 8.54383],
						"1.375": [1.275, 1.88, 7.6],
						"1.4583": [1.24, 1.87, 7.28],
						"1.5417": [1.12, 1.84, 6.8],
						"1.625": [0, 1.58, 3.3],
						"1.7083": [0, 0.75, 0],
						"1.9583": [0, 0.75, 0],
						"2.0": [0, 0, 0]
					},
					"scale": {
						"0.8333": [1, 1, 1],
						"0.875": [0, 0, 0],
						"1.0833": [0, 0, 0],
						"1.125": [1, 1, 1]
					}
				},
				"camera": {
					"rotation": {
						"0.0": {
							"post": [0, 0, 0],
							"lerp_mode": "catmullrom"
						},
						"0.25": {
							"post": [2.28, 0.16, 1.46],
							"lerp_mode": "catmullrom"
						},
						"0.4167": {
							"post": [2.64, 0.28, 1.89],
							"lerp_mode": "catmullrom"
						},
						"0.4583": {
							"post": [5, 1.025, 2.73],
							"lerp_mode": "catmullrom"
						},
						"0.5": {
							"post": [2.62, 1.22, 2.06],
							"lerp_mode": "catmullrom"
						},
						"0.5417": {
							"post": [2.30632, 1.33515, 1.39344],
							"lerp_mode": "catmullrom"
						},
						"0.6667": {
							"post": [2.27, 1.38, 2.22],
							"lerp_mode": "catmullrom"
						},
						"0.8333": {
							"post": [1.60608, 1.07931, 2.83465],
							"lerp_mode": "catmullrom"
						},
						"1.25": {
							"post": [1.83722, 0.85348, 1.9598],
							"lerp_mode": "catmullrom"
						},
						"1.3333": {
							"post": [1.53, 0.765, 1.6],
							"lerp_mode": "catmullrom"
						},
						"1.375": {
							"post": [1.525, 0.705, 1.83],
							"lerp_mode": "catmullrom"
						},
						"1.4167": {
							"post": [0.855, 0.45, 1.355],
							"lerp_mode": "catmullrom"
						},
						"1.5": {
							"post": [0.87, 0.34, 1.375],
							"lerp_mode": "catmullrom"
						},
						"1.625": {
							"post": [1.415, 0.21, 1.79],
							"lerp_mode": "catmullrom"
						},
						"1.6667": {
							"post": [1.39322, 0.15002, 2.31727],
							"lerp_mode": "catmullrom"
						},
						"1.9583": {
							"post": [0.35841, 0.16737, 2.96734],
							"lerp_mode": "catmullrom"
						},
						"2.0": {
							"post": [3.5, 0.16, 1.98],
							"lerp_mode": "catmullrom"
						},
						"2.0417": {
							"post": [0.43951, 0.11417, 2.47223],
							"lerp_mode": "catmullrom"
						},
						"2.2083": {
							"post": [0.615, 0.08, 1.84],
							"lerp_mode": "catmullrom"
						},
						"2.2917": {
							"post": [0, 0, 0],
							"lerp_mode": "catmullrom"
						},
						"2.375": {
							"post": [-0.22, 0, -0.07],
							"lerp_mode": "catmullrom"
						},
						"2.4167": {
							"post": [0.25, 0, 0.2],
							"lerp_mode": "catmullrom"
						},
						"2.5": {
							"post": [-0.125, 0, -0.125],
							"lerp_mode": "catmullrom"
						},
						"2.625": {
							"post": [0, 0, 0],
							"lerp_mode": "catmullrom"
						}
					}
				},
				"magazine": {
					"rotation": {
						"0.25": [0, 0, 0],
						"0.3333": [5, 0, 0],
						"0.4167": {
							"pre": [4.5, 0, 0],
							"post": [4.5, 0, 0],
							"lerp_mode": "catmullrom"
						},
						"0.4583": {
							"post": [8.76, 2.83, 4.57],
							"lerp_mode": "catmullrom"
						},
						"0.5417": [11.8414, 6.60612, 9.18242],
						"0.625": [18.21689, 14.15035, 9.52646],
						"0.75": {
							"pre": [61.9, -20.71, 9.76],
							"post": [61.9, -20.71, 9.76],
							"lerp_mode": "catmullrom"
						},
						"0.875": {
							"post": [75.18955, -12.54654, -3.73569],
							"lerp_mode": "catmullrom"
						},
						"1.0833": {
							"post": [75.18955, -12.54654, -3.73569],
							"lerp_mode": "catmullrom"
						},
						"1.1667": [20.18955, -12.54654, -3.73569],
						"1.2917": [9.8414, 6.60612, 9.18242],
						"1.375": [9.8414, 7.33112, 9.18242],
						"1.5": [9.74, 5.68, 8.41],
						"1.5417": [9.7, 5.78, 8.03],
						"1.625": [8.75, 0, 0],
						"1.7083": [5, 0, 0],
						"1.9583": [5, 0, 0],
						"2.0": [0, 0, 0]
					},
					"position": {
						"0.25": [0, 0, 0],
						"0.3333": [0, 0.75, 0],
						"0.4167": [0, 0.775, 0.3],
						"0.4583": {
							"pre": [0.53, 1.53, 5.26],
							"post": [0.53, 1.53, 5.26],
							"lerp_mode": "catmullrom"
						},
						"0.5417": {
							"post": [1.275, 1.98, 7.3],
							"lerp_mode": "catmullrom"
						},
						"0.625": {
							"post": [3.03447, 3.19502, 10.87185],
							"lerp_mode": "catmullrom"
						},
						"0.7083": {
							"post": [4.45, 2.05, 10.56],
							"lerp_mode": "catmullrom"
						},
						"0.75": {
							"post": [4.97, -1.12, 5.63],
							"lerp_mode": "catmullrom"
						},
						"0.7917": {
							"post": [5.28, -2.52, 4.2],
							"lerp_mode": "catmullrom"
						},
						"0.875": {
							"post": [5.58, -6.82, 2.1],
							"lerp_mode": "catmullrom"
						},
						"1.0833": [5.58, -4.72, 1.7],
						"1.2917": [2.94425, 2.17411, 8.54383],
						"1.375": [1.275, 1.88, 7.6],
						"1.4583": [1.24, 1.87, 7.28],
						"1.5417": [1.12, 1.84, 6.8],
						"1.625": [0, 1.58, 3.3],
						"1.7083": [0, 0.75, 0],
						"1.9583": [0, 0.75, 0],
						"2.0": [0, 0, 0]
					},
					"scale": {
						"0.8333": [1, 1, 1],
						"0.875": [0, 0, 0],
						"1.0833": [0, 0, 0],
						"1.125": [1, 1, 1]
					}
				},
				"L": {
					"rotation": {
						"0.125": [0, 0, 0],
						"0.25": [30.59871, 10.80355, 6.32526],
						"1.9583": [30.6, 10.8, 6.33],
						"2.0": [0, 0, 0]
					}
				},
				"R": {
					"rotation": {
						"0.125": [0, 0, 0],
						"0.25": [30.38126, -8.64917, -5.03837],
						"1.9583": [30.38, -8.65, -5.04],
						"2.0": [0, 0, 0]
					}
				}
			},
			"sound_effects": {
				"0.0417": {
					"effect": "emxmors:emx_bal/p34_ar_balpha_reload_empty_fast_magopen_01"
				},
				"0.4167": {
					"effect": "emxmors:emx_bal/smg_clip_out_1"
				},
				"1.7083": {
					"effect": "emxmors:emx_bal/smg_clip_in_1"
				},
				"2.0417": {
					"effect": "emxmors:emx_bal/p34_ar_balpha_reload_mvmt_02"
				}
			}
		},
		"reload_empty": {
			"animation_length": 3.4583,
			"bones": {
				"righthand": {
					"rotation": [98.53823, -345.55669, -174.92734],
					"position": [-7.5, -13.4, -3.2],
					"scale": [1, 1.5, 1]
				},
				"lefthand": {
					"rotation": {
						"0.0": [93.33461, -11.79537, -185.00486],
						"0.1667": [191.60906, -7.92203, -247.67958],
						"0.2083": [191.60906, -7.92203, -247.67958],
						"0.25": [191.60906, -7.92203, -247.67958],
						"0.3333": [192.09846, -10.24205, -251.27589],
						"0.4167": [185.12114, -7.42442, -262.96522],
						"0.4583": [208.87, -7.93, -256.15],
						"0.5417": [221.54497, -13.14111, -257.84004],
						"0.625": [207.5138, -20.3561, -253.75523],
						"0.7083": [190.24015, -43.72932, -257.66244],
						"0.75": [158.59, -55.27, -233.95],
						"0.875": [126.93777, -66.80339, -210.24654],
						"1.2917": [191.60906, -7.92203, -247.67958],
						"1.6667": [186.23557, -4.67728, -262.41593],
						"1.75": [186.23557, -4.67728, -262.41593],
						"1.9167": [190.10079, -1.75665, -237.3195],
						"1.9583": [190.10079, -1.75665, -237.3195],
						"2.0": [191.60906, -7.92203, -247.67958],
						"2.0417": [192.27467, -6.83496, -252.8588],
						"2.0833": [192.27467, -6.83496, -252.8588],
						"2.2083": [121.6, -10.38, -204.39],
						"2.3333": [98.15946, 21.72784, -281.6788],
						"2.375": [91.15946, 21.72784, -281.6788],
						"2.4167": [98.25073, 20.53142, -275.27636],
						"2.5": [111.52453, 16.94215, -256.06903],
						"2.625": [96.25759, -11.0464, -179.78933],
						"2.6667": [93.33461, -11.79537, -185.00486],
						"2.75": [93.33461, -11.79537, -185.00486],
						"2.8333": [93.36477, -14.04153, -185.13973],
						"2.9167": [93.32867, -11.29622, -184.9752],
						"3.0417": [93.33461, -11.79537, -185.00486]
					},
					"position": {
						"0.0": [6.7, -14.7, -13.9],
						"0.0417": [7.72, -13.56, -10.16],
						"0.125": [8.56, -8.98, 2.82],
						"0.1667": [6.8, -7, 10.2],
						"0.2083": [6.3, -7, 10.1],
						"0.25": [6.3, -7, 10.1],
						"0.3333": [6.375, -6.3, 10.575],
						"0.4167": [6.375, -6.275, 10.875],
						"0.4583": {
							"pre": [6.87, -5.3, 15.52],
							"post": [6.87, -5.3, 15.52],
							"lerp_mode": "catmullrom"
						},
						"0.5417": {
							"post": [8.255, -4.97, 18.95],
							"lerp_mode": "catmullrom"
						},
						"0.625": {
							"post": [10.00947, -3.97998, 21.04685],
							"lerp_mode": "catmullrom"
						},
						"0.7083": {
							"post": [10.78015, -5.30575, 20.32601],
							"lerp_mode": "catmullrom"
						},
						"0.75": {
							"post": [11.35, -7.49, 15.71],
							"lerp_mode": "catmullrom"
						},
						"0.7917": {
							"post": [11.655, -8.17, 14.175],
							"lerp_mode": "catmullrom"
						},
						"0.875": {
							"post": [11.955, -11.77, 11.575],
							"lerp_mode": "catmullrom"
						},
						"1.125": [11.955, -11.77, 11.7],
						"1.2917": [9.31925, -4.87589, 18.54383],
						"1.375": [7.65, -5.17, 17.3],
						"1.5417": [7.495, -5.21, 16.8],
						"1.625": [6.375, -5.47, 13.3],
						"1.7083": [6.375, -6.3, 10],
						"1.8333": [6.375, -6.3, 10],
						"1.9167": [7.275, -4.3, 10.3],
						"1.9583": [7.375, -4.1, 10.3],
						"2.0": [6.375, -7.05, 10],
						"2.0833": [6.375, -7.05, 10],
						"2.125": [7.35, -7.6, 9.43],
						"2.1667": [8.64, -10.54, -6.03],
						"2.2083": [8.94, -12.89, -8.49],
						"2.3333": [9, -8.2, -11.9],
						"2.375": [9, -8.5, -5],
						"2.4167": [9, -8.5, -3.5],
						"2.4583": [9.4, -10.4, 0.3],
						"2.5": [8.77, -11.47, -0.355],
						"2.625": [7.5, -15.3, -9.7],
						"2.6667": [6.7, -14.7, -13.9],
						"2.75": [6.7, -14.7, -13.9],
						"2.9167": [6.7, -14.7, -13.9],
						"3.0417": [6.7, -14.7, -13.9]
					},
					"scale": [1, 1.5, 1]
				},
				"root": {
					"rotation": {
						"0.0": {
							"post": [0, 0, 0],
							"lerp_mode": "catmullrom"
						},
						"0.0833": {
							"post": [-0.82, -6.79, 4.55],
							"lerp_mode": "catmullrom"
						},
						"0.2083": {
							"post": [-2.68133, -25.66771, 15.17558],
							"lerp_mode": "catmullrom"
						},
						"0.2917": {
							"post": [-1.885, -28.67, 13.84],
							"lerp_mode": "catmullrom"
						},
						"0.3333": {
							"post": [-1.95805, -28.97026, 13.33559],
							"lerp_mode": "catmullrom"
						},
						"0.4167": {
							"post": [-1.92, -29.97, 13.53],
							"lerp_mode": "catmullrom"
						},
						"0.4583": {
							"post": [0.24247, -29.91264, 8.92896],
							"lerp_mode": "catmullrom"
						},
						"0.5": {
							"post": [-1.8414, -29.10911, 12.87496],
							"lerp_mode": "catmullrom"
						},
						"0.5833": {
							"post": [0.04808, -27.87105, 11.72179],
							"lerp_mode": "catmullrom"
						},
						"0.6667": {
							"post": [-1.09915, -27.18378, 15.29683],
							"lerp_mode": "catmullrom"
						},
						"0.75": {
							"post": [-0.97566, -25.645, 13.85697],
							"lerp_mode": "catmullrom"
						},
						"0.7917": {
							"post": [-1.45867, -24.77723, 13.64904],
							"lerp_mode": "catmullrom"
						},
						"0.9167": {
							"post": [-2.7598, -24.34802, 15.10919],
							"lerp_mode": "catmullrom"
						},
						"1.0": {
							"post": [-3.24915, -24.05878, 15.29683],
							"lerp_mode": "catmullrom"
						},
						"1.125": {
							"post": [-3.57415, -23.00878, 15.29683],
							"lerp_mode": "catmullrom"
						},
						"1.2917": {
							"post": [-3.695, -21.24, 17.2],
							"lerp_mode": "catmullrom"
						},
						"1.375": {
							"post": [-4.19103, -20.6897, 18.01487],
							"lerp_mode": "catmullrom"
						},
						"1.4167": {
							"post": [-3.86313, -20.14835, 17.25594],
							"lerp_mode": "catmullrom"
						},
						"1.5417": {
							"post": [-3.75041, -19.63434, 17.9993],
							"lerp_mode": "catmullrom"
						},
						"1.625": {
							"post": [-2.91, -21.545, 17.58],
							"lerp_mode": "catmullrom"
						},
						"1.6667": {
							"post": [-2.35, -22.42, 17.63],
							"lerp_mode": "catmullrom"
						},
						"1.75": {
							"post": [-2.09035, -21.23901, 18.20812],
							"lerp_mode": "catmullrom"
						},
						"1.875": {
							"post": [-2.02567, -19.97331, 18.23549],
							"lerp_mode": "catmullrom"
						},
						"1.9583": {
							"post": [-2.44655, -19.88599, 18.14879],
							"lerp_mode": "catmullrom"
						},
						"2.0": {
							"post": [-8.0593, -19.07725, 24.09567],
							"lerp_mode": "catmullrom"
						},
						"2.0417": {
							"post": [-2.92109, -19.81376, 12.51511],
							"lerp_mode": "catmullrom"
						},
						"2.125": {
							"post": [-1.68732, -16.44389, 15.42964],
							"lerp_mode": "catmullrom"
						},
						"2.2083": {
							"post": [0.44, -9.18, -3.7],
							"lerp_mode": "catmullrom"
						},
						"2.2917": {
							"post": [-1.79715, -3.19578, -7.61582],
							"lerp_mode": "catmullrom"
						},
						"2.3333": {
							"post": [-2.45, -2.85, -9.08],
							"lerp_mode": "catmullrom"
						},
						"2.375": {
							"post": [-2.77794, -3.64096, -6.66727],
							"lerp_mode": "catmullrom"
						},
						"2.4167": {
							"post": [-2.32449, -4.76059, -1.15541],
							"lerp_mode": "catmullrom"
						},
						"2.4583": {
							"post": [-1.46803, -4.39836, -9.39693],
							"lerp_mode": "catmullrom"
						},
						"2.5": {
							"post": [-0.71736, -3.95324, -3.99611],
							"lerp_mode": "catmullrom"
						},
						"2.5417": {
							"post": [0.88758, -3.56145, -7.26635],
							"lerp_mode": "catmullrom"
						},
						"2.625": {
							"post": [2.81868, -2.84249, -2.18898],
							"lerp_mode": "catmullrom"
						},
						"2.7083": {
							"post": [1.848, -1.76511, -2.79219],
							"lerp_mode": "catmullrom"
						},
						"2.7917": {
							"post": [0.43999, -0.82841, -0.89092],
							"lerp_mode": "catmullrom"
						},
						"2.8333": {
							"post": [-0.11608, -0.27753, 2.22001],
							"lerp_mode": "catmullrom"
						},
						"2.9167": {
							"post": [0, 0, -0.25],
							"lerp_mode": "catmullrom"
						},
						"3.0417": {
							"post": [0, 0, 0],
							"lerp_mode": "catmullrom"
						}
					},
					"position": {
						"0.0": {
							"post": [0, 0, 0],
							"lerp_mode": "catmullrom"
						},
						"0.2083": {
							"post": [1.3, -0.9, -0.7],
							"lerp_mode": "catmullrom"
						},
						"0.3333": {
							"post": [1.3, -1.05, -0.95],
							"lerp_mode": "catmullrom"
						},
						"0.4583": {
							"post": [1.25, -0.815, -0.95],
							"lerp_mode": "catmullrom"
						},
						"0.5": {
							"post": [1.56, -0.895, -0.71],
							"lerp_mode": "catmullrom"
						},
						"0.5833": {
							"post": [1.74, -1.075, -0.8],
							"lerp_mode": "catmullrom"
						},
						"0.6667": {
							"post": [1.595, -1.46, -0.87],
							"lerp_mode": "catmullrom"
						},
						"0.75": {
							"post": [1.355, -1.61, -0.92],
							"lerp_mode": "catmullrom"
						},
						"0.875": {
							"post": [1.19, -1.555, -0.93],
							"lerp_mode": "catmullrom"
						},
						"1.0": {
							"post": [1.165, -1.38, -0.925],
							"lerp_mode": "catmullrom"
						},
						"1.0833": {
							"post": [1.185, -1.295, -0.925],
							"lerp_mode": "catmullrom"
						},
						"1.25": {
							"post": [1.18, -1.285, -1.125],
							"lerp_mode": "catmullrom"
						},
						"1.5": {
							"post": [1.15, -1.335, -1.8],
							"lerp_mode": "catmullrom"
						},
						"1.6667": {
							"post": [1.395, -1.655, -1.925],
							"lerp_mode": "catmullrom"
						},
						"1.9583": {
							"post": [1.505, -1.63, -1.9],
							"lerp_mode": "catmullrom"
						},
						"2.0": {
							"post": [1.515, -2.11, -1.9],
							"lerp_mode": "catmullrom"
						},
						"2.0833": {
							"post": [1.475, -1.975, -1.6],
							"lerp_mode": "catmullrom"
						},
						"2.2083": {
							"post": [0.05, -1.975, -1.295],
							"lerp_mode": "catmullrom"
						},
						"2.375": {
							"post": [-0.1, -0.65, -0.845],
							"lerp_mode": "catmullrom"
						},
						"2.4167": {
							"post": [-0.1, -0.65, -2.095],
							"lerp_mode": "catmullrom"
						},
						"2.4583": {
							"post": [-0.1, -0.65, -2.12],
							"lerp_mode": "catmullrom"
						},
						"2.5833": {
							"post": [-0.1, -1.05, -1.76],
							"lerp_mode": "catmullrom"
						},
						"2.625": {
							"post": [-0.1, -1.275, -2.165],
							"lerp_mode": "catmullrom"
						},
						"2.6667": {
							"post": [-0.1, -1.28, -2.47],
							"lerp_mode": "catmullrom"
						},
						"2.75": {
							"post": [-0.09, -0.67, -0.035],
							"lerp_mode": "catmullrom"
						},
						"2.7917": {
							"post": [-0.07, -0.4, 0.33],
							"lerp_mode": "catmullrom"
						},
						"2.8333": {
							"post": [-0.05, -0.185, 0.1],
							"lerp_mode": "catmullrom"
						},
						"2.9167": {
							"post": [-0.025, -0.025, -0.04],
							"lerp_mode": "catmullrom"
						},
						"3.0417": {
							"post": [0, 0, 0],
							"lerp_mode": "catmullrom"
						}
					}
				},
				"p90_mag_standard": {
					"rotation": {
						"0.25": [0, 0, 0],
						"0.3333": [5, 0, 0],
						"0.4167": {
							"pre": [4.5, 0, 0],
							"post": [4.5, 0, 0],
							"lerp_mode": "catmullrom"
						},
						"0.4583": {
							"post": [8.76, 2.83, 4.57],
							"lerp_mode": "catmullrom"
						},
						"0.5417": [11.8414, 6.60612, 9.18242],
						"0.625": [18.21689, 14.15035, 9.52646],
						"0.75": {
							"pre": [61.9, -20.71, 9.76],
							"post": [61.9, -20.71, 9.76],
							"lerp_mode": "catmullrom"
						},
						"0.875": {
							"post": [75.18955, -12.54654, -3.73569],
							"lerp_mode": "catmullrom"
						},
						"1.0833": {
							"post": [75.18955, -12.54654, -3.73569],
							"lerp_mode": "catmullrom"
						},
						"1.1667": [20.18955, -12.54654, -3.73569],
						"1.2917": [9.8414, 6.60612, 9.18242],
						"1.375": [9.8414, 7.33112, 9.18242],
						"1.5": [9.74, 5.68, 8.41],
						"1.5417": [9.7, 5.78, 8.03],
						"1.625": [8.75, 0, 0],
						"1.7083": [5, 0, 0],
						"1.9583": [5, 0, 0],
						"2.0": [0, 0, 0]
					},
					"position": {
						"0.25": [0, 0, 0],
						"0.3333": [0, 0.75, 0],
						"0.4167": [0, 0.775, 0.3],
						"0.4583": {
							"pre": [0.53, 1.53, 5.26],
							"post": [0.53, 1.53, 5.26],
							"lerp_mode": "catmullrom"
						},
						"0.5417": {
							"post": [1.275, 1.98, 7.3],
							"lerp_mode": "catmullrom"
						},
						"0.625": {
							"post": [3.03447, 3.19502, 10.87185],
							"lerp_mode": "catmullrom"
						},
						"0.7083": {
							"post": [4.45, 2.05, 10.56],
							"lerp_mode": "catmullrom"
						},
						"0.75": {
							"post": [4.97, -1.12, 5.63],
							"lerp_mode": "catmullrom"
						},
						"0.7917": {
							"post": [5.28, -2.52, 4.2],
							"lerp_mode": "catmullrom"
						},
						"0.875": {
							"post": [5.58, -6.82, 2.1],
							"lerp_mode": "catmullrom"
						},
						"1.0833": [5.58, -4.72, 1.7],
						"1.2917": [2.94425, 2.17411, 8.54383],
						"1.375": [1.275, 1.88, 7.6],
						"1.4583": [1.24, 1.87, 7.28],
						"1.5417": [1.12, 1.84, 6.8],
						"1.625": [0, 1.58, 3.3],
						"1.7083": [0, 0.75, 0],
						"1.9583": [0, 0.75, 0],
						"2.0": [0, 0, 0]
					},
					"scale": {
						"0.8333": [1, 1, 1],
						"0.875": [0, 0, 0],
						"1.0833": [0, 0, 0],
						"1.125": [1, 1, 1]
					}
				},
				"magazine": {
					"rotation": {
						"0.25": [0, 0, 0],
						"0.3333": [5, 0, 0],
						"0.4167": {
							"pre": [4.5, 0, 0],
							"post": [4.5, 0, 0],
							"lerp_mode": "catmullrom"
						},
						"0.4583": {
							"post": [8.76, 2.83, 4.57],
							"lerp_mode": "catmullrom"
						},
						"0.5417": [11.8414, 6.60612, 9.18242],
						"0.625": [18.21689, 14.15035, 9.52646],
						"0.75": {
							"pre": [61.9, -20.71, 9.76],
							"post": [61.9, -20.71, 9.76],
							"lerp_mode": "catmullrom"
						},
						"0.875": {
							"post": [75.18955, -12.54654, -3.73569],
							"lerp_mode": "catmullrom"
						},
						"1.0833": {
							"post": [75.18955, -12.54654, -3.73569],
							"lerp_mode": "catmullrom"
						},
						"1.1667": [20.18955, -12.54654, -3.73569],
						"1.2917": [9.8414, 6.60612, 9.18242],
						"1.375": [9.8414, 7.33112, 9.18242],
						"1.5": [9.74, 5.68, 8.41],
						"1.5417": [9.7, 5.78, 8.03],
						"1.625": [8.75, 0, 0],
						"1.7083": [5, 0, 0],
						"1.9583": [5, 0, 0],
						"2.0": [0, 0, 0]
					},
					"position": {
						"0.25": [0, 0, 0],
						"0.3333": [0, 0.75, 0],
						"0.4167": [0, 0.775, 0.3],
						"0.4583": {
							"pre": [0.53, 1.53, 5.26],
							"post": [0.53, 1.53, 5.26],
							"lerp_mode": "catmullrom"
						},
						"0.5417": {
							"post": [1.275, 1.98, 7.3],
							"lerp_mode": "catmullrom"
						},
						"0.625": {
							"post": [3.03447, 3.19502, 10.87185],
							"lerp_mode": "catmullrom"
						},
						"0.7083": {
							"post": [4.45, 2.05, 10.56],
							"lerp_mode": "catmullrom"
						},
						"0.75": {
							"post": [4.97, -1.12, 5.63],
							"lerp_mode": "catmullrom"
						},
						"0.7917": {
							"post": [5.28, -2.52, 4.2],
							"lerp_mode": "catmullrom"
						},
						"0.875": {
							"post": [5.58, -6.82, 2.1],
							"lerp_mode": "catmullrom"
						},
						"1.0833": [5.58, -4.72, 1.7],
						"1.2917": [2.94425, 2.17411, 8.54383],
						"1.375": [1.275, 1.88, 7.6],
						"1.4583": [1.24, 1.87, 7.28],
						"1.5417": [1.12, 1.84, 6.8],
						"1.625": [0, 1.58, 3.3],
						"1.7083": [0, 0.75, 0],
						"1.9583": [0, 0.75, 0],
						"2.0": [0, 0, 0]
					},
					"scale": {
						"0.8333": [1, 1, 1],
						"0.875": [0, 0, 0],
						"1.0833": [0, 0, 0],
						"1.125": [1, 1, 1]
					}
				},
				"L": {
					"rotation": {
						"0.125": [0, 0, 0],
						"0.25": [30.59871, 10.80355, 6.32526],
						"1.9583": [30.6, 10.8, 6.33],
						"2.0": [0, 0, 0]
					}
				},
				"R": {
					"rotation": {
						"0.125": [0, 0, 0],
						"0.25": [30.38126, -8.64917, -5.03837],
						"1.9583": [30.38, -8.65, -5.04],
						"2.0": [0, 0, 0]
					}
				},
				"camera": {
					"rotation": {
						"0.0": {
							"post": [0, 0, 0],
							"lerp_mode": "catmullrom"
						},
						"0.25": {
							"post": [2.28, 0.16, 1.46],
							"lerp_mode": "catmullrom"
						},
						"0.4167": {
							"post": [2.64, 0.28, 1.89],
							"lerp_mode": "catmullrom"
						},
						"0.4583": {
							"post": [5, 1.025, 2.73],
							"lerp_mode": "catmullrom"
						},
						"0.5": {
							"post": [2.62, 1.22, 2.06],
							"lerp_mode": "catmullrom"
						},
						"0.5417": {
							"post": [2.30632, 1.33515, 1.39344],
							"lerp_mode": "catmullrom"
						},
						"0.6667": {
							"post": [2.27, 1.38, 2.22],
							"lerp_mode": "catmullrom"
						},
						"0.8333": {
							"post": [1.60608, 1.07931, 2.83465],
							"lerp_mode": "catmullrom"
						},
						"1.25": {
							"post": [1.83722, 0.85348, 1.9598],
							"lerp_mode": "catmullrom"
						},
						"1.3333": {
							"post": [1.53, 0.765, 1.6],
							"lerp_mode": "catmullrom"
						},
						"1.375": {
							"post": [1.525, 0.705, 1.83],
							"lerp_mode": "catmullrom"
						},
						"1.4167": {
							"post": [0.855, 0.45, 1.355],
							"lerp_mode": "catmullrom"
						},
						"1.5": {
							"post": [0.87, 0.34, 1.375],
							"lerp_mode": "catmullrom"
						},
						"1.625": {
							"post": [1.415, 0.21, 1.79],
							"lerp_mode": "catmullrom"
						},
						"1.6667": {
							"post": [1.39322, 0.15002, 2.31727],
							"lerp_mode": "catmullrom"
						},
						"1.875": {
							"post": [0.56, 0.16, 2.9],
							"lerp_mode": "catmullrom"
						},
						"1.9583": {
							"post": [0.35841, 0.16737, 2.96734],
							"lerp_mode": "catmullrom"
						},
						"2.0": {
							"post": [-3.5, 0.16, 1.98],
							"lerp_mode": "catmullrom"
						},
						"2.0417": {
							"post": [0.43951, 0.11417, 2.47223],
							"lerp_mode": "catmullrom"
						},
						"2.25": {
							"post": [-1.07, 0.43, -1.6],
							"lerp_mode": "catmullrom"
						},
						"2.3333": {
							"post": [-1.4, 0.47, -1.69],
							"lerp_mode": "catmullrom"
						},
						"2.375": {
							"post": [-5, 0.44, -1.27],
							"lerp_mode": "catmullrom"
						},
						"2.4167": {
							"post": [-1.04235, 0.39424, -0.88144],
							"lerp_mode": "catmullrom"
						},
						"2.4583": {
							"post": [-0.38, 0.36, -1.285],
							"lerp_mode": "catmullrom"
						},
						"2.5417": {
							"post": [-1.005, 0.28, -0.745],
							"lerp_mode": "catmullrom"
						},
						"2.625": {
							"post": [-0.63115, 0.18322, -0.75699],
							"lerp_mode": "catmullrom"
						},
						"2.7083": {
							"post": [-0.535, 0.09, -0.43],
							"lerp_mode": "catmullrom"
						},
						"2.7917": {
							"post": [0, 0, 0],
							"lerp_mode": "catmullrom"
						},
						"2.8333": {
							"post": [0.44, -0.01, -0.245],
							"lerp_mode": "catmullrom"
						},
						"2.9167": {
							"post": [-0.075, 0, 0.2],
							"lerp_mode": "catmullrom"
						},
						"3.0417": {
							"post": [0, 0, 0],
							"lerp_mode": "catmullrom"
						}
					}
				},
				"Bolt2": {
					"rotation": [0, 0, 0],
					"position": {
						"2.2917": [0, 0, 0],
						"2.3333": [0, 0, 0],
						"2.375": [0, 0, 5],
						"2.4167": [0, 0, 5],
						"2.4583": [0, 0, 5],
						"2.5": [0, 0, 0],
						"2.5417": [0, 0, 0.4],
						"2.625": [0, 0, 0]
					}
				}
			},
			"sound_effects": {
				"0.0417": {
					"effect": "emxmors:emx_bal/p34_ar_balpha_reload_empty_fast_magopen_01"
				},
				"0.4167": {
					"effect": "emxmors:emx_bal/smg_clip_out_1"
				},
				"1.7083": {
					"effect": "emxmors:emx_bal/smg_clip_in_1"
				},
				"2.2083": {
					"effect": "emxmors:emx_bal/bolt1"
				},
				"2.4583": {
					"effect": "emxmors:emx_bal/bolt2"
				},
				"2.625": {
					"effect": "emxmors:emx_bal/p34_ar_balpha_reload_mvmt_02"
				}
			}
		},
		"inspect": {
			"animation_length": 9.7,
			"bones": {
				"righthand": {
					"rotation": {
						"0.0": [98.53823, -345.55669, -174.92734],
						"0.125": [98.2685, -360.40077, -177.13274],
						"0.3333": [151.13308, -440.54675, -237.87252],
						"4.4583": [151.13, -440.55, -237.87],
						"4.625": [151.13, -440.55, -237.87],
						"4.7917": [63.61762, -354.82398, -100.52569],
						"5.25": [63.62, -354.82, -100.53],
						"5.3333": [63.32912, -350.34574, -102.78125],
						"5.4583": {
							"pre": [63.32912, -350.34574, -102.78125],
							"post": [63.32912, -350.34574, -102.78125],
							"lerp_mode": "catmullrom"
						},
						"5.625": {
							"post": [61.79702, -358.46381, -118.37342],
							"lerp_mode": "catmullrom"
						},
						"6.0417": {
							"post": [61.79702, -358.46381, -118.37342],
							"lerp_mode": "catmullrom"
						},
						"6.1667": [63.32912, -350.34574, -102.78125],
						"6.2917": [63.32912, -350.34574, -102.78125],
						"6.4167": [63.32912, -350.34574, -102.78125],
						"6.5417": [63.62, -354.82, -100.53],
						"6.6667": [85.05408, -358.45814, -155.62885],
						"6.75": [85.05408, -358.45814, -155.62885],
						"6.8333": [85.05408, -358.45814, -155.62885],
						"6.9167": [70.05, -358.46, -155.63],
						"7.1667": [70.06017, -354.12887, -122.57261],
						"7.3333": [95.22068, -343.7211, -172.2621],
						"7.4583": [98.53823, -345.55669, -174.92734]
					},
					"position": {
						"0.0": [-7.5, -13.4, -3.2],
						"0.125": [-7.5, -13.4, 14.8],
						"4.4583": [-7.5, -13.4, 14.8],
						"4.625": [-7.5, -9.4, 24.8],
						"4.7917": [-6.3, -5.9, 10.8],
						"5.25": [-6.3, -5.9, 10.8],
						"5.3333": [-6.3, -5.9, 14.8],
						"5.4583": {
							"pre": [-6.3, -5.9, 14.8],
							"post": [-6.3, -5.9, 14.8],
							"lerp_mode": "catmullrom"
						},
						"6.0417": {
							"post": [-6.3, -5.9, 14.8],
							"lerp_mode": "catmullrom"
						},
						"6.2917": [-6.3, -5.9, 14.8],
						"6.4167": [-6.3, -5.9, 14.8],
						"6.5417": [-6.3, -5.9, 10.8],
						"6.6667": [-8.3, -7.9, 10.8],
						"6.75": [-8.3, -7.9, 10.8],
						"6.8333": [-8.3, -7.9, 10.8],
						"6.9167": [-8.3, -8.1, 10.8],
						"7.1667": [-13.3, -8.1, 13.8],
						"7.3333": [-7.5, -13.4, -3.2],
						"7.4583": [-7.5, -13.4, -3.2]
					},
					"scale": [1, 1.5, 1]
				},
				"lefthand": {
					"rotation": {
						"0.0": [93.33461, -11.79537, -185.00486],
						"0.375": {
							"pre": [145.75221, -45.62908, -207.11051],
							"post": [145.75221, -45.62908, -207.11051],
							"lerp_mode": "catmullrom"
						},
						"0.5": [146.3082, -47.63024, -206.88985],
						"1.25": [145.24, -46.91, -205.41],
						"1.625": [149.39189, -49.2927, -210.98406],
						"2.9167": [149.39189, -49.2927, -210.98406],
						"3.0833": [94.37, -41.73652, -187.23057],
						"3.2083": [95.26398, -51.70168, -188.4539],
						"3.3333": [93.73442, -29.26558, -186.14519],
						"6.9583": [93.73, -29.27, -186.15],
						"7.1667": [93.33461, -11.79537, -185.00486]
					},
					"position": {
						"0.0": [6.7, -14.7, -13.9],
						"0.375": [6.7, -14.7, -13.9],
						"2.9167": [6.7, -14.4, -13.8],
						"3.0833": [6.7, -14.7, -13.9],
						"3.2083": [9.7, -14.7, -6.9],
						"3.4167": [5.7, -13.7, -3.9],
						"6.9583": [5.7, -13.7, -3.9],
						"7.1667": [6.7, -14.7, -13.9]
					},
					"scale": [1, 1.5, 1]
				},
				"root": {
					"rotation": {
						"0.0": [0, 0, 0],
						"0.3333": {
							"pre": [19.92, -67.68, -42.64],
							"post": [19.92, -67.68, -42.64],
							"lerp_mode": "catmullrom"
						},
						"0.4583": {
							"post": [32.37448, -74.31388, -42.89562],
							"lerp_mode": "catmullrom"
						},
						"0.5417": {
							"post": [39.31031, -74.52711, -45.54817],
							"lerp_mode": "catmullrom"
						},
						"0.7083": {
							"post": [36.28795, -74.86716, -43.79753],
							"lerp_mode": "catmullrom"
						},
						"0.8333": {
							"post": [35.95, -75.12, -43.73],
							"lerp_mode": "catmullrom"
						},
						"1.0417": {
							"post": [35.815, -75.53, -44.055],
							"lerp_mode": "catmullrom"
						},
						"1.3333": {
							"post": [37.58, -76.31, -45.065],
							"lerp_mode": "catmullrom"
						},
						"1.5833": {
							"post": [51.33547, -80.5604, -51.81558],
							"lerp_mode": "catmullrom"
						},
						"1.9583": {
							"post": [52.06047, -82.5354, -51.81558],
							"lerp_mode": "catmullrom"
						},
						"2.9167": {
							"post": [48.6, -82.02, -51.155],
							"lerp_mode": "catmullrom"
						},
						"3.0417": {
							"post": [32.91, -68.525, -42.625],
							"lerp_mode": "catmullrom"
						},
						"3.2917": {
							"post": [13.76297, -29.73351, -17.40679],
							"lerp_mode": "catmullrom"
						},
						"3.7083": {
							"post": [11.41, -28.37, -14.06],
							"lerp_mode": "catmullrom"
						},
						"3.8333": {
							"post": [13.23856, -28.79025, -16.65997],
							"lerp_mode": "catmullrom"
						},
						"3.9167": {
							"post": [12.06031, -31.19947, -16.69755],
							"lerp_mode": "catmullrom"
						},
						"4.0": {
							"post": [10.0223, -31.95903, -12.91775],
							"lerp_mode": "catmullrom"
						},
						"4.0833": {
							"post": [10.44022, -31.68785, -13.76141],
							"lerp_mode": "catmullrom"
						},
						"4.2917": {
							"post": [9.44, -31.69, -13.76],
							"lerp_mode": "catmullrom"
						},
						"4.625": {
							"post": [9.34, -32.86, -14.31],
							"lerp_mode": "catmullrom"
						},
						"4.9167": {
							"post": [9.44, -31.69, -13.76],
							"lerp_mode": "catmullrom"
						},
						"5.0": {
							"post": [9.77196, -32.34384, -16.27228],
							"lerp_mode": "catmullrom"
						},
						"5.0833": {
							"post": [9.83015, -31.86598, -12.60201],
							"lerp_mode": "catmullrom"
						},
						"5.1667": {
							"post": [9.44, -31.69, -13.76],
							"lerp_mode": "catmullrom"
						},
						"5.3333": {
							"post": [11.44, -31.69, -13.76],
							"lerp_mode": "catmullrom"
						},
						"5.4583": [9.94, -31.69, -13.76],
						"6.4167": {
							"pre": [12.90966, -30.69865, -19.48986],
							"post": [12.90966, -30.69865, -19.48986],
							"lerp_mode": "catmullrom"
						},
						"6.5833": {
							"post": [14.91, -30.7, -19.49],
							"lerp_mode": "catmullrom"
						},
						"6.8333": {
							"post": [15.32, -31.22, -19.55],
							"lerp_mode": "catmullrom"
						},
						"6.9583": {
							"post": [14.91, -30.7, -17.49],
							"lerp_mode": "catmullrom"
						},
						"7.0417": [14.91, -30.4, -17.99],
						"7.125": [14.91, -29, -17.09],
						"7.3333": {
							"pre": [-12.02262, -26.83616, -1.32679],
							"post": [-12.02262, -26.83616, -1.32679],
							"lerp_mode": "catmullrom"
						},
						"7.5": {
							"post": [-20.59077, -18.37194, 6.94088],
							"lerp_mode": "catmullrom"
						},
						"7.625": {
							"post": [-22.80267, -16.94061, 6.94387],
							"lerp_mode": "catmullrom"
						},
						"7.875": {
							"post": [-22.96296, -17.14551, 6.6573],
							"lerp_mode": "catmullrom"
						},
						"8.0": {
							"post": [-23.05543, -17.07115, 6.70298],
							"lerp_mode": "catmullrom"
						},
						"8.125": {
							"post": [-23.80417, -15.97748, 9.33492],
							"lerp_mode": "catmullrom"
						},
						"8.2917": {
							"post": [-23.86361, -16.11956, 10.17728],
							"lerp_mode": "catmullrom"
						},
						"8.5833": {
							"post": [-24.13012, -16.14213, 9.84782],
							"lerp_mode": "catmullrom"
						},
						"8.75": {
							"post": [-19.78, -16.97, 5.86],
							"lerp_mode": "catmullrom"
						},
						"8.875": {
							"post": [2.3, -9.875, 2.95],
							"lerp_mode": "catmullrom"
						},
						"9.0": {
							"post": [4.275, -4.925, 1.975],
							"lerp_mode": "catmullrom"
						},
						"9.0833": {
							"post": [2.675, 0, 0],
							"lerp_mode": "catmullrom"
						},
						"9.125": {
							"post": [-0.21209, 0.36471, 1.10002],
							"lerp_mode": "catmullrom"
						},
						"9.4167": {
							"post": [0, 0, 0],
							"lerp_mode": "catmullrom"
						}
					},
					"position": {
						"0.0": [0, 0, 0],
						"0.25": {
							"pre": [3.875, 1.85, -0.225],
							"post": [3.875, 1.85, -0.225],
							"lerp_mode": "catmullrom"
						},
						"0.3333": {
							"post": [4.24, 2.01, -0.675],
							"lerp_mode": "catmullrom"
						},
						"0.5417": {
							"post": [5.03, 3.465, -1.725],
							"lerp_mode": "catmullrom"
						},
						"0.7083": {
							"post": [5.24, 3.58, -2],
							"lerp_mode": "catmullrom"
						},
						"0.9167": {
							"post": [5.28, 3.435, -2.125],
							"lerp_mode": "catmullrom"
						},
						"1.1667": {
							"post": [5.205, 3.49, -2.15],
							"lerp_mode": "catmullrom"
						},
						"1.2917": {
							"post": [5.555, 3.55, -2.1],
							"lerp_mode": "catmullrom"
						},
						"1.5833": {
							"post": [6.975, 3.7, -1.85],
							"lerp_mode": "catmullrom"
						},
						"1.7917": {
							"post": [7.285, 3.765, -1.8],
							"lerp_mode": "catmullrom"
						},
						"2.0417": {
							"post": [7.345, 3.63, -1.8],
							"lerp_mode": "catmullrom"
						},
						"2.25": {
							"post": [7.405, 3.62, -1.8],
							"lerp_mode": "catmullrom"
						},
						"2.5417": {
							"post": [7.595, 3.65, -1.85],
							"lerp_mode": "catmullrom"
						},
						"2.9167": {
							"post": [7.49, 3.27, -1.675],
							"lerp_mode": "catmullrom"
						},
						"3.0": {
							"post": [6.89, 2.25, -1.36],
							"lerp_mode": "catmullrom"
						},
						"3.0833": {
							"post": [6.28, -1.015, -1.17],
							"lerp_mode": "catmullrom"
						},
						"3.2083": {
							"post": [6.26, -0.36, -2.87],
							"lerp_mode": "catmullrom"
						},
						"3.2917": {
							"post": [6.45, 0.06, -4.18],
							"lerp_mode": "catmullrom"
						},
						"3.4167": {
							"post": [6.21, -0.26, -4.12],
							"lerp_mode": "catmullrom"
						},
						"3.5417": {
							"post": [6.21, -0.86, -4.12],
							"lerp_mode": "catmullrom"
						},
						"3.7917": {
							"post": [6.21, 0.14, -3.12],
							"lerp_mode": "catmullrom"
						},
						"3.875": {
							"post": [6.21, 0.24, -3.32],
							"lerp_mode": "catmullrom"
						},
						"3.9583": {
							"post": [6.21, 0.14, -3.22],
							"lerp_mode": "catmullrom"
						},
						"4.4583": {
							"post": [6.41, -0.06, -3.22],
							"lerp_mode": "catmullrom"
						},
						"4.7917": {
							"post": [6.41, -0.06, -3.42],
							"lerp_mode": "catmullrom"
						},
						"5.0417": {
							"post": [6.41, -0.36, -3.42],
							"lerp_mode": "catmullrom"
						},
						"5.25": {
							"post": [6.41, 0.34, -3.42],
							"lerp_mode": "catmullrom"
						},
						"6.5": {
							"post": [6.41, 0.34, -3.42],
							"lerp_mode": "catmullrom"
						},
						"6.6667": {
							"post": [6.61, 0.34, -3.02],
							"lerp_mode": "catmullrom"
						},
						"6.8333": {
							"post": [6.61, 0.34, -2.72],
							"lerp_mode": "catmullrom"
						},
						"6.9583": [6.61, -0.16, -2.32],
						"7.0833": [6.61, 0.34, -2.62],
						"7.1667": [6.61, -0.06, -1.62],
						"7.375": {
							"pre": [2.45, 0.06, 1.52],
							"post": [2.45, 0.06, 1.52],
							"lerp_mode": "catmullrom"
						},
						"7.5": {
							"post": [2.21, -0.26, 1.58],
							"lerp_mode": "catmullrom"
						},
						"7.6667": {
							"post": [2.09, 0.01, 1.65],
							"lerp_mode": "catmullrom"
						},
						"7.8333": {
							"post": [2.1, 0.025, 1.69],
							"lerp_mode": "catmullrom"
						},
						"8.125": {
							"post": [2.095, 0.1, 1.775],
							"lerp_mode": "catmullrom"
						},
						"8.4167": {
							"post": [2.08, 0.22, 1.79],
							"lerp_mode": "catmullrom"
						},
						"8.6667": {
							"post": [2.06, 0.17, 1.86],
							"lerp_mode": "catmullrom"
						},
						"8.7917": {
							"post": [2.02, 0.125, 1.8],
							"lerp_mode": "catmullrom"
						},
						"8.875": {
							"post": [1.35, -1.295, 0.705],
							"lerp_mode": "catmullrom"
						},
						"9.0": {
							"post": [0, -1.775, -2],
							"lerp_mode": "catmullrom"
						},
						"9.125": {
							"post": [0, 0.075, 0.375],
							"lerp_mode": "catmullrom"
						},
						"9.4167": {
							"post": [0, 0, 0],
							"lerp_mode": "catmullrom"
						}
					}
				},
				"magazine": {
					"rotation": {
						"3.8333": [0, 0, 0],
						"3.9583": [4, 0, 0],
						"5.25": [4, 0, 0],
						"5.3333": [9, 0, 0],
						"5.4583": {
							"pre": [9, 0, 0],
							"post": [9, 0, 0],
							"lerp_mode": "catmullrom"
						},
						"5.625": {
							"post": [7.60853, 4.82152, -32.17921],
							"lerp_mode": "catmullrom"
						},
						"6.0417": {
							"post": [7.60853, 4.82152, -32.17921],
							"lerp_mode": "catmullrom"
						},
						"6.1667": [9, 0, 0],
						"6.4167": [9, 0, 0],
						"6.5417": [4, 0, 0],
						"6.75": [4, 0, 0],
						"6.8333": [4, 0, 0],
						"6.9167": [0, 0, 0]
					},
					"position": {
						"3.8333": [0, 0, 0],
						"3.9583": [0, 0.8, 0.5],
						"5.25": [0, 0.8, 0.5],
						"5.3333": [0, 1.7, 5.4],
						"5.4583": {
							"pre": [0, 1.7, 5.4],
							"post": [0, 1.7, 5.4],
							"lerp_mode": "catmullrom"
						},
						"6.0417": {
							"post": [0, 1.7, 5.4],
							"lerp_mode": "catmullrom"
						},
						"6.4167": {
							"post": [0, 1.7, 5.4],
							"lerp_mode": "catmullrom"
						},
						"6.5417": [0, 0.8, 0.5],
						"6.75": [0, 0.8, 0.5],
						"6.8333": [0, 0.8, 0.5],
						"6.9167": [0, 0, 0]
					}
				},
				"L": {
					"rotation": {
						"3.8333": [0, 0, 0],
						"3.9583": [18.08453, 7.38542, 1.30962],
						"6.8333": [18.08453, 7.38542, 1.30962],
						"6.9583": [0, 0, 0]
					}
				},
				"R": {
					"rotation": {
						"3.8333": [0, 0, 0],
						"3.9583": [18.08453, -7.38542, -1.30962],
						"6.8333": [18.08, -7.39, -1.31],
						"6.9583": [0, 0, 0]
					}
				},
				"constraint": {
					"rotation": [0.2, 0.2, 0.2],
					"position": [0.2, 0.2, 0.2]
				},
				"camera": {
					"rotation": {
						"0.0": {
							"post": [0, 0, 0],
							"lerp_mode": "catmullrom"
						},
						"0.375": {
							"post": [2.19341, 2.77713, -2.64195],
							"lerp_mode": "catmullrom"
						},
						"0.5": {
							"post": [1.79533, -1.00684, -0.70832],
							"lerp_mode": "catmullrom"
						},
						"0.75": {
							"post": [0.70742, -4.55228, -4.03082],
							"lerp_mode": "catmullrom"
						},
						"0.9167": {
							"post": [0.78, -5.51, -4.96],
							"lerp_mode": "catmullrom"
						},
						"1.125": {
							"post": [0.425, -5.535, -4.77],
							"lerp_mode": "catmullrom"
						},
						"1.4167": {
							"post": [1.16, -5.17, -3.77],
							"lerp_mode": "catmullrom"
						},
						"1.625": {
							"post": [1.94, -2.58, -2.35],
							"lerp_mode": "catmullrom"
						},
						"2.125": {
							"post": [4.41776, 7.9306, 2.43903],
							"lerp_mode": "catmullrom"
						},
						"2.5417": {
							"post": [6.44663, 13.87798, 3.28446],
							"lerp_mode": "catmullrom"
						},
						"3.125": {
							"post": [8.03, 13.75, 3.48],
							"lerp_mode": "catmullrom"
						},
						"3.2917": {
							"post": [7.41, 9.84, 3.81],
							"lerp_mode": "catmullrom"
						},
						"3.4167": {
							"post": [5.64545, 6.12649, 4.44961],
							"lerp_mode": "catmullrom"
						},
						"3.5417": {
							"post": [5.02759, 2.57555, 4.76609],
							"lerp_mode": "catmullrom"
						},
						"3.7083": {
							"post": [5.64, 1.26, 3.82],
							"lerp_mode": "catmullrom"
						},
						"3.7917": {
							"post": [5.30033, 0.85233, 3.77669],
							"lerp_mode": "catmullrom"
						},
						"3.875": {
							"post": [6.64, 0.91, 3.85],
							"lerp_mode": "catmullrom"
						},
						"3.9583": {
							"post": [3.5, 1.05, 3.94],
							"lerp_mode": "catmullrom"
						},
						"4.0": {
							"post": [5.835, 1.2, 3.97],
							"lerp_mode": "catmullrom"
						},
						"4.2083": {
							"post": [4.72948, 2.06599, 3.97567],
							"lerp_mode": "catmullrom"
						},
						"4.875": {
							"post": [4.81, 2.05, 3.82],
							"lerp_mode": "catmullrom"
						},
						"5.0": {
							"post": [4.81, 2.04, 4.59],
							"lerp_mode": "catmullrom"
						},
						"5.125": {
							"post": [4.81, 2.03, 2.96],
							"lerp_mode": "catmullrom"
						},
						"5.2083": {
							"post": [0, 1.81, 3.45],
							"lerp_mode": "catmullrom"
						},
						"5.25": {
							"post": [4.81, 2.02, 3.73],
							"lerp_mode": "catmullrom"
						},
						"5.4583": {
							"post": [4.86, 4.94, 3.61],
							"lerp_mode": "catmullrom"
						},
						"5.625": {
							"post": [4.67, 6.91, 3.55],
							"lerp_mode": "catmullrom"
						},
						"6.0": {
							"post": [4.85, 6.68, 3.46],
							"lerp_mode": "catmullrom"
						},
						"6.2083": {
							"post": [4.96, 1.41, 3.41],
							"lerp_mode": "catmullrom"
						},
						"6.4167": {
							"post": [5.07, 1.22, 3.36],
							"lerp_mode": "catmullrom"
						},
						"6.5417": {
							"post": [3.53, 1.22, 3.33],
							"lerp_mode": "catmullrom"
						},
						"6.6667": {
							"post": [6.61, 1.23, 3.3],
							"lerp_mode": "catmullrom"
						},
						"6.75": {
							"post": [5.08, 1.24, 3.28],
							"lerp_mode": "catmullrom"
						},
						"6.875": {
							"post": [5.11, 1.25, 3.25],
							"lerp_mode": "catmullrom"
						},
						"6.9167": {
							"post": [9, 1.26, 3.24],
							"lerp_mode": "catmullrom"
						},
						"6.9583": {
							"post": [3.96, 1.26, 3.23],
							"lerp_mode": "catmullrom"
						},
						"7.0417": {
							"post": [4.92, 1.27, 3.21],
							"lerp_mode": "catmullrom"
						},
						"7.6667": {
							"post": [5.64, 1.26, 3.82],
							"lerp_mode": "catmullrom"
						},
						"7.75": {
							"post": [5.30033, 0.85233, 3.77669],
							"lerp_mode": "catmullrom"
						},
						"7.9583": {
							"post": [5.835, 1.2, 3.97],
							"lerp_mode": "catmullrom"
						},
						"8.1667": {
							"post": [6.52948, 2.06599, 3.97567],
							"lerp_mode": "catmullrom"
						},
						"8.75": {
							"post": [6.72023, 1.49264, 2.38344],
							"lerp_mode": "catmullrom"
						},
						"8.9583": {
							"post": [4.67939, 1.64162, 0.89029],
							"lerp_mode": "catmullrom"
						},
						"9.0417": {
							"post": [0.995, 0.98, 0.42],
							"lerp_mode": "catmullrom"
						},
						"9.2083": {
							"post": [-1.225, 0, -0.225],
							"lerp_mode": "catmullrom"
						},
						"9.2917": {
							"post": [-0.77, -0.12, 0.305],
							"lerp_mode": "catmullrom"
						},
						"9.4167": {
							"post": [-1.15, 0, -0.1],
							"lerp_mode": "catmullrom"
						},
						"9.5417": {
							"post": [0, 0, 0],
							"lerp_mode": "catmullrom"
						}
					}
				}
			},
			"sound_effects": {
				"0.0": {
					"effect": "emxmors:emx_bal/p34_ar_balpha_raise_first_mvmt_01"
				},
				"1.375": {
					"effect": "emxmors:emx_bal/p34_ar_balpha_inspect_mvmt_05"
				},
				"3.0": {
					"effect": "emxmors:emx_bal/p34_ar_balpha_inspect_hand_03"
				},
				"3.7083": {
					"effect": "emxmors:emx_bal/p34_ar_balpha_inspect_magopen_01"
				},
				"4.6667": {
					"effect": "emxmors:emx_bal/p34_ar_balpha_inspect_mag_mvmt_01"
				},
				"5.1667": {
					"effect": "emxmors:emx_bal/p34_ar_balpha_inspect_magout_01"
				},
				"6.2917": {
					"effect": "emxmors:emx_bal/p34_ar_balpha_inspect_magbump_01"
				},
				"6.7917": {
					"effect": "emxmors:emx_bal/p34_ar_balpha_inspect_magin_01"
				},
				"7.1667": {
					"effect": "emxmors:emx_bal/p34_ar_balpha_inspect_mvmt_06"
				},
				"8.75": {
					"effect": "emxmors:emx_bal/p34_ar_balpha_inspect_mvmt_07"
				}
			}
		},
		"inspect_empty": {
			"animation_length": 9.75,
			"bones": {
				"righthand": {
					"rotation": {
						"0.0": [98.53823, -345.55669, -174.92734],
						"0.125": [98.2685, -360.40077, -177.13274],
						"0.3333": [151.13308, -440.54675, -237.87252],
						"4.4583": [151.13, -440.55, -237.87],
						"4.625": [151.13, -440.55, -237.87],
						"4.7917": [63.61762, -354.82398, -100.52569],
						"5.25": [63.62, -354.82, -100.53],
						"5.3333": [63.32912, -350.34574, -102.78125],
						"5.4583": {
							"pre": [63.32912, -350.34574, -102.78125],
							"post": [63.32912, -350.34574, -102.78125],
							"lerp_mode": "catmullrom"
						},
						"5.625": {
							"post": [61.79702, -358.46381, -118.37342],
							"lerp_mode": "catmullrom"
						},
						"6.0417": {
							"post": [61.79702, -358.46381, -118.37342],
							"lerp_mode": "catmullrom"
						},
						"6.1667": [63.32912, -350.34574, -102.78125],
						"6.2917": [63.32912, -350.34574, -102.78125],
						"6.4167": [63.32912, -350.34574, -102.78125],
						"6.5417": [63.62, -354.82, -100.53],
						"6.6667": [85.05408, -358.45814, -155.62885],
						"6.75": [85.05408, -358.45814, -155.62885],
						"6.8333": [85.05408, -358.45814, -155.62885],
						"6.9167": [70.05, -358.46, -155.63],
						"7.1667": [70.06017, -354.12887, -122.57261],
						"7.3333": [95.22068, -343.7211, -172.2621],
						"7.4583": [98.53823, -345.55669, -174.92734]
					},
					"position": {
						"0.0": [-7.5, -13.4, -3.2],
						"0.125": [-7.5, -13.4, 14.8],
						"4.4583": [-7.5, -13.4, 14.8],
						"4.625": [-7.5, -9.4, 24.8],
						"4.7917": [-6.3, -5.9, 10.8],
						"5.25": [-6.3, -5.9, 10.8],
						"5.3333": [-6.3, -5.9, 14.8],
						"5.4583": {
							"pre": [-6.3, -5.9, 14.8],
							"post": [-6.3, -5.9, 14.8],
							"lerp_mode": "catmullrom"
						},
						"6.0417": {
							"post": [-6.3, -5.9, 14.8],
							"lerp_mode": "catmullrom"
						},
						"6.2917": [-6.3, -5.9, 14.8],
						"6.4167": [-6.3, -5.9, 14.8],
						"6.5417": [-6.3, -5.9, 10.8],
						"6.6667": [-8.3, -7.9, 10.8],
						"6.75": [-8.3, -7.9, 10.8],
						"6.8333": [-8.3, -7.9, 10.8],
						"6.9167": [-8.3, -8.1, 10.8],
						"7.1667": [-13.3, -8.1, 13.8],
						"7.3333": [-7.5, -13.4, -3.2],
						"7.4583": [-7.5, -13.4, -3.2]
					},
					"scale": [1, 1.5, 1]
				},
				"lefthand": {
					"rotation": {
						"0.0": [93.33461, -11.79537, -185.00486],
						"0.375": {
							"pre": [145.75221, -45.62908, -207.11051],
							"post": [145.75221, -45.62908, -207.11051],
							"lerp_mode": "catmullrom"
						},
						"0.5": [146.3082, -47.63024, -206.88985],
						"1.25": [145.24, -46.91, -205.41],
						"1.625": [149.39189, -49.2927, -210.98406],
						"2.9167": [149.39189, -49.2927, -210.98406],
						"3.0833": [94.37, -41.73652, -187.23057],
						"3.2083": [95.26398, -51.70168, -188.4539],
						"3.3333": [93.73442, -29.26558, -186.14519],
						"6.9583": [93.73, -29.27, -186.15],
						"7.1667": [93.33461, -11.79537, -185.00486]
					},
					"position": {
						"0.0": [6.7, -14.7, -13.9],
						"0.375": [6.7, -14.7, -13.9],
						"2.9167": [6.7, -14.4, -13.8],
						"3.0833": [6.7, -14.7, -13.9],
						"3.2083": [9.7, -14.7, -6.9],
						"3.4167": [5.7, -13.7, -3.9],
						"6.9583": [5.7, -13.7, -3.9],
						"7.1667": [6.7, -14.7, -13.9]
					},
					"scale": [1, 1.5, 1]
				},
				"root": {
					"rotation": {
						"0.0": [0, 0, 0],
						"0.3333": {
							"pre": [19.92, -67.68, -42.64],
							"post": [19.92, -67.68, -42.64],
							"lerp_mode": "catmullrom"
						},
						"0.4583": {
							"post": [32.37448, -74.31388, -42.89562],
							"lerp_mode": "catmullrom"
						},
						"0.5417": {
							"post": [39.31031, -74.52711, -45.54817],
							"lerp_mode": "catmullrom"
						},
						"0.7083": {
							"post": [36.28795, -74.86716, -43.79753],
							"lerp_mode": "catmullrom"
						},
						"0.8333": {
							"post": [35.95, -75.12, -43.73],
							"lerp_mode": "catmullrom"
						},
						"1.0417": {
							"post": [35.815, -75.53, -44.055],
							"lerp_mode": "catmullrom"
						},
						"1.3333": {
							"post": [37.58, -76.31, -45.065],
							"lerp_mode": "catmullrom"
						},
						"1.5833": {
							"post": [51.33547, -80.5604, -51.81558],
							"lerp_mode": "catmullrom"
						},
						"1.9583": {
							"post": [52.06047, -82.5354, -51.81558],
							"lerp_mode": "catmullrom"
						},
						"2.9167": {
							"post": [48.6, -82.02, -51.155],
							"lerp_mode": "catmullrom"
						},
						"3.0417": {
							"post": [32.91, -68.525, -42.625],
							"lerp_mode": "catmullrom"
						},
						"3.2917": {
							"post": [13.76297, -29.73351, -17.40679],
							"lerp_mode": "catmullrom"
						},
						"3.7083": {
							"post": [11.41, -28.37, -14.06],
							"lerp_mode": "catmullrom"
						},
						"3.8333": {
							"post": [13.23856, -28.79025, -16.65997],
							"lerp_mode": "catmullrom"
						},
						"3.9167": {
							"post": [12.06031, -31.19947, -16.69755],
							"lerp_mode": "catmullrom"
						},
						"4.0": {
							"post": [10.0223, -31.95903, -12.91775],
							"lerp_mode": "catmullrom"
						},
						"4.0833": {
							"post": [10.44022, -31.68785, -13.76141],
							"lerp_mode": "catmullrom"
						},
						"4.2917": {
							"post": [9.44, -31.69, -13.76],
							"lerp_mode": "catmullrom"
						},
						"4.625": {
							"post": [9.34, -32.86, -14.31],
							"lerp_mode": "catmullrom"
						},
						"4.9167": {
							"post": [9.44, -31.69, -13.76],
							"lerp_mode": "catmullrom"
						},
						"5.0": {
							"post": [9.77196, -32.34384, -16.27228],
							"lerp_mode": "catmullrom"
						},
						"5.0833": {
							"post": [9.83015, -31.86598, -12.60201],
							"lerp_mode": "catmullrom"
						},
						"5.1667": {
							"post": [9.44, -31.69, -13.76],
							"lerp_mode": "catmullrom"
						},
						"5.3333": {
							"post": [11.44, -31.69, -13.76],
							"lerp_mode": "catmullrom"
						},
						"5.4583": [9.94, -31.69, -13.76],
						"6.4167": {
							"pre": [12.90966, -30.69865, -19.48986],
							"post": [12.90966, -30.69865, -19.48986],
							"lerp_mode": "catmullrom"
						},
						"6.5833": {
							"post": [14.91, -30.7, -19.49],
							"lerp_mode": "catmullrom"
						},
						"6.8333": {
							"post": [15.32, -31.22, -19.55],
							"lerp_mode": "catmullrom"
						},
						"6.9583": {
							"post": [14.91, -30.7, -17.49],
							"lerp_mode": "catmullrom"
						},
						"7.0417": [14.91, -30.4, -17.99],
						"7.125": [14.91, -29, -17.09],
						"7.3333": {
							"pre": [-12.02262, -26.83616, -1.32679],
							"post": [-12.02262, -26.83616, -1.32679],
							"lerp_mode": "catmullrom"
						},
						"7.5": {
							"post": [-20.59077, -18.37194, 6.94088],
							"lerp_mode": "catmullrom"
						},
						"7.625": {
							"post": [-22.80267, -16.94061, 6.94387],
							"lerp_mode": "catmullrom"
						},
						"7.875": {
							"post": [-22.96296, -17.14551, 6.6573],
							"lerp_mode": "catmullrom"
						},
						"8.0": {
							"post": [-23.05543, -17.07115, 6.70298],
							"lerp_mode": "catmullrom"
						},
						"8.125": {
							"post": [-23.80417, -15.97748, 9.33492],
							"lerp_mode": "catmullrom"
						},
						"8.2917": {
							"post": [-23.86361, -16.11956, 10.17728],
							"lerp_mode": "catmullrom"
						},
						"8.5833": {
							"post": [-24.13012, -16.14213, 9.84782],
							"lerp_mode": "catmullrom"
						},
						"8.75": {
							"post": [-19.78, -16.97, 5.86],
							"lerp_mode": "catmullrom"
						},
						"8.875": {
							"post": [2.3, -9.875, 2.95],
							"lerp_mode": "catmullrom"
						},
						"9.0": {
							"post": [4.275, -4.925, 1.975],
							"lerp_mode": "catmullrom"
						},
						"9.0833": {
							"post": [2.675, 0, 0],
							"lerp_mode": "catmullrom"
						},
						"9.125": {
							"post": [-0.21209, 0.36471, 1.10002],
							"lerp_mode": "catmullrom"
						},
						"9.4167": {
							"post": [0, 0, 0],
							"lerp_mode": "catmullrom"
						}
					},
					"position": {
						"0.0": [0, 0, 0],
						"0.25": {
							"pre": [3.875, 1.85, -0.225],
							"post": [3.875, 1.85, -0.225],
							"lerp_mode": "catmullrom"
						},
						"0.3333": {
							"post": [4.24, 2.01, -0.675],
							"lerp_mode": "catmullrom"
						},
						"0.5417": {
							"post": [5.03, 3.465, -1.725],
							"lerp_mode": "catmullrom"
						},
						"0.7083": {
							"post": [5.24, 3.58, -2],
							"lerp_mode": "catmullrom"
						},
						"0.9167": {
							"post": [5.28, 3.435, -2.125],
							"lerp_mode": "catmullrom"
						},
						"1.1667": {
							"post": [5.205, 3.49, -2.15],
							"lerp_mode": "catmullrom"
						},
						"1.2917": {
							"post": [5.555, 3.55, -2.1],
							"lerp_mode": "catmullrom"
						},
						"1.5833": {
							"post": [6.975, 3.7, -1.85],
							"lerp_mode": "catmullrom"
						},
						"1.7917": {
							"post": [7.285, 3.765, -1.8],
							"lerp_mode": "catmullrom"
						},
						"2.0417": {
							"post": [7.345, 3.63, -1.8],
							"lerp_mode": "catmullrom"
						},
						"2.25": {
							"post": [7.405, 3.62, -1.8],
							"lerp_mode": "catmullrom"
						},
						"2.5417": {
							"post": [7.595, 3.65, -1.85],
							"lerp_mode": "catmullrom"
						},
						"2.9167": {
							"post": [7.49, 3.27, -1.675],
							"lerp_mode": "catmullrom"
						},
						"3.0": {
							"post": [6.89, 2.25, -1.36],
							"lerp_mode": "catmullrom"
						},
						"3.0833": {
							"post": [6.28, -1.015, -1.17],
							"lerp_mode": "catmullrom"
						},
						"3.2083": {
							"post": [6.26, -0.36, -2.87],
							"lerp_mode": "catmullrom"
						},
						"3.2917": {
							"post": [6.45, 0.06, -4.18],
							"lerp_mode": "catmullrom"
						},
						"3.4167": {
							"post": [6.21, -0.26, -4.12],
							"lerp_mode": "catmullrom"
						},
						"3.5417": {
							"post": [6.21, -0.86, -4.12],
							"lerp_mode": "catmullrom"
						},
						"3.7917": {
							"post": [6.21, 0.14, -3.12],
							"lerp_mode": "catmullrom"
						},
						"3.875": {
							"post": [6.21, 0.24, -3.32],
							"lerp_mode": "catmullrom"
						},
						"3.9583": {
							"post": [6.21, 0.14, -3.22],
							"lerp_mode": "catmullrom"
						},
						"4.4583": {
							"post": [6.41, -0.06, -3.22],
							"lerp_mode": "catmullrom"
						},
						"4.7917": {
							"post": [6.41, -0.06, -3.42],
							"lerp_mode": "catmullrom"
						},
						"5.0417": {
							"post": [6.41, -0.36, -3.42],
							"lerp_mode": "catmullrom"
						},
						"5.25": {
							"post": [6.41, 0.34, -3.42],
							"lerp_mode": "catmullrom"
						},
						"6.5": {
							"post": [6.41, 0.34, -3.42],
							"lerp_mode": "catmullrom"
						},
						"6.6667": {
							"post": [6.61, 0.34, -3.02],
							"lerp_mode": "catmullrom"
						},
						"6.8333": {
							"post": [6.61, 0.34, -2.72],
							"lerp_mode": "catmullrom"
						},
						"6.9583": [6.61, -0.16, -2.32],
						"7.0833": [6.61, 0.34, -2.62],
						"7.1667": [6.61, -0.06, -1.62],
						"7.375": {
							"pre": [2.45, 0.06, 1.52],
							"post": [2.45, 0.06, 1.52],
							"lerp_mode": "catmullrom"
						},
						"7.5": {
							"post": [2.21, -0.26, 1.58],
							"lerp_mode": "catmullrom"
						},
						"7.6667": {
							"post": [2.09, 0.01, 1.65],
							"lerp_mode": "catmullrom"
						},
						"7.8333": {
							"post": [2.1, 0.025, 1.69],
							"lerp_mode": "catmullrom"
						},
						"8.125": {
							"post": [2.095, 0.1, 1.775],
							"lerp_mode": "catmullrom"
						},
						"8.4167": {
							"post": [2.08, 0.22, 1.79],
							"lerp_mode": "catmullrom"
						},
						"8.6667": {
							"post": [2.06, 0.17, 1.86],
							"lerp_mode": "catmullrom"
						},
						"8.7917": {
							"post": [2.02, 0.125, 1.8],
							"lerp_mode": "catmullrom"
						},
						"8.875": {
							"post": [1.35, -1.295, 0.705],
							"lerp_mode": "catmullrom"
						},
						"9.0": {
							"post": [0, -1.775, -2],
							"lerp_mode": "catmullrom"
						},
						"9.125": {
							"post": [0, 0.075, 0.375],
							"lerp_mode": "catmullrom"
						},
						"9.4167": {
							"post": [0, 0, 0],
							"lerp_mode": "catmullrom"
						}
					}
				},
				"magazine": {
					"rotation": {
						"3.8333": [0, 0, 0],
						"3.9583": [4, 0, 0],
						"5.25": [4, 0, 0],
						"5.3333": [9, 0, 0],
						"5.4583": {
							"pre": [9, 0, 0],
							"post": [9, 0, 0],
							"lerp_mode": "catmullrom"
						},
						"5.625": {
							"post": [7.60853, 4.82152, -32.17921],
							"lerp_mode": "catmullrom"
						},
						"6.0417": {
							"post": [7.60853, 4.82152, -32.17921],
							"lerp_mode": "catmullrom"
						},
						"6.1667": [9, 0, 0],
						"6.4167": [9, 0, 0],
						"6.5417": [4, 0, 0],
						"6.75": [4, 0, 0],
						"6.8333": [4, 0, 0],
						"6.9167": [0, 0, 0]
					},
					"position": {
						"3.8333": [0, 0, 0],
						"3.9583": [0, 0.8, 0.5],
						"5.25": [0, 0.8, 0.5],
						"5.3333": [0, 1.7, 5.4],
						"5.4583": {
							"pre": [0, 1.7, 5.4],
							"post": [0, 1.7, 5.4],
							"lerp_mode": "catmullrom"
						},
						"6.0417": {
							"post": [0, 1.7, 5.4],
							"lerp_mode": "catmullrom"
						},
						"6.4167": {
							"post": [0, 1.7, 5.4],
							"lerp_mode": "catmullrom"
						},
						"6.5417": [0, 0.8, 0.5],
						"6.75": [0, 0.8, 0.5],
						"6.8333": [0, 0.8, 0.5],
						"6.9167": [0, 0, 0]
					}
				},
				"L": {
					"rotation": {
						"3.8333": [0, 0, 0],
						"3.9583": [18.08453, 7.38542, 1.30962],
						"6.8333": [18.08453, 7.38542, 1.30962],
						"6.9583": [0, 0, 0]
					}
				},
				"R": {
					"rotation": {
						"3.8333": [0, 0, 0],
						"3.9583": [18.08453, -7.38542, -1.30962],
						"6.8333": [18.08, -7.39, -1.31],
						"6.9583": [0, 0, 0]
					}
				},
				"camera": {
					"rotation": {
						"0.0": {
							"post": [0, 0, 0],
							"lerp_mode": "catmullrom"
						},
						"0.375": {
							"post": [2.19341, 2.77713, -2.64195],
							"lerp_mode": "catmullrom"
						},
						"0.5": {
							"post": [1.79533, -1.00684, -0.70832],
							"lerp_mode": "catmullrom"
						},
						"0.75": {
							"post": [0.70742, -4.55228, -4.03082],
							"lerp_mode": "catmullrom"
						},
						"0.9167": {
							"post": [0.78, -5.51, -4.96],
							"lerp_mode": "catmullrom"
						},
						"1.125": {
							"post": [0.425, -5.535, -4.77],
							"lerp_mode": "catmullrom"
						},
						"1.4167": {
							"post": [1.16, -5.17, -3.77],
							"lerp_mode": "catmullrom"
						},
						"1.625": {
							"post": [1.94, -2.58, -2.35],
							"lerp_mode": "catmullrom"
						},
						"2.125": {
							"post": [4.41776, 7.9306, 2.43903],
							"lerp_mode": "catmullrom"
						},
						"2.5417": {
							"post": [6.44663, 13.87798, 3.28446],
							"lerp_mode": "catmullrom"
						},
						"3.125": {
							"post": [8.03, 13.75, 3.48],
							"lerp_mode": "catmullrom"
						},
						"3.2917": {
							"post": [7.41, 9.84, 3.81],
							"lerp_mode": "catmullrom"
						},
						"3.4167": {
							"post": [5.64545, 6.12649, 4.44961],
							"lerp_mode": "catmullrom"
						},
						"3.5417": {
							"post": [5.02759, 2.57555, 4.76609],
							"lerp_mode": "catmullrom"
						},
						"3.7083": {
							"post": [5.64, 1.26, 3.82],
							"lerp_mode": "catmullrom"
						},
						"3.7917": {
							"post": [5.30033, 0.85233, 3.77669],
							"lerp_mode": "catmullrom"
						},
						"3.875": {
							"post": [6.64, 0.91, 3.85],
							"lerp_mode": "catmullrom"
						},
						"3.9583": {
							"post": [3.5, 1.05, 3.94],
							"lerp_mode": "catmullrom"
						},
						"4.0": {
							"post": [5.835, 1.2, 3.97],
							"lerp_mode": "catmullrom"
						},
						"4.2083": {
							"post": [4.72948, 2.06599, 3.97567],
							"lerp_mode": "catmullrom"
						},
						"4.875": {
							"post": [4.81, 2.05, 3.82],
							"lerp_mode": "catmullrom"
						},
						"5.0": {
							"post": [4.81, 2.04, 4.59],
							"lerp_mode": "catmullrom"
						},
						"5.125": {
							"post": [4.81, 2.03, 2.96],
							"lerp_mode": "catmullrom"
						},
						"5.2083": {
							"post": [0, 1.81, 3.45],
							"lerp_mode": "catmullrom"
						},
						"5.25": {
							"post": [4.81, 2.02, 3.73],
							"lerp_mode": "catmullrom"
						},
						"5.4583": {
							"post": [4.86, 4.94, 3.61],
							"lerp_mode": "catmullrom"
						},
						"5.625": {
							"post": [4.67, 6.91, 3.55],
							"lerp_mode": "catmullrom"
						},
						"6.0": {
							"post": [4.85, 6.68, 3.46],
							"lerp_mode": "catmullrom"
						},
						"6.2083": {
							"post": [4.96, 1.41, 3.41],
							"lerp_mode": "catmullrom"
						},
						"6.4167": {
							"post": [5.07, 1.22, 3.36],
							"lerp_mode": "catmullrom"
						},
						"6.5417": {
							"post": [3.53, 1.22, 3.33],
							"lerp_mode": "catmullrom"
						},
						"6.6667": {
							"post": [6.61, 1.23, 3.3],
							"lerp_mode": "catmullrom"
						},
						"6.75": {
							"post": [5.08, 1.24, 3.28],
							"lerp_mode": "catmullrom"
						},
						"6.875": {
							"post": [5.11, 1.25, 3.25],
							"lerp_mode": "catmullrom"
						},
						"6.9167": {
							"post": [9, 1.26, 3.24],
							"lerp_mode": "catmullrom"
						},
						"6.9583": {
							"post": [3.96, 1.26, 3.23],
							"lerp_mode": "catmullrom"
						},
						"7.0417": {
							"post": [4.92, 1.27, 3.21],
							"lerp_mode": "catmullrom"
						},
						"7.6667": {
							"post": [5.64, 1.26, 3.82],
							"lerp_mode": "catmullrom"
						},
						"7.75": {
							"post": [5.30033, 0.85233, 3.77669],
							"lerp_mode": "catmullrom"
						},
						"7.9583": {
							"post": [5.835, 1.2, 3.97],
							"lerp_mode": "catmullrom"
						},
						"8.1667": {
							"post": [6.52948, 2.06599, 3.97567],
							"lerp_mode": "catmullrom"
						},
						"8.75": {
							"post": [6.72023, 1.49264, 2.38344],
							"lerp_mode": "catmullrom"
						},
						"8.9583": {
							"post": [4.67939, 1.64162, 0.89029],
							"lerp_mode": "catmullrom"
						},
						"9.0417": {
							"post": [0.995, 0.98, 0.42],
							"lerp_mode": "catmullrom"
						},
						"9.2083": {
							"post": [-1.225, 0, -0.225],
							"lerp_mode": "catmullrom"
						},
						"9.2917": {
							"post": [-0.77, -0.12, 0.305],
							"lerp_mode": "catmullrom"
						},
						"9.4167": {
							"post": [-1.15, 0, -0.1],
							"lerp_mode": "catmullrom"
						},
						"9.5417": {
							"post": [0, 0, 0],
							"lerp_mode": "catmullrom"
						}
					}
				},
				"constraint": {
					"rotation": [0.2, 0.2, 0.2],
					"position": [0.2, 0.2, 0.2]
				},
				"bullet_in_mag": {
					"scale": 0
				}
			},
			"sound_effects": {
				"0.0": {
					"effect": "emxmors:emx_bal/p34_ar_balpha_raise_first_mvmt_01"
				},
				"1.375": {
					"effect": "emxmors:emx_bal/p34_ar_balpha_inspect_mvmt_05"
				},
				"3.0": {
					"effect": "emxmors:emx_bal/p34_ar_balpha_inspect_hand_03"
				},
				"3.7083": {
					"effect": "emxmors:emx_bal/p34_ar_balpha_inspect_magopen_01"
				},
				"4.7083": {
					"effect": "emxmors:emx_bal/p34_ar_balpha_inspect_mag_mvmt_01"
				},
				"5.1667": {
					"effect": "emxmors:emx_bal/p34_ar_balpha_inspect_magout_01"
				},
				"6.2917": {
					"effect": "emxmors:emx_bal/p34_ar_balpha_inspect_magbump_01"
				},
				"6.7917": {
					"effect": "emxmors:emx_bal/p34_ar_balpha_inspect_magin_01"
				},
				"7.1667": {
					"effect": "emxmors:emx_bal/p34_ar_balpha_inspect_mvmt_06"
				},
				"8.75": {
					"effect": "emxmors:emx_bal/p34_ar_balpha_inspect_mvmt_07"
				}
			}
		}
	}
}