{
	"format_version": "1.8.0",
	"animations": {
		"static_idle": {
			"loop": true,
			"animation_length": 0.1667,
			"bones": {
				"leftbow": {
					"rotation": [0, 0, -70],
					"position": [0, -17, 0]
				},
				"arrow": {
					"rotation": {
						"0.0": {
							"post": [0, 0, 90],
							"lerp_mode": "catmullrom"
						}
					},
					"position": [2, -15, 10.08125]
				},
				"up": {
					"rotation": {
						"0.0": {
							"post": [29.5, 0, 0],
							"lerp_mode": "catmullrom"
						}
					},
					"scale": [1, 1.07187, 1]
				},
				"down": {
					"rotation": {
						"0.0": {
							"post": [-26.5, 0, 0],
							"lerp_mode": "catmullrom"
						}
					},
					"scale": [1, 1.06719, 1]
				},
				"righthand": {
					"rotation": [94.42363, 0, 11.96516],
					"position": {
						"0.0": {
							"post": [-4.09375, -11.875, 7.64625],
							"lerp_mode": "catmullrom"
						}
					},
					"scale": [1, 1.5, 1]
				},
				"lefthand": {
					"rotation": [111.73152, 37.76124, 26.56505],
					"position": [12, -12.17187, -10],
					"scale": [1, 1.5, 1]
				},
				"bow_and_lefthand": {
					"position": [0, 0, 0]
				},
				"lower_bow_limb": {
					"rotation": [13.5, 0, 0]
				},
				"upper_bow_limb": {
					"rotation": [-13.5, 0, 0]
				}
			}
		},
		"bolt": {
			"animation_length": 1.5,
			"bones": {
				"leftbow": {
					"rotation": [0, 0, -70],
					"position": [0, -17, 0]
				},
				"arrow": {
					"rotation": {
						"0.2083": {
							"pre": [-177.5, 0, 90],
							"post": [-177.5, 0, 90],
							"lerp_mode": "catmullrom"
						},
						"0.4167": {
							"post": [0, 0, 90],
							"lerp_mode": "catmullrom"
						}
					},
					"position": {
						"0.0417": {
							"pre": [2, -15, 23.175],
							"post": [2, -15, 23.175],
							"lerp_mode": "catmullrom"
						},
						"0.2083": {
							"post": [2, -8, 30],
							"lerp_mode": "catmullrom"
						},
						"0.4167": {
							"post": [2, -15, 0],
							"lerp_mode": "catmullrom"
						},
						"0.5": {
							"post": [2, -15, 0],
							"lerp_mode": "catmullrom"
						},
						"0.875": {
							"post": [2, -15, 5],
							"lerp_mode": "catmullrom"
						},
						"1.0833": {
							"post": [2, -15, 10.08125],
							"lerp_mode": "catmullrom"
						}
					}
				},
				"up": {
					"rotation": {
						"0.0": [0, 0, 0],
						"0.5": [0, 0, 0],
						"0.875": {
							"pre": [15.49775, -0.26723, 0.96364],
							"post": [15.49775, -0.26723, 0.96364],
							"lerp_mode": "catmullrom"
						},
						"1.0833": {
							"post": [29.5, 0, 0],
							"lerp_mode": "catmullrom"
						}
					},
					"scale": {
						"0.0": [1, 1.0719, 1],
						"0.5": [1, 1.0719, 1],
						"0.7083": {
							"pre": [1, 0.93089, 1],
							"post": [1, 0.93089, 1],
							"lerp_mode": "catmullrom"
						},
						"0.875": {
							"post": [1, 0.96721, 1],
							"lerp_mode": "catmullrom"
						},
						"1.0833": {
							"post": [1, 1.07187, 1],
							"lerp_mode": "catmullrom"
						}
					}
				},
				"down": {
					"rotation": {
						"0.0": [0, 0, 0],
						"0.5": [0, 0, 0],
						"0.875": {
							"pre": [-14.49788, -0.25037, -0.96815],
							"post": [-14.49788, -0.25037, -0.96815],
							"lerp_mode": "catmullrom"
						},
						"1.0833": {
							"post": [-26.5, 0, 0],
							"lerp_mode": "catmullrom"
						}
					},
					"scale": {
						"0.0": [1, 1.0672, 1],
						"0.5": [1, 1.0672, 1],
						"0.7083": {
							"pre": [1, 0.92331, 1],
							"post": [1, 0.92331, 1],
							"lerp_mode": "catmullrom"
						},
						"0.875": {
							"post": [1, 0.95158, 1],
							"lerp_mode": "catmullrom"
						},
						"1.0833": {
							"post": [1, 1.04688, 1],
							"lerp_mode": "catmullrom"
						}
					}
				},
				"righthand": {
					"rotation": {
						"0.0": [94.42363, 0, 11.96516],
						"0.125": {
							"pre": [4.42, 0, 11.97],
							"post": [4.42, 0, 11.97],
							"lerp_mode": "catmullrom"
						},
						"0.2917": {
							"post": [31.92, 0, 11.97],
							"lerp_mode": "catmullrom"
						},
						"0.4167": {
							"post": [90.92, 0, 11.97],
							"lerp_mode": "catmullrom"
						},
						"0.5": {
							"post": [90.92, 0, 11.97],
							"lerp_mode": "catmullrom"
						},
						"0.875": {
							"post": [94.42363, 0, 11.96516],
							"lerp_mode": "catmullrom"
						}
					},
					"position": {
						"0.0": {
							"post": [-5, -12, 6],
							"lerp_mode": "catmullrom"
						},
						"0.125": {
							"post": [-5, 0, 14],
							"lerp_mode": "catmullrom"
						},
						"0.2917": {
							"post": [-5, -7, 4],
							"lerp_mode": "catmullrom"
						},
						"0.4167": {
							"post": [-5, -13, 0],
							"lerp_mode": "catmullrom"
						},
						"0.5": {
							"post": [-5, -13, -2.60937],
							"lerp_mode": "catmullrom"
						},
						"0.7083": {
							"post": [-5.06, -13.08, -0.08438],
							"lerp_mode": "catmullrom"
						},
						"0.875": {
							"post": [-5, -13, 3.01563],
							"lerp_mode": "catmullrom"
						},
						"1.0833": {
							"post": [-4.09375, -11.875, 7.64625],
							"lerp_mode": "catmullrom"
						}
					},
					"scale": [1, 1.5, 1]
				},
				"lefthand": {
					"rotation": [111.73152, 37.76124, 26.56505],
					"position": [12, -12.17187, -10],
					"scale": [1, 1.5, 1]
				},
				"lower_bow_limb": {
					"rotation": {
						"0.0": [0, 0, 0],
						"0.5": [0, 0, 0],
						"0.625": [2.5, 0, 0],
						"0.875": [11.5, 0, 0],
						"1.0833": [13.5, 0, 0]
					}
				},
				"upper_bow_limb": {
					"rotation": {
						"0.0": [0, 0, 0],
						"0.5": [0, 0, 0],
						"0.625": [-2.5, 0, 0],
						"0.875": [-11.5, 0, 0],
						"1.0833": [-13.5, 0, 0]
					}
				},
				"bow_and_lefthand": {
					"rotation": {
						"0.0": {
							"post": [0, 0, 0],
							"lerp_mode": "catmullrom"
						},
						"0.2083": {
							"post": [0, 0, -0.1],
							"lerp_mode": "catmullrom"
						},
						"0.4167": {
							"post": [0, 0, 0],
							"lerp_mode": "catmullrom"
						},
						"0.5": [0, 0, -1],
						"0.5833": [0, 0, -0.7],
						"0.625": [0, 0, -1],
						"0.6667": {
							"pre": [0, 0, 0],
							"post": [0, 0, 0],
							"lerp_mode": "catmullrom"
						},
						"0.8333": {
							"post": [0, 0, 0],
							"lerp_mode": "catmullrom"
						}
					},
					"position": {
						"0.4583": [0, 0, -0.4],
						"0.625": [0, 0, 0]
					}
				},
				"bone77": {
					"rotation": {
						"0.5": [0, 0, 0],
						"0.5417": [-43, 0, 0],
						"0.6667": [-85, 0, 0],
						"0.9583": [-120, 0, 0]
					}
				},
				"bone80": {
					"rotation": {
						"0.5": [0, 0, 0],
						"0.5417": [-43, 0, 0],
						"0.6667": [-85, 0, 0],
						"0.9583": [-120, 0, 0]
					},
					"position": [0, 0, 0]
				},
				"camera": {
					"rotation": {
						"0.0": {
							"post": [0, 0, 0],
							"lerp_mode": "catmullrom"
						},
						"0.2083": {
							"post": [-2.9, 0, 0],
							"lerp_mode": "catmullrom"
						},
						"0.3333": {
							"post": [1, 0, 0],
							"lerp_mode": "catmullrom"
						},
						"0.625": {
							"post": [0, 0, 0],
							"lerp_mode": "catmullrom"
						}
					}
				}
			},
			"sound_effects": {
				"0.375": {
					"effect": "emxmors:emx_lwt/bow_reload"
				},
				"1.0": {
					"effect": "emxmors:emx_lwt/bow_reload_end"
				}
			}
		},
		"static_bolt_caught": {
			"loop": true,
			"bones": {
				"leftbow": {
					"rotation": [0, 0, -70],
					"position": [0, -17, 0]
				},
				"arrow": {
					"position": [2, -15, 5],
					"scale": 0
				},
				"up": {
					"rotation": [0, 0, 0]
				},
				"down": {
					"rotation": [0, 0, 0]
				},
				"righthand": {
					"rotation": [94.42363, 0, 11.96516],
					"position": {
						"0.0": {
							"post": [-5, -12, 6],
							"lerp_mode": "catmullrom"
						}
					},
					"scale": [1, 1.5, 1]
				},
				"lefthand": {
					"rotation": [111.73152, 37.76124, 26.56505],
					"position": [12, -12.17187, -10],
					"scale": [1, 1.5, 1]
				},
				"bow_and_lefthand": {
					"position": [0, 0, -0.4]
				},
				"lower_bow_limb": {
					"rotation": [0, 0, 0]
				},
				"upper_bow_limb": {
					"rotation": [0, 0, 0]
				}
			}
		},
		"reload_tactical": {
			"animation_length": 2.125,
			"bones": {
				"leftbow": {
					"rotation": [0, 0, -70],
					"position": [0, -17, 0]
				},
				"arrow": {
					"rotation": {
						"0.0": [0, 0, 90],
						"0.5417": [-0.5, 0, 0],
						"0.7083": [-176, 0, 90],
						"0.875": [-177.5, 0, 90],
						"1.0833": [0, 0, 90]
					},
					"position": {
						"0.0": [2, -15, 10.0813],
						"0.4583": [2, -15, 4.61],
						"0.75": [2, -15, 30],
						"0.875": [2, -8, 30],
						"1.0833": [2, -15, 0],
						"1.1667": [2, -15, 0],
						"1.2917": [2, -15, 7.54688],
						"1.5": [2, -15, 10.0813]
					}
				},
				"up": {
					"rotation": {
						"0.0": {
							"post": [29.5, 0, 0],
							"lerp_mode": "catmullrom"
						},
						"0.0833": [0, 0, 0],
						"1.1667": [0, 0, 0],
						"1.2917": [17.5, 0, 0],
						"1.4167": [22.5, 0, 0],
						"1.5417": {
							"pre": [29.5, 0, 0],
							"post": [29.5, 0, 0],
							"lerp_mode": "catmullrom"
						}
					},
					"scale": {
						"0.0": [1, 1.07187, 1],
						"1.0833": [1, 1.07187, 1],
						"1.1667": [1, 1.0719, 1],
						"1.2917": [1, 0.93089, 1],
						"1.4167": [1, 0.96721, 1],
						"1.5417": [1, 1.07187, 1]
					}
				},
				"down": {
					"rotation": {
						"0.0": {
							"post": [-26.5, 0, 0],
							"lerp_mode": "catmullrom"
						},
						"0.0833": [0, 0, 0],
						"1.1667": [0, 0, 0],
						"1.2917": [-17.5, 0, 0],
						"1.4167": [-19.5, 0, 0],
						"1.5417": {
							"pre": [-26.5, 0, 0],
							"post": [-26.5, 0, 0],
							"lerp_mode": "catmullrom"
						}
					},
					"scale": {
						"0.0": [1, 1.06719, 1],
						"1.1667": [1, 1.0672, 1],
						"1.2917": [1, 0.92331, 1],
						"1.4167": [1, 0.95158, 1],
						"1.5417": [1, 1.06719, 1]
					}
				},
				"righthand": {
					"rotation": {
						"0.0": [94.42363, 0, 11.96516],
						"0.7917": {
							"pre": [4.42, 0, 11.97],
							"post": [4.42, 0, 11.97],
							"lerp_mode": "catmullrom"
						},
						"0.9583": {
							"post": [31.92, 0, 11.97],
							"lerp_mode": "catmullrom"
						},
						"1.0833": {
							"post": [90.92, 0, 11.97],
							"lerp_mode": "catmullrom"
						},
						"1.1667": {
							"post": [90.92, 0, 11.97],
							"lerp_mode": "catmullrom"
						},
						"1.2917": {
							"post": [94.42363, 0, 11.96516],
							"lerp_mode": "catmullrom"
						}
					},
					"position": {
						"0.0": [-4.09375, -11.875, 7.64625],
						"0.5": [-5, -13, 6],
						"0.7917": {
							"pre": [-5, 0, 14],
							"post": [-5, 0, 14],
							"lerp_mode": "catmullrom"
						},
						"0.9583": {
							"post": [-5, -7, 4],
							"lerp_mode": "catmullrom"
						},
						"1.0833": {
							"post": [-5, -13, 0],
							"lerp_mode": "catmullrom"
						},
						"1.1667": {
							"post": [-5, -13, 0],
							"lerp_mode": "catmullrom"
						},
						"1.2917": {
							"post": [-5, -13, 4.48625],
							"lerp_mode": "catmullrom"
						},
						"1.5": {
							"post": [-5, -13, 7.865],
							"lerp_mode": "catmullrom"
						},
						"1.5417": [-4.09375, -11.875, 7.64625]
					},
					"scale": [1, 1.5, 1]
				},
				"lefthand": {
					"rotation": [111.73152, 37.76124, 26.56505],
					"position": [12, -12.17187, -10],
					"scale": [1, 1.5, 1]
				},
				"bow_and_lefthand": {
					"rotation": {
						"0.0": [0, 0, 0],
						"0.25": {
							"pre": [0, -0.2, 0.2],
							"post": [0, -0.2, 0.2],
							"lerp_mode": "catmullrom"
						},
						"0.75": {
							"post": [0, 0.2, -0.13],
							"lerp_mode": "catmullrom"
						},
						"1.0833": {
							"post": [0, 0, 0],
							"lerp_mode": "catmullrom"
						},
						"1.1667": [0, 0, -1],
						"1.25": [0, 0, -0.7],
						"1.2917": [0, 0, -1],
						"1.3333": {
							"pre": [0, 0, 0],
							"post": [0, 0, 0],
							"lerp_mode": "catmullrom"
						}
					},
					"position": {
						"0.0": [0, 0, 0],
						"0.125": [0, 0, -0.4],
						"1.1667": [0, 0, -0.4],
						"1.3333": [0, 0, 0]
					}
				},
				"lower_bow_limb": {
					"rotation": {
						"0.0": [13.5, 0, 0],
						"0.0833": [0, 0, 0],
						"1.1667": [0, 0, 0],
						"1.2917": {
							"pre": [13.5, 0, 0],
							"post": [13.5, 0, 0],
							"lerp_mode": "catmullrom"
						}
					}
				},
				"upper_bow_limb": {
					"rotation": {
						"0.0": [-13.5, 0, 0],
						"0.0833": [0, 0, 0],
						"1.1667": [0, 0, 0],
						"1.2917": {
							"pre": [-13.5, 0, 0],
							"post": [-13.5, 0, 0],
							"lerp_mode": "catmullrom"
						}
					}
				},
				"arrow_and_righthand": {
					"rotation": {
						"0.25": [0, 0, 0],
						"0.5417": [-60, 0, 0],
						"0.75": [0, 0, 0]
					},
					"position": {
						"0.0": [0, 0, 0],
						"0.0833": [0, 0, -7],
						"0.125": [0, 0.5, -6.5],
						"0.2083": [0, 0.7, -3.5],
						"0.3333": [0, -3, 6],
						"0.4583": [0, -3, 10],
						"0.75": [0, 0, 0]
					}
				},
				"camera": {
					"rotation": {
						"0.0": {
							"post": [0, 0, 0],
							"lerp_mode": "catmullrom"
						},
						"0.125": {
							"post": [-2, 0, 0],
							"lerp_mode": "catmullrom"
						},
						"0.25": {
							"post": [1, 0, 0],
							"lerp_mode": "catmullrom"
						},
						"0.75": {
							"post": [3, 0, 0],
							"lerp_mode": "catmullrom"
						},
						"1.0": {
							"post": [-2, 0, 0],
							"lerp_mode": "catmullrom"
						},
						"1.1667": {
							"post": [-2, 0, 0],
							"lerp_mode": "catmullrom"
						},
						"1.2917": {
							"post": [0, 0, 0],
							"lerp_mode": "catmullrom"
						}
					}
				}
			},
			"sound_effects": {
				"0.9167": {
					"effect": "emxmors:emx_lwt/bow_reload"
				},
				"1.4167": {
					"effect": "emxmors:emx_lwt/bow_reload_end"
				}
			}
		},
		"reload_empty": {
			"animation_length": 1.9583,
			"bones": {
				"leftbow": {
					"rotation": [0, 0, -70],
					"position": [0, -17, 0]
				},
				"arrow": {
					"rotation": {
						"0.0": [0, 0, 90],
						"0.5417": [-0.5, 0, 0],
						"0.7083": [-176, 0, 90],
						"0.875": [-177.5, 0, 90],
						"1.0833": [0, 0, 90]
					},
					"position": {
						"0.0": [2, -15, 10.0813],
						"0.4583": [2, -15, 4.61],
						"0.75": [2, -15, 30],
						"0.875": [2, -8, 30],
						"1.0833": [2, -15, 0],
						"1.1667": [2, -15, 0],
						"1.2917": [2, -15, 7.54688],
						"1.5": [2, -15, 10.0813]
					},
					"scale": {
						"0.0": [0, 0, 0],
						"0.875": {
							"pre": [0, 0, 0],
							"post": [1, 1, 1]
						}
					}
				},
				"up": {
					"rotation": {
						"0.0": {
							"post": [29.5, 0, 0],
							"lerp_mode": "catmullrom"
						},
						"0.0833": [0, 0, 0],
						"1.1667": [0, 0, 0],
						"1.2917": [17.5, 0, 0],
						"1.4167": [22.5, 0, 0],
						"1.5417": {
							"pre": [29.5, 0, 0],
							"post": [29.5, 0, 0],
							"lerp_mode": "catmullrom"
						}
					},
					"scale": {
						"0.0": [1, 1.07187, 1],
						"1.0833": [1, 1.07187, 1],
						"1.1667": [1, 1.0719, 1],
						"1.2917": [1, 0.93089, 1],
						"1.4167": [1, 0.96721, 1],
						"1.5417": [1, 1.07187, 1]
					}
				},
				"down": {
					"rotation": {
						"0.0": {
							"post": [-26.5, 0, 0],
							"lerp_mode": "catmullrom"
						},
						"0.0833": [0, 0, 0],
						"1.1667": [0, 0, 0],
						"1.2917": [-17.5, 0, 0],
						"1.4167": [-19.5, 0, 0],
						"1.5417": {
							"pre": [-26.5, 0, 0],
							"post": [-26.5, 0, 0],
							"lerp_mode": "catmullrom"
						}
					},
					"scale": {
						"0.0": [1, 1.06719, 1],
						"1.1667": [1, 1.0672, 1],
						"1.2917": [1, 0.92331, 1],
						"1.4167": [1, 0.95158, 1],
						"1.5417": [1, 1.06719, 1]
					}
				},
				"righthand": {
					"rotation": {
						"0.0": [94.42363, 0, 11.96516],
						"0.7917": {
							"pre": [4.42, 0, 11.97],
							"post": [4.42, 0, 11.97],
							"lerp_mode": "catmullrom"
						},
						"0.9583": {
							"post": [31.92, 0, 11.97],
							"lerp_mode": "catmullrom"
						},
						"1.0833": {
							"post": [90.92, 0, 11.97],
							"lerp_mode": "catmullrom"
						},
						"1.1667": {
							"post": [90.92, 0, 11.97],
							"lerp_mode": "catmullrom"
						},
						"1.2917": {
							"post": [94.42363, 0, 11.96516],
							"lerp_mode": "catmullrom"
						}
					},
					"position": {
						"0.0": [-4.09375, -11.875, 7.64625],
						"0.5": [-5, -13, 6],
						"0.7917": {
							"pre": [-5, 0, 14],
							"post": [-5, 0, 14],
							"lerp_mode": "catmullrom"
						},
						"0.9583": {
							"post": [-5, -7, 4],
							"lerp_mode": "catmullrom"
						},
						"1.0833": {
							"post": [-5, -13, 0],
							"lerp_mode": "catmullrom"
						},
						"1.1667": {
							"post": [-5, -13, 0],
							"lerp_mode": "catmullrom"
						},
						"1.2917": {
							"post": [-5, -13, 4.48625],
							"lerp_mode": "catmullrom"
						},
						"1.5": {
							"post": [-5, -13, 7.865],
							"lerp_mode": "catmullrom"
						},
						"1.5417": [-4.09375, -11.875, 7.64625]
					},
					"scale": [1, 1.5, 1]
				},
				"lefthand": {
					"rotation": [111.73152, 37.76124, 26.56505],
					"position": [12, -12.17187, -10],
					"scale": [1, 1.5, 1]
				},
				"bow_and_lefthand": {
					"rotation": {
						"0.0": [0, 0, 0],
						"0.25": {
							"pre": [0, -0.2, 0.2],
							"post": [0, -0.2, 0.2],
							"lerp_mode": "catmullrom"
						},
						"0.75": {
							"post": [0, 0.2, -0.13],
							"lerp_mode": "catmullrom"
						},
						"1.0833": {
							"post": [0, 0, 0],
							"lerp_mode": "catmullrom"
						},
						"1.1667": [0, 0, -1],
						"1.25": [0, 0, -0.7],
						"1.2917": [0, 0, -1],
						"1.3333": {
							"pre": [0, 0, 0],
							"post": [0, 0, 0],
							"lerp_mode": "catmullrom"
						}
					},
					"position": {
						"0.0": [0, 0, 0],
						"0.125": [0, 0, -0.4],
						"1.1667": [0, 0, -0.4],
						"1.3333": [0, 0, 0]
					}
				},
				"lower_bow_limb": {
					"rotation": {
						"0.0": [13.5, 0, 0],
						"0.0833": [0, 0, 0],
						"1.1667": [0, 0, 0],
						"1.2917": {
							"pre": [13.5, 0, 0],
							"post": [13.5, 0, 0],
							"lerp_mode": "catmullrom"
						}
					}
				},
				"upper_bow_limb": {
					"rotation": {
						"0.0": [-13.5, 0, 0],
						"0.0833": [0, 0, 0],
						"1.1667": [0, 0, 0],
						"1.2917": {
							"pre": [-13.5, 0, 0],
							"post": [-13.5, 0, 0],
							"lerp_mode": "catmullrom"
						}
					}
				},
				"arrow_and_righthand": {
					"rotation": {
						"0.25": [0, 0, 0],
						"0.5417": [-60, 0, 0],
						"0.75": [0, 0, 0]
					},
					"position": {
						"0.0": [0, 0, 0],
						"0.0833": [0, 0, -7],
						"0.125": [0, 0.5, -6.5],
						"0.2083": [0, 0.7, -3.5],
						"0.3333": [0, -3, 6],
						"0.4583": [0, -3, 10],
						"0.75": [0, 0, 0]
					}
				},
				"camera": {
					"rotation": {
						"0.0": {
							"post": [0, 0, 0],
							"lerp_mode": "catmullrom"
						},
						"0.125": {
							"post": [-2, 0, 0],
							"lerp_mode": "catmullrom"
						},
						"0.25": {
							"post": [1, 0, 0],
							"lerp_mode": "catmullrom"
						},
						"0.75": {
							"post": [3, 0, 0],
							"lerp_mode": "catmullrom"
						},
						"1.0": {
							"post": [-2, 0, 0],
							"lerp_mode": "catmullrom"
						},
						"1.1667": {
							"post": [-2, 0, 0],
							"lerp_mode": "catmullrom"
						},
						"1.2917": {
							"post": [0, 0, 0],
							"lerp_mode": "catmullrom"
						}
					}
				}
			},
			"sound_effects": {
				"0.9167": {
					"effect": "emxmors:emx_lwt/bow_reload"
				},
				"1.4167": {
					"effect": "emxmors:emx_lwt/bow_reload_end"
				}
			}
		},
		"shoot": {
			"animation_length": 1.75,
			"bones": {
				"leftbow": {
					"rotation": [0, 0, 0],
					"position": [0, 0, 0]
				},
				"arrow": {
					"position": {
						"0.0": [0, 0, 0],
						"0.2083": [0, 0, -47]
					},
					"scale": {
						"0.0": [1, 1, 1],
						"0.0833": [0, 0, 0]
					}
				},
				"up": {
					"rotation": {
						"0.0": {
							"post": [0, 0, 0],
							"lerp_mode": "catmullrom"
						},
						"0.0417": {
							"post": [-17.5, 0, 0],
							"lerp_mode": "catmullrom"
						},
						"0.0833": {
							"post": [-20, 0, 0],
							"lerp_mode": "catmullrom"
						},
						"0.125": {
							"post": [-16, 0, 0],
							"lerp_mode": "catmullrom"
						},
						"0.1667": [-17.5, 0, 0],
						"0.2083": [0, 0, 0],
						"0.25": [5, 0, 0],
						"0.2917": [-3, 0, 0],
						"0.3333": [0, 0, 0]
					}
				},
				"down": {
					"rotation": {
						"0.0": {
							"post": [0, 0, 0],
							"lerp_mode": "catmullrom"
						},
						"0.0417": {
							"post": [17.5, 0, 0],
							"lerp_mode": "catmullrom"
						},
						"0.0833": {
							"post": [19, 0, 0],
							"lerp_mode": "catmullrom"
						},
						"0.125": {
							"post": [15, 0, 0],
							"lerp_mode": "catmullrom"
						},
						"0.1667": [17.5, 0, 0],
						"0.2083": [0, 0, 0],
						"0.25": [-5, 0, 0],
						"0.2917": [3, 0, 0],
						"0.3333": [0, 0, 0]
					}
				},
				"righthand": {
					"position": {
						"0.0": {
							"post": [0, 0, 0],
							"lerp_mode": "catmullrom"
						},
						"0.0417": {
							"post": [0, 0, 1],
							"lerp_mode": "catmullrom"
						},
						"0.0833": {
							"post": [0, 1, 2],
							"lerp_mode": "catmullrom"
						},
						"0.25": {
							"post": [0, 1, 2],
							"lerp_mode": "catmullrom"
						},
						"0.375": {
							"post": [0, 0, 0],
							"lerp_mode": "catmullrom"
						}
					},
					"scale": [1, 1.5, 1]
				},
				"lower_bow_limb": {
					"rotation": {
						"0.0": {
							"post": [2.5, 0, 0],
							"lerp_mode": "catmullrom"
						},
						"0.0417": [0, 0, 0]
					},
					"position": [0, 0, 0]
				},
				"upper_bow_limb": {
					"rotation": {
						"0.0": {
							"post": [-2.5, 0, 0],
							"lerp_mode": "catmullrom"
						},
						"0.0417": [0, 0, 0]
					}
				},
				"lefthand_pos": {
					"scale": 1
				},
				"bow_and_lefthand": {
					"rotation": {
						"0.0": [0, 0, 0],
						"0.0417": [0, 0, -2.5],
						"0.0833": [0, 0, 0],
						"0.125": [0, 0, 1],
						"0.1667": [0, 0, -1],
						"0.2083": [0, 0, 0],
						"0.3333": [0, 0, 0],
						"0.4167": [0, 0, -1],
						"0.5417": [0, 0, -1],
						"0.5833": [0, 0, -1]
					},
					"position": {
						"0.0417": [0, 0, 0],
						"0.0833": [0, 0, 1],
						"0.125": [0, 0, -0.4],
						"0.1667": [0, 0, 0.3],
						"0.2083": {
							"pre": [0, 0, -0.4],
							"post": [0, 0, -0.4],
							"lerp_mode": "catmullrom"
						},
						"0.2917": {
							"post": [0, 0, -0.2],
							"lerp_mode": "catmullrom"
						},
						"0.4167": {
							"post": [0, 0, -0.4],
							"lerp_mode": "catmullrom"
						},
						"0.5833": {
							"post": [0, 0, 0],
							"lerp_mode": "catmullrom"
						}
					}
				},
				"camera": {
					"rotation": {
						"0.0": {
							"post": [0, 0, 0],
							"lerp_mode": "catmullrom"
						},
						"0.0417": {
							"post": [1, 0.5, 0],
							"lerp_mode": "catmullrom"
						},
						"0.0833": {
							"post": [-0.5, -0.2, 0],
							"lerp_mode": "catmullrom"
						},
						"0.125": {
							"post": [0.5, 0.1, 0],
							"lerp_mode": "catmullrom"
						},
						"0.1667": {
							"post": [-0.2, -0.1, 0],
							"lerp_mode": "catmullrom"
						},
						"0.2083": {
							"post": [0.2, 0, 0],
							"lerp_mode": "catmullrom"
						},
						"0.25": {
							"post": [-0.1, 0, 0],
							"lerp_mode": "catmullrom"
						},
						"0.2917": {
							"post": [0, 0, 0],
							"lerp_mode": "catmullrom"
						}
					}
				}
			}
		},
		"inspect": {
			"animation_length": 4.875,
			"bones": {
				"leftbow": {
					"rotation": [0, 0, -70],
					"position": [0, -17, 0]
				},
				"arrow": {
					"rotation": [0, 0, 115],
					"position": {
						"0.0": {
							"post": [2, -15, 10.08125],
							"lerp_mode": "catmullrom"
						},
						"2.9167": [2, -15, 5],
						"3.2917": [2, -15, 5],
						"3.8333": [2, -15, 5],
						"4.5833": {
							"pre": [2, -15, 10.08125],
							"post": [2, -15, 10.08125],
							"lerp_mode": "catmullrom"
						}
					},
					"scale": {
						"0.5": [1, 1, 1],
						"0.6667": [0, 0, 0],
						"3.5": [0, 0, 0],
						"3.7083": [1, 1, 1]
					}
				},
				"up": {
					"rotation": {
						"0.0": {
							"post": [29.5, 0, 0],
							"lerp_mode": "catmullrom"
						},
						"0.0833": [0, 0, 0],
						"1.75": [0, 0, 0],
						"2.0": [6, 0, 0],
						"2.1667": [6, 0, 0],
						"2.25": [-3, 0, 0],
						"2.2917": [2, 0, 0],
						"2.3333": [-1, 0, 0],
						"2.375": [0, 0, 0],
						"4.2917": [0, 0, 0],
						"4.4583": [17.5, 0, 0],
						"4.5833": [22.5, 0, 0],
						"4.8333": {
							"pre": [29.5, 0, 0],
							"post": [29.5, 0, 0],
							"lerp_mode": "catmullrom"
						}
					},
					"scale": {
						"0.0": [1, 1.07187, 1],
						"0.0833": [1, 1, 1],
						"1.7917": [1, 1, 1],
						"1.9167": [1, 0.94562, 1],
						"4.0417": [1, 0.94562, 1],
						"4.4583": [1, 0.93089, 1],
						"4.625": [1, 0.96721, 1],
						"4.8333": [1, 1.07187, 1]
					}
				},
				"down": {
					"rotation": {
						"0.0": {
							"post": [-26.5, 0, 0],
							"lerp_mode": "catmullrom"
						},
						"0.0833": [0, 0, 0],
						"1.75": [0, 0, 0],
						"2.0": [-6, 0, 0],
						"2.1667": [-6, 0, 0],
						"2.25": [3, 0, 0],
						"2.2917": [-2, 0, 0],
						"2.3333": [1, 0, 0],
						"2.375": [0, 0, 0],
						"4.2917": [0, 0, 0],
						"4.4583": [-16.5, 0, 0],
						"4.5833": [-19.5, 0, 0],
						"4.8333": {
							"pre": [-26.5, 0, 0],
							"post": [-26.5, 0, 0],
							"lerp_mode": "catmullrom"
						}
					},
					"position": [0, 0, 0],
					"scale": {
						"0.0": [1, 1.04688, 1],
						"0.0833": [1, 1, 1],
						"1.9167": [1, 0.88711, 1],
						"4.0417": [1, 0.88711, 1],
						"4.4583": [1, 0.92331, 1],
						"4.625": [1, 0.95158, 1],
						"4.8333": [1, 1.04688, 1]
					}
				},
				"righthand": {
					"rotation": {
						"0.0": [94.42363, 0, 11.96516],
						"0.9583": [94.42, 0, 11.97],
						"1.375": [94.42, 0, 11.97],
						"1.75": [92.37822, 3.72672, -45.45262],
						"2.0": [92.47345, 16.21888, -44.91367],
						"2.1667": [92.47, 16.22, -44.91],
						"2.25": [72.47, 16.22, -44.91],
						"2.6667": [72.47, 16.22, -44.91],
						"3.2917": [94.42, 0, 11.97],
						"3.8333": [92.42, 0, 11.97],
						"4.5833": [94.42363, 0, 11.96516]
					},
					"position": {
						"0.0": [-5, -13, 6],
						"0.9583": {
							"pre": [-5, -13, 6],
							"post": [-5, -13, 6],
							"lerp_mode": "catmullrom"
						},
						"1.375": {
							"post": [-5, -13, 6],
							"lerp_mode": "catmullrom"
						},
						"1.75": {
							"post": [-6, -5, 3],
							"lerp_mode": "catmullrom"
						},
						"2.0": {
							"post": [-9, -14, 5],
							"lerp_mode": "catmullrom"
						},
						"2.1667": {
							"post": [-9, -14, 5],
							"lerp_mode": "catmullrom"
						},
						"2.25": {
							"post": [-10, -13, 7],
							"lerp_mode": "catmullrom"
						},
						"2.6667": {
							"post": [-10, -13, 7],
							"lerp_mode": "catmullrom"
						},
						"3.2917": {
							"post": [-9.29, -32.75, 8.46],
							"lerp_mode": "catmullrom"
						},
						"3.8333": {
							"post": [-5, -13, 6],
							"lerp_mode": "catmullrom"
						},
						"4.5833": [-5, -13, 6]
					},
					"scale": [1, 1.5, 1]
				},
				"lefthand": {
					"rotation": [111.73152, 37.76124, 26.56505],
					"position": [12, -12.17187, -10],
					"scale": [1, 1.5, 1]
				},
				"bow_and_lefthand": {
					"rotation": {
						"0.0": {
							"post": [0, 0, 0],
							"lerp_mode": "catmullrom"
						},
						"0.25": {
							"post": [0, 0, -2.5],
							"lerp_mode": "catmullrom"
						},
						"0.5417": {
							"post": [0, 0, 0],
							"lerp_mode": "catmullrom"
						},
						"0.9583": {
							"post": [0, 0, 90],
							"lerp_mode": "catmullrom"
						},
						"1.875": {
							"post": [0, 0, 96.05],
							"lerp_mode": "catmullrom"
						},
						"2.1667": {
							"post": [0, 0, 95.56],
							"lerp_mode": "catmullrom"
						},
						"2.2083": {
							"post": [3.3, 2.5, 95.38],
							"lerp_mode": "catmullrom"
						},
						"2.25": {
							"post": [-2.5, -2.52, 95.2],
							"lerp_mode": "catmullrom"
						},
						"2.2917": {
							"post": [0, -0.06, 95.02],
							"lerp_mode": "catmullrom"
						},
						"2.9583": {
							"post": [0, 0, 90],
							"lerp_mode": "catmullrom"
						},
						"3.25": {
							"post": [0, 0, 90],
							"lerp_mode": "catmullrom"
						},
						"3.5": {
							"post": [0, 0, 0],
							"lerp_mode": "catmullrom"
						},
						"4.0833": {
							"post": [0, 0, 0.8],
							"lerp_mode": "catmullrom"
						},
						"4.5": {
							"post": [0, 0, 0],
							"lerp_mode": "catmullrom"
						}
					},
					"position": {
						"0.0": {
							"post": [0, 0, 0],
							"lerp_mode": "catmullrom"
						},
						"0.25": {
							"post": [0, 0, 0.9],
							"lerp_mode": "catmullrom"
						},
						"0.5417": {
							"post": [0, 0, 0],
							"lerp_mode": "catmullrom"
						},
						"0.75": {
							"post": [0, 0, 0],
							"lerp_mode": "catmullrom"
						},
						"0.9583": {
							"post": [-10, 7, -2],
							"lerp_mode": "catmullrom"
						},
						"2.1667": {
							"post": [-10, 7.87, -2.25],
							"lerp_mode": "catmullrom"
						},
						"2.2083": {
							"post": [-10, 7.87, -2.45],
							"lerp_mode": "catmullrom"
						},
						"2.25": {
							"post": [-10, 7.86, -1.95],
							"lerp_mode": "catmullrom"
						},
						"2.2917": {
							"post": [-10, 7.85, -2.25],
							"lerp_mode": "catmullrom"
						},
						"3.25": {
							"post": [-10, 7, -2],
							"lerp_mode": "catmullrom"
						},
						"3.5": {
							"post": [0, 0, -2],
							"lerp_mode": "catmullrom"
						},
						"4.0833": {
							"post": [0, 0, -1],
							"lerp_mode": "catmullrom"
						},
						"4.125": {
							"post": [0, 0, -1],
							"lerp_mode": "catmullrom"
						},
						"4.4583": {
							"post": [0, 0, 0],
							"lerp_mode": "catmullrom"
						}
					}
				},
				"lower_bow_limb": {
					"rotation": {
						"0.0": {
							"post": [13.5, 0, 0],
							"lerp_mode": "catmullrom"
						},
						"0.0833": [0, 0, 0],
						"4.25": [0, 0, 0],
						"4.4583": {
							"pre": [13.5, 0, 0],
							"post": [13.5, 0, 0],
							"lerp_mode": "catmullrom"
						}
					}
				},
				"upper_bow_limb": {
					"rotation": {
						"0.0": {
							"post": [-13.5, 0, 0],
							"lerp_mode": "catmullrom"
						},
						"0.0833": [0, 0, 0],
						"4.25": [0, 0, 0],
						"4.4583": {
							"pre": [-13.5, 0, 0],
							"post": [-13.5, 0, 0],
							"lerp_mode": "catmullrom"
						}
					}
				},
				"arrow_and_righthand": {
					"rotation": {
						"0.25": [0, 0, 0],
						"0.5417": [-60, 0, 0],
						"0.875": [0, 0, 0],
						"3.0": [0, 0, 0],
						"3.5": [-60, 0, 0],
						"3.7917": [0, 0, 0]
					},
					"position": {
						"0.0": [0, 0, 0],
						"0.0833": [0, 0, -7],
						"0.125": [0, 0.5, -6.5],
						"0.2083": [0, 0.7, -3.5],
						"0.3333": [0, -3, 6],
						"0.4583": [0, -3, 10],
						"0.9167": [0, 0.7, -3.5],
						"3.1667": [0, 0.7, -3.5],
						"3.5": {
							"pre": [0, -3, 10],
							"post": [0, -3, 10],
							"lerp_mode": "catmullrom"
						},
						"3.9583": {
							"post": [0, 0.7, -4.5],
							"lerp_mode": "catmullrom"
						},
						"4.25": {
							"post": [0, 0.7, -4.5],
							"lerp_mode": "catmullrom"
						},
						"4.4583": {
							"post": [0, 0, 0],
							"lerp_mode": "catmullrom"
						}
					}
				},
				"camera": {
					"rotation": {
						"0.0": [0, 0, 0],
						"0.125": [-2.5, 0, 0],
						"0.5": [1.5, 0, 0],
						"1.0": [1.51294, 7.49742, 0.19746],
						"1.3333": [1.51, 7.5, 0.2],
						"1.7083": [-3.49, 7.5, 0.2],
						"2.0833": [0, 7.5, 0.2],
						"2.2083": {
							"pre": [0, 7.5, 0.2],
							"post": [0, 7.5, 0.2],
							"lerp_mode": "catmullrom"
						},
						"2.25": {
							"post": [0, 7.5, 1.2],
							"lerp_mode": "catmullrom"
						},
						"2.2917": {
							"post": [0, 7.5, -0.5],
							"lerp_mode": "catmullrom"
						},
						"2.3333": {
							"post": [0, 7.5, 0.4],
							"lerp_mode": "catmullrom"
						},
						"2.375": {
							"post": [0, 7.5, 0],
							"lerp_mode": "catmullrom"
						},
						"2.6667": {
							"post": [0, 7.5, 0],
							"lerp_mode": "catmullrom"
						},
						"2.875": {
							"post": [5, 7.5, 0],
							"lerp_mode": "catmullrom"
						},
						"3.1667": {
							"post": [5, 7.5, 0],
							"lerp_mode": "catmullrom"
						},
						"3.375": {
							"post": [-2.5, 0, 0],
							"lerp_mode": "catmullrom"
						},
						"3.75": {
							"post": [0, 0, 0],
							"lerp_mode": "catmullrom"
						},
						"4.0": {
							"post": [2, 0, 0],
							"lerp_mode": "catmullrom"
						},
						"4.4583": {
							"post": [0, 0, 0],
							"lerp_mode": "catmullrom"
						}
					}
				}
			}
		},
		"inspect_empty": {
			"animation_length": 4.875,
			"bones": {
				"leftbow": {
					"rotation": [0, 0, -70],
					"position": [0, -17, 0]
				},
				"arrow": {
					"rotation": [0, 0, 115],
					"position": {
						"0.0": {
							"post": [2, -15, 10.08125],
							"lerp_mode": "catmullrom"
						},
						"2.9167": [2, -15, 5],
						"3.2917": [2, -15, 5],
						"3.8333": [2, -15, 5],
						"4.5833": {
							"pre": [2, -15, 10.08125],
							"post": [2, -15, 10.08125],
							"lerp_mode": "catmullrom"
						}
					},
					"scale": 0
				},
				"up": {
					"rotation": {
						"0.0": {
							"post": [29.5, 0, 0],
							"lerp_mode": "catmullrom"
						},
						"0.0833": [0, 0, 0],
						"1.75": [0, 0, 0],
						"2.0": [6, 0, 0],
						"2.1667": [6, 0, 0],
						"2.25": [-3, 0, 0],
						"2.2917": [2, 0, 0],
						"2.3333": [-1, 0, 0],
						"2.375": [0, 0, 0],
						"4.2917": [0, 0, 0],
						"4.4583": [17.5, 0, 0],
						"4.5833": [22.5, 0, 0],
						"4.8333": {
							"pre": [29.5, 0, 0],
							"post": [29.5, 0, 0],
							"lerp_mode": "catmullrom"
						}
					},
					"scale": {
						"0.0": [1, 1.07187, 1],
						"0.0833": [1, 1, 1],
						"1.7917": [1, 1, 1],
						"1.9167": [1, 0.94562, 1],
						"4.0417": [1, 0.94562, 1],
						"4.4583": [1, 0.93089, 1],
						"4.625": [1, 0.96721, 1],
						"4.8333": [1, 1.07187, 1]
					}
				},
				"down": {
					"rotation": {
						"0.0": {
							"post": [-26.5, 0, 0],
							"lerp_mode": "catmullrom"
						},
						"0.0833": [0, 0, 0],
						"1.75": [0, 0, 0],
						"2.0": [-6, 0, 0],
						"2.1667": [-6, 0, 0],
						"2.25": [3, 0, 0],
						"2.2917": [-2, 0, 0],
						"2.3333": [1, 0, 0],
						"2.375": [0, 0, 0],
						"4.2917": [0, 0, 0],
						"4.4583": [-16.5, 0, 0],
						"4.5833": [-19.5, 0, 0],
						"4.8333": {
							"pre": [-26.5, 0, 0],
							"post": [-26.5, 0, 0],
							"lerp_mode": "catmullrom"
						}
					},
					"position": [0, 0, 0],
					"scale": {
						"0.0": [1, 1.04688, 1],
						"0.0833": [1, 1, 1],
						"1.9167": [1, 0.88711, 1],
						"4.0417": [1, 0.88711, 1],
						"4.4583": [1, 0.92331, 1],
						"4.625": [1, 0.95158, 1],
						"4.8333": [1, 1.04688, 1]
					}
				},
				"righthand": {
					"rotation": {
						"0.0": [94.42363, 0, 11.96516],
						"0.9583": [94.42, 0, 11.97],
						"1.375": [94.42, 0, 11.97],
						"1.75": [92.37822, 3.72672, -45.45262],
						"2.0": [92.47345, 16.21888, -44.91367],
						"2.1667": [92.47, 16.22, -44.91],
						"2.25": [72.47, 16.22, -44.91],
						"2.6667": [72.47, 16.22, -44.91],
						"3.2917": [94.42, 0, 11.97],
						"3.8333": [92.42, 0, 11.97],
						"4.5833": [94.42363, 0, 11.96516]
					},
					"position": {
						"0.0": [-5, -13, 6],
						"0.9583": {
							"pre": [-5, -13, 6],
							"post": [-5, -13, 6],
							"lerp_mode": "catmullrom"
						},
						"1.375": {
							"post": [-5, -13, 6],
							"lerp_mode": "catmullrom"
						},
						"1.75": {
							"post": [-6, -5, 3],
							"lerp_mode": "catmullrom"
						},
						"2.0": {
							"post": [-9, -14, 5],
							"lerp_mode": "catmullrom"
						},
						"2.1667": {
							"post": [-9, -14, 5],
							"lerp_mode": "catmullrom"
						},
						"2.25": {
							"post": [-10, -13, 7],
							"lerp_mode": "catmullrom"
						},
						"2.6667": {
							"post": [-10, -13, 7],
							"lerp_mode": "catmullrom"
						},
						"3.2917": {
							"post": [-9.29, -32.75, 8.46],
							"lerp_mode": "catmullrom"
						},
						"3.8333": {
							"post": [-5, -13, 6],
							"lerp_mode": "catmullrom"
						},
						"4.5833": [-5, -13, 6]
					},
					"scale": [1, 1.5, 1]
				},
				"lefthand": {
					"rotation": [111.73152, 37.76124, 26.56505],
					"position": [12, -12.17187, -10],
					"scale": [1, 1.5, 1]
				},
				"bow_and_lefthand": {
					"rotation": {
						"0.0": {
							"post": [0, 0, 0],
							"lerp_mode": "catmullrom"
						},
						"0.25": {
							"post": [0, 0, -2.5],
							"lerp_mode": "catmullrom"
						},
						"0.5417": {
							"post": [0, 0, 0],
							"lerp_mode": "catmullrom"
						},
						"0.9583": {
							"post": [0, 0, 90],
							"lerp_mode": "catmullrom"
						},
						"1.875": {
							"post": [0, 0, 96.05],
							"lerp_mode": "catmullrom"
						},
						"2.1667": {
							"post": [0, 0, 95.56],
							"lerp_mode": "catmullrom"
						},
						"2.2083": {
							"post": [3.3, 2.5, 95.38],
							"lerp_mode": "catmullrom"
						},
						"2.25": {
							"post": [-2.5, -2.52, 95.2],
							"lerp_mode": "catmullrom"
						},
						"2.2917": {
							"post": [0, -0.06, 95.02],
							"lerp_mode": "catmullrom"
						},
						"2.9583": {
							"post": [0, 0, 90],
							"lerp_mode": "catmullrom"
						},
						"3.25": {
							"post": [0, 0, 90],
							"lerp_mode": "catmullrom"
						},
						"3.5": {
							"post": [0, 0, 0],
							"lerp_mode": "catmullrom"
						},
						"4.0833": {
							"post": [0, 0, 0.8],
							"lerp_mode": "catmullrom"
						},
						"4.5": {
							"post": [0, 0, 0],
							"lerp_mode": "catmullrom"
						}
					},
					"position": {
						"0.0": {
							"post": [0, 0, 0],
							"lerp_mode": "catmullrom"
						},
						"0.25": {
							"post": [0, 0, 0.9],
							"lerp_mode": "catmullrom"
						},
						"0.5417": {
							"post": [0, 0, 0],
							"lerp_mode": "catmullrom"
						},
						"0.75": {
							"post": [0, 0, 0],
							"lerp_mode": "catmullrom"
						},
						"0.9583": {
							"post": [-10, 7, -2],
							"lerp_mode": "catmullrom"
						},
						"2.1667": {
							"post": [-10, 7.87, -2.25],
							"lerp_mode": "catmullrom"
						},
						"2.2083": {
							"post": [-10, 7.87, -2.45],
							"lerp_mode": "catmullrom"
						},
						"2.25": {
							"post": [-10, 7.86, -1.95],
							"lerp_mode": "catmullrom"
						},
						"2.2917": {
							"post": [-10, 7.85, -2.25],
							"lerp_mode": "catmullrom"
						},
						"3.25": {
							"post": [-10, 7, -2],
							"lerp_mode": "catmullrom"
						},
						"3.5": {
							"post": [0, 0, -2],
							"lerp_mode": "catmullrom"
						},
						"4.0833": {
							"post": [0, 0, -1],
							"lerp_mode": "catmullrom"
						},
						"4.125": {
							"post": [0, 0, -1],
							"lerp_mode": "catmullrom"
						},
						"4.4583": {
							"post": [0, 0, 0],
							"lerp_mode": "catmullrom"
						}
					}
				},
				"lower_bow_limb": {
					"rotation": {
						"0.0": {
							"post": [13.5, 0, 0],
							"lerp_mode": "catmullrom"
						},
						"0.0833": [0, 0, 0],
						"4.25": [0, 0, 0],
						"4.4583": {
							"pre": [13.5, 0, 0],
							"post": [13.5, 0, 0],
							"lerp_mode": "catmullrom"
						}
					}
				},
				"upper_bow_limb": {
					"rotation": {
						"0.0": {
							"post": [-13.5, 0, 0],
							"lerp_mode": "catmullrom"
						},
						"0.0833": [0, 0, 0],
						"4.25": [0, 0, 0],
						"4.4583": {
							"pre": [-13.5, 0, 0],
							"post": [-13.5, 0, 0],
							"lerp_mode": "catmullrom"
						}
					}
				},
				"arrow_and_righthand": {
					"rotation": {
						"0.25": [0, 0, 0],
						"0.5417": [-60, 0, 0],
						"0.875": [0, 0, 0],
						"3.0": [0, 0, 0],
						"3.5": [-60, 0, 0],
						"3.7917": [0, 0, 0]
					},
					"position": {
						"0.0": [0, 0, 0],
						"0.0833": [0, 0, -7],
						"0.125": [0, 0.5, -6.5],
						"0.2083": [0, 0.7, -3.5],
						"0.3333": [0, -3, 6],
						"0.4583": [0, -3, 10],
						"0.9167": [0, 0.7, -3.5],
						"3.1667": [0, 0.7, -3.5],
						"3.5": {
							"pre": [0, -3, 10],
							"post": [0, -3, 10],
							"lerp_mode": "catmullrom"
						},
						"3.9583": {
							"post": [0, 0.7, -4.5],
							"lerp_mode": "catmullrom"
						},
						"4.25": {
							"post": [0, 0.7, -4.5],
							"lerp_mode": "catmullrom"
						},
						"4.4583": {
							"post": [0, 0, 0],
							"lerp_mode": "catmullrom"
						}
					}
				},
				"camera": {
					"rotation": {
						"0.0": [0, 0, 0],
						"0.125": [-2.5, 0, 0],
						"0.5": [1.5, 0, 0],
						"1.0": [1.51294, 7.49742, 0.19746],
						"1.3333": [1.51, 7.5, 0.2],
						"1.7083": [-3.49, 7.5, 0.2],
						"2.0833": [0, 7.5, 0.2],
						"2.2083": {
							"pre": [0, 7.5, 0.2],
							"post": [0, 7.5, 0.2],
							"lerp_mode": "catmullrom"
						},
						"2.25": {
							"post": [0, 7.5, 1.2],
							"lerp_mode": "catmullrom"
						},
						"2.2917": {
							"post": [0, 7.5, -0.5],
							"lerp_mode": "catmullrom"
						},
						"2.3333": {
							"post": [0, 7.5, 0.4],
							"lerp_mode": "catmullrom"
						},
						"2.375": {
							"post": [0, 7.5, 0],
							"lerp_mode": "catmullrom"
						},
						"2.6667": {
							"post": [0, 7.5, 0],
							"lerp_mode": "catmullrom"
						},
						"2.875": {
							"post": [5, 7.5, 0],
							"lerp_mode": "catmullrom"
						},
						"3.1667": {
							"post": [5, 7.5, 0],
							"lerp_mode": "catmullrom"
						},
						"3.375": {
							"post": [-2.5, 0, 0],
							"lerp_mode": "catmullrom"
						},
						"3.75": {
							"post": [0, 0, 0],
							"lerp_mode": "catmullrom"
						},
						"4.0": {
							"post": [2, 0, 0],
							"lerp_mode": "catmullrom"
						},
						"4.4583": {
							"post": [0, 0, 0],
							"lerp_mode": "catmullrom"
						}
					}
				}
			}
		}
	}
}