{
	"format_version": "1.8.0",
	"animations": {
		"static_idle": {
			"animation_length": 0.0333,
			"bones": {
				"lefthand": {
					"rotation": [109.01172, -13.32834, -215.50088],
					"position": [7.8125, -9.8625, -13.1125],
					"scale": [1, 1.5, 1]
				},
				"righthand": {
					"rotation": [97.52832, -355.04288, -179.34574],
					"position": [-6.8, -10, 3],
					"scale": [1, 1.5, 1]
				},
				"constraint": {
					"rotation": [0.05, 0.05, 0.05],
					"position": [0.15, 0.15, 0.5]
				},
				"ammo_out2": {
					"scale": 0
				}
			}
		},
		"static_bolt_caught": {
			"loop": true,
			"animation_length": 0.4667,
			"bones": {
				"bolt_cover": {
					"position": [0, 0, 2]
				},
				"release": {
					"rotation": [0, -8, 0],
					"position": [0.15, 0, 0]
				},
				"ammo_out1": {
					"scale": 0
				},
				"ammo_out2": {
					"position": {
						"0.0": [0, 0, 0],
						"0.1667": [0, 0, 0],
						"0.2": [0, -78, 2414],
						"0.4333": [0, -78, 2414],
						"0.4667": [0, 0, 0]
					},
					"scale": {
						"0.0": [1, 1, 1],
						"0.1667": [1, 1, 1],
						"0.2": [0, 0, 0],
						"0.4333": [0, 0, 0],
						"0.4667": [1, 1, 1]
					}
				}
			}
		},
		"draw": {
			"animation_length": 0.8,
			"bones": {
				"root": {
					"rotation": {
						"0.0": {
							"post": [-9.61009, -56.87057, 63.98187],
							"lerp_mode": "catmullrom"
						},
						"0.2": {
							"post": [-0.50564, -24.85404, 21.72854],
							"lerp_mode": "catmullrom"
						},
						"0.2333": {
							"post": [3.25904, -15.44766, 1.21211],
							"lerp_mode": "catmullrom"
						},
						"0.3333": {
							"post": [0, -2.40625, 0],
							"lerp_mode": "catmullrom"
						},
						"0.4": {
							"post": [0.01893, 0.98758, 1.36002],
							"lerp_mode": "catmullrom"
						},
						"0.5": {
							"post": [0.01346, -0.41108, 0.31188],
							"lerp_mode": "catmullrom"
						},
						"0.6333": {
							"post": [0, 0, 0],
							"lerp_mode": "catmullrom"
						},
						"0.8": {
							"post": [0, 0, 0],
							"lerp_mode": "catmullrom"
						}
					},
					"position": {
						"0.0": {
							"post": [0, -7.1, -0.8],
							"lerp_mode": "catmullrom"
						},
						"0.2333": {
							"post": [0.6, -1.32422, -0.8],
							"lerp_mode": "catmullrom"
						},
						"0.4": {
							"post": [0.125, -0.22031, 0.325],
							"lerp_mode": "catmullrom"
						},
						"0.5": {
							"post": [0, -0.02734, -0.125],
							"lerp_mode": "catmullrom"
						},
						"0.6333": {
							"post": [0, 0, 0],
							"lerp_mode": "catmullrom"
						},
						"0.8": {
							"post": [0, 0, 0],
							"lerp_mode": "catmullrom"
						}
					}
				},
				"lefthand": {
					"rotation": {
						"0.0": [109.01172, -13.32834, -215.50088],
						"0.3333": [109.01172, -13.32834, -215.50088],
						"0.4": [109.01172, -13.32834, -215.50088],
						"0.5": [109.01172, -13.32834, -215.50088]
					},
					"position": {
						"0.0": [7.8125, -9.8625, -13.1125],
						"0.3333": [7.8125, -9.8625, -13.1125],
						"0.4": [7.8125, -9.8625, -13.1125],
						"0.5": [7.8125, -9.8625, -13.1125]
					},
					"scale": {
						"0.0": [1, 1.5, 1],
						"0.5": [1, 1.5, 1]
					}
				},
				"righthand": {
					"rotation": [97.52832, -355.04288, -179.34574],
					"position": [-6.8, -10, 3],
					"scale": [1, 1.5, 1]
				},
				"camera": {
					"rotation": {
						"0.0": {
							"post": [0, 0, 0],
							"lerp_mode": "catmullrom"
						},
						"0.1": {
							"post": [0.8, -0.125, 0.2],
							"lerp_mode": "catmullrom"
						},
						"0.2": {
							"post": [1, -0.25, 0.5],
							"lerp_mode": "catmullrom"
						},
						"0.3": {
							"post": [0.15, -0.275, 0.625],
							"lerp_mode": "catmullrom"
						},
						"0.4": {
							"post": [0.25, -0.15, -0.225],
							"lerp_mode": "catmullrom"
						},
						"0.4667": {
							"post": [0.09, -0.08, 0.405],
							"lerp_mode": "catmullrom"
						},
						"0.5333": {
							"post": [-0.075, -0.025, -0.2],
							"lerp_mode": "catmullrom"
						},
						"0.6333": {
							"post": [0, 0, 0],
							"lerp_mode": "catmullrom"
						},
						"0.7": {
							"post": [0, 0, 0],
							"lerp_mode": "catmullrom"
						}
					}
				},
				"ammo_out2": {
					"scale": 0
				}
			},
			"sound_effects": {
				"0.0": {
					"effect": "tacz:victor45/victor_draw"
				}
			}
		},
		"put_away": {
			"animation_length": 0.2667,
			"bones": {
				"root": {
					"rotation": {
						"0.0": {
							"post": [0, 0, 0],
							"lerp_mode": "catmullrom"
						},
						"0.0333": {
							"post": [-0.63896, -1.66012, -2.21234],
							"lerp_mode": "catmullrom"
						},
						"0.0667": {
							"post": [1.7612, -3.38433, 2.24203],
							"lerp_mode": "catmullrom"
						},
						"0.1": {
							"post": [9.68031, -6.51688, 11.76588],
							"lerp_mode": "catmullrom"
						},
						"0.1667": {
							"post": [18.16463, -14.24936, 3.48493],
							"lerp_mode": "catmullrom"
						}
					},
					"position": {
						"0.0": {
							"post": [0, 0, 0],
							"lerp_mode": "catmullrom"
						},
						"0.0333": {
							"post": [-0.45, -1.09, 0.28],
							"lerp_mode": "catmullrom"
						},
						"0.0667": {
							"post": [-0.87, -2.395, 0.34],
							"lerp_mode": "catmullrom"
						},
						"0.1": {
							"post": [-1.135, -4.82, 0.56],
							"lerp_mode": "catmullrom"
						},
						"0.1667": {
							"post": [-1.175, -9.6, 2.05],
							"lerp_mode": "catmullrom"
						}
					}
				},
				"lefthand": {
					"rotation": [109.01172, -13.32834, -215.50088],
					"position": [7.8125, -9.8625, -13.1125],
					"scale": [1, 1.5, 1]
				},
				"righthand": {
					"rotation": [97.52832, -355.04288, -179.34574],
					"position": [-6.8, -10, 3],
					"scale": [1, 1.5, 1]
				},
				"camera": {
					"rotation": {
						"0.0": {
							"post": [0, 0, 0],
							"lerp_mode": "catmullrom"
						},
						"0.0667": {
							"post": [0.3, 0, -0.125],
							"lerp_mode": "catmullrom"
						},
						"0.1333": {
							"post": [0.64, 0, 0.3],
							"lerp_mode": "catmullrom"
						},
						"0.2": {
							"post": [0.5, 0, 0.15],
							"lerp_mode": "catmullrom"
						},
						"0.2667": {
							"post": [0, 0, 0],
							"lerp_mode": "catmullrom"
						}
					}
				},
				"ammo_out2": {
					"scale": 0
				}
			},
			"sound_effects": {
				"0.0": {
					"effect": "tacz:victor45/victor_put_away"
				}
			}
		},
		"reload_tactical": {
			"animation_length": 2.5333,
			"bones": {
				"root": {
					"rotation": {
						"0.0": {
							"post": [0, 0, 0],
							"lerp_mode": "catmullrom"
						},
						"0.1": {
							"post": [-9.9798, -5.69315, -3.78492],
							"lerp_mode": "catmullrom"
						},
						"0.2667": {
							"post": [-22.64721, -22.90108, -21.45411],
							"lerp_mode": "catmullrom"
						},
						"0.4": {
							"post": [-22.78083, -23.99681, -21.41099],
							"lerp_mode": "catmullrom"
						},
						"0.4667": {
							"post": [-23.18285, -22.38797, -17.48681],
							"lerp_mode": "catmullrom"
						},
						"0.6": {
							"post": [-25.28526, -21.88253, -17.1827],
							"lerp_mode": "catmullrom"
						},
						"0.7667": {
							"post": [-24.56547, -22.82701, -21.2417],
							"lerp_mode": "catmullrom"
						},
						"0.8667": {
							"post": [-26.35801, -22.34596, -21.20416],
							"lerp_mode": "catmullrom"
						},
						"0.9667": {
							"post": [-26.52761, -22.69929, -19.539],
							"lerp_mode": "catmullrom"
						},
						"1.0667": {
							"post": [-26.24593, -23.51754, -21.31471],
							"lerp_mode": "catmullrom"
						},
						"1.1667": {
							"post": [-25.5015, -23.9375, -22.89313],
							"lerp_mode": "catmullrom"
						},
						"1.2667": {
							"post": [-23.46, -24.065, -26.635],
							"lerp_mode": "catmullrom"
						},
						"1.4": {
							"post": [-14.54539, -30.31528, -46.1261],
							"lerp_mode": "catmullrom"
						},
						"1.5333": {
							"post": [-14.13133, -30.39199, -46.43718],
							"lerp_mode": "catmullrom"
						},
						"1.6333": {
							"post": [-12.55987, -30.15229, -48.04352],
							"lerp_mode": "catmullrom"
						},
						"1.6667": {
							"post": [-14.66525, -29.57494, -42.21179],
							"lerp_mode": "catmullrom"
						},
						"1.7667": {
							"post": [-12.13925, -30.59772, -48.58451],
							"lerp_mode": "catmullrom"
						},
						"1.8667": {
							"post": [-10.12376, -24.67061, -40.79487],
							"lerp_mode": "catmullrom"
						},
						"1.9667": {
							"post": [-2.44299, -5.13489, -8.28294],
							"lerp_mode": "catmullrom"
						},
						"2.1": {
							"post": [-0.48906, -0.82, 1.005],
							"lerp_mode": "catmullrom"
						},
						"2.2": {
							"post": [0.23203, 0, -1.4],
							"lerp_mode": "catmullrom"
						},
						"2.3": {
							"post": [-0.36328, 0.125, 0.725],
							"lerp_mode": "catmullrom"
						},
						"2.4": {
							"post": [0, 0, 0],
							"lerp_mode": "catmullrom"
						},
						"2.5333": {
							"post": [0, 0, 0],
							"lerp_mode": "catmullrom"
						}
					},
					"position": {
						"0.0": {
							"post": [0, 0, 0],
							"lerp_mode": "catmullrom"
						},
						"0.1": {
							"post": [-1.08, -1.26, -0.28],
							"lerp_mode": "catmullrom"
						},
						"0.2667": {
							"post": [-2.6, -1.95, -1.1],
							"lerp_mode": "catmullrom"
						},
						"0.4": {
							"post": [-2.85, -1.775, -0.73],
							"lerp_mode": "catmullrom"
						},
						"0.5": {
							"post": [-2.85, -1.535, -0.605],
							"lerp_mode": "catmullrom"
						},
						"0.6667": {
							"post": [-2.8, -1.55, -0.7],
							"lerp_mode": "catmullrom"
						},
						"0.7667": {
							"post": [-2.8, -1.6, -0.7],
							"lerp_mode": "catmullrom"
						},
						"0.8667": {
							"post": [-2.715, -1.95, -0.65],
							"lerp_mode": "catmullrom"
						},
						"0.9667": {
							"post": [-2.945, -1.61, -0.67],
							"lerp_mode": "catmullrom"
						},
						"1.0667": {
							"post": [-2.905, -1.455, -0.69],
							"lerp_mode": "catmullrom"
						},
						"1.1667": {
							"post": [-2.83, -1.62, -0.71],
							"lerp_mode": "catmullrom"
						},
						"1.3333": {
							"post": [-2.82, -2.03, -0.7],
							"lerp_mode": "catmullrom"
						},
						"1.5": {
							"post": [-2.92, -2.155, -0.7],
							"lerp_mode": "catmullrom"
						},
						"1.6": {
							"post": [-2.895, -2.03, -0.7],
							"lerp_mode": "catmullrom"
						},
						"1.6667": {
							"post": [-2.7, -2.9, -0.5],
							"lerp_mode": "catmullrom"
						},
						"1.7333": {
							"post": [-2.9, -2.55, -0.54],
							"lerp_mode": "catmullrom"
						},
						"1.8": {
							"post": [-2.7, -2.75, -0.575],
							"lerp_mode": "catmullrom"
						},
						"1.8667": {
							"post": [-2.385, -2.665, -0.89],
							"lerp_mode": "catmullrom"
						},
						"1.9667": {
							"post": [-1.325, -2.175, -1.325],
							"lerp_mode": "catmullrom"
						},
						"2.1": {
							"post": [-0.275, -0.725, -1.25],
							"lerp_mode": "catmullrom"
						},
						"2.2": {
							"post": [0.025, -0.075, 0.2],
							"lerp_mode": "catmullrom"
						},
						"2.3": {
							"post": [0, -0.025, -0.075],
							"lerp_mode": "catmullrom"
						},
						"2.4": {
							"post": [0, 0, 0],
							"lerp_mode": "catmullrom"
						},
						"2.5333": {
							"post": [0, 0, 0],
							"lerp_mode": "catmullrom"
						}
					}
				},
				"lefthand": {
					"rotation": {
						"0.0": [109.01172, -13.32834, -215.50088],
						"0.1667": [102.96847, -20.22542, -176.78107],
						"0.3667": [103.98482, -33.39039, -164.19949],
						"0.4667": [103.98482, -33.39039, -164.19949],
						"0.5": [101.85978, -35.9921, -161.17103],
						"0.7": [68.45455, -25.73279, -95.67728],
						"0.7667": [68.45455, -25.73279, -95.67728],
						"1.0667": [68.45455, -25.73279, -95.67728],
						"1.1667": [63.5969, -14.20809, -94.82129],
						"1.6667": [63.5969, -14.20809, -94.82129],
						"1.7667": [63.5969, -14.20809, -94.82129],
						"1.9333": [93.69044, -14.89722, -170.46831],
						"2.1": [109.01172, -13.32834, -215.50088]
					},
					"position": {
						"0.0": [7.8125, -9.8625, -13.1125],
						"0.1667": [8.36, -11.67, -4.45],
						"0.2667": [8.05, -11.02, -4.85],
						"0.3667": [7.44553, -10.87354, -4.80433],
						"0.4667": [7.44553, -10.87354, -4.42933],
						"0.5": [7.45, -11.27, -4.8625],
						"0.7": [6.63144, -19.05411, -3.27785],
						"0.7667": [6.63144, -19.05411, -3.27785],
						"1.0667": [16.63144, -32.77911, 3.38465],
						"1.1667": [16.63144, -32.77911, 3.38465],
						"1.5667": [6.3925, -21.56, -2.2],
						"1.6": [6.45, -21.46, -2.67],
						"1.6667": [6.57, -17.505, -3.6025],
						"1.7667": [6.57, -17.505, -3.6025],
						"1.9333": [10.34, -11.44, -4.795],
						"2.1": [7.8125, -9.8625, -13.1125]
					},
					"scale": [1, 1.5, 1]
				},
				"bullet": {
					"scale": {
						"1.1667": [0, 0, 0],
						"1.2": [1, 1, 1]
					}
				},
				"bullet_in_mag": {
					"scale": {
						"1.1667": [1, 1, 1],
						"1.2": [0, 0, 0]
					}
				},
				"righthand": {
					"rotation": [97.52832, -355.04288, -179.34574],
					"position": [-6.8, -10, 3],
					"scale": [1, 1.5, 1]
				},
				"constraint": {
					"rotation": {
						"0.0": [0.01, 0.02, 0.01],
						"1.9": [0.01, 0.02, 0.01],
						"2.2": [0.05, 0.05, 0.05]
					},
					"position": {
						"0.0": [0, 0.01, 0.1],
						"1.9": [0, 0.01, 0.1],
						"2.2": [0.15, 0.15, 0.5]
					}
				},
				"camera": {
					"rotation": {
						"0.0": {
							"post": [0, 0, 0],
							"lerp_mode": "catmullrom"
						},
						"0.1": {
							"post": [0.29, 0.05, -0.22],
							"lerp_mode": "catmullrom"
						},
						"0.3": {
							"post": [2.675, 0.3, -1.3],
							"lerp_mode": "catmullrom"
						},
						"0.4333": {
							"post": [2.875, 0.35, -1.51],
							"lerp_mode": "catmullrom"
						},
						"0.5": {
							"post": [3.195, 0.37, -1.43],
							"lerp_mode": "catmullrom"
						},
						"0.6": {
							"post": [3.325, 0.4, -1.725],
							"lerp_mode": "catmullrom"
						},
						"0.8": {
							"post": [2.855, 0.4, -1.9],
							"lerp_mode": "catmullrom"
						},
						"0.8667": {
							"post": [2.405, 0.4, -1.42],
							"lerp_mode": "catmullrom"
						},
						"0.9667": {
							"post": [3.025, 0.4, -2.225],
							"lerp_mode": "catmullrom"
						},
						"1.0667": {
							"post": [2.87, 0.44, -1.825],
							"lerp_mode": "catmullrom"
						},
						"1.2": {
							"post": [2.55, 0.475, -1.7],
							"lerp_mode": "catmullrom"
						},
						"1.3333": {
							"post": [2.425, 0.475, -1.6],
							"lerp_mode": "catmullrom"
						},
						"1.4667": {
							"post": [2.625, 0.49, -1.76],
							"lerp_mode": "catmullrom"
						},
						"1.5333": {
							"post": [3, 0.49, -1.61],
							"lerp_mode": "catmullrom"
						},
						"1.6": {
							"post": [2.85, 0.43, -1.79],
							"lerp_mode": "catmullrom"
						},
						"1.6667": {
							"post": [3.68, 0.4, -1.075],
							"lerp_mode": "catmullrom"
						},
						"1.7667": {
							"post": [2.675, 0.35, -2.11],
							"lerp_mode": "catmullrom"
						},
						"1.8667": {
							"post": [2.725, 0.3, -1.575],
							"lerp_mode": "catmullrom"
						},
						"2.0667": {
							"post": [0.04, 0.06, -0.4],
							"lerp_mode": "catmullrom"
						},
						"2.1333": {
							"post": [0.55, 0, 0.275],
							"lerp_mode": "catmullrom"
						},
						"2.2333": {
							"post": [-0.275, 0, -0.2],
							"lerp_mode": "catmullrom"
						},
						"2.3": {
							"post": [-0.19, 0, -0.13],
							"lerp_mode": "catmullrom"
						},
						"2.3667": {
							"post": [-0.05, 0, -0.04],
							"lerp_mode": "catmullrom"
						},
						"2.4667": {
							"post": [0, 0, 0],
							"lerp_mode": "catmullrom"
						}
					}
				},
				"ammo_out2": {
					"scale": 0
				},
				"mag_standard6": {
					"rotation": {
						"0.9": [0, 0, 0],
						"1.1": [-18.7589, 7.34038, -74.86141],
						"1.3": [-18.7589, 7.34038, -74.86141],
						"1.4": [2, 0, 0],
						"1.4333": [2, 0, 0],
						"1.5333": [0, 0, 0]
					},
					"position": {
						"0.4667": [0, 0, 0],
						"0.5667": [0, -1.93, 0.83],
						"0.7667": [0, -1.93, 0.83],
						"0.9": [0, -5.8, 2.5],
						"1.1": [5.37792, -12.17966, 10.33189],
						"1.3": [3.9, -11.4, 6.9],
						"1.4333": [1.3, -7.67, 3.97],
						"1.5": [0, -5.8, 2.5],
						"1.5667": [0, -4.82, 2.12],
						"1.6333": [0, -4.5, 2],
						"1.6667": [0, 0, 0]
					}
				},
				"mag_standard8": {
					"rotation": {
						"0.9": [0, 0, 0],
						"1.1": [-18.7589, 7.34038, -74.86141],
						"1.3": [-18.7589, 7.34038, -74.86141],
						"1.4": [2, 0, 0],
						"1.4333": [2, 0, 0],
						"1.5333": [0, 0, 0]
					},
					"position": {
						"0.4667": [0, 0, 0],
						"0.5667": [0, -1.93, 0.83],
						"0.7667": [0, -1.93, 0.83],
						"0.9": [0, -5.8, 2.5],
						"1.1": [5.37792, -12.17966, 10.33189],
						"1.3": [3.9, -11.4, 6.9],
						"1.4333": [1.3, -7.67, 3.97],
						"1.5": [0, -5.8, 2.5],
						"1.5667": [0, -4.82, 2.12],
						"1.6333": [0, -4.5, 2],
						"1.6667": [0, 0, 0]
					}
				},
				"mag_extended_5": {
					"rotation": {
						"0.9": [0, 0, 0],
						"1.1": [-18.7589, 7.34038, -74.86141],
						"1.3": [-18.7589, 7.34038, -74.86141],
						"1.4": [2, 0, 0],
						"1.4333": [2, 0, 0],
						"1.5333": [0, 0, 0]
					},
					"position": {
						"0.4667": [0, 0, 0],
						"0.5667": [0, -1.93, 0.83],
						"0.7667": [0, -1.93, 0.83],
						"0.9": [0, -5.8, 2.5],
						"1.1": [5.37792, -12.17966, 10.33189],
						"1.3": [3.9, -11.4, 6.9],
						"1.4333": [1.3, -7.67, 3.97],
						"1.5": [0, -5.8, 2.5],
						"1.5667": [0, -4.82, 2.12],
						"1.6333": [0, -4.5, 2],
						"1.6667": [0, 0, 0]
					}
				},
				"mag_extended_6": {
					"rotation": {
						"0.9": [0, 0, 0],
						"1.1": [-18.7589, 7.34038, -74.86141],
						"1.3": [-18.7589, 7.34038, -74.86141],
						"1.4": [2, 0, 0],
						"1.4333": [2, 0, 0],
						"1.5333": [0, 0, 0]
					},
					"position": {
						"0.4667": [0, 0, 0],
						"0.5667": [0, -1.93, 0.83],
						"0.7667": [0, -1.93, 0.83],
						"0.9": [0, -5.8, 2.5],
						"1.1": [5.37792, -12.17966, 10.33189],
						"1.3": [3.9, -11.4, 6.9],
						"1.4333": [1.3, -7.67, 3.97],
						"1.5": [0, -5.8, 2.5],
						"1.5667": [0, -4.82, 2.12],
						"1.6333": [0, -4.5, 2],
						"1.6667": [0, 0, 0]
					}
				}
			},
			"sound_effects": {
				"0.1667": {
					"effect": "tacz:victor45/victor_reload_raise"
				},
				"0.4667": {
					"effect": "tacz:victor45/victor_reload_magout"
				},
				"1.5333": {
					"effect": "emxmors:emx_karma45/smg_clip_in_1"
				},
				"1.8333": {
					"effect": "tacz:victor45/victor_reload_end"
				}
			}
		},
		"reload_empty": {
			"animation_length": 3.2,
			"bones": {
				"root": {
					"rotation": {
						"0.0": {
							"post": [0, 0, 0],
							"lerp_mode": "catmullrom"
						},
						"0.2": {
							"post": [-16.44, -11.85, -20.47],
							"lerp_mode": "catmullrom"
						},
						"0.2667": {
							"post": [-19.38471, -13.97991, -24.1392],
							"lerp_mode": "catmullrom"
						},
						"0.3": {
							"post": [-18.50429, -16.15142, -30.44746],
							"lerp_mode": "catmullrom"
						},
						"0.3667": {
							"post": [-19.68587, -16.00582, -30.11272],
							"lerp_mode": "catmullrom"
						},
						"0.4333": {
							"post": [-19.38471, -11.82991, -19.8642],
							"lerp_mode": "catmullrom"
						},
						"0.5": {
							"post": [-9.1521, 0.08215, 19.79557],
							"lerp_mode": "catmullrom"
						},
						"0.6": {
							"post": [-9.29487, -0.07472, -2.41008],
							"lerp_mode": "catmullrom"
						},
						"0.7": {
							"post": [-19.73408, -0.23906, -0.7848],
							"lerp_mode": "catmullrom"
						},
						"0.8667": {
							"post": [-16.96821, -16.71444, -24.80076],
							"lerp_mode": "catmullrom"
						},
						"0.9667": {
							"post": [-13.94057, -31.46872, -42.62368],
							"lerp_mode": "catmullrom"
						},
						"1.0667": {
							"post": [-16.45968, -31.28289, -40.21024],
							"lerp_mode": "catmullrom"
						},
						"1.1667": {
							"post": [-13.68515, -31.95261, -44.12631],
							"lerp_mode": "catmullrom"
						},
						"1.2333": {
							"post": [-14.68, -31.16, -41.21],
							"lerp_mode": "catmullrom"
						},
						"1.3667": {
							"post": [-14.68, -31.16, -41.21],
							"lerp_mode": "catmullrom"
						},
						"1.5333": {
							"post": [-13.68515, -31.95261, -44.12631],
							"lerp_mode": "catmullrom"
						},
						"1.6": {
							"post": [-14.68, -31.16, -41.21],
							"lerp_mode": "catmullrom"
						},
						"1.7667": {
							"post": [-14.68, -31.16, -41.21],
							"lerp_mode": "catmullrom"
						},
						"1.8667": {
							"post": [-20.47346, -11.7359, -7.09728],
							"lerp_mode": "catmullrom"
						},
						"1.9667": {
							"post": [-21.86, -11, -6.39],
							"lerp_mode": "catmullrom"
						},
						"2.0667": {
							"post": [-24.00347, -8.98312, -0.98896],
							"lerp_mode": "catmullrom"
						},
						"2.2333": {
							"post": [-23.65332, -7.7245, 6.55394],
							"lerp_mode": "catmullrom"
						},
						"2.3333": {
							"post": [-25.49462, -8.11562, -1.86873],
							"lerp_mode": "catmullrom"
						},
						"2.3667": {
							"post": [-25.28893, -5.29831, 2.76828],
							"lerp_mode": "catmullrom"
						},
						"2.4667": {
							"post": [-22.70268, -11.52319, -8.82414],
							"lerp_mode": "catmullrom"
						},
						"2.6333": {
							"post": [0, 0, -4.275],
							"lerp_mode": "catmullrom"
						},
						"2.7333": {
							"post": [1.2, 1.34, 2.655],
							"lerp_mode": "catmullrom"
						},
						"2.8": {
							"post": [0, 0, -1.02109],
							"lerp_mode": "catmullrom"
						},
						"2.9": {
							"post": [-0.02, -0.02, 0.10891],
							"lerp_mode": "catmullrom"
						},
						"3.0667": {
							"post": [0, 0, 0],
							"lerp_mode": "catmullrom"
						}
					},
					"position": {
						"0.0": {
							"post": [0, 0, 0],
							"lerp_mode": "catmullrom"
						},
						"0.1": {
							"post": [-0.36, -1.06, -0.16],
							"lerp_mode": "catmullrom"
						},
						"0.2667": {
							"post": [-0.9, -0.9, -0.4],
							"lerp_mode": "catmullrom"
						},
						"0.4333": {
							"post": [-0.9, -0.9, -0.4],
							"lerp_mode": "catmullrom"
						},
						"0.5": {
							"post": [-3.04, -1.22, -0.4],
							"lerp_mode": "catmullrom"
						},
						"0.5667": {
							"post": [-3.7, -1.85, -0.4],
							"lerp_mode": "catmullrom"
						},
						"0.7": {
							"post": [-3.85, -2.75, -0.4],
							"lerp_mode": "catmullrom"
						},
						"0.8667": {
							"post": [-2.78, -1.885, -0.4],
							"lerp_mode": "catmullrom"
						},
						"1.0": {
							"post": [-2.05, -1.075, -0.4],
							"lerp_mode": "catmullrom"
						},
						"1.1667": {
							"post": [-2.24, -1.24, -0.4],
							"lerp_mode": "catmullrom"
						},
						"1.2667": {
							"post": [-2.275, -1.325, -0.4],
							"lerp_mode": "catmullrom"
						},
						"1.3": {
							"post": [-1.675, -1.85, -0.4],
							"lerp_mode": "catmullrom"
						},
						"1.3667": {
							"post": [-1.85, -1.675, -0.4],
							"lerp_mode": "catmullrom"
						},
						"1.5333": {
							"post": [-2.24, -1.24, -0.4],
							"lerp_mode": "catmullrom"
						},
						"1.6667": {
							"post": [-2.275, -1.325, -0.4],
							"lerp_mode": "catmullrom"
						},
						"1.7": {
							"post": [-1.675, -1.85, -0.4],
							"lerp_mode": "catmullrom"
						},
						"1.7667": {
							"post": [-1.85, -1.675, -0.4],
							"lerp_mode": "catmullrom"
						},
						"1.8667": {
							"post": [-1.345, -3.52, 0.325],
							"lerp_mode": "catmullrom"
						},
						"2.0667": {
							"post": [-1.34, -3.795, 0.33],
							"lerp_mode": "catmullrom"
						},
						"2.2333": {
							"post": [-1.39, -3.945, 0.33],
							"lerp_mode": "catmullrom"
						},
						"2.3333": {
							"post": [-1.54, -3.715, 0.33],
							"lerp_mode": "catmullrom"
						},
						"2.3667": {
							"post": [-1.415, -3.445, -0.195],
							"lerp_mode": "catmullrom"
						},
						"2.4667": {
							"post": [-0.74, -4.12, 0.04],
							"lerp_mode": "catmullrom"
						},
						"2.6333": {
							"post": [0, -1.175, -1.3],
							"lerp_mode": "catmullrom"
						},
						"2.7333": {
							"post": [0, -0.075, 0.625],
							"lerp_mode": "catmullrom"
						},
						"2.8667": {
							"post": [0, -0.05, -0.1],
							"lerp_mode": "catmullrom"
						},
						"2.9667": {
							"post": [0, 0, -0.03],
							"lerp_mode": "catmullrom"
						},
						"3.0667": {
							"post": [0, 0, 0],
							"lerp_mode": "catmullrom"
						}
					}
				},
				"lefthand": {
					"rotation": {
						"0.0": [109.01172, -13.32834, -215.50088],
						"0.1667": [121.23178, -5.50436, -196.44119],
						"0.3667": [121.23178, -5.50436, -196.44119],
						"0.4667": [132.16, -9.57, -242.02],
						"0.5": [137.62669, -11.59773, -264.80618],
						"0.9": [137.62669, -11.59773, -264.80618],
						"1.0667": [88.12209, -24.43007, -103.21981],
						"1.2667": [88.12209, -24.43007, -103.21981],
						"1.4333": [137.62669, -11.59773, -264.80618],
						"1.6": [88.12209, -24.43007, -103.21981],
						"1.8": [88.12209, -24.43007, -103.21981],
						"1.9333": [88.12, -24.43, -103.22],
						"1.9667": [100.88, -20.68, -136.28],
						"2.0333": [115.31, -14.52, -172.29],
						"2.0667": [128.68, 4.81, -195.85],
						"2.1333": [95.96, 29.85, -272.99],
						"2.1667": [102.86, 26.74, -266.84],
						"2.3": [104.9965, 36.68091, -271.12025],
						"2.3333": [115.49619, 42.68091, -271.12074],
						"2.4667": [129.66578, 40.48026, -282.36069],
						"2.6": [78.83537, 38.2796, -293.60065],
						"2.7": [117.14588, -0.7602, -213.32294],
						"2.9": [103.35094, -9.74899, -191.13342],
						"3.0": [109.01172, -13.32834, -215.50088]
					},
					"position": {
						"0.0": [7.8125, -9.8625, -13.1125],
						"0.1667": [9, -10.6, -0.5],
						"0.2667": [8.7, -10.6, -0.5],
						"0.3667": [8.7, -10.6, -1.5],
						"0.4667": [9.8057, -20.67024, 4.00704],
						"0.5": [23.18119, -11.59832, 4.17681],
						"0.6667": [25.14568, -10.66387, 19.6011],
						"0.9": [8.90269, -21.4484, 2.76378],
						"1.0667": [6.84837, -19.54474, -1.37165],
						"1.2667": [6.84837, -16.60724, -3.93415],
						"1.4333": [5.77769, -20.9484, 2.76378],
						"1.6": [5.78587, -18.85724, 1.12835],
						"1.8": [6.84837, -15.91974, -1.18415],
						"1.9333": [6.85, -15.67, -4.305],
						"2.0667": [9.6, -11.765, -5.905],
						"2.1333": [9.55, -7.595, -8.53],
						"2.1667": [9.05, -7.22, -8.23],
						"2.3": [9.675, -7.2525, -6.3675],
						"2.3333": [9.675, -6.565, -6.8675],
						"2.4": [9.67, -6.69, -5.775],
						"2.4333": [9.67, -6.765, -3.7],
						"2.5333": [9.67, -7.315, -3.45],
						"2.6": [8.46445, -10.83017, 1.58668],
						"2.7": [8.95586, -14.8832, 0.04787],
						"2.9": [8.4717, -10.40552, -6.62361],
						"3.0": [7.8125, -9.8625, -13.1125]
					},
					"scale": [1, 1.5, 1]
				},
				"righthand": {
					"rotation": [97.52832, -355.04288, -179.34574],
					"position": [-6.8, -10, 3],
					"scale": [1, 1.5, 1]
				},
				"release": {
					"rotation": {
						"0.0": [0, -8, 0],
						"1.8667": [0, -8, 0],
						"1.9": [0, 0, 0]
					},
					"position": {
						"0.0": [0.15, 0, 0],
						"1.8667": [0.15, 0, 0],
						"1.9": [0, 0, 0]
					}
				},
				"camera": {
					"rotation": {
						"0.0": {
							"post": [0, 0, 0],
							"lerp_mode": "catmullrom"
						},
						"0.2667": {
							"post": [2.425, 0.85, -0.675],
							"lerp_mode": "catmullrom"
						},
						"0.4333": {
							"post": [2.895, 0.125, -1.275],
							"lerp_mode": "catmullrom"
						},
						"0.5667": {
							"post": [5.365, 1.075, -0.05],
							"lerp_mode": "catmullrom"
						},
						"0.7667": {
							"post": [4.385, 0.375, 0.55],
							"lerp_mode": "catmullrom"
						},
						"0.9667": {
							"post": [1.96, 0.275, -1.275],
							"lerp_mode": "catmullrom"
						},
						"1.2": {
							"post": [1.62, 1.1, -0.7],
							"lerp_mode": "catmullrom"
						},
						"1.2667": {
							"post": [2.97, 0.725, -0.05],
							"lerp_mode": "catmullrom"
						},
						"1.3667": {
							"post": [2.565, 0.48, -0.985],
							"lerp_mode": "catmullrom"
						},
						"1.4667": {
							"post": [2.89, 0.78, -0.96],
							"lerp_mode": "catmullrom"
						},
						"1.5667": {
							"post": [1.96, 0.275, -1.275],
							"lerp_mode": "catmullrom"
						},
						"1.8": {
							"post": [1.62, 1.1, -0.7],
							"lerp_mode": "catmullrom"
						},
						"1.8667": {
							"post": [2.97, 0.725, -0.05],
							"lerp_mode": "catmullrom"
						},
						"1.9667": {
							"post": [2.565, 0.48, -0.985],
							"lerp_mode": "catmullrom"
						},
						"2.0667": {
							"post": [2.89, 0.78, -0.96],
							"lerp_mode": "catmullrom"
						},
						"2.1667": {
							"post": [3.015, 0.9, -1.95],
							"lerp_mode": "catmullrom"
						},
						"2.3": {
							"post": [3.295, 1.18, -1.91],
							"lerp_mode": "catmullrom"
						},
						"2.4": {
							"post": [2.8, 1.105, -2.3],
							"lerp_mode": "catmullrom"
						},
						"2.4667": {
							"post": [2.86, 1.15, -2.3],
							"lerp_mode": "catmullrom"
						},
						"2.5333": {
							"post": [2.72, 0.925, -1.95],
							"lerp_mode": "catmullrom"
						},
						"2.6": {
							"post": [3.645, 0.925, -2.525],
							"lerp_mode": "catmullrom"
						},
						"2.7": {
							"post": [2.775, 0.675, -0.605],
							"lerp_mode": "catmullrom"
						},
						"2.8": {
							"post": [2.125, -0.05, -0.55],
							"lerp_mode": "catmullrom"
						},
						"2.9333": {
							"post": [0.25, 0, 0.35],
							"lerp_mode": "catmullrom"
						},
						"3.0": {
							"post": [0.725, 0, -0.275],
							"lerp_mode": "catmullrom"
						},
						"3.1": {
							"post": [0, 0, 0.125],
							"lerp_mode": "catmullrom"
						},
						"3.2": {
							"post": [-0.05, 0, 0.09],
							"lerp_mode": "catmullrom"
						},
						"3.3333": {
							"post": [0, 0, 0],
							"lerp_mode": "catmullrom"
						}
					}
				},
				"constraint": {
					"rotation": {
						"0.0": [0.01, 0.02, 0.01],
						"2.1667": [0.01, 0.02, 0.01],
						"2.4667": [0.05, 0.05, 0.05]
					},
					"position": {
						"0.0": [0, 0.01, 0.1],
						"2.1667": [0, 0.01, 0.1],
						"2.4667": [0.15, 0.15, 0.5]
					}
				},
				"vector45_bolt": {
					"position": {
						"2.3333": [0, 0, 0],
						"2.4": [0, 0, 0.525],
						"2.4333": [0, 0, 2.7],
						"2.5333": [0, 0, 2.7],
						"2.6": [0, 0, 0]
					}
				},
				"bolt_cover": {
					"position": {
						"0.0": [0, 0, 2],
						"1.8333": [0, 0, 2],
						"1.8667": [0, 0, 0]
					}
				},
				"fix": {
					"rotation": {
						"2.1667": [0, 0, 0],
						"2.3": [0, -90, 0],
						"2.5333": [0, -90, 0],
						"2.6": [0, 0, 0],
						"2.6333": [0, -12.75, 0],
						"2.7": [0, 0, 0],
						"2.7333": [0, -4, 0],
						"2.8": [0, 0, 0]
					}
				},
				"mag_standard2": {
					"rotation": {
						"0.2667": [0, 0, 0],
						"0.4667": [0, 0, 0],
						"0.5667": [0, 0, 0],
						"0.6667": [70.5392, 8.04932, 21.6175],
						"1.3": [70.5392, 8.04932, 21.6175],
						"1.4333": [11.76, 1.34, 3.6],
						"1.5333": [-0.944, 0.804, 2.16],
						"1.6333": [0, 0, 0],
						"1.7": [0, 0, 0]
					},
					"position": {
						"0.2667": [0, 0, 0],
						"0.3667": [0, -1.15, 0.425],
						"0.4667": [0, -1.15, 0.425],
						"0.5667": [0, -5.1, 2.1],
						"0.6667": [0, -14.1, 6.2],
						"1.3": [0, -14.1, 6.2],
						"1.4667": [0, -6.1, 2.53],
						"1.6333": [0, -4.5, 1.8],
						"1.7": [0, 0, 0]
					}
				},
				"mag_standard3": {
					"rotation": {
						"0.2667": [0, 0, 0],
						"0.4667": [0, 0, 0],
						"0.5667": [0, 0, 0],
						"0.6667": [70.5392, 8.04932, 21.6175],
						"1.3": [70.5392, 8.04932, 21.6175],
						"1.4333": [11.76, 1.34, 3.6],
						"1.5333": [-0.944, 0.804, 2.16],
						"1.6333": [0, 0, 0],
						"1.7": [0, 0, 0]
					},
					"position": {
						"0.2667": [0, 0, 0],
						"0.3667": [0, -1.15, 0.425],
						"0.4667": [0, -1.15, 0.425],
						"0.5667": [0, -5.1, 2.1],
						"0.6667": [0, -14.1, 6.2],
						"1.3": [0, -14.1, 6.2],
						"1.4667": [0, -6.1, 2.53],
						"1.6333": [0, -4.5, 1.8],
						"1.7": [0, 0, 0]
					}
				},
				"mag_standard4": {
					"rotation": {
						"0.2667": [0, 0, 0],
						"0.4667": [0, 0, 0],
						"0.5667": [0, 0, 0],
						"0.6667": [70.5392, 8.04932, 21.6175],
						"1.3": [70.5392, 8.04932, 21.6175],
						"1.4333": [11.76, 1.34, 3.6],
						"1.5333": [-0.944, 0.804, 2.16],
						"1.6333": [0, 0, 0],
						"1.7": [0, 0, 0]
					},
					"position": {
						"0.2667": [0, 0, 0],
						"0.3667": [0, -1.15, 0.425],
						"0.4667": [0, -1.15, 0.425],
						"0.5667": [0, -5.1, 2.1],
						"0.6667": [0, -14.1, 6.2],
						"1.3": [0, -14.1, 6.2],
						"1.4667": [0, -6.1, 2.53],
						"1.6333": [0, -4.5, 1.8],
						"1.7": [0, 0, 0]
					}
				},
				"mag_standard5": {
					"rotation": {
						"0.2667": [0, 0, 0],
						"0.4667": [0, 0, 0],
						"0.5667": [0, 0, 0],
						"0.6667": [70.5392, 8.04932, 21.6175],
						"1.3": [70.5392, 8.04932, 21.6175],
						"1.4333": [11.76, 1.34, 3.6],
						"1.5333": [-0.944, 0.804, 2.16],
						"1.6333": [0, 0, 0],
						"1.7": [0, 0, 0]
					},
					"position": {
						"0.2667": [0, 0, 0],
						"0.3667": [0, -1.15, 0.425],
						"0.4667": [0, -1.15, 0.425],
						"0.5667": [0, -5.1, 2.1],
						"0.6667": [0, -14.1, 6.2],
						"1.3": [0, -14.1, 6.2],
						"1.4667": [0, -6.1, 2.53],
						"1.6333": [0, -4.5, 1.8],
						"1.7": [0, 0, 0]
					}
				},
				"mag_extended_4": {
					"rotation": {
						"0.2667": [0, 0, 0],
						"0.4667": [0, 0, 0],
						"0.5667": [0, 0, 0],
						"0.6667": [70.5392, 8.04932, 21.6175],
						"0.9": [70.5392, 8.04932, 21.6175],
						"1.0333": [11.76, 1.34, 3.6],
						"1.1333": [-0.944, 0.804, 2.16],
						"1.2333": [0, 0, 0],
						"1.3": [0, 0, 0]
					},
					"position": {
						"0.2667": [0, 0, 0],
						"0.3667": [0, -1.15, 0.425],
						"0.4667": [0, -1.15, 0.425],
						"0.5667": [0, -5.1, 2.1],
						"0.6667": [0, -14.1, 6.2],
						"0.9": [0, -14.1, 6.2],
						"1.0667": [0, -6.1, 2.53],
						"1.2333": [0, -4.5, 1.8],
						"1.3": [0, 0, 0]
					}
				},
				"mag_extended_5": {
					"rotation": {
						"0.2667": [0, 0, 0],
						"0.4667": [0, 0, 0],
						"0.5667": [0, 0, 0],
						"0.6667": [70.5392, 8.04932, 21.6175],
						"0.9": [70.5392, 8.04932, 21.6175],
						"1.0333": [11.76, 1.34, 3.6],
						"1.1333": [-0.944, 0.804, 2.16],
						"1.2333": [0, 0, 0],
						"1.3": [0, 0, 0]
					},
					"position": {
						"0.2667": [0, 0, 0],
						"0.3667": [0, -1.15, 0.425],
						"0.4667": [0, -1.15, 0.425],
						"0.5667": [0, -5.1, 2.1],
						"0.6667": [0, -14.1, 6.2],
						"0.9": [0, -14.1, 6.2],
						"1.0667": [0, -6.1, 2.53],
						"1.2333": [0, -4.5, 1.8],
						"1.3": [0, 0, 0]
					}
				},
				"mag_extended_6": {
					"rotation": {
						"0.2667": [0, 0, 0],
						"0.4667": [0, 0, 0],
						"0.5667": [0, 0, 0],
						"0.6667": [70.5392, 8.04932, 21.6175],
						"0.9": [70.5392, 8.04932, 21.6175],
						"1.0333": [11.76, 1.34, 3.6],
						"1.1333": [-0.944, 0.804, 2.16],
						"1.2333": [0, 0, 0],
						"1.3": [0, 0, 0]
					},
					"position": {
						"0.2667": [0, 0, 0],
						"0.3667": [0, -1.15, 0.425],
						"0.4667": [0, -1.15, 0.425],
						"0.5667": [0, -5.1, 2.1],
						"0.6667": [0, -14.1, 6.2],
						"0.9": [0, -14.1, 6.2],
						"1.0667": [0, -6.1, 2.53],
						"1.2333": [0, -4.5, 1.8],
						"1.3": [0, 0, 0]
					}
				},
				"mag_standard6": {
					"rotation": {
						"0.2667": [0, 0, 0],
						"0.4667": [0, 0, 0],
						"0.5667": [0, 0, 0],
						"0.6667": [70.5392, 8.04932, 21.6175],
						"0.9": [70.5392, 8.04932, 21.6175],
						"1.0333": [11.76, 1.34, 3.6],
						"1.1333": [-0.944, 0.804, 2.16],
						"1.2333": [0, 0, 0],
						"1.3": [0, 0, 0]
					},
					"position": {
						"0.2667": [0, 0, 0],
						"0.3667": [0, -1.15, 0.425],
						"0.4667": [0, -1.15, 0.425],
						"0.5667": [0, -5.1, 2.1],
						"0.6667": [0, -14.1, 6.2],
						"0.9": [0, -14.1, 6.2],
						"1.0667": [0, -6.1, 2.53],
						"1.2333": [0, -4.5, 1.8],
						"1.3": [0, 0, 0]
					}
				}
			},
			"sound_effects": {
				"0.0": {
					"effect": "tacz:victor45/victor_reload_empty_raise"
				},
				"0.3": {
					"effect": "tacz:victor45/victor_reload_empty_shake"
				},
				"0.4667": {
					"effect": "emxmors:emx_karma45/smg_clip_out_1"
				},
				"1.0667": {
					"effect": "emxmors:emx_karma45/smg_clip_in_1"
				},
				"1.6333": {
					"effect": "emxmors:emx_karma45/smg_clip_in_1"
				},
				"2.1": {
					"effect": "tacz:victor45/victor_reload_empty_rattle"
				},
				"2.2333": {
					"effect": "tacz:victor45/victor_reload_empty_charge"
				},
				"2.5333": {
					"effect": "tacz:victor45/victor_reload_empty_end"
				}
			}
		},
		"inspect": {
			"animation_length": 8.0667,
			"bones": {
				"root": {
					"rotation": {
						"0.0": {
							"post": [0, 0, 0],
							"lerp_mode": "catmullrom"
						},
						"0.1": {
							"post": [-0.48222, -10.32879, -10.6371],
							"lerp_mode": "catmullrom"
						},
						"0.2667": {
							"post": [-7.81643, -38.04124, -43.59864],
							"lerp_mode": "catmullrom"
						},
						"0.4": {
							"post": [0.52853, -46.12895, -62.22092],
							"lerp_mode": "catmullrom"
						},
						"0.6": {
							"post": [2.35707, -46.56151, -65.14637],
							"lerp_mode": "catmullrom"
						},
						"1.4": {
							"post": [3.9, -46, -66.9],
							"lerp_mode": "catmullrom"
						},
						"1.5": {
							"post": [10.5, -46.1, -76.07],
							"lerp_mode": "catmullrom"
						},
						"1.6": {
							"post": [12.04584, -46.16492, -78.2249],
							"lerp_mode": "catmullrom"
						},
						"1.7667": {
							"post": [9.46623, -46.63168, -74.66322],
							"lerp_mode": "catmullrom"
						},
						"2.0": {
							"post": [9.95239, -46.86376, -75.17502],
							"lerp_mode": "catmullrom"
						},
						"2.3": {
							"post": [9.61908, -43.90831, -74.82758],
							"lerp_mode": "catmullrom"
						},
						"2.5": {
							"post": [-13.05553, -29.41404, -39.12332],
							"lerp_mode": "catmullrom"
						},
						"2.6667": {
							"post": [-24.46, -29.06, -26.67],
							"lerp_mode": "catmullrom"
						},
						"2.8": {
							"post": [-24.77, -29.29, -26.41],
							"lerp_mode": "catmullrom"
						},
						"2.8667": {
							"post": [-25.53854, -28.5824, -24.30434],
							"lerp_mode": "catmullrom"
						},
						"2.9": {
							"post": [-26.02602, -27.90024, -23.26298],
							"lerp_mode": "catmullrom"
						},
						"3.1667": {
							"post": [-22.12661, -30.06214, -26.94814],
							"lerp_mode": "catmullrom"
						},
						"3.2667": {
							"post": [-17.89823, -31.26039, -38.8467],
							"lerp_mode": "catmullrom"
						},
						"3.3667": {
							"post": [-18.02675, -29.59281, -39.11901],
							"lerp_mode": "catmullrom"
						},
						"3.5": {
							"post": [-23.88068, -23.89861, -27.05986],
							"lerp_mode": "catmullrom"
						},
						"3.6": {
							"post": [-25.80209, -22.09574, -23.61591],
							"lerp_mode": "catmullrom"
						},
						"4.4667": {
							"post": [-26.42779, -21.32537, -21.92459],
							"lerp_mode": "catmullrom"
						},
						"4.6": {
							"post": [-20.88003, -27.95795, -23.38356],
							"lerp_mode": "catmullrom"
						},
						"4.7": {
							"post": [-13.29, -35, -31.65],
							"lerp_mode": "catmullrom"
						},
						"4.7667": {
							"post": [-7.08214, -39.04067, -40.65146],
							"lerp_mode": "catmullrom"
						},
						"4.8": {
							"post": [-4.53034, -42.10711, -40.64172],
							"lerp_mode": "catmullrom"
						},
						"4.9667": {
							"post": [-9.6791, -40.56442, -33.31033],
							"lerp_mode": "catmullrom"
						},
						"5.1": {
							"post": [-7.5921, -39.73003, -37.48158],
							"lerp_mode": "catmullrom"
						},
						"5.1667": {
							"post": [-15.61372, -37.31708, -24.62412],
							"lerp_mode": "catmullrom"
						},
						"5.2": {
							"post": [-10.19401, -38.49259, -33.45924],
							"lerp_mode": "catmullrom"
						},
						"5.3": {
							"post": [-10.47873, -36.44176, -27.0159],
							"lerp_mode": "catmullrom"
						},
						"5.4": {
							"post": [-5.42836, -33.76964, -25.99474],
							"lerp_mode": "catmullrom"
						},
						"5.5": {
							"post": [-19.91, -11.23, 17.39],
							"lerp_mode": "catmullrom"
						},
						"5.6": {
							"post": [-21.4, 8.05, 41.61],
							"lerp_mode": "catmullrom"
						},
						"5.7": {
							"post": [-31.70115, 25.78948, 56.73817],
							"lerp_mode": "catmullrom"
						},
						"5.8": {
							"post": [-35.075, 31.85, 60.09],
							"lerp_mode": "catmullrom"
						},
						"5.9": {
							"post": [-35.57112, 31.41816, 59.11623],
							"lerp_mode": "catmullrom"
						},
						"6.1667": {
							"post": [-35.81705, 31.19425, 58.63371],
							"lerp_mode": "catmullrom"
						},
						"6.3667": {
							"post": [-32.86454, 33.59838, 64.23084],
							"lerp_mode": "catmullrom"
						},
						"6.6": {
							"post": [-34.31093, 32.46214, 61.51885],
							"lerp_mode": "catmullrom"
						},
						"6.9": {
							"post": [-33.77134, 32.90427, 62.54453],
							"lerp_mode": "catmullrom"
						},
						"7.0": {
							"post": [-34.145, 32.6, 61.83],
							"lerp_mode": "catmullrom"
						},
						"7.0667": {
							"post": [-36.14709, 29.23727, 56.89595],
							"lerp_mode": "catmullrom"
						},
						"7.1": {
							"post": [-30.5461, 32.38395, 65.15087],
							"lerp_mode": "catmullrom"
						},
						"7.1667": {
							"post": [-38.95299, 28.16757, 52.23439],
							"lerp_mode": "catmullrom"
						},
						"7.2667": {
							"post": [-29.02628, 24.23817, 50.85545],
							"lerp_mode": "catmullrom"
						},
						"7.3667": {
							"post": [-7.61838, 4.90189, 37.11753],
							"lerp_mode": "catmullrom"
						},
						"7.4667": {
							"post": [-0.08, -1.71, 21.05],
							"lerp_mode": "catmullrom"
						},
						"7.5667": {
							"post": [5.1, 0.6, 6.7],
							"lerp_mode": "catmullrom"
						},
						"7.6667": {
							"post": [0, 0, 0],
							"lerp_mode": "catmullrom"
						},
						"7.7": {
							"post": [-0.18955, -0.01562, 1.75184],
							"lerp_mode": "catmullrom"
						},
						"7.8": {
							"post": [0, 0, -1.25],
							"lerp_mode": "catmullrom"
						},
						"7.9": {
							"post": [0.01, 0, 0.525],
							"lerp_mode": "catmullrom"
						},
						"8.0667": {
							"post": [0, 0, 0],
							"lerp_mode": "catmullrom"
						}
					},
					"position": {
						"0.0": {
							"post": [0, 0, 0],
							"lerp_mode": "catmullrom"
						},
						"0.2": {
							"post": [-0.07, -1.25, -2],
							"lerp_mode": "catmullrom"
						},
						"0.3667": {
							"post": [0.05, 0, -2.475],
							"lerp_mode": "catmullrom"
						},
						"0.5": {
							"post": [-0.12, -0.34, -2.23],
							"lerp_mode": "catmullrom"
						},
						"0.7": {
							"post": [-0.135, -0.445, -2.24],
							"lerp_mode": "catmullrom"
						},
						"1.1667": {
							"post": [0, -0.05, -2.3],
							"lerp_mode": "catmullrom"
						},
						"1.4667": {
							"post": [-0.06, 0.08, -2.38],
							"lerp_mode": "catmullrom"
						},
						"1.7": {
							"post": [-0.05, 0.625, -2.575],
							"lerp_mode": "catmullrom"
						},
						"2.1667": {
							"post": [-0.02, 0.76, -2.75],
							"lerp_mode": "catmullrom"
						},
						"2.3": {
							"post": [-0.1, 0.47, -2.395],
							"lerp_mode": "catmullrom"
						},
						"2.6": {
							"post": [-1.075, -1.485, -0.295],
							"lerp_mode": "catmullrom"
						},
						"2.7667": {
							"post": [-1.02, -1.905, 0.035],
							"lerp_mode": "catmullrom"
						},
						"2.8667": {
							"post": [-0.97, -1.86, 0.03],
							"lerp_mode": "catmullrom"
						},
						"3.0": {
							"post": [-1, -1.75, 0.03],
							"lerp_mode": "catmullrom"
						},
						"3.2": {
							"post": [-1.275, -1.71, 0.03],
							"lerp_mode": "catmullrom"
						},
						"3.3667": {
							"post": [-1.905, -1.13, -0.1],
							"lerp_mode": "catmullrom"
						},
						"3.5": {
							"post": [-3.23, -1.68, -0.11],
							"lerp_mode": "catmullrom"
						},
						"3.7": {
							"post": [-3.95, -2.555, -0.1],
							"lerp_mode": "catmullrom"
						},
						"3.8667": {
							"post": [-4.36, -2.46, -0.1],
							"lerp_mode": "catmullrom"
						},
						"4.1": {
							"post": [-4.335, -2.345, -0.1],
							"lerp_mode": "catmullrom"
						},
						"4.3": {
							"post": [-4.47, -2.45, -0.1],
							"lerp_mode": "catmullrom"
						},
						"4.4667": {
							"post": [-4.48, -2.28, -0.1],
							"lerp_mode": "catmullrom"
						},
						"4.6": {
							"post": [-4.31, -2.215, -0.1],
							"lerp_mode": "catmullrom"
						},
						"4.8": {
							"post": [-3.65, -0.885, -0.1],
							"lerp_mode": "catmullrom"
						},
						"4.9667": {
							"post": [-3.575, -1.065, -0.15],
							"lerp_mode": "catmullrom"
						},
						"5.1": {
							"post": [-3.5, -1.36, -0.1],
							"lerp_mode": "catmullrom"
						},
						"5.1667": {
							"post": [-3.4, -2.035, 0.125],
							"lerp_mode": "catmullrom"
						},
						"5.2667": {
							"post": [-3.4, -1.98, 0.13],
							"lerp_mode": "catmullrom"
						},
						"5.4": {
							"post": [-3.4, -2.285, 0.125],
							"lerp_mode": "catmullrom"
						},
						"5.5667": {
							"post": [-2.25, -2.29, 0.48],
							"lerp_mode": "catmullrom"
						},
						"5.7": {
							"post": [-2.14, -2.92, 0.74],
							"lerp_mode": "catmullrom"
						},
						"5.8667": {
							"post": [-2.28, -2.55, 0.85],
							"lerp_mode": "catmullrom"
						},
						"5.9": {
							"post": [-2.3, -2.465, 0.955],
							"lerp_mode": "catmullrom"
						},
						"6.0": {
							"post": [-2.27, -2.38, 0.91],
							"lerp_mode": "catmullrom"
						},
						"6.1": {
							"post": [-2.26, -2.33, 0.9],
							"lerp_mode": "catmullrom"
						},
						"6.3667": {
							"post": [-2.19, -2.16, 0.63],
							"lerp_mode": "catmullrom"
						},
						"6.5": {
							"post": [-2.2, -2.14, 0.57],
							"lerp_mode": "catmullrom"
						},
						"6.7": {
							"post": [-2.21, -2.22, 0.535],
							"lerp_mode": "catmullrom"
						},
						"7.1": {
							"post": [-2.25, -2.16, 0.63],
							"lerp_mode": "catmullrom"
						},
						"7.1667": {
							"post": [-2.335, -2.005, 0.155],
							"lerp_mode": "catmullrom"
						},
						"7.2667": {
							"post": [-2.32, -2.555, 0.325],
							"lerp_mode": "catmullrom"
						},
						"7.3667": {
							"post": [-2, -1.85, 0],
							"lerp_mode": "catmullrom"
						},
						"7.4667": {
							"post": [-1.15, -0.48, -0.335],
							"lerp_mode": "catmullrom"
						},
						"7.6": {
							"post": [0, -0.825, -0.79766],
							"lerp_mode": "catmullrom"
						},
						"7.6667": {
							"post": [0.07, -0.54, 0.26016],
							"lerp_mode": "catmullrom"
						},
						"7.7": {
							"post": [0, -0.2, 0.49063],
							"lerp_mode": "catmullrom"
						},
						"7.8": {
							"post": [0, -0.1, -0.22109],
							"lerp_mode": "catmullrom"
						},
						"7.9": {
							"post": [0, 0, 0.03125],
							"lerp_mode": "catmullrom"
						},
						"8.0667": {
							"post": [0, 0, 0],
							"lerp_mode": "catmullrom"
						}
					}
				},
				"mag_and_lefthand": {
					"rotation": {
						"2.9": [0, 0, 0],
						"3.0": [0, 0, 0],
						"3.2": [0, 0, 0],
						"3.3667": {
							"pre": [0, 0, 0],
							"post": [0, 0, 0],
							"lerp_mode": "catmullrom"
						},
						"3.5667": {
							"post": [-0.90904, -6.80041, 0.13291],
							"lerp_mode": "catmullrom"
						},
						"3.7667": {
							"post": [-5.57883, -11.04972, 3.16753],
							"lerp_mode": "catmullrom"
						},
						"4.1": {
							"post": [-8.72535, -7.91594, 6.76449],
							"lerp_mode": "catmullrom"
						},
						"4.3": {
							"post": [-9.3, -6.79, 1.4],
							"lerp_mode": "catmullrom"
						},
						"4.4333": {
							"post": [-5.64649, -8.78819, -14.22248],
							"lerp_mode": "catmullrom"
						},
						"4.6": {
							"post": [-2.52626, -7.58991, -16.82727],
							"lerp_mode": "catmullrom"
						},
						"4.7667": [0, 0, 0],
						"4.8": [0, 0, 0],
						"4.9667": [-2, 0, 0],
						"5.0667": [-2, 0, 0],
						"5.1": [0, 0, 0],
						"5.1667": [0, 0, 0],
						"5.4": [0, 0, 0]
					},
					"position": {
						"2.9": [0, 0, 0],
						"3.0": [0, -1.77, 0.7],
						"3.2": [0, -1.77, 0.7],
						"3.3667": {
							"pre": [-0.06746, -5.22815, 2.11691],
							"post": [-0.06746, -5.22815, 2.11691],
							"lerp_mode": "catmullrom"
						},
						"3.5": {
							"post": [0.34734, -9.32727, 1.81573],
							"lerp_mode": "catmullrom"
						},
						"3.6667": {
							"post": [4.55678, -5.14159, 2.26016],
							"lerp_mode": "catmullrom"
						},
						"3.8": {
							"post": [5.7, -4.2, 1.8],
							"lerp_mode": "catmullrom"
						},
						"4.0": {
							"post": [5.71031, -3.96353, 1.7149],
							"lerp_mode": "catmullrom"
						},
						"4.3": {
							"post": [5.7, -4.2, 1.8],
							"lerp_mode": "catmullrom"
						},
						"4.4333": {
							"post": [4.07, -5.07, 1.89],
							"lerp_mode": "catmullrom"
						},
						"4.6": {
							"post": [2.44, -5.93, 1.97],
							"lerp_mode": "catmullrom"
						},
						"4.7667": [0, -5.225, 1.35],
						"4.8": [0, -5.225, 1.35],
						"4.9": [0, -5.42, 1.65],
						"4.9667": [0, -5.275, 1.625],
						"5.0667": [0, -5.1, 1.725],
						"5.1": [0, -4.775, 1.925],
						"5.1667": [0, 0, 0],
						"5.4": [0, 0, 0]
					}
				},
				"lefthand": {
					"rotation": {
						"0.0": [109.01172, -13.32834, -215.50088],
						"0.1": [104.41741, -8.06723, -198.01172],
						"0.2667": [117.30897, -44.74439, -197.59411],
						"0.4": [92.43286, -42.35775, -144.3706],
						"2.4": [92.43286, -42.35775, -144.3706],
						"2.6": [120.62851, -8.48775, -193.60482],
						"2.7": [121.50104, -15.34359, -197.8213],
						"2.8": [120.99754, -11.92351, -195.6864],
						"2.9": [120.99754, -11.92351, -195.6864],
						"3.0": [105.80689, -29.94388, -161.02717],
						"3.1667": [78.86829, -31.18798, -110.80756],
						"4.2667": [78.86829, -31.18798, -110.80756],
						"5.2": [78.86829, -31.18798, -110.80756],
						"5.4": [78.86829, -31.18798, -110.80756],
						"5.5": [88.77, -23.12, -163.8],
						"5.7": [108.58605, -6.97365, -269.78512],
						"5.8": [108.76, -10.13, -270.87],
						"5.9": [121.85017, -11.70952, -271.41079],
						"6.0667": [102.15901, -4.63996, -264.07389],
						"6.2": [102.32677, -5.76406, -267.14413],
						"6.4": [102.77379, -9.17631, -271.61444],
						"6.6": [102.55799, -10.57765, -270.2093],
						"6.8": [102.60707, -9.9852, -270.22552],
						"7.0667": [102.60707, -9.9852, -270.22552],
						"7.1": [104.56523, -14.27253, -297.23365],
						"7.2": [125.39192, 4.89155, -293.89495],
						"7.4667": [109.01172, -13.32834, -215.50088]
					},
					"position": {
						"0.0": [7.8125, -9.8625, -13.1125],
						"0.1": [8, -10.3, -6.3],
						"0.2667": [8.02702, -15.48569, 0.0458],
						"0.4": [9.64611, -20.50474, 7.64554],
						"2.4": [9.64611, -20.50474, 7.64554],
						"2.6": [10.45981, -14.25461, -1.60215],
						"2.7": [10.00651, -10.55994, -1.26586],
						"2.9": [10.07029, -12.32664, -2.22428],
						"3.1": [8.4404, -13.08525, -0.22944],
						"3.1667": [8.4829, -15.01915, -1.08187],
						"4.2667": [8.4829, -15.01915, -1.08187],
						"5.2": [8.4829, -15.01915, -1.08187],
						"5.4": [7.36853, -14.25859, -3.31945],
						"5.5": [9.43521, -10.3576, -4.94356],
						"5.6": [9.28, -7.73, -5.66],
						"5.7": [9.2, -6.8, -8],
						"5.8667": [9.2, -6.8, -8.1],
						"5.9667": [10, -6.8, -6.95],
						"6.0667": [9.8, -6.8, -5.4],
						"6.1667": [9.8, -6.8, -5.26],
						"6.3667": [9.8, -6.8, -4.28],
						"6.4": [9.8, -6.8, -4.2],
						"6.6667": [9.8, -6.8, -4.125],
						"6.9": [9.8, -6.8, -4.17],
						"7.0667": [9.8, -6.8, -4.07],
						"7.1": [10.6, -6.2, -2.47],
						"7.2": [11.60858, -6.40018, -1.95275],
						"7.3667": [11.08315, -8.40382, -4.92315],
						"7.4667": [7.8125, -9.8625, -13.1125]
					},
					"scale": [1, 1.5, 1]
				},
				"bullet": {
					"scale": 0
				},
				"righthand": {
					"rotation": [97.52832, -355.04288, -179.34574],
					"position": [-6.8, -10, 3],
					"scale": [1, 1.5, 1]
				},
				"camera": {
					"rotation": {
						"0.0": {
							"post": [0, 0, 0],
							"lerp_mode": "catmullrom"
						},
						"0.4667": {
							"post": [2.375, 0.3, -0.4],
							"lerp_mode": "catmullrom"
						},
						"0.6667": {
							"post": [3.085, 0.37, -0.23],
							"lerp_mode": "catmullrom"
						},
						"0.9": {
							"post": [3, 0.4, -0.5],
							"lerp_mode": "catmullrom"
						},
						"1.4": {
							"post": [3.175, 0.4, -0.5],
							"lerp_mode": "catmullrom"
						},
						"1.9": {
							"post": [0.5, -0.8, -0.7],
							"lerp_mode": "catmullrom"
						},
						"2.3": {
							"post": [-0.7, -0.7, -0.7],
							"lerp_mode": "catmullrom"
						},
						"2.6667": {
							"post": [1.1, 0.425, -0.4],
							"lerp_mode": "catmullrom"
						},
						"2.7667": {
							"post": [1.4, 0.51, -0.09],
							"lerp_mode": "catmullrom"
						},
						"2.8667": {
							"post": [1.44, 0.46, -0.32],
							"lerp_mode": "catmullrom"
						},
						"3.2": {
							"post": [1.5, 0.26, -0.17],
							"lerp_mode": "catmullrom"
						},
						"3.3667": {
							"post": [2.8, 0.05, -1.55],
							"lerp_mode": "catmullrom"
						},
						"3.5667": {
							"post": [2.895, -0.55, -1.415],
							"lerp_mode": "catmullrom"
						},
						"3.8": {
							"post": [4.125, -1.3, -1.6],
							"lerp_mode": "catmullrom"
						},
						"4.2667": {
							"post": [4.315, -1.34, -1.54],
							"lerp_mode": "catmullrom"
						},
						"4.4": {
							"post": [3.235, -1.19, -1.45],
							"lerp_mode": "catmullrom"
						},
						"4.6": {
							"post": [0.6, -0.4, -0.6],
							"lerp_mode": "catmullrom"
						},
						"4.7": {
							"post": [0.325, -0.17, 0.045],
							"lerp_mode": "catmullrom"
						},
						"4.8": {
							"post": [0.11, 0.02, -0.17],
							"lerp_mode": "catmullrom"
						},
						"4.9667": {
							"post": [-0.2, 0.3, 0],
							"lerp_mode": "catmullrom"
						},
						"5.1": {
							"post": [-0.18, 0.31, -0.12],
							"lerp_mode": "catmullrom"
						},
						"5.1667": {
							"post": [0.825, 0.3, -1.01],
							"lerp_mode": "catmullrom"
						},
						"5.2667": {
							"post": [-0.23, 0.26, 0.475],
							"lerp_mode": "catmullrom"
						},
						"5.3667": {
							"post": [-0.48, 0.24, -0.42],
							"lerp_mode": "catmullrom"
						},
						"5.5": {
							"post": [0.4, 0.3, -0.4],
							"lerp_mode": "catmullrom"
						},
						"5.7667": {
							"post": [2.36, 0.98, 1.24],
							"lerp_mode": "catmullrom"
						},
						"5.8667": {
							"post": [3.2, 1.2, 1.875],
							"lerp_mode": "catmullrom"
						},
						"6.1": {
							"post": [3.6, 1.2, 2.275],
							"lerp_mode": "catmullrom"
						},
						"6.2667": {
							"post": [4.41, 1.13, 2.88],
							"lerp_mode": "catmullrom"
						},
						"6.6667": {
							"post": [5, 0.9, 1.8],
							"lerp_mode": "catmullrom"
						},
						"7.0667": {
							"post": [4.94, 1.13, 2.08],
							"lerp_mode": "catmullrom"
						},
						"7.1": {
							"post": [6.175, 1.1, 0.75],
							"lerp_mode": "catmullrom"
						},
						"7.2": {
							"post": [3.68, 0.91, 2.755],
							"lerp_mode": "catmullrom"
						},
						"7.3667": {
							"post": [2.805, 0.52, 1],
							"lerp_mode": "catmullrom"
						},
						"7.5667": {
							"post": [-0.1, 0, -0.3],
							"lerp_mode": "catmullrom"
						},
						"7.6667": {
							"post": [0.575, 0, 0.775],
							"lerp_mode": "catmullrom"
						},
						"7.7667": {
							"post": [-0.1, 0, -0.325],
							"lerp_mode": "catmullrom"
						},
						"7.9": {
							"post": [0.00156, 0, 0.03516],
							"lerp_mode": "catmullrom"
						},
						"8.1667": {
							"post": [-0.1, 0, 0],
							"lerp_mode": "catmullrom"
						}
					}
				},
				"ammo_out2": {
					"scale": 0
				},
				"vector45_bolt": {
					"position": {
						"6.1667": [0, 0, 0],
						"6.3667": [0, 0, 1.23],
						"6.4": [0, 0, 1.3],
						"6.6667": [0, 0, 1.3],
						"6.9": [0, 0, 1.275],
						"7.0667": [0, 0, 1.37],
						"7.1": [0, 0, 0]
					}
				},
				"fix1": {
					"rotation": {
						"5.8667": [0, 0, 0],
						"6.0667": [0, -90, 0],
						"7.0667": [0, -90, 0],
						"7.1": [0, 0, 0]
					}
				}
			},
			"sound_effects": {
				"0.1667": {
					"effect": "tacz:victor45/victor_inspect_raise"
				},
				"1.4": {
					"effect": "tacz:victor45/victor_inspect_moveclose"
				},
				"2.2333": {
					"effect": "tacz:victor45/victor_inspect_lower"
				},
				"2.8667": {
					"effect": "emxmors:emx_karma45/smg_clip_out_1"
				},
				"4.1667": {
					"effect": "tacz:victor45/victor_inspect_mvmnt"
				},
				"4.7667": {
					"effect": "emxmors:emx_karma45/smg_clip_in_1"
				},
				"5.1": {
					"effect": "tacz:victor45/victor_inspect_magin"
				},
				"5.4667": {
					"effect": "tacz:victor45/victor_inspect_rotate"
				},
				"6.0": {
					"effect": "tacz:victor45/victor_inspect_boltpull"
				},
				"7.0": {
					"effect": "tacz:victor45/victor_inspect_boltrelease"
				},
				"7.1": {
					"effect": "tacz:victor45/victor_inspect_end"
				}
			}
		},
		"inspect_empty": {
			"animation_length": 8.0667,
			"bones": {
				"root": {
					"rotation": {
						"0.0": {
							"post": [0, 0, 0],
							"lerp_mode": "catmullrom"
						},
						"0.1": {
							"post": [-0.48222, -10.32879, -10.6371],
							"lerp_mode": "catmullrom"
						},
						"0.2667": {
							"post": [-7.81643, -38.04124, -43.59864],
							"lerp_mode": "catmullrom"
						},
						"0.4": {
							"post": [0.52853, -46.12895, -62.22092],
							"lerp_mode": "catmullrom"
						},
						"0.6": {
							"post": [2.35707, -46.56151, -65.14637],
							"lerp_mode": "catmullrom"
						},
						"1.4": {
							"post": [3.9, -46, -66.9],
							"lerp_mode": "catmullrom"
						},
						"1.5": {
							"post": [10.5, -46.1, -76.07],
							"lerp_mode": "catmullrom"
						},
						"1.6": {
							"post": [12.04584, -46.16492, -78.2249],
							"lerp_mode": "catmullrom"
						},
						"1.7667": {
							"post": [9.46623, -46.63168, -74.66322],
							"lerp_mode": "catmullrom"
						},
						"2.0": {
							"post": [9.95239, -46.86376, -75.17502],
							"lerp_mode": "catmullrom"
						},
						"2.3": {
							"post": [9.61908, -43.90831, -74.82758],
							"lerp_mode": "catmullrom"
						},
						"2.5": {
							"post": [-13.05553, -29.41404, -39.12332],
							"lerp_mode": "catmullrom"
						},
						"2.6667": {
							"post": [-24.46, -29.06, -26.67],
							"lerp_mode": "catmullrom"
						},
						"2.8": {
							"post": [-24.77, -29.29, -26.41],
							"lerp_mode": "catmullrom"
						},
						"2.8667": {
							"post": [-25.53854, -28.5824, -24.30434],
							"lerp_mode": "catmullrom"
						},
						"2.9": {
							"post": [-26.02602, -27.90024, -23.26298],
							"lerp_mode": "catmullrom"
						},
						"3.1667": {
							"post": [-22.12661, -30.06214, -26.94814],
							"lerp_mode": "catmullrom"
						},
						"3.2667": {
							"post": [-17.89823, -31.26039, -38.8467],
							"lerp_mode": "catmullrom"
						},
						"3.3667": {
							"post": [-18.02675, -29.59281, -39.11901],
							"lerp_mode": "catmullrom"
						},
						"3.5": {
							"post": [-23.88068, -23.89861, -27.05986],
							"lerp_mode": "catmullrom"
						},
						"3.6": {
							"post": [-25.80209, -22.09574, -23.61591],
							"lerp_mode": "catmullrom"
						},
						"4.4667": {
							"post": [-26.42779, -21.32537, -21.92459],
							"lerp_mode": "catmullrom"
						},
						"4.6": {
							"post": [-20.88003, -27.95795, -23.38356],
							"lerp_mode": "catmullrom"
						},
						"4.7": {
							"post": [-13.29, -35, -31.65],
							"lerp_mode": "catmullrom"
						},
						"4.7667": {
							"post": [-7.08214, -39.04067, -40.65146],
							"lerp_mode": "catmullrom"
						},
						"4.8": {
							"post": [-4.53034, -42.10711, -40.64172],
							"lerp_mode": "catmullrom"
						},
						"4.9667": {
							"post": [-9.6791, -40.56442, -33.31033],
							"lerp_mode": "catmullrom"
						},
						"5.1": {
							"post": [-7.5921, -39.73003, -37.48158],
							"lerp_mode": "catmullrom"
						},
						"5.1667": {
							"post": [-15.61372, -37.31708, -24.62412],
							"lerp_mode": "catmullrom"
						},
						"5.2": {
							"post": [-10.19401, -38.49259, -33.45924],
							"lerp_mode": "catmullrom"
						},
						"5.3": {
							"post": [-10.47873, -36.44176, -27.0159],
							"lerp_mode": "catmullrom"
						},
						"5.4": {
							"post": [-5.42836, -33.76964, -25.99474],
							"lerp_mode": "catmullrom"
						},
						"5.5": {
							"post": [-19.91, -11.23, 17.39],
							"lerp_mode": "catmullrom"
						},
						"5.6": {
							"post": [-21.4, 8.05, 52.96],
							"lerp_mode": "catmullrom"
						},
						"5.7": {
							"post": [-20.85854, 28.20685, 71.78983],
							"lerp_mode": "catmullrom"
						},
						"5.9": {
							"post": [-22.94612, 31.41816, 75.51623],
							"lerp_mode": "catmullrom"
						},
						"6.1667": {
							"post": [-24.48954, 32.37338, 75.25584],
							"lerp_mode": "catmullrom"
						},
						"6.3667": {
							"post": [-24.32, 33.14, 75.45],
							"lerp_mode": "catmullrom"
						},
						"6.5": {
							"post": [-21.08355, 35.51386, 81.89687],
							"lerp_mode": "catmullrom"
						},
						"6.6667": {
							"post": [-21.12134, 35.35427, 81.49453],
							"lerp_mode": "catmullrom"
						},
						"6.9": {
							"post": [-21.12134, 35.35427, 81.49453],
							"lerp_mode": "catmullrom"
						},
						"7.1667": {
							"post": [-20.22799, 33.56757, 80.18439],
							"lerp_mode": "catmullrom"
						},
						"7.2667": {
							"post": [-16.40128, 26.68817, 73.35545],
							"lerp_mode": "catmullrom"
						},
						"7.3667": {
							"post": [-7.61838, 4.90189, 37.11753],
							"lerp_mode": "catmullrom"
						},
						"7.4667": {
							"post": [-0.08, -1.71, 21.05],
							"lerp_mode": "catmullrom"
						},
						"7.5667": {
							"post": [5.1, 0.6, 6.7],
							"lerp_mode": "catmullrom"
						},
						"7.6667": {
							"post": [0, 0, 0],
							"lerp_mode": "catmullrom"
						},
						"7.7": {
							"post": [-0.18955, -0.01562, 1.75184],
							"lerp_mode": "catmullrom"
						},
						"7.7667": {
							"post": [0, 0, -1.25],
							"lerp_mode": "catmullrom"
						},
						"7.8": {
							"post": [0.01, 0, 0.525],
							"lerp_mode": "catmullrom"
						},
						"7.9": {
							"post": [0, 0, 0],
							"lerp_mode": "catmullrom"
						}
					},
					"position": {
						"0.0": {
							"post": [0, 0, 0],
							"lerp_mode": "catmullrom"
						},
						"0.2": {
							"post": [-0.07, -1.25, -2],
							"lerp_mode": "catmullrom"
						},
						"0.4": {
							"post": [0.05, 0, -2.475],
							"lerp_mode": "catmullrom"
						},
						"0.5667": {
							"post": [-0.12, -0.34, -2.23],
							"lerp_mode": "catmullrom"
						},
						"0.7": {
							"post": [-0.135, -0.445, -2.24],
							"lerp_mode": "catmullrom"
						},
						"1.1667": {
							"post": [0, -0.05, -2.3],
							"lerp_mode": "catmullrom"
						},
						"1.4667": {
							"post": [-0.06, 0.08, -2.38],
							"lerp_mode": "catmullrom"
						},
						"1.7": {
							"post": [-0.05, 0.625, -2.575],
							"lerp_mode": "catmullrom"
						},
						"2.1667": {
							"post": [-0.02, 0.76, -2.75],
							"lerp_mode": "catmullrom"
						},
						"2.3": {
							"post": [-0.1, 0.47, -2.395],
							"lerp_mode": "catmullrom"
						},
						"2.6": {
							"post": [-1.075, -1.485, -0.295],
							"lerp_mode": "catmullrom"
						},
						"2.7667": {
							"post": [-1.02, -1.905, 0.035],
							"lerp_mode": "catmullrom"
						},
						"2.8667": {
							"post": [-0.97, -1.86, 0.03],
							"lerp_mode": "catmullrom"
						},
						"3.0": {
							"post": [-1, -1.75, 0.03],
							"lerp_mode": "catmullrom"
						},
						"3.2": {
							"post": [-1.275, -1.71, 0.03],
							"lerp_mode": "catmullrom"
						},
						"3.3667": {
							"post": [-1.905, -1.13, -0.1],
							"lerp_mode": "catmullrom"
						},
						"3.5": {
							"post": [-3.23, -1.68, -0.11],
							"lerp_mode": "catmullrom"
						},
						"3.7": {
							"post": [-3.95, -2.555, -0.1],
							"lerp_mode": "catmullrom"
						},
						"3.8667": {
							"post": [-4.36, -2.46, -0.1],
							"lerp_mode": "catmullrom"
						},
						"4.1": {
							"post": [-4.335, -2.345, -0.1],
							"lerp_mode": "catmullrom"
						},
						"4.3667": {
							"post": [-4.47, -2.45, -0.1],
							"lerp_mode": "catmullrom"
						},
						"4.4667": {
							"post": [-4.48, -2.28, -0.1],
							"lerp_mode": "catmullrom"
						},
						"4.6": {
							"post": [-3.91, -2.615, -0.1],
							"lerp_mode": "catmullrom"
						},
						"4.8": {
							"post": [-3.65, -0.885, -0.1],
							"lerp_mode": "catmullrom"
						},
						"4.9667": {
							"post": [-3.575, -1.065, -0.15],
							"lerp_mode": "catmullrom"
						},
						"5.1": {
							"post": [-3.5, -1.36, -0.1],
							"lerp_mode": "catmullrom"
						},
						"5.1667": {
							"post": [-3.4, -2.035, 0.125],
							"lerp_mode": "catmullrom"
						},
						"5.2667": {
							"post": [-3.4, -1.98, 0.13],
							"lerp_mode": "catmullrom"
						},
						"5.4": {
							"post": [-3.4, -2.135, 0.125],
							"lerp_mode": "catmullrom"
						},
						"5.5667": {
							"post": [-2.25, -3.19, 0.48],
							"lerp_mode": "catmullrom"
						},
						"5.7": {
							"post": [-2.14, -2.87, 0.74],
							"lerp_mode": "catmullrom"
						},
						"5.8667": {
							"post": [-2.28, -2.5, 0.85],
							"lerp_mode": "catmullrom"
						},
						"6.0": {
							"post": [-2.27, -2.23, 0.91],
							"lerp_mode": "catmullrom"
						},
						"6.1": {
							"post": [-2.26, -2.18, 0.9],
							"lerp_mode": "catmullrom"
						},
						"6.4": {
							"post": [-2.2, -2.215, 0.845],
							"lerp_mode": "catmullrom"
						},
						"6.7667": {
							"post": [-2.21, -2.22, 0.81],
							"lerp_mode": "catmullrom"
						},
						"7.1": {
							"post": [-2.25, -2.16, 0.63],
							"lerp_mode": "catmullrom"
						},
						"7.2667": {
							"post": [-2.32, -2.555, 0.325],
							"lerp_mode": "catmullrom"
						},
						"7.3667": {
							"post": [-2, -1.85, 0],
							"lerp_mode": "catmullrom"
						},
						"7.4667": {
							"post": [-1.15, -0.48, -0.335],
							"lerp_mode": "catmullrom"
						},
						"7.6": {
							"post": [0, -0.825, -0.79766],
							"lerp_mode": "catmullrom"
						},
						"7.6667": {
							"post": [0.07, -0.54, 0.26016],
							"lerp_mode": "catmullrom"
						},
						"7.7": {
							"post": [0, -0.2, 0.49063],
							"lerp_mode": "catmullrom"
						},
						"7.8": {
							"post": [0, -0.1, -0.22109],
							"lerp_mode": "catmullrom"
						},
						"7.9": {
							"post": [0, 0, 0.03125],
							"lerp_mode": "catmullrom"
						},
						"8.0667": {
							"post": [0, 0, 0],
							"lerp_mode": "catmullrom"
						}
					}
				},
				"mag_and_lefthand": {
					"rotation": {
						"2.9": [0, 0, 0],
						"3.0": [0, 0, 0],
						"3.2": [0, 0, 0],
						"3.3667": {
							"pre": [0, 0, 0],
							"post": [0, 0, 0],
							"lerp_mode": "catmullrom"
						},
						"3.5667": {
							"post": [-0.90904, -6.80041, 0.13291],
							"lerp_mode": "catmullrom"
						},
						"3.7667": {
							"post": [-5.57883, -11.04972, 3.16753],
							"lerp_mode": "catmullrom"
						},
						"4.1": {
							"post": [-8.72535, -7.91594, 6.98949],
							"lerp_mode": "catmullrom"
						},
						"4.3": {
							"post": [-9.3, -6.79, 3.9],
							"lerp_mode": "catmullrom"
						},
						"4.4": {
							"post": [-7.98585, -8.29756, -6.07368],
							"lerp_mode": "catmullrom"
						},
						"4.5": {
							"post": [-3.04649, -8.78819, -26.84748],
							"lerp_mode": "catmullrom"
						},
						"4.6": {
							"post": [-2.52626, -7.58991, -16.82727],
							"lerp_mode": "catmullrom"
						},
						"4.7667": [0, 0, 0],
						"4.8": [0, 0, 0],
						"4.9667": [-2, 0, 0],
						"5.0667": [-2, 0, 0],
						"5.1": [0, 0, 0],
						"5.1667": [0, 0, 0],
						"5.4": [0, 0, 0]
					},
					"position": {
						"2.9": [0, 0, 0],
						"3.0": [0, -1.77, 0.7],
						"3.2": [0, -1.77, 0.7],
						"3.3667": {
							"pre": [-0.06746, -5.22815, 2.11691],
							"post": [-0.06746, -5.22815, 2.11691],
							"lerp_mode": "catmullrom"
						},
						"3.5": {
							"post": [0.34734, -9.32727, 1.81573],
							"lerp_mode": "catmullrom"
						},
						"3.6667": {
							"post": [4.55678, -5.14159, 2.26016],
							"lerp_mode": "catmullrom"
						},
						"3.8": {
							"post": [5.7, -4.2, 1.8],
							"lerp_mode": "catmullrom"
						},
						"4.0": {
							"post": [5.71031, -3.96353, 1.7149],
							"lerp_mode": "catmullrom"
						},
						"4.3": {
							"post": [5.7, -4.2, 1.8],
							"lerp_mode": "catmullrom"
						},
						"4.4": {
							"post": [5.85056, -3.5115, 1.39282],
							"lerp_mode": "catmullrom"
						},
						"4.5": {
							"post": [4.07, -5.07, 1.89],
							"lerp_mode": "catmullrom"
						},
						"4.6": {
							"post": [2.44, -5.93, 1.97],
							"lerp_mode": "catmullrom"
						},
						"4.7667": [0, -5.225, 1.35],
						"4.8": [0, -5.225, 1.35],
						"4.9": [0, -5.42, 1.65],
						"4.9667": [0, -5.275, 1.625],
						"5.0667": [0, -5.1, 1.725],
						"5.1": [0, -4.775, 1.925],
						"5.1667": [0, 0, 0],
						"5.4": [0, 0, 0]
					}
				},
				"lefthand": {
					"rotation": {
						"0.0": [109.01172, -13.32834, -215.50088],
						"0.1": [104.41741, -8.06723, -198.01172],
						"0.2667": [117.30897, -44.74439, -197.59411],
						"0.4": [92.43286, -42.35775, -144.3706],
						"2.4": [92.43286, -42.35775, -144.3706],
						"2.6": [120.62851, -8.48775, -193.60482],
						"2.7": [121.50104, -15.34359, -197.8213],
						"2.8": [120.99754, -11.92351, -195.6864],
						"2.9": [120.99754, -11.92351, -195.6864],
						"3.0": [105.80689, -29.94388, -161.02717],
						"3.1667": [78.86829, -31.18798, -110.80756],
						"5.3667": [78.86829, -31.18798, -110.80756],
						"5.4667": [92.6122, -32.93456, -181.06149],
						"5.7667": [109.01172, -13.32834, -215.50088],
						"7.2667": [109.01172, -13.32834, -215.50088],
						"7.4667": [109.01172, -13.32834, -215.50088]
					},
					"position": {
						"0.0": [7.8125, -9.8625, -13.1125],
						"0.1": [8, -10.3, -6.3],
						"0.2667": [8.02702, -15.48569, 0.0458],
						"0.4": [9.64611, -20.50474, 7.64554],
						"2.4": [9.64611, -20.50474, 7.64554],
						"2.6": [10.20117, -12.54654, -0.59437],
						"2.7": [10.00651, -10.55994, -1.26586],
						"2.9": [9.81165, -10.61858, -1.2165],
						"3.1": [9.56651, -14.3852, -1.25023],
						"3.1667": [8.4829, -15.01915, -1.08187],
						"5.3667": [8.4829, -15.01915, -1.08187],
						"5.6": [7.8125, -9.8625, -13.1125],
						"5.7667": [7.8125, -9.8625, -13.1125],
						"7.2667": [7.8125, -9.8625, -13.1125],
						"7.4667": [7.8125, -9.8625, -13.1125]
					},
					"scale": [1, 1.5, 1]
				},
				"bullet": {
					"scale": 0
				},
				"bullet_in_mag": {
					"scale": 0
				},
				"righthand": {
					"rotation": [97.52832, -355.04288, -179.34574],
					"position": [-6.8, -10, 3],
					"scale": [1, 1.5, 1]
				},
				"camera": {
					"rotation": {
						"0.0": {
							"post": [0, 0, 0],
							"lerp_mode": "catmullrom"
						},
						"0.4667": {
							"post": [2.375, 0.3, -0.4],
							"lerp_mode": "catmullrom"
						},
						"0.6667": {
							"post": [3.085, 0.37, -0.23],
							"lerp_mode": "catmullrom"
						},
						"0.9": {
							"post": [3, 0.4, -0.5],
							"lerp_mode": "catmullrom"
						},
						"1.4": {
							"post": [3.175, 0.4, -0.5],
							"lerp_mode": "catmullrom"
						},
						"1.9": {
							"post": [0.5, -0.8, -0.7],
							"lerp_mode": "catmullrom"
						},
						"2.3": {
							"post": [-0.7, -0.7, -0.7],
							"lerp_mode": "catmullrom"
						},
						"2.6667": {
							"post": [1.1, 0.425, -0.4],
							"lerp_mode": "catmullrom"
						},
						"2.7667": {
							"post": [1.4, 0.51, -0.09],
							"lerp_mode": "catmullrom"
						},
						"2.8667": {
							"post": [1.44, 0.46, -0.32],
							"lerp_mode": "catmullrom"
						},
						"3.2": {
							"post": [1.5, 0.26, -0.17],
							"lerp_mode": "catmullrom"
						},
						"3.3667": {
							"post": [2.8, 0.05, -1.55],
							"lerp_mode": "catmullrom"
						},
						"3.5667": {
							"post": [2.895, -0.55, -1.415],
							"lerp_mode": "catmullrom"
						},
						"3.8": {
							"post": [4.125, -1.3, -1.6],
							"lerp_mode": "catmullrom"
						},
						"4.2667": {
							"post": [4.315, -1.34, -1.54],
							"lerp_mode": "catmullrom"
						},
						"4.3667": {
							"post": [4.11, -1.19, -0.725],
							"lerp_mode": "catmullrom"
						},
						"4.6": {
							"post": [0.6, -0.4, -0.6],
							"lerp_mode": "catmullrom"
						},
						"4.7": {
							"post": [0.325, -0.17, 0.045],
							"lerp_mode": "catmullrom"
						},
						"4.8": {
							"post": [0.11, 0.02, -0.17],
							"lerp_mode": "catmullrom"
						},
						"4.9667": {
							"post": [-0.2, 0.3, 0],
							"lerp_mode": "catmullrom"
						},
						"5.1": {
							"post": [-0.18, 0.31, -0.12],
							"lerp_mode": "catmullrom"
						},
						"5.1667": {
							"post": [0.825, 0.3, -1.01],
							"lerp_mode": "catmullrom"
						},
						"5.2667": {
							"post": [-0.23, 0.26, 0.475],
							"lerp_mode": "catmullrom"
						},
						"5.3667": {
							"post": [-0.48, 0.24, -0.42],
							"lerp_mode": "catmullrom"
						},
						"5.5": {
							"post": [0.4, 0.3, -0.4],
							"lerp_mode": "catmullrom"
						},
						"5.7667": {
							"post": [2.81, 0.855, 1.24],
							"lerp_mode": "catmullrom"
						},
						"5.8667": {
							"post": [3.65, 1.075, 1.875],
							"lerp_mode": "catmullrom"
						},
						"6.1": {
							"post": [4.175, 1.2, 2.275],
							"lerp_mode": "catmullrom"
						},
						"6.6667": {
							"post": [4.575, 0.9, 2],
							"lerp_mode": "catmullrom"
						},
						"7.0667": {
							"post": [4.515, 1.13, 2.08],
							"lerp_mode": "catmullrom"
						},
						"7.3667": {
							"post": [2.805, 0.52, 1],
							"lerp_mode": "catmullrom"
						},
						"7.5667": {
							"post": [-0.1, 0, -0.3],
							"lerp_mode": "catmullrom"
						},
						"7.6667": {
							"post": [0.575, 0, 0.775],
							"lerp_mode": "catmullrom"
						},
						"7.7667": {
							"post": [-0.1, 0, -0.325],
							"lerp_mode": "catmullrom"
						},
						"7.9": {
							"post": [0.00156, 0, 0.03516],
							"lerp_mode": "catmullrom"
						},
						"8.1667": {
							"post": [-0.1, 0, 0],
							"lerp_mode": "catmullrom"
						}
					},
					"position": [0, 0, 0]
				},
				"release": {
					"rotation": [0, -8, 0],
					"position": [0.15, 0, 0]
				},
				"bolt_cover": {
					"position": [0, 0, 1.5]
				}
			},
			"sound_effects": {
				"0.1667": {
					"effect": "tacz:victor45/victor_inspect_raise"
				},
				"1.4": {
					"effect": "tacz:victor45/victor_inspect_moveclose"
				},
				"2.2333": {
					"effect": "tacz:victor45/victor_inspect_lower"
				},
				"2.8667": {
					"effect": "emxmors:emx_karma45/smg_clip_out_1"
				},
				"4.1667": {
					"effect": "tacz:victor45/victor_inspect_mvmnt"
				},
				"4.7667": {
					"effect": "emxmors:emx_karma45/smg_clip_in_1"
				},
				"5.1": {
					"effect": "tacz:victor45/victor_inspect_magin"
				},
				"5.4667": {
					"effect": "tacz:victor45/victor_inspect_rotate"
				},
				"7.1": {
					"effect": "tacz:victor45/victor_inspect_end"
				}
			}
		},
		"shoot": {
			"loop": true,
			"animation_length": 0.5,
			"bones": {
				"root": {
					"rotation": {
						"0.0": {
							"post": [0, 0, 0],
							"lerp_mode": "catmullrom"
						},
						"0.0333": {
							"post": [0.03516, 0, -2.11172],
							"lerp_mode": "catmullrom"
						},
						"0.0667": {
							"post": [-0.56984, 0, 1.16812],
							"lerp_mode": "catmullrom"
						},
						"0.1333": {
							"post": [-1.03906, 0, -0.96172],
							"lerp_mode": "catmullrom"
						},
						"0.2333": {
							"post": [0.19531, 0, 0.43047],
							"lerp_mode": "catmullrom"
						},
						"0.3333": {
							"post": [-0.06641, 0, -0.18828],
							"lerp_mode": "catmullrom"
						},
						"0.5": {
							"post": [0, 0, 0],
							"lerp_mode": "catmullrom"
						}
					},
					"position": {
						"0.0": {
							"post": [0, 0, 0],
							"lerp_mode": "catmullrom"
						},
						"0.0333": {
							"post": [0, -0.18, 0.93297],
							"lerp_mode": "catmullrom"
						},
						"0.0667": {
							"post": [0, -0.15234, 0.38906],
							"lerp_mode": "catmullrom"
						},
						"0.1": {
							"post": [0, -0.13, 0.04],
							"lerp_mode": "catmullrom"
						},
						"0.1667": {
							"post": [0, -0.06641, -0.10937],
							"lerp_mode": "catmullrom"
						},
						"0.2667": {
							"post": [0, 0, 0.0625],
							"lerp_mode": "catmullrom"
						},
						"0.3667": {
							"post": [0, 0, -0.02734],
							"lerp_mode": "catmullrom"
						},
						"0.4667": {
							"post": [0, 0, 0],
							"lerp_mode": "catmullrom"
						}
					}
				},
				"camera": {
					"rotation": {
						"0.0": {
							"post": [0, 0, 0],
							"lerp_mode": "catmullrom"
						},
						"0.0333": {
							"post": [0, 0, 0.425],
							"lerp_mode": "catmullrom"
						},
						"0.0667": {
							"post": [0, 0, -0.25],
							"lerp_mode": "catmullrom"
						},
						"0.1333": {
							"post": [0, 0, 0.225],
							"lerp_mode": "catmullrom"
						},
						"0.2": {
							"post": [0, 0, -0.125],
							"lerp_mode": "catmullrom"
						},
						"0.2667": {
							"post": [0, 0, 0.05],
							"lerp_mode": "catmullrom"
						},
						"0.3333": {
							"post": [0, 0, 0],
							"lerp_mode": "catmullrom"
						}
					}
				},
				"bolt_cover": {
					"position": {
						"0.0": [0, 0, 0],
						"0.0333": [0, 0, 2],
						"0.0667": [0, 0, 0]
					}
				},
				"constraint": {
					"rotation": {
						"0.0": [0.08, 0.02, 0.08],
						"0.1": [0.08, 0.02, 0.08],
						"0.2333": [0, 0, 0]
					},
					"position": {
						"0.0": [0.2, 0.15, 0.4],
						"0.1": [0.2, 0.15, 0.4],
						"0.2333": [0, 0, 0]
					}
				}
			}
		},
		"melee_bayonet_1": {
			"animation_length": 1.1,
			"bones": {
				"root": {
					"rotation": {
						"0.0": {
							"post": [0, 0, 0],
							"lerp_mode": "catmullrom"
						},
						"0.0667": {
							"post": [-0.91946, -0.68416, 4.52785],
							"lerp_mode": "catmullrom"
						},
						"0.1333": {
							"post": [-77.5, 0, 90],
							"lerp_mode": "catmullrom"
						},
						"0.2": {
							"post": [-152.5, 0, 102],
							"lerp_mode": "catmullrom"
						},
						"0.3": {
							"post": [-152.5, 0, 100],
							"lerp_mode": "catmullrom"
						},
						"0.4667": {
							"post": [-152.5, 0, 44],
							"lerp_mode": "catmullrom"
						},
						"0.6333": {
							"post": [0.20024, -1.98812, 22.79719],
							"lerp_mode": "catmullrom"
						},
						"0.8": {
							"post": [1.49985, -0.01745, 13.09985],
							"lerp_mode": "catmullrom"
						},
						"0.9333": {
							"post": [0, -0.375, 4.5],
							"lerp_mode": "catmullrom"
						},
						"1.0": {
							"post": [-0.09, -0.35, -0.46875],
							"lerp_mode": "catmullrom"
						},
						"1.1333": {
							"post": [0.01309, -0.25017, -0.42511],
							"lerp_mode": "catmullrom"
						}
					},
					"position": {
						"0.0": {
							"post": [0, 0, 0],
							"lerp_mode": "catmullrom"
						},
						"0.0667": {
							"post": [-2.11, -1.63, 1.31],
							"lerp_mode": "catmullrom"
						},
						"0.1333": {
							"post": [0, 0, 1],
							"lerp_mode": "catmullrom"
						},
						"0.2": {
							"post": [6, 0, -4],
							"lerp_mode": "catmullrom"
						},
						"0.3": {
							"post": [6, 0, -5],
							"lerp_mode": "catmullrom"
						},
						"0.3667": {
							"post": [6, 0, -4],
							"lerp_mode": "catmullrom"
						},
						"0.6333": {
							"post": [-0.21, -1.08, -2.375],
							"lerp_mode": "catmullrom"
						},
						"0.8": {
							"post": [0, -0.25, -0.025],
							"lerp_mode": "catmullrom"
						},
						"0.9333": {
							"post": [0, 0, 0.525],
							"lerp_mode": "catmullrom"
						},
						"1.1": {
							"post": [0, 0, -0.1],
							"lerp_mode": "catmullrom"
						}
					}
				},
				"righthand": {
					"rotation": {
						"0.0": [89.49625, 6.99973, -180.06139],
						"0.1333": [-33, 7, -180.06],
						"0.2333": [-33, 7, -180.06],
						"0.5333": [-33, 7, -180.06],
						"0.6": [89.49625, 6.99973, -180.06139],
						"1.0667": [89.49625, 6.99973, -180.06139]
					},
					"position": {
						"0.0": [-6.85, -14.075, 8.775],
						"0.2333": [-6.85, -8.07, 12.78],
						"0.5333": [-6.85, -8.07, 12.78],
						"0.6": [-6.85, -14.075, 8.775],
						"1.0667": [-6.85, -14.075, 8.775]
					},
					"scale": {
						"0.0": [1, 1.5, 1],
						"1.0667": [1, 1.5, 1]
					}
				},
				"camera": {
					"rotation": {
						"0.0": {
							"post": [0, 0, 0],
							"lerp_mode": "catmullrom"
						},
						"0.0667": {
							"post": [-0.325, -0.2, -0.4],
							"lerp_mode": "catmullrom"
						},
						"0.2": {
							"post": [0.455, -0.175, 0.7],
							"lerp_mode": "catmullrom"
						},
						"0.3333": {
							"post": [-0.195, 0.075, -0.45],
							"lerp_mode": "catmullrom"
						},
						"0.4667": {
							"post": [0.185, 0.175, 0.15],
							"lerp_mode": "catmullrom"
						},
						"0.7333": {
							"post": [0, 0, 0],
							"lerp_mode": "catmullrom"
						}
					}
				}
			},
			"sound_effects": {
				"0.0667": {
					"effect": "emxarms:emx_melee/emx_melee_03"
				}
			}
		},
		"melee_stock": {
			"animation_length": 1.1,
			"bones": {
				"root": {
					"rotation": {
						"0.0": {
							"post": [0, 0, 0],
							"lerp_mode": "catmullrom"
						},
						"0.0667": {
							"post": [-0.91946, -0.68416, 4.52785],
							"lerp_mode": "catmullrom"
						},
						"0.1333": {
							"post": [-77.5, 0, 90],
							"lerp_mode": "catmullrom"
						},
						"0.2": {
							"post": [-150.93209, 7.3352, 102.10051],
							"lerp_mode": "catmullrom"
						},
						"0.3": {
							"post": [-150.74622, 9.84655, 100.15108],
							"lerp_mode": "catmullrom"
						},
						"0.4667": {
							"post": [-152.5, 0, 44],
							"lerp_mode": "catmullrom"
						},
						"0.6333": {
							"post": [0.20024, -1.98812, 22.79719],
							"lerp_mode": "catmullrom"
						},
						"0.8": {
							"post": [1.49985, -0.01745, 13.09985],
							"lerp_mode": "catmullrom"
						},
						"0.9333": {
							"post": [0, -0.375, 4.5],
							"lerp_mode": "catmullrom"
						},
						"1.0": {
							"post": [-0.09, -0.35, -0.46875],
							"lerp_mode": "catmullrom"
						},
						"1.1333": {
							"post": [0.01309, -0.25017, -0.42511],
							"lerp_mode": "catmullrom"
						}
					},
					"position": {
						"0.0": {
							"post": [0, 0, 0],
							"lerp_mode": "catmullrom"
						},
						"0.0667": {
							"post": [-2.11, -1.63, 1.31],
							"lerp_mode": "catmullrom"
						},
						"0.1333": {
							"post": [0, 0, 1],
							"lerp_mode": "catmullrom"
						},
						"0.2": {
							"post": [6, 0, -4],
							"lerp_mode": "catmullrom"
						},
						"0.3": {
							"post": [6, 0, -5],
							"lerp_mode": "catmullrom"
						},
						"0.3667": {
							"post": [6, 0, -4],
							"lerp_mode": "catmullrom"
						},
						"0.6333": {
							"post": [-0.21, -1.08, -2.375],
							"lerp_mode": "catmullrom"
						},
						"0.8": {
							"post": [0, -0.25, -0.025],
							"lerp_mode": "catmullrom"
						},
						"0.9333": {
							"post": [0, 0, 0.525],
							"lerp_mode": "catmullrom"
						},
						"1.1": {
							"post": [0, 0, -0.1],
							"lerp_mode": "catmullrom"
						}
					}
				},
				"righthand": {
					"rotation": {
						"0.0": [89.49625, 6.99973, -180.06139],
						"0.1333": [-33, 7, -180.06],
						"0.2333": [-33, 7, -180.06],
						"0.5333": [-33, 7, -180.06],
						"0.6": [89.49625, 6.99973, -180.06139],
						"1.0667": [89.49625, 6.99973, -180.06139]
					},
					"position": {
						"0.0": [-6.85, -14.075, 8.775],
						"0.2333": [-6.85, -8.07, 12.78],
						"0.5333": [-6.85, -8.07, 12.78],
						"0.6": [-6.85, -14.075, 8.775],
						"1.0667": [-6.85, -14.075, 8.775]
					},
					"scale": {
						"0.0": [1, 1.5, 1],
						"1.0667": [1, 1.5, 1]
					}
				},
				"camera": {
					"rotation": {
						"0.0": {
							"post": [0, 0, 0],
							"lerp_mode": "catmullrom"
						},
						"0.0667": {
							"post": [-0.325, -0.2, -0.4],
							"lerp_mode": "catmullrom"
						},
						"0.2": {
							"post": [0.455, -0.175, 0.7],
							"lerp_mode": "catmullrom"
						},
						"0.3333": {
							"post": [-0.195, 0.075, -0.45],
							"lerp_mode": "catmullrom"
						},
						"0.4667": {
							"post": [0.185, 0.175, 0.15],
							"lerp_mode": "catmullrom"
						},
						"0.7333": {
							"post": [0, 0, 0],
							"lerp_mode": "catmullrom"
						}
					}
				}
			},
			"sound_effects": {
				"0.0667": {
					"effect": "emxarms:emx_melee/emx_melee_02"
				}
			}
		},
		"melee_bayonet_3": {
			"animation_length": 1.1,
			"bones": {
				"root": {
					"rotation": {
						"0.0": {
							"post": [0, 0, 0],
							"lerp_mode": "catmullrom"
						},
						"0.0667": {
							"post": [-0.91946, -0.68416, 4.52785],
							"lerp_mode": "catmullrom"
						},
						"0.1333": {
							"post": [-77.5, 0, 0],
							"lerp_mode": "catmullrom"
						},
						"0.2": {
							"post": [-152.5, 0, 7],
							"lerp_mode": "catmullrom"
						},
						"0.3667": {
							"post": [-155.5, 0, 22],
							"lerp_mode": "catmullrom"
						},
						"0.4667": {
							"post": [-137.5, 0, 44],
							"lerp_mode": "catmullrom"
						},
						"0.6333": {
							"post": [0.20024, -1.98812, 22.79719],
							"lerp_mode": "catmullrom"
						},
						"0.8": {
							"post": [1.49985, -0.01745, 13.09985],
							"lerp_mode": "catmullrom"
						},
						"0.9333": {
							"post": [0, -0.375, 4.5],
							"lerp_mode": "catmullrom"
						},
						"1.0": {
							"post": [-0.09, -0.35, -0.46875],
							"lerp_mode": "catmullrom"
						},
						"1.1333": {
							"post": [0.01309, -0.25017, -0.42511],
							"lerp_mode": "catmullrom"
						}
					},
					"position": {
						"0.0": {
							"post": [0, 0, 0],
							"lerp_mode": "catmullrom"
						},
						"0.0667": {
							"post": [-2.11, -1.63, 1.31],
							"lerp_mode": "catmullrom"
						},
						"0.1333": {
							"post": [0, 0, 1],
							"lerp_mode": "catmullrom"
						},
						"0.2": {
							"post": [6, 0, -4],
							"lerp_mode": "catmullrom"
						},
						"0.3": {
							"post": [6, 0, -5],
							"lerp_mode": "catmullrom"
						},
						"0.3667": {
							"post": [6, 0, -4],
							"lerp_mode": "catmullrom"
						},
						"0.6333": {
							"post": [-0.21, -1.08, -2.375],
							"lerp_mode": "catmullrom"
						},
						"0.8": {
							"post": [0, -0.25, -0.025],
							"lerp_mode": "catmullrom"
						},
						"0.9333": {
							"post": [0, 0, 0.525],
							"lerp_mode": "catmullrom"
						},
						"1.1": {
							"post": [0, 0, -0.1],
							"lerp_mode": "catmullrom"
						}
					}
				},
				"righthand": {
					"rotation": {
						"0.0": [89.49625, 6.99973, -180.06139],
						"0.1333": [-33, 7, -180.06],
						"0.2333": [-33, 7, -180.06],
						"0.5333": [-33, 7, -180.06],
						"0.6": [89.49625, 6.99973, -180.06139],
						"1.0667": [89.49625, 6.99973, -180.06139]
					},
					"position": {
						"0.0": [-6.85, -14.075, 8.775],
						"0.2333": [-6.85, -8.07, 12.78],
						"0.5333": [-6.85, -8.07, 12.78],
						"0.6": [-6.85, -14.075, 8.775],
						"1.0667": [-6.85, -14.075, 8.775]
					},
					"scale": {
						"0.0": [1, 1.5, 1],
						"1.0667": [1, 1.5, 1]
					}
				},
				"camera": {
					"rotation": {
						"0.0": {
							"post": [0, 0, 0],
							"lerp_mode": "catmullrom"
						},
						"0.0667": {
							"post": [-0.325, -0.2, -0.4],
							"lerp_mode": "catmullrom"
						},
						"0.2": {
							"post": [0.455, -0.175, 0.7],
							"lerp_mode": "catmullrom"
						},
						"0.3333": {
							"post": [-0.195, 0.075, -0.45],
							"lerp_mode": "catmullrom"
						},
						"0.4667": {
							"post": [0.185, 0.175, 0.15],
							"lerp_mode": "catmullrom"
						},
						"0.7333": {
							"post": [0, 0, 0],
							"lerp_mode": "catmullrom"
						}
					}
				}
			},
			"sound_effects": {
				"0.0667": {
					"effect": "emxarms:emx_melee/emx_melee_01"
				}
			}
		},
		"melee_push": {
			"animation_length": 1,
			"bones": {
				"root": {
					"rotation": {
						"0.0": {
							"post": [0, 0, 0],
							"lerp_mode": "catmullrom"
						},
						"0.0833": {
							"post": [-0.91946, -25, 4.52785],
							"lerp_mode": "catmullrom"
						},
						"0.1667": {
							"post": [-0.58211, -80, 30.44834],
							"lerp_mode": "catmullrom"
						},
						"0.25": {
							"post": [-0.84898, -100, 31.61935],
							"lerp_mode": "catmullrom"
						},
						"0.375": {
							"post": [0.20024, -110, 22.79719],
							"lerp_mode": "catmullrom"
						},
						"0.4583": {
							"post": [1.49985, -90, 13.09985],
							"lerp_mode": "catmullrom"
						},
						"0.5833": {
							"post": [0, -45, 4.5],
							"lerp_mode": "catmullrom"
						},
						"0.6667": {
							"post": [-0.09, -15, -0.46875],
							"lerp_mode": "catmullrom"
						},
						"0.7917": {
							"post": [0.01309, -0.25017, -0.42511],
							"lerp_mode": "catmullrom"
						}
					},
					"position": {
						"0.0": {
							"post": [0, 0, 0],
							"lerp_mode": "catmullrom"
						},
						"0.0833": {
							"post": [-2.11, -1.63, 1.31],
							"lerp_mode": "catmullrom"
						},
						"0.1667": {
							"post": [-1.675, -0.95, -7.675],
							"lerp_mode": "catmullrom"
						},
						"0.25": {
							"post": [-1.02, -0.775, -4.52],
							"lerp_mode": "catmullrom"
						},
						"0.375": {
							"post": [-0.21, -1.08, -2.375],
							"lerp_mode": "catmullrom"
						},
						"0.4583": {
							"post": [0, -0.25, -0.025],
							"lerp_mode": "catmullrom"
						},
						"0.5833": {
							"post": [0, 0, 0.525],
							"lerp_mode": "catmullrom"
						},
						"0.75": {
							"post": [0, 0, -0.1],
							"lerp_mode": "catmullrom"
						}
					}
				},
				"lefthand": {
					"rotation": {
						"0.0": [109.01172, -13.32834, -215.50088],
						"0.125": [117.56303, -57.80187, -219.77345],
						"0.5833": [109.01172, -13.32834, -215.50088],
						"0.7083": [109.01172, -13.32834, -215.50088]
					},
					"position": {
						"0.0": [7.8125, -9.8625, -13.1125],
						"0.125": [8, -10.3, -6.3],
						"0.5833": [7.8125, -9.8625, -13.1125],
						"0.7083": [7.8125, -9.8625, -13.1125]
					},
					"scale": {
						"0.0": [1, 1.5, 1],
						"0.7083": [1, 1.5, 1]
					}
				},
				"righthand": {
					"rotation": {
						"0.0": [97.52832, -355.04288, -179.34574],
						"0.125": [97.97692, -379.81872, -182.72489],
						"0.5833": [97.97692, -379.81872, -182.72489],
						"0.7083": [97.52832, -355.04288, -179.34574]
					},
					"position": {
						"0.0": [-6.8, -10, 3],
						"0.7083": [-6.8, -10, 3]
					},
					"scale": {
						"0.0": [1, 1.5, 1],
						"0.7083": [1, 1.5, 1]
					}
				},
				"camera": {
					"rotation": {
						"0.0": {
							"post": [0, 0, 0],
							"lerp_mode": "catmullrom"
						},
						"0.0833": {
							"post": [-0.325, -0.2, -0.4],
							"lerp_mode": "catmullrom"
						},
						"0.2083": {
							"post": [0.455, -0.175, 0.7],
							"lerp_mode": "catmullrom"
						},
						"0.3333": {
							"post": [-0.195, 0.075, -0.45],
							"lerp_mode": "catmullrom"
						},
						"0.4583": {
							"post": [0.185, 0.175, 0.15],
							"lerp_mode": "catmullrom"
						},
						"0.75": {
							"post": [0, 0, 0],
							"lerp_mode": "catmullrom"
						}
					}
				}
			},
			"sound_effects": {
				"0.0833": {
					"effect": "emxarms:emx_melee/emx_melee_02"
				}
			}
		}
	}
}