{
	"format_version": "1.8.0",
	"animations": {
		"static_idle": {
			"animation_length": 0.7917,
			"bones": {
				"light2": {
					"scale": 0
				},
				"lefthand": {
					"rotation": [107.69108, -32.75736, -156.00452],
					"position": [7.7, -15.775, -10.3875],
					"scale": [1, 1.5, 1]
				},
				"lefthand_pos": {
					"position": [0, 0, 0]
				},
				"righthand": {
					"rotation": [89.49625, 6.99973, -180.06139],
					"position": [-6.85, -14.075, 8.775],
					"scale": [1, 1.5, 1]
				},
				"righthand_pos": {
					"rotation": [0, 0, -2.5],
					"position": [2, 2, 0]
				},
				"constraint": {
					"rotation": [0.2, 0.1, 0.2],
					"position": [0.2, 0.2, 0.4]
				},
				"refit_view": {
					"position": [0, -1, 11]
				},
				"camera": {
					"rotation": [0, 0, 0]
				}
			}
		},
		"draw": {
			"animation_length": 1.3667,
			"bones": {
				"root": {
					"rotation": {
						"0.0": [-106.51189, -22.48392, 9.41779],
						"0.2333": [-52.59389, -13.40941, -2.66565],
						"0.3333": [-35.13359, -5.12707, 0.31771],
						"0.4333": [-12.90997, -6.50028, -7.19254],
						"0.5": [-4.36769, -5.14555, 0.4584],
						"0.5333": [-3.78864, -5.08234, -2.86114],
						"0.6333": {
							"pre": [-0.94724, -3.20987, 0.9386],
							"post": [-0.94724, -3.20987, 0.9386],
							"lerp_mode": "catmullrom"
						},
						"0.8667": {
							"post": [-1.95, -0.44, -1.31],
							"lerp_mode": "catmullrom"
						},
						"0.9333": {
							"post": [-2.0016, 0.01741, -1.49817],
							"lerp_mode": "catmullrom"
						},
						"1.0333": {
							"post": [0.3296, -0.02576, 2.32998],
							"lerp_mode": "catmullrom"
						},
						"1.1333": {
							"post": [0, 0, 2],
							"lerp_mode": "catmullrom"
						},
						"1.3": {
							"post": [0, 0, 0],
							"lerp_mode": "catmullrom"
						},
						"1.3667": {
							"post": [0, 0, 0],
							"lerp_mode": "catmullrom"
						}
					},
					"position": {
						"0.0": [-17, -31, 15],
						"0.2": [-6.05, -11.1, 4.67],
						"0.3333": {
							"pre": [-0.5, -2.7, 1.9],
							"post": [-0.5, -2.7, 1.9],
							"lerp_mode": "catmullrom"
						},
						"0.5": {
							"post": [0.01, -3.42, -0.41],
							"lerp_mode": "catmullrom"
						},
						"0.5333": {
							"post": [-0.04, -3.95, 0.36],
							"lerp_mode": "catmullrom"
						},
						"0.6333": {
							"post": [-0.02, -3.15, 1.76],
							"lerp_mode": "catmullrom"
						},
						"0.8667": {
							"post": [0, -1.01, -0.25],
							"lerp_mode": "catmullrom"
						},
						"0.9333": {
							"post": [0, -0.6, -0.5],
							"lerp_mode": "catmullrom"
						},
						"1.0333": {
							"post": [0, -0.08, 1.26],
							"lerp_mode": "catmullrom"
						},
						"1.1": {
							"post": [0, -0.19, 0.51],
							"lerp_mode": "catmullrom"
						},
						"1.2333": {
							"post": [0, 0, 0],
							"lerp_mode": "catmullrom"
						},
						"1.3667": {
							"post": [0, 0, 0],
							"lerp_mode": "catmullrom"
						}
					}
				},
				"lefthand": {
					"rotation": [107.69108, -32.75736, -156.00452],
					"position": [7.7, -15.775, -10.3875],
					"scale": [1, 1.5, 1]
				},
				"righthand": {
					"rotation": [89.49625, 6.99973, -180.06139],
					"position": [-6.85, -14.075, 8.775],
					"scale": [1, 1.5, 1]
				},
				"camera": {
					"rotation": {
						"0.0": {
							"post": [0, 0, 0],
							"lerp_mode": "catmullrom"
						},
						"0.1667": {
							"post": [0.45, -0.175, 0.6],
							"lerp_mode": "catmullrom"
						},
						"0.4": {
							"post": [-0.1, 0.05, -0.175],
							"lerp_mode": "catmullrom"
						},
						"0.5": {
							"post": [0.05, 0, 0.05],
							"lerp_mode": "catmullrom"
						},
						"0.6667": {
							"post": [0, 0, 0],
							"lerp_mode": "catmullrom"
						}
					}
				}
			},
			"sound_effects": {
				"0.0667": {
					"effect": "emxarms:emx_pmg90/p05_ar_schotel_reload_raise"
				}
			}
		},
		"put_away": {
			"animation_length": 0.9,
			"bones": {
				"root": {
					"rotation": {
						"0.0": {
							"post": [0, 0, 0],
							"lerp_mode": "catmullrom"
						},
						"0.1667": {
							"post": [-4.53, -1.25, -1.42],
							"lerp_mode": "catmullrom"
						},
						"0.3333": {
							"post": [-27.15, -7.52, -8.53],
							"lerp_mode": "catmullrom"
						},
						"0.4333": {
							"post": [-40.73045, -11.28181, -12.80042],
							"lerp_mode": "catmullrom"
						},
						"0.5333": {
							"post": [-51.25268, -7.98916, -16.98839],
							"lerp_mode": "catmullrom"
						},
						"0.6667": {
							"post": [-59.1046, 20.10068, 0.608],
							"lerp_mode": "catmullrom"
						},
						"0.7667": {
							"post": [-67.12, 33.68, 8.77],
							"lerp_mode": "catmullrom"
						},
						"0.8667": {
							"post": [-74.38, 35.33, 10.02],
							"lerp_mode": "catmullrom"
						}
					},
					"position": {
						"0.0": {
							"post": [0, 0, 0],
							"lerp_mode": "catmullrom"
						},
						"0.1667": {
							"post": [-0.38, -0.89, 0.09],
							"lerp_mode": "catmullrom"
						},
						"0.3333": {
							"post": [-1.325, -1.5, 0.28],
							"lerp_mode": "catmullrom"
						},
						"0.4333": {
							"post": [-1.95, -2.9, 1.95],
							"lerp_mode": "catmullrom"
						},
						"0.5333": {
							"post": [-2.2, -4.555, 4.37],
							"lerp_mode": "catmullrom"
						},
						"0.7": {
							"post": [-4.7, -8.48, 7.94],
							"lerp_mode": "catmullrom"
						},
						"0.8667": {
							"post": [-7.59, -13.82, 14.07],
							"lerp_mode": "catmullrom"
						}
					}
				},
				"lefthand": {
					"rotation": {
						"0.0": [107.69108, -32.75736, -156.00452],
						"0.1333": [169.13843, 3.15772, -219.72112],
						"0.2667": [168.76095, 1.2363, -229.54249]
					},
					"position": {
						"0.0": [7.7, -15.775, -10.3875],
						"0.0667": [8.66185, -10.53957, -1.25509],
						"0.1333": [8.08317, -8.39052, 0.52034],
						"0.2667": [8.08317, -8.39052, 0.52034]
					},
					"scale": [1, 1.5, 1]
				},
				"righthand": {
					"rotation": {
						"0.0": [89.49625, -323.7116, -174.9986],
						"0.1": [101.2139, -323.71163, -174.99863],
						"0.3": [99.92205, -324.96551, -168.50279],
						"0.5667": [101.48941, -375.72158, -1.01416],
						"0.6667": [134.2185, -345.09581, -33.36169],
						"0.8667": [131.93942, -347.49859, -38.54941]
					},
					"position": {
						"0.0": [-6.85, -14.075, 8.775],
						"0.1": [-6.4, -14.425, 2],
						"0.3": [-9.38656, -8.07425, 7.05538],
						"0.3667": [-4.83735, -3.87436, 7.75939],
						"0.4667": [-2.14866, -7.06411, 1.38744],
						"0.5667": [-2.36662, -9.54845, -4.43353],
						"0.6667": [-3.50353, -7.0548, -5.75069],
						"0.8667": [-3.34854, -8.15579, -8.65617]
					},
					"scale": [1, 1.5, 1]
				},
				"camera": {
					"rotation": {
						"0.0": {
							"post": [0, 0, 0],
							"lerp_mode": "catmullrom"
						},
						"0.1333": {
							"post": [0.35, 0.025, -0.225],
							"lerp_mode": "catmullrom"
						},
						"0.3": {
							"post": [0.1, 0.025, 0.075],
							"lerp_mode": "catmullrom"
						},
						"0.4333": {
							"post": [0, 0, 0],
							"lerp_mode": "catmullrom"
						}
					}
				}
			},
			"sound_effects": {
				"0.0": {
					"effect": "emxarms:emx_pmg90/p05_ar_schotel_ubgl_drop_rattle"
				}
			}
		},
		"inspect_empty": {
			"animation_length": 5.7917,
			"bones": {
				"magrelease": {
					"position": {
						"2.75": [0, 0, 0],
						"2.8333": [0.125, 0, 0]
					}
				},
				"root": {
					"rotation": {
						"0.0": {
							"post": [0, 0, 0],
							"lerp_mode": "catmullrom"
						},
						"0.0833": {
							"post": [-1.57552, -4.18517, -5.87258],
							"lerp_mode": "catmullrom"
						},
						"0.25": {
							"post": [-4.02414, -13.28009, -10.40473],
							"lerp_mode": "catmullrom"
						},
						"0.5": {
							"post": [-12.85629, -43.05513, -11.98818],
							"lerp_mode": "catmullrom"
						},
						"0.625": {
							"post": [-14.81181, -47.20625, -10.13088],
							"lerp_mode": "catmullrom"
						},
						"0.7917": {
							"post": [-14.99109, -47.47374, -9.10282],
							"lerp_mode": "catmullrom"
						},
						"1.375": {
							"post": [-17.06722, -46.91834, -6.27058],
							"lerp_mode": "catmullrom"
						},
						"1.5417": {
							"post": [-11.77121, -50.35486, -8.4078],
							"lerp_mode": "catmullrom"
						},
						"1.6667": {
							"post": [-2.48632, -55.49611, -13.34944],
							"lerp_mode": "catmullrom"
						},
						"1.8333": {
							"post": [0.79794, -56.84607, -14.39354],
							"lerp_mode": "catmullrom"
						},
						"2.0417": {
							"post": [-1.48956, -56.78982, -13.34354],
							"lerp_mode": "catmullrom"
						},
						"2.25": {
							"post": [-2.98956, -53.78982, -13.33104],
							"lerp_mode": "catmullrom"
						},
						"2.4167": {
							"post": [-10.67, -46.585, -14.92],
							"lerp_mode": "catmullrom"
						},
						"2.5417": {
							"post": [-30.11122, -26.09675, -11.89334],
							"lerp_mode": "catmullrom"
						},
						"2.6667": {
							"post": [-34.29063, -30.84703, -23.03454],
							"lerp_mode": "catmullrom"
						},
						"2.7917": {
							"post": [-33.63149, -29.74839, -27.2996],
							"lerp_mode": "catmullrom"
						},
						"3.0833": [-33.63, -29.75, -24.72],
						"3.3333": {
							"pre": [-12.07638, -4.63111, 4.9991],
							"post": [-12.07638, -4.63111, 4.9991],
							"lerp_mode": "catmullrom"
						},
						"3.5": {
							"post": [-22.50437, 0.13036, 40.00681],
							"lerp_mode": "catmullrom"
						},
						"3.625": {
							"post": [-17.54817, 31.19085, 97.25827],
							"lerp_mode": "catmullrom"
						},
						"3.75": {
							"post": [-19.16287, 36.81684, 102.70025],
							"lerp_mode": "catmullrom"
						},
						"4.0833": {
							"post": [-18.71251, 37.4368, 104.89253],
							"lerp_mode": "catmullrom"
						},
						"4.1667": {
							"post": [-17.23654, 29.07261, 97.39959],
							"lerp_mode": "catmullrom"
						},
						"4.3333": {
							"post": [-16.95645, 0.7663, 62.12915],
							"lerp_mode": "catmullrom"
						},
						"4.4583": {
							"post": [-7.56995, -3.48573, 6.45849],
							"lerp_mode": "catmullrom"
						},
						"4.5833": {
							"post": [-2.90525, -3.56232, 0.16225],
							"lerp_mode": "catmullrom"
						},
						"4.6667": {
							"post": [-0.81567, -0.58037, -3.89535],
							"lerp_mode": "catmullrom"
						},
						"4.75": {
							"post": [-0.97803, -1.26726, 0.24991],
							"lerp_mode": "catmullrom"
						},
						"4.8333": {
							"post": [0.25, -0.5, -1.25],
							"lerp_mode": "catmullrom"
						},
						"4.9583": {
							"post": [0, 0, 0],
							"lerp_mode": "catmullrom"
						},
						"5.0417": {
							"post": [0, 0, 0],
							"lerp_mode": "catmullrom"
						}
					},
					"position": {
						"0.0": {
							"post": [0, 0, 0],
							"lerp_mode": "catmullrom"
						},
						"0.0833": {
							"post": [0.2, -0.725, 0.7],
							"lerp_mode": "catmullrom"
						},
						"0.25": {
							"post": [0.725, -0.47, 0.55],
							"lerp_mode": "catmullrom"
						},
						"0.5": {
							"post": [1.55, 1.955, -0.10625],
							"lerp_mode": "catmullrom"
						},
						"0.75": {
							"post": [1.95, 1.83, -0.125],
							"lerp_mode": "catmullrom"
						},
						"1.0833": {
							"post": [2.025, 1.88, -0.16],
							"lerp_mode": "catmullrom"
						},
						"1.3333": {
							"post": [2.05, 1.83, -0.2],
							"lerp_mode": "catmullrom"
						},
						"1.5": {
							"post": [2.705, 1.625, -0.39],
							"lerp_mode": "catmullrom"
						},
						"1.6667": {
							"post": [3.805, 1.625, -0.58],
							"lerp_mode": "catmullrom"
						},
						"1.8333": {
							"post": [4.58625, 1.91125, -0.77],
							"lerp_mode": "catmullrom"
						},
						"2.0417": {
							"post": [4.705, 2.0125, -0.77],
							"lerp_mode": "catmullrom"
						},
						"2.2083": {
							"post": [4.53, 2.01125, -0.81],
							"lerp_mode": "catmullrom"
						},
						"2.2917": {
							"post": [3.8175, 1.68125, -0.67],
							"lerp_mode": "catmullrom"
						},
						"2.4167": {
							"post": [1.95, 0.98, -0.245],
							"lerp_mode": "catmullrom"
						},
						"2.5417": {
							"post": [0.555, 1.38, 0.075],
							"lerp_mode": "catmullrom"
						},
						"2.6667": {
							"post": [-0.625, 2.655, 0.78],
							"lerp_mode": "catmullrom"
						},
						"2.7917": {
							"post": [-0.945, 2.58, 0.78],
							"lerp_mode": "catmullrom"
						},
						"2.9167": {
							"post": [-0.99, 2.465, 0.78],
							"lerp_mode": "catmullrom"
						},
						"3.0": {
							"post": [-0.97625, 2.4175, 0.78],
							"lerp_mode": "catmullrom"
						},
						"3.0833": [-0.76, 1.985, 0.78],
						"3.3333": {
							"pre": [0.22, -2.565, 1.28],
							"post": [0.22, -2.565, 1.28],
							"lerp_mode": "catmullrom"
						},
						"3.625": {
							"post": [-0.405, 1.035, 1.58],
							"lerp_mode": "catmullrom"
						},
						"3.8333": {
							"post": [-0.4, 1.265, 1.58],
							"lerp_mode": "catmullrom"
						},
						"4.0": {
							"post": [-0.4, 1.17875, 1.58],
							"lerp_mode": "catmullrom"
						},
						"4.1667": {
							"post": [-0.405, 1.20375, 1.58],
							"lerp_mode": "catmullrom"
						},
						"4.375": {
							"post": [-0.425, -1.05, -1.95],
							"lerp_mode": "catmullrom"
						},
						"4.5417": {
							"post": [-0.44, -0.86, -1.05],
							"lerp_mode": "catmullrom"
						},
						"4.6667": {
							"post": [-0.075, -0.15625, 0.325],
							"lerp_mode": "catmullrom"
						},
						"4.7917": {
							"post": [0, -0.125, 0.55],
							"lerp_mode": "catmullrom"
						},
						"4.875": {
							"post": [0, 0, -0.125],
							"lerp_mode": "catmullrom"
						},
						"5.0": {
							"post": [0, 0, 0],
							"lerp_mode": "catmullrom"
						}
					}
				},
				"lefthand": {
					"rotation": {
						"0.0": [107.69108, -32.75736, -156.00452],
						"0.9583": {
							"pre": [107.69108, -32.75736, -156.00452],
							"post": [107.69108, -32.75736, -156.00452],
							"lerp_mode": "catmullrom"
						},
						"1.0": {
							"post": [110.61, -29.93, -162.54],
							"lerp_mode": "catmullrom"
						},
						"1.0417": {
							"post": [113.53, -27.1, -169.08],
							"lerp_mode": "catmullrom"
						},
						"1.0833": {
							"post": [116.45, -24.27, -175.62],
							"lerp_mode": "catmullrom"
						},
						"1.1667": {
							"post": [122.28782, -18.60447, -188.69596],
							"lerp_mode": "catmullrom"
						},
						"1.2083": {
							"post": [123.7, -13.84, -195.69],
							"lerp_mode": "catmullrom"
						},
						"1.25": {
							"post": [125.12, -9.08, -202.69],
							"lerp_mode": "catmullrom"
						},
						"1.2917": {
							"post": [126.53692, -4.31203, -209.69088],
							"lerp_mode": "catmullrom"
						},
						"3.4583": [126.53692, -4.31203, -209.69088],
						"3.5": [107.69108, -32.75736, -156.00452]
					},
					"position": {
						"0.0": [7.7, -15.775, -10.3875],
						"0.875": [7.7, -15.775, -10.3875],
						"0.9583": {
							"pre": [8.2, -12.9, -2.2],
							"post": [8.2, -12.9, -2.2],
							"lerp_mode": "catmullrom"
						},
						"1.0": {
							"post": [8.2, -13.9, -2.2],
							"lerp_mode": "catmullrom"
						},
						"1.0417": {
							"post": [8.47, -13.9, -1.73],
							"lerp_mode": "catmullrom"
						},
						"1.0833": {
							"post": [8.8, -13.9, -1.14],
							"lerp_mode": "catmullrom"
						},
						"1.1667": {
							"post": [9.56, -13.9, 0.22],
							"lerp_mode": "catmullrom"
						},
						"1.2083": {
							"post": [9.98, -13.9, 0.94],
							"lerp_mode": "catmullrom"
						},
						"1.25": {
							"post": [10.33, -13.9, 1.54],
							"lerp_mode": "catmullrom"
						},
						"1.2917": {
							"post": [10.78, -13.9, 2.4],
							"lerp_mode": "catmullrom"
						},
						"1.625": [12.05, -13.9, 5.18],
						"1.7083": [10.2, -13.9, 5.8],
						"1.75": [8.2, -13.9, 5.8],
						"1.9167": [8.2, -13.9, 5.8],
						"1.9583": [9.7, -13.9, 5.19],
						"2.0833": [10.2, -13.9, 3.37],
						"2.2083": [10.2, -13.9, 3.37],
						"2.5": [8.2, -13.9, 1.58],
						"2.5417": {
							"pre": [8.2, -13.9, 1.4],
							"post": [8.2, -13.9, 1.4],
							"lerp_mode": "catmullrom"
						},
						"2.6667": {
							"post": [8.2, -13.9, 0.8],
							"lerp_mode": "catmullrom"
						},
						"2.7083": [8.2, -13.9, 0.8],
						"3.4583": {
							"pre": [8.2, -13.9, 0.8],
							"post": [8.2, -13.9, 0.8],
							"lerp_mode": "catmullrom"
						},
						"3.5": [7.7, -15.775, -10.3875]
					},
					"scale": {
						"0.0": [1, 1.5, 1],
						"3.5": [1, 1.5, 1]
					}
				},
				"righthand": {
					"rotation": [89.49625, 6.99973, -180.06139],
					"position": [-6.85, -14.075, 8.775],
					"scale": [1, 1.5, 1]
				},
				"righthand_pos": {
					"rotation": [0, 0, -2.5],
					"position": [2, 2, 0]
				},
				"camera": {
					"rotation": {
						"0.0": {
							"post": [0, 0, 0],
							"lerp_mode": "catmullrom"
						},
						"0.2083": {
							"post": [0.455, -0.05, -0.4],
							"lerp_mode": "catmullrom"
						},
						"0.5417": {
							"post": [2.75, -1.15, -1.9],
							"lerp_mode": "catmullrom"
						},
						"1.0": {
							"post": [3.4, -1.2, -2.1],
							"lerp_mode": "catmullrom"
						},
						"1.4583": {
							"post": [3.25, -0.425, -2.35],
							"lerp_mode": "catmullrom"
						},
						"1.75": {
							"post": [5.60456, 7.07324, -1.60821],
							"lerp_mode": "catmullrom"
						},
						"1.7917": {
							"post": [5.8, 2.35, -2.075],
							"lerp_mode": "catmullrom"
						},
						"1.9583": {
							"post": [6.0583, -2.78004, -2.67849],
							"lerp_mode": "catmullrom"
						},
						"2.375": {
							"post": [6.2, 2.875, -2.15],
							"lerp_mode": "catmullrom"
						},
						"2.6667": {
							"post": [1.24, 0.84, -1.33],
							"lerp_mode": "catmullrom"
						},
						"2.7917": {
							"post": [1.025, 0.35, -1.15],
							"lerp_mode": "catmullrom"
						},
						"3.0417": {
							"post": [4.7, -0.125, -0.715],
							"lerp_mode": "catmullrom"
						},
						"3.25": {
							"post": [5.88, 2.75, 1.93],
							"lerp_mode": "catmullrom"
						},
						"3.5417": {
							"post": [5.84, 3.09, 2.06],
							"lerp_mode": "catmullrom"
						},
						"3.9167": {
							"post": [5.57, 2.88, 1.725],
							"lerp_mode": "catmullrom"
						},
						"4.0833": {
							"post": [2.635, 1.1, 1.425],
							"lerp_mode": "catmullrom"
						},
						"4.3333": {
							"post": [-0.525, 0.175, -0.35],
							"lerp_mode": "catmullrom"
						},
						"4.4167": {
							"post": [0.5, 0, 0.575],
							"lerp_mode": "catmullrom"
						},
						"4.5417": {
							"post": [-0.25, 0.025, -0.3],
							"lerp_mode": "catmullrom"
						},
						"4.7083": {
							"post": [0, 0, 0],
							"lerp_mode": "catmullrom"
						}
					}
				},
				"bone65": {
					"scale": {
						"1.75": [1, 1, 1],
						"1.8333": {
							"pre": [1, 1, 1],
							"post": [0, 0, 0]
						},
						"4.625": {
							"pre": [0, 0, 0],
							"post": [0, 0, 0]
						},
						"4.6667": {
							"pre": [0, 0, 0],
							"post": [1, 1, 1]
						}
					}
				},
				"L1": {
					"rotation": {
						"1.6667": [0, 0, 0],
						"1.75": [0, 50, 0],
						"4.625": [0, 50, 0],
						"4.7083": [0, 0, 0]
					}
				},
				"L2": {
					"rotation": {
						"1.6667": [0, 0, 0],
						"1.75": [0, 50, 0],
						"4.625": [0, 50, 0],
						"4.7083": [0, 0, 0]
					}
				},
				"L3": {
					"rotation": {
						"1.6667": [0, 0, 0],
						"1.75": [0, 50, 0],
						"4.625": [0, 50, 0],
						"4.7083": [0, 0, 0]
					}
				},
				"L4": {
					"rotation": {
						"1.6667": [0, 0, 0],
						"1.75": [0, 50, 0],
						"4.625": [0, 50, 0],
						"4.7083": [0, 0, 0]
					}
				},
				"L5": {
					"rotation": {
						"1.6667": [0, 0, 0],
						"1.75": [0, -50, 0],
						"4.625": [0, -50, 0],
						"4.7083": [0, 0, 0]
					}
				},
				"L6": {
					"rotation": {
						"1.6667": [0, 0, 0],
						"1.75": [0, -50, 0],
						"4.625": [0, -50, 0],
						"4.7083": [0, 0, 0]
					}
				},
				"L7": {
					"rotation": {
						"1.6667": [0, 0, 0],
						"1.75": [0, -50, 0],
						"4.625": [0, -50, 0],
						"4.7083": [0, 0, 0]
					}
				},
				"L8": {
					"rotation": {
						"1.6667": [0, 0, 0],
						"1.75": [0, -50, 0],
						"4.625": [0, -50, 0],
						"4.7083": [0, 0, 0]
					}
				},
				"R_muzz2": {
					"position": {
						"1.6667": [0, 0, 0],
						"1.75": [-0.75, 0, 10],
						"4.625": [0.75, 0, 10],
						"4.7083": [0, 0, 0]
					}
				},
				"R_muzz3": {
					"position": {
						"1.6667": [0, 0, 0],
						"1.75": [-0.75, 0, 10],
						"4.625": [-0.75, 0, 10],
						"4.7083": [0, 0, 0]
					}
				},
				"L_muzz3": {
					"position": {
						"1.6667": [0, 0, 0],
						"1.75": [0.75, 0, 10],
						"4.625": [0.75, 0, 10],
						"4.7083": [0, 0, 0]
					}
				},
				"L_muzz2": {
					"position": {
						"1.6667": [0, 0, 0],
						"1.75": [0.75, 0, 10],
						"4.625": [0.75, 0, 10],
						"4.7083": [0, 0, 0]
					}
				},
				"bone47": {
					"scale": {
						"1.75": [1, 1, 1],
						"1.8333": {
							"pre": [1, 1, 1],
							"post": [0, 0, 0]
						},
						"4.625": {
							"pre": [0, 0, 0],
							"post": [0, 0, 0]
						},
						"4.6667": {
							"pre": [0, 0, 0],
							"post": [1, 1, 1]
						}
					}
				}
			},
			"sound_effects": {
				"0.0": {
					"effect": "emxmors:emx_royalty/p05_ar_schotel_inspect_raise"
				},
				"1.625": {
					"effect": "emxmors:emx_royalty/emi_reload_2"
				},
				"1.8333": {
					"effect": "emxmors:emx_royalty/tac_boost_land_shot_03"
				},
				"4.2917": {
					"effect": "emxmors:emx_royalty/p05_ar_schotel_inspect_end"
				}
			}
		},
		"inspect": {
			"animation_length": 5.7917,
			"bones": {
				"magrelease": {
					"position": {
						"2.75": [0, 0, 0],
						"2.8333": [0.125, 0, 0]
					}
				},
				"root": {
					"rotation": {
						"0.0": {
							"post": [0, 0, 0],
							"lerp_mode": "catmullrom"
						},
						"0.0833": {
							"post": [-1.57552, -4.18517, -5.87258],
							"lerp_mode": "catmullrom"
						},
						"0.25": {
							"post": [-4.02414, -13.28009, -10.40473],
							"lerp_mode": "catmullrom"
						},
						"0.5": {
							"post": [-12.85629, -43.05513, -11.98818],
							"lerp_mode": "catmullrom"
						},
						"0.625": {
							"post": [-14.81181, -47.20625, -10.13088],
							"lerp_mode": "catmullrom"
						},
						"0.7917": {
							"post": [-14.99109, -47.47374, -9.10282],
							"lerp_mode": "catmullrom"
						},
						"1.375": {
							"post": [-17.06722, -46.91834, -6.27058],
							"lerp_mode": "catmullrom"
						},
						"1.5417": {
							"post": [-11.77121, -50.35486, -8.4078],
							"lerp_mode": "catmullrom"
						},
						"1.6667": {
							"post": [-2.48632, -55.49611, -13.34944],
							"lerp_mode": "catmullrom"
						},
						"1.8333": {
							"post": [0.79794, -56.84607, -14.39354],
							"lerp_mode": "catmullrom"
						},
						"2.0417": {
							"post": [-1.48956, -56.78982, -13.34354],
							"lerp_mode": "catmullrom"
						},
						"2.25": {
							"post": [-2.98956, -53.78982, -13.33104],
							"lerp_mode": "catmullrom"
						},
						"2.4167": {
							"post": [-10.67, -46.585, -14.92],
							"lerp_mode": "catmullrom"
						},
						"2.5417": {
							"post": [-30.11122, -26.09675, -11.89334],
							"lerp_mode": "catmullrom"
						},
						"2.6667": {
							"post": [-34.29063, -30.84703, -23.03454],
							"lerp_mode": "catmullrom"
						},
						"2.7917": {
							"post": [-33.63149, -29.74839, -27.2996],
							"lerp_mode": "catmullrom"
						},
						"3.0833": [-33.63, -29.75, -24.72],
						"3.3333": {
							"pre": [-12.07638, -4.63111, 4.9991],
							"post": [-12.07638, -4.63111, 4.9991],
							"lerp_mode": "catmullrom"
						},
						"3.5": {
							"post": [-22.50437, 0.13036, 40.00681],
							"lerp_mode": "catmullrom"
						},
						"3.625": {
							"post": [-17.54817, 31.19085, 97.25827],
							"lerp_mode": "catmullrom"
						},
						"3.75": {
							"post": [-19.16287, 36.81684, 102.70025],
							"lerp_mode": "catmullrom"
						},
						"4.0833": {
							"post": [-18.71251, 37.4368, 104.89253],
							"lerp_mode": "catmullrom"
						},
						"4.1667": {
							"post": [-17.23654, 29.07261, 97.39959],
							"lerp_mode": "catmullrom"
						},
						"4.3333": {
							"post": [-16.95645, 0.7663, 62.12915],
							"lerp_mode": "catmullrom"
						},
						"4.4583": {
							"post": [-7.56995, -3.48573, 6.45849],
							"lerp_mode": "catmullrom"
						},
						"4.5833": {
							"post": [-2.90525, -3.56232, 0.16225],
							"lerp_mode": "catmullrom"
						},
						"4.6667": {
							"post": [-0.81567, -0.58037, -3.89535],
							"lerp_mode": "catmullrom"
						},
						"4.75": {
							"post": [-0.97803, -1.26726, 0.24991],
							"lerp_mode": "catmullrom"
						},
						"4.8333": {
							"post": [0.25, -0.5, -1.25],
							"lerp_mode": "catmullrom"
						},
						"4.9583": {
							"post": [0, 0, 0],
							"lerp_mode": "catmullrom"
						},
						"5.0417": {
							"post": [0, 0, 0],
							"lerp_mode": "catmullrom"
						}
					},
					"position": {
						"0.0": {
							"post": [0, 0, 0],
							"lerp_mode": "catmullrom"
						},
						"0.0833": {
							"post": [0.2, -0.725, 0.7],
							"lerp_mode": "catmullrom"
						},
						"0.25": {
							"post": [0.725, -0.47, 0.55],
							"lerp_mode": "catmullrom"
						},
						"0.5": {
							"post": [1.55, 1.955, -0.10625],
							"lerp_mode": "catmullrom"
						},
						"0.75": {
							"post": [1.95, 1.83, -0.125],
							"lerp_mode": "catmullrom"
						},
						"1.0833": {
							"post": [2.025, 1.88, -0.16],
							"lerp_mode": "catmullrom"
						},
						"1.3333": {
							"post": [2.05, 1.83, -0.2],
							"lerp_mode": "catmullrom"
						},
						"1.5": {
							"post": [2.705, 1.625, -0.39],
							"lerp_mode": "catmullrom"
						},
						"1.6667": {
							"post": [3.805, 1.625, -0.58],
							"lerp_mode": "catmullrom"
						},
						"1.8333": {
							"post": [4.58625, 1.91125, -0.77],
							"lerp_mode": "catmullrom"
						},
						"2.0417": {
							"post": [4.705, 2.0125, -0.77],
							"lerp_mode": "catmullrom"
						},
						"2.2083": {
							"post": [4.53, 2.01125, -0.81],
							"lerp_mode": "catmullrom"
						},
						"2.2917": {
							"post": [3.8175, 1.68125, -0.67],
							"lerp_mode": "catmullrom"
						},
						"2.4167": {
							"post": [1.95, 0.98, -0.245],
							"lerp_mode": "catmullrom"
						},
						"2.5417": {
							"post": [0.555, 1.38, 0.075],
							"lerp_mode": "catmullrom"
						},
						"2.6667": {
							"post": [-0.625, 2.655, 0.78],
							"lerp_mode": "catmullrom"
						},
						"2.7917": {
							"post": [-0.945, 2.58, 0.78],
							"lerp_mode": "catmullrom"
						},
						"2.9167": {
							"post": [-0.99, 2.465, 0.78],
							"lerp_mode": "catmullrom"
						},
						"3.0": {
							"post": [-0.97625, 2.4175, 0.78],
							"lerp_mode": "catmullrom"
						},
						"3.0833": [-0.76, 1.985, 0.78],
						"3.3333": {
							"pre": [0.22, -2.565, 1.28],
							"post": [0.22, -2.565, 1.28],
							"lerp_mode": "catmullrom"
						},
						"3.625": {
							"post": [-0.405, 1.035, 1.58],
							"lerp_mode": "catmullrom"
						},
						"3.8333": {
							"post": [-0.4, 1.265, 1.58],
							"lerp_mode": "catmullrom"
						},
						"4.0": {
							"post": [-0.4, 1.17875, 1.58],
							"lerp_mode": "catmullrom"
						},
						"4.1667": {
							"post": [-0.405, 1.20375, 1.58],
							"lerp_mode": "catmullrom"
						},
						"4.375": {
							"post": [-0.425, -1.05, -1.95],
							"lerp_mode": "catmullrom"
						},
						"4.5417": {
							"post": [-0.44, -0.86, -1.05],
							"lerp_mode": "catmullrom"
						},
						"4.6667": {
							"post": [-0.075, -0.15625, 0.325],
							"lerp_mode": "catmullrom"
						},
						"4.7917": {
							"post": [0, -0.125, 0.55],
							"lerp_mode": "catmullrom"
						},
						"4.875": {
							"post": [0, 0, -0.125],
							"lerp_mode": "catmullrom"
						},
						"5.0": {
							"post": [0, 0, 0],
							"lerp_mode": "catmullrom"
						}
					}
				},
				"lefthand": {
					"rotation": {
						"0.0": [107.69108, -32.75736, -156.00452],
						"0.9583": {
							"pre": [107.69108, -32.75736, -156.00452],
							"post": [107.69108, -32.75736, -156.00452],
							"lerp_mode": "catmullrom"
						},
						"1.0": {
							"post": [110.61, -29.93, -162.54],
							"lerp_mode": "catmullrom"
						},
						"1.0417": {
							"post": [113.53, -27.1, -169.08],
							"lerp_mode": "catmullrom"
						},
						"1.0833": {
							"post": [116.45, -24.27, -175.62],
							"lerp_mode": "catmullrom"
						},
						"1.1667": {
							"post": [122.28782, -18.60447, -188.69596],
							"lerp_mode": "catmullrom"
						},
						"1.2083": {
							"post": [123.7, -13.84, -195.69],
							"lerp_mode": "catmullrom"
						},
						"1.25": {
							"post": [125.12, -9.08, -202.69],
							"lerp_mode": "catmullrom"
						},
						"1.2917": {
							"post": [126.53692, -4.31203, -209.69088],
							"lerp_mode": "catmullrom"
						},
						"3.4583": [126.53692, -4.31203, -209.69088],
						"3.5": [107.69108, -32.75736, -156.00452]
					},
					"position": {
						"0.0": [7.7, -15.775, -10.3875],
						"0.875": [7.7, -15.775, -10.3875],
						"0.9583": {
							"pre": [8.2, -12.9, -2.2],
							"post": [8.2, -12.9, -2.2],
							"lerp_mode": "catmullrom"
						},
						"1.0": {
							"post": [8.2, -13.9, -2.2],
							"lerp_mode": "catmullrom"
						},
						"1.0417": {
							"post": [8.47, -13.9, -1.73],
							"lerp_mode": "catmullrom"
						},
						"1.0833": {
							"post": [8.8, -13.9, -1.14],
							"lerp_mode": "catmullrom"
						},
						"1.1667": {
							"post": [9.56, -13.9, 0.22],
							"lerp_mode": "catmullrom"
						},
						"1.2083": {
							"post": [9.98, -13.9, 0.94],
							"lerp_mode": "catmullrom"
						},
						"1.25": {
							"post": [10.33, -13.9, 1.54],
							"lerp_mode": "catmullrom"
						},
						"1.2917": {
							"post": [10.78, -13.9, 2.4],
							"lerp_mode": "catmullrom"
						},
						"1.625": [12.05, -13.9, 5.18],
						"1.7083": [10.2, -13.9, 5.8],
						"1.75": [8.2, -13.9, 5.8],
						"1.9167": [8.2, -13.9, 5.8],
						"1.9583": [9.7, -13.9, 5.19],
						"2.0833": [10.2, -13.9, 3.37],
						"2.2083": [10.2, -13.9, 3.37],
						"2.5": [8.2, -13.9, 1.58],
						"2.5417": {
							"pre": [8.2, -13.9, 1.4],
							"post": [8.2, -13.9, 1.4],
							"lerp_mode": "catmullrom"
						},
						"2.6667": {
							"post": [8.2, -13.9, 0.8],
							"lerp_mode": "catmullrom"
						},
						"2.7083": [8.2, -13.9, 0.8],
						"3.4583": {
							"pre": [8.2, -13.9, 0.8],
							"post": [8.2, -13.9, 0.8],
							"lerp_mode": "catmullrom"
						},
						"3.5": [7.7, -15.775, -10.3875]
					},
					"scale": {
						"0.0": [1, 1.5, 1],
						"3.5": [1, 1.5, 1]
					}
				},
				"righthand": {
					"rotation": [89.49625, 6.99973, -180.06139],
					"position": [-6.85, -14.075, 8.775],
					"scale": [1, 1.5, 1]
				},
				"righthand_pos": {
					"rotation": [0, 0, -2.5],
					"position": [2, 2, 0]
				},
				"bone65": {
					"scale": {
						"1.75": [1, 1, 1],
						"1.8333": {
							"pre": [1, 1, 1],
							"post": [0, 0, 0]
						},
						"4.625": {
							"pre": [0, 0, 0],
							"post": [0, 0, 0]
						},
						"4.6667": {
							"pre": [0, 0, 0],
							"post": [1, 1, 1]
						}
					}
				},
				"L1": {
					"rotation": {
						"1.6667": [0, 0, 0],
						"1.75": [0, 50, 0],
						"4.625": [0, 50, 0],
						"4.7083": [0, 0, 0]
					}
				},
				"L2": {
					"rotation": {
						"1.6667": [0, 0, 0],
						"1.75": [0, 50, 0],
						"4.625": [0, 50, 0],
						"4.7083": [0, 0, 0]
					}
				},
				"L3": {
					"rotation": {
						"1.6667": [0, 0, 0],
						"1.75": [0, 50, 0],
						"4.625": [0, 50, 0],
						"4.7083": [0, 0, 0]
					}
				},
				"L4": {
					"rotation": {
						"1.6667": [0, 0, 0],
						"1.75": [0, 50, 0],
						"4.625": [0, 50, 0],
						"4.7083": [0, 0, 0]
					}
				},
				"L5": {
					"rotation": {
						"1.6667": [0, 0, 0],
						"1.75": [0, -50, 0],
						"4.625": [0, -50, 0],
						"4.7083": [0, 0, 0]
					}
				},
				"L6": {
					"rotation": {
						"1.6667": [0, 0, 0],
						"1.75": [0, -50, 0],
						"4.625": [0, -50, 0],
						"4.7083": [0, 0, 0]
					}
				},
				"L7": {
					"rotation": {
						"1.6667": [0, 0, 0],
						"1.75": [0, -50, 0],
						"4.625": [0, -50, 0],
						"4.7083": [0, 0, 0]
					}
				},
				"L8": {
					"rotation": {
						"1.6667": [0, 0, 0],
						"1.75": [0, -50, 0],
						"4.625": [0, -50, 0],
						"4.7083": [0, 0, 0]
					}
				},
				"R_muzz2": {
					"position": {
						"1.6667": [0, 0, 0],
						"1.75": [-0.75, 0, 10],
						"4.625": [0.75, 0, 10],
						"4.7083": [0, 0, 0]
					}
				},
				"R_muzz3": {
					"position": {
						"1.6667": [0, 0, 0],
						"1.75": [-0.75, 0, 10],
						"4.625": [-0.75, 0, 10],
						"4.7083": [0, 0, 0]
					}
				},
				"L_muzz3": {
					"position": {
						"1.6667": [0, 0, 0],
						"1.75": [0.75, 0, 10],
						"4.625": [0.75, 0, 10],
						"4.7083": [0, 0, 0]
					}
				},
				"L_muzz2": {
					"position": {
						"1.6667": [0, 0, 0],
						"1.75": [0.75, 0, 10],
						"4.625": [0.75, 0, 10],
						"4.7083": [0, 0, 0]
					}
				},
				"bone47": {
					"scale": {
						"1.75": [1, 1, 1],
						"1.8333": {
							"pre": [1, 1, 1],
							"post": [0, 0, 0]
						},
						"4.625": {
							"pre": [0, 0, 0],
							"post": [0, 0, 0]
						},
						"4.6667": {
							"pre": [0, 0, 0],
							"post": [1, 1, 1]
						}
					}
				},
				"camera": {
					"rotation": {
						"0.0": {
							"post": [0, 0, 0],
							"lerp_mode": "catmullrom"
						},
						"0.2083": {
							"post": [0.455, -0.05, -0.4],
							"lerp_mode": "catmullrom"
						},
						"0.5417": {
							"post": [2.75, -1.15, -1.9],
							"lerp_mode": "catmullrom"
						},
						"1.0": {
							"post": [3.4, -1.2, -2.1],
							"lerp_mode": "catmullrom"
						},
						"1.4583": {
							"post": [3.25, -0.425, -2.35],
							"lerp_mode": "catmullrom"
						},
						"1.75": {
							"post": [5.60456, 7.07324, -1.60821],
							"lerp_mode": "catmullrom"
						},
						"1.7917": {
							"post": [5.8, 2.35, -2.075],
							"lerp_mode": "catmullrom"
						},
						"1.9583": {
							"post": [6.0583, -2.78004, -2.67849],
							"lerp_mode": "catmullrom"
						},
						"2.375": {
							"post": [6.2, 2.875, -2.15],
							"lerp_mode": "catmullrom"
						},
						"2.6667": {
							"post": [1.24, 0.84, -1.33],
							"lerp_mode": "catmullrom"
						},
						"2.7917": {
							"post": [1.025, 0.35, -1.15],
							"lerp_mode": "catmullrom"
						},
						"3.0417": {
							"post": [4.7, -0.125, -0.715],
							"lerp_mode": "catmullrom"
						},
						"3.25": {
							"post": [5.88, 2.75, 1.93],
							"lerp_mode": "catmullrom"
						},
						"3.5417": {
							"post": [5.84, 3.09, 2.06],
							"lerp_mode": "catmullrom"
						},
						"3.9167": {
							"post": [5.57, 2.88, 1.725],
							"lerp_mode": "catmullrom"
						},
						"4.0833": {
							"post": [2.635, 1.1, 1.425],
							"lerp_mode": "catmullrom"
						},
						"4.3333": {
							"post": [-0.525, 0.175, -0.35],
							"lerp_mode": "catmullrom"
						},
						"4.4167": {
							"post": [0.5, 0, 0.575],
							"lerp_mode": "catmullrom"
						},
						"4.5417": {
							"post": [-0.25, 0.025, -0.3],
							"lerp_mode": "catmullrom"
						},
						"4.7083": {
							"post": [0, 0, 0],
							"lerp_mode": "catmullrom"
						}
					}
				}
			},
			"sound_effects": {
				"0.0": {
					"effect": "emxmors:emx_royalty/p05_ar_schotel_inspect_raise"
				},
				"1.6667": {
					"effect": "emxmors:emx_royalty/emi_reload_2"
				},
				"1.8333": {
					"effect": "emxmors:emx_royalty/tac_boost_land_shot_03"
				},
				"4.2917": {
					"effect": "emxmors:emx_royalty/p05_ar_schotel_inspect_end"
				}
			}
		},
		"shoot": {
			"animation_length": 1.2333,
			"bones": {
				"L1": {
					"rotation": {
						"0.0": [0, 0, 0],
						"0.0667": [0, 50, 0],
						"0.9": [0, 50, 0],
						"0.9667": [0, 0, 0]
					}
				},
				"L2": {
					"rotation": {
						"0.0": [0, 0, 0],
						"0.0667": [0, 50, 0],
						"0.8": [0, 50, 0],
						"0.8667": [0, 0, 0]
					}
				},
				"L3": {
					"rotation": {
						"0.0": [0, 0, 0],
						"0.0667": [0, 50, 0],
						"0.7": [0, 50, 0],
						"0.7667": [0, 0, 0]
					}
				},
				"L4": {
					"rotation": {
						"0.0": [0, 0, 0],
						"0.0667": [0, 50, 0],
						"0.6": [0, 50, 0],
						"0.6667": [0, 0, 0]
					}
				},
				"L5": {
					"rotation": {
						"0.0": [0, 0, 0],
						"0.0667": [0, -50, 0],
						"0.9": [0, -50, 0],
						"0.9667": [0, 0, 0]
					}
				},
				"L6": {
					"rotation": {
						"0.0": [0, 0, 0],
						"0.0667": [0, -50, 0],
						"0.8": [0, -50, 0],
						"0.8667": [0, 0, 0]
					}
				},
				"L7": {
					"rotation": {
						"0.0": [0, 0, 0],
						"0.0667": [0, -50, 0],
						"0.7": [0, -50, 0],
						"0.7667": [0, 0, 0]
					}
				},
				"L8": {
					"rotation": {
						"0.0": [0, 0, 0],
						"0.0667": [0, -50, 0],
						"0.6": [0, -50, 0],
						"0.6667": [0, 0, 0]
					}
				},
				"root": {
					"rotation": {
						"0.0": {
							"post": [0, 0, 0],
							"lerp_mode": "catmullrom"
						},
						"0.0333": {
							"post": [1.24069, 0.15232, -6.99835],
							"lerp_mode": "catmullrom"
						},
						"0.0667": {
							"post": [-5.82024, 1.33042, 5.79388],
							"lerp_mode": "catmullrom"
						},
						"0.1333": {
							"post": [-6.38564, -0.61289, -1.91761],
							"lerp_mode": "catmullrom"
						},
						"0.2": {
							"post": [-6.0138, -0.64862, -3.1926],
							"lerp_mode": "catmullrom"
						},
						"0.3": {
							"post": [-3.22698, -0.95049, 1.89646],
							"lerp_mode": "catmullrom"
						},
						"0.4667": {
							"post": [-0.42425, 0.27786, 0.43549],
							"lerp_mode": "catmullrom"
						},
						"0.7": {
							"post": [0.23068, -0.21405, -0.46178],
							"lerp_mode": "catmullrom"
						},
						"0.9": {
							"post": [-0.09988, 0.076, 0.12379],
							"lerp_mode": "catmullrom"
						},
						"1.0667": {
							"post": [0.04509, 0.01634, -0.04605],
							"lerp_mode": "catmullrom"
						},
						"1.2333": {
							"post": [0, 0, 0],
							"lerp_mode": "catmullrom"
						}
					},
					"position": {
						"0.0": {
							"post": [0, 0, 0],
							"lerp_mode": "catmullrom"
						},
						"0.0333": {
							"post": [0, -0.75, 4.7],
							"lerp_mode": "catmullrom"
						},
						"0.0667": {
							"post": [0, 0.675, 5.205],
							"lerp_mode": "catmullrom"
						},
						"0.1667": {
							"post": [-0.125, 1.18, 2.775],
							"lerp_mode": "catmullrom"
						},
						"0.2333": {
							"post": [-0.11, 0.94, 0.66],
							"lerp_mode": "catmullrom"
						},
						"0.3": {
							"post": [-0.075, 0.51, -0.005],
							"lerp_mode": "catmullrom"
						},
						"0.4333": {
							"post": [0, -0.47, -0.485],
							"lerp_mode": "catmullrom"
						},
						"0.5667": {
							"post": [0, -0.78, -0.095],
							"lerp_mode": "catmullrom"
						},
						"0.7333": {
							"post": [0, -0.415, 0.06],
							"lerp_mode": "catmullrom"
						},
						"0.9": {
							"post": [0, -0.15, 0.1],
							"lerp_mode": "catmullrom"
						},
						"1.0667": {
							"post": [0.03125, -0.17, -0.03],
							"lerp_mode": "catmullrom"
						},
						"1.2333": {
							"post": [0, 0, 0],
							"lerp_mode": "catmullrom"
						}
					}
				},
				"constraint": {
					"rotation": {
						"0.1667": [0.002, 0.05, 0.006],
						"0.3333": [0, 0, 0]
					},
					"position": {
						"0.1667": [0.01, 0.01, 0.25],
						"0.3333": [0, 0, 0]
					}
				},
				"muzzle_flash": {
					"position": [0, 0, 0]
				},
				"camera": {
					"rotation": {
						"0.0": {
							"post": [0, 0, 0],
							"lerp_mode": "catmullrom"
						},
						"0.0333": {
							"post": [0, 0, 3.4],
							"lerp_mode": "catmullrom"
						},
						"0.0667": {
							"post": [0, 0, -2.875],
							"lerp_mode": "catmullrom"
						},
						"0.1": {
							"post": [0, 0, 2.445],
							"lerp_mode": "catmullrom"
						},
						"0.1667": {
							"post": [0, 0, -2.055],
							"lerp_mode": "catmullrom"
						},
						"0.2333": {
							"post": [0, 0, 1.37],
							"lerp_mode": "catmullrom"
						},
						"0.3": {
							"post": [0, 0, -0.85],
							"lerp_mode": "catmullrom"
						},
						"0.3667": {
							"post": [0, 0, 0.525],
							"lerp_mode": "catmullrom"
						},
						"0.4333": {
							"post": [0, 0, -0.125],
							"lerp_mode": "catmullrom"
						},
						"0.5333": {
							"post": [0, 0, 0],
							"lerp_mode": "catmullrom"
						}
					},
					"position": [0, 1, 1]
				},
				"bone65": {
					"scale": {
						"0.0": [1, 1, 1],
						"0.0667": {
							"pre": [1, 1, 1],
							"post": [0, 0, 0]
						},
						"0.8667": [0, 0, 0],
						"0.9333": {
							"pre": [0, 0, 0],
							"post": [1, 1, 1]
						}
					}
				},
				"R_muzz3": {
					"position": {
						"0.0": [0, 0, 0],
						"0.0667": [-0.75, 0, 10],
						"0.9333": [-0.75, 0, 10],
						"1.0": [0, 0, 0]
					}
				},
				"L_muzz3": {
					"position": {
						"0.0": [0, 0, 0],
						"0.0667": [0.75, 0, 10],
						"0.9333": [0.75, 0, 10],
						"1.0": [0, 0, 0]
					}
				},
				"L_muzz2": {
					"rotation": {
						"0.0": [0, 0, 0],
						"0.0667": [0, 0, 19],
						"0.9333": [0, 0, 19],
						"1.0": [0, 0, 0]
					},
					"position": {
						"0.0": [0, 0, 0],
						"0.0667": [0.5, 0, 10],
						"0.9333": [0.5, 0, 10],
						"1.0": [0, 0, 0]
					}
				},
				"bone45": {
					"rotation": {
						"0.0": [0, 0, 0],
						"0.0667": [0, 0, -19],
						"0.9333": [0, 0, -19],
						"1.0": [0, 0, 0]
					},
					"position": {
						"0.0": [0, 0, 0],
						"0.0667": [-0.5, 0, 10],
						"0.9333": [-0.75, 0, 10],
						"1.0": [0, 0, 0]
					}
				}
			}
		},
		"melee_push": {
			"animation_length": 1.1,
			"bones": {
				"root": {
					"rotation": {
						"0.0": {
							"post": [0, 0, 0],
							"lerp_mode": "catmullrom"
						},
						"0.0667": {
							"post": [-0.91946, -0.68416, 4.52785],
							"lerp_mode": "catmullrom"
						},
						"0.1333": {
							"post": [-77.5, 0, 90],
							"lerp_mode": "catmullrom"
						},
						"0.2": {
							"post": [-150.93209, 7.3352, 102.10051],
							"lerp_mode": "catmullrom"
						},
						"0.3": {
							"post": [-150.74622, 9.84655, 100.15108],
							"lerp_mode": "catmullrom"
						},
						"0.4667": {
							"post": [-152.5, 0, 44],
							"lerp_mode": "catmullrom"
						},
						"0.6333": {
							"post": [0.20024, -1.98812, 22.79719],
							"lerp_mode": "catmullrom"
						},
						"0.8": {
							"post": [1.49985, -0.01745, 13.09985],
							"lerp_mode": "catmullrom"
						},
						"0.9333": {
							"post": [0, -0.375, 4.5],
							"lerp_mode": "catmullrom"
						},
						"1.0": {
							"post": [-0.09, -0.35, -0.46875],
							"lerp_mode": "catmullrom"
						},
						"1.1333": {
							"post": [0.01309, -0.25017, -0.42511],
							"lerp_mode": "catmullrom"
						}
					},
					"position": {
						"0.0": {
							"post": [0, 0, 0],
							"lerp_mode": "catmullrom"
						},
						"0.0667": {
							"post": [-2.11, -1.63, 1.31],
							"lerp_mode": "catmullrom"
						},
						"0.1333": {
							"post": [0, 0, 1],
							"lerp_mode": "catmullrom"
						},
						"0.2": {
							"post": [6, 0, -4],
							"lerp_mode": "catmullrom"
						},
						"0.3": {
							"post": [6, 0, -5],
							"lerp_mode": "catmullrom"
						},
						"0.3667": {
							"post": [6, 0, -4],
							"lerp_mode": "catmullrom"
						},
						"0.6333": {
							"post": [-0.21, -1.08, -2.375],
							"lerp_mode": "catmullrom"
						},
						"0.8": {
							"post": [0, -0.25, -0.025],
							"lerp_mode": "catmullrom"
						},
						"0.9333": {
							"post": [0, 0, 0.525],
							"lerp_mode": "catmullrom"
						},
						"1.1": {
							"post": [0, 0, -0.1],
							"lerp_mode": "catmullrom"
						}
					}
				},
				"righthand": {
					"rotation": {
						"0.0": [89.49625, 6.99973, -180.06139],
						"0.1333": [-33, 7, -180.06],
						"0.2333": [-33, 7, -180.06],
						"0.5333": [-33, 7, -180.06],
						"0.6": [89.49625, 6.99973, -180.06139],
						"1.0667": [89.49625, 6.99973, -180.06139]
					},
					"position": {
						"0.0": [-6.85, -14.075, 8.775],
						"0.2333": [-6.85, -8.07, 12.78],
						"0.5333": [-6.85, -8.07, 12.78],
						"0.6": [-6.85, -14.075, 8.775],
						"1.0667": [-6.85, -14.075, 8.775]
					},
					"scale": {
						"0.0": [1, 1.5, 1],
						"1.0667": [1, 1.5, 1]
					}
				},
				"camera": {
					"rotation": {
						"0.0": {
							"post": [0, 0, 0],
							"lerp_mode": "catmullrom"
						},
						"0.0667": {
							"post": [-0.325, -0.2, -0.4],
							"lerp_mode": "catmullrom"
						},
						"0.2": {
							"post": [0.455, -0.175, 0.7],
							"lerp_mode": "catmullrom"
						},
						"0.3333": {
							"post": [-0.195, 0.075, -0.45],
							"lerp_mode": "catmullrom"
						},
						"0.4667": {
							"post": [0.185, 0.175, 0.15],
							"lerp_mode": "catmullrom"
						},
						"0.7333": {
							"post": [0, 0, 0],
							"lerp_mode": "catmullrom"
						}
					}
				}
			},
			"sound_effects": {
				"0.0667": {
					"effect": "emxarms:emx_melee/emx_melee_02"
				}
			}
		},
		"melee_bayonet_3": {
			"animation_length": 1.1,
			"bones": {
				"root": {
					"rotation": {
						"0.0": {
							"post": [0, 0, 0],
							"lerp_mode": "catmullrom"
						},
						"0.0667": {
							"post": [-0.91946, -0.68416, 4.52785],
							"lerp_mode": "catmullrom"
						},
						"0.1333": {
							"post": [-77.5, 0, 0],
							"lerp_mode": "catmullrom"
						},
						"0.2": {
							"post": [-152.5, 0, 7],
							"lerp_mode": "catmullrom"
						},
						"0.3667": {
							"post": [-155.5, 0, 22],
							"lerp_mode": "catmullrom"
						},
						"0.4667": {
							"post": [-137.5, 0, 44],
							"lerp_mode": "catmullrom"
						},
						"0.6333": {
							"post": [0.20024, -1.98812, 22.79719],
							"lerp_mode": "catmullrom"
						},
						"0.8": {
							"post": [1.49985, -0.01745, 13.09985],
							"lerp_mode": "catmullrom"
						},
						"0.9333": {
							"post": [0, -0.375, 4.5],
							"lerp_mode": "catmullrom"
						},
						"1.0": {
							"post": [-0.09, -0.35, -0.46875],
							"lerp_mode": "catmullrom"
						},
						"1.1333": {
							"post": [0.01309, -0.25017, -0.42511],
							"lerp_mode": "catmullrom"
						}
					},
					"position": {
						"0.0": {
							"post": [0, 0, 0],
							"lerp_mode": "catmullrom"
						},
						"0.0667": {
							"post": [-2.11, -1.63, 1.31],
							"lerp_mode": "catmullrom"
						},
						"0.1333": {
							"post": [0, 0, 1],
							"lerp_mode": "catmullrom"
						},
						"0.2": {
							"post": [6, 0, -4],
							"lerp_mode": "catmullrom"
						},
						"0.3": {
							"post": [6, 0, -5],
							"lerp_mode": "catmullrom"
						},
						"0.3667": {
							"post": [6, 0, -4],
							"lerp_mode": "catmullrom"
						},
						"0.6333": {
							"post": [-0.21, -1.08, -2.375],
							"lerp_mode": "catmullrom"
						},
						"0.8": {
							"post": [0, -0.25, -0.025],
							"lerp_mode": "catmullrom"
						},
						"0.9333": {
							"post": [0, 0, 0.525],
							"lerp_mode": "catmullrom"
						},
						"1.1": {
							"post": [0, 0, -0.1],
							"lerp_mode": "catmullrom"
						}
					}
				},
				"righthand": {
					"rotation": {
						"0.0": [89.49625, 6.99973, -180.06139],
						"0.1333": [-33, 7, -180.06],
						"0.2333": [-33, 7, -180.06],
						"0.5333": [-33, 7, -180.06],
						"0.6": [89.49625, 6.99973, -180.06139],
						"1.0667": [89.49625, 6.99973, -180.06139]
					},
					"position": {
						"0.0": [-6.85, -14.075, 8.775],
						"0.2333": [-6.85, -8.07, 12.78],
						"0.5333": [-6.85, -8.07, 12.78],
						"0.6": [-6.85, -14.075, 8.775],
						"1.0667": [-6.85, -14.075, 8.775]
					},
					"scale": {
						"0.0": [1, 1.5, 1],
						"1.0667": [1, 1.5, 1]
					}
				},
				"camera": {
					"rotation": {
						"0.0": {
							"post": [0, 0, 0],
							"lerp_mode": "catmullrom"
						},
						"0.0667": {
							"post": [-0.325, -0.2, -0.4],
							"lerp_mode": "catmullrom"
						},
						"0.2": {
							"post": [0.455, -0.175, 0.7],
							"lerp_mode": "catmullrom"
						},
						"0.3333": {
							"post": [-0.195, 0.075, -0.45],
							"lerp_mode": "catmullrom"
						},
						"0.4667": {
							"post": [0.185, 0.175, 0.15],
							"lerp_mode": "catmullrom"
						},
						"0.7333": {
							"post": [0, 0, 0],
							"lerp_mode": "catmullrom"
						}
					}
				}
			},
			"sound_effects": {
				"0.0667": {
					"effect": "emxarms:emx_melee/emx_melee_01"
				}
			}
		},
		"melee_push1": {
			"animation_length": 1,
			"bones": {
				"root": {
					"rotation": {
						"0.0": {
							"post": [0, 0, 0],
							"lerp_mode": "catmullrom"
						},
						"0.0833": {
							"post": [-0.91946, -25, 4.52785],
							"lerp_mode": "catmullrom"
						},
						"0.1667": {
							"post": [-0.58211, -80, 30.44834],
							"lerp_mode": "catmullrom"
						},
						"0.25": {
							"post": [-0.84898, -100, 31.61935],
							"lerp_mode": "catmullrom"
						},
						"0.375": {
							"post": [0.20024, -110, 22.79719],
							"lerp_mode": "catmullrom"
						},
						"0.4583": {
							"post": [1.49985, -90, 13.09985],
							"lerp_mode": "catmullrom"
						},
						"0.5833": {
							"post": [0, -45, 4.5],
							"lerp_mode": "catmullrom"
						},
						"0.6667": {
							"post": [-0.09, -15, -0.46875],
							"lerp_mode": "catmullrom"
						},
						"0.7917": {
							"post": [0.01309, -0.25017, -0.42511],
							"lerp_mode": "catmullrom"
						}
					},
					"position": {
						"0.0": {
							"post": [0, 0, 0],
							"lerp_mode": "catmullrom"
						},
						"0.0833": {
							"post": [-2.11, -1.63, 1.31],
							"lerp_mode": "catmullrom"
						},
						"0.1667": {
							"post": [-1.675, -0.95, -7.675],
							"lerp_mode": "catmullrom"
						},
						"0.25": {
							"post": [-1.02, -0.775, -4.52],
							"lerp_mode": "catmullrom"
						},
						"0.375": {
							"post": [-0.21, -1.08, -2.375],
							"lerp_mode": "catmullrom"
						},
						"0.4583": {
							"post": [0, -0.25, -0.025],
							"lerp_mode": "catmullrom"
						},
						"0.5833": {
							"post": [0, 0, 0.525],
							"lerp_mode": "catmullrom"
						},
						"0.75": {
							"post": [0, 0, -0.1],
							"lerp_mode": "catmullrom"
						}
					}
				},
				"camera": {
					"rotation": {
						"0.0": {
							"post": [0, 0, 0],
							"lerp_mode": "catmullrom"
						},
						"0.0833": {
							"post": [-0.325, -0.2, -0.4],
							"lerp_mode": "catmullrom"
						},
						"0.2083": {
							"post": [0.455, -0.175, 0.7],
							"lerp_mode": "catmullrom"
						},
						"0.3333": {
							"post": [-0.195, 0.075, -0.45],
							"lerp_mode": "catmullrom"
						},
						"0.4583": {
							"post": [0.185, 0.175, 0.15],
							"lerp_mode": "catmullrom"
						},
						"0.75": {
							"post": [0, 0, 0],
							"lerp_mode": "catmullrom"
						}
					}
				}
			},
			"sound_effects": {
				"0.0833": {
					"effect": "emxarms:emx_melee/emx_melee_02"
				}
			}
		},
		"melee_stock": {
			"animation_length": 1.1,
			"bones": {
				"root": {
					"rotation": {
						"0.0": {
							"post": [0, 0, 0],
							"lerp_mode": "catmullrom"
						},
						"0.0667": {
							"post": [-0.91946, -0.68416, 4.52785],
							"lerp_mode": "catmullrom"
						},
						"0.1333": {
							"post": [-77.5, 0, 90],
							"lerp_mode": "catmullrom"
						},
						"0.2": {
							"post": [-152.5, 0, 102],
							"lerp_mode": "catmullrom"
						},
						"0.3": {
							"post": [-152.5, 0, 100],
							"lerp_mode": "catmullrom"
						},
						"0.4667": {
							"post": [-152.5, 0, 44],
							"lerp_mode": "catmullrom"
						},
						"0.6333": {
							"post": [0.20024, -1.98812, 22.79719],
							"lerp_mode": "catmullrom"
						},
						"0.8": {
							"post": [1.49985, -0.01745, 13.09985],
							"lerp_mode": "catmullrom"
						},
						"0.9333": {
							"post": [0, -0.375, 4.5],
							"lerp_mode": "catmullrom"
						},
						"1.0": {
							"post": [-0.09, -0.35, -0.46875],
							"lerp_mode": "catmullrom"
						},
						"1.1333": {
							"post": [0.01309, -0.25017, -0.42511],
							"lerp_mode": "catmullrom"
						}
					},
					"position": {
						"0.0": {
							"post": [0, 0, 0],
							"lerp_mode": "catmullrom"
						},
						"0.0667": {
							"post": [-2.11, -1.63, 1.31],
							"lerp_mode": "catmullrom"
						},
						"0.1333": {
							"post": [0, 0, 1],
							"lerp_mode": "catmullrom"
						},
						"0.2": {
							"post": [6, 0, -4],
							"lerp_mode": "catmullrom"
						},
						"0.3": {
							"post": [6, 0, -5],
							"lerp_mode": "catmullrom"
						},
						"0.3667": {
							"post": [6, 0, -4],
							"lerp_mode": "catmullrom"
						},
						"0.6333": {
							"post": [-0.21, -1.08, -2.375],
							"lerp_mode": "catmullrom"
						},
						"0.8": {
							"post": [0, -0.25, -0.025],
							"lerp_mode": "catmullrom"
						},
						"0.9333": {
							"post": [0, 0, 0.525],
							"lerp_mode": "catmullrom"
						},
						"1.1": {
							"post": [0, 0, -0.1],
							"lerp_mode": "catmullrom"
						}
					}
				},
				"righthand": {
					"rotation": {
						"0.0": [89.49625, 6.99973, -180.06139],
						"0.1333": [-33, 7, -180.06],
						"0.2333": [-33, 7, -180.06],
						"0.5333": [-33, 7, -180.06],
						"0.6": [89.49625, 6.99973, -180.06139],
						"1.0667": [89.49625, 6.99973, -180.06139]
					},
					"position": {
						"0.0": [-6.85, -14.075, 8.775],
						"0.2333": [-6.85, -8.07, 12.78],
						"0.5333": [-6.85, -8.07, 12.78],
						"0.6": [-6.85, -14.075, 8.775],
						"1.0667": [-6.85, -14.075, 8.775]
					},
					"scale": {
						"0.0": [1, 1.5, 1],
						"1.0667": [1, 1.5, 1]
					}
				},
				"camera": {
					"rotation": {
						"0.0": {
							"post": [0, 0, 0],
							"lerp_mode": "catmullrom"
						},
						"0.0667": {
							"post": [-0.325, -0.2, -0.4],
							"lerp_mode": "catmullrom"
						},
						"0.2": {
							"post": [0.455, -0.175, 0.7],
							"lerp_mode": "catmullrom"
						},
						"0.3333": {
							"post": [-0.195, 0.075, -0.45],
							"lerp_mode": "catmullrom"
						},
						"0.4667": {
							"post": [0.185, 0.175, 0.15],
							"lerp_mode": "catmullrom"
						},
						"0.7333": {
							"post": [0, 0, 0],
							"lerp_mode": "catmullrom"
						}
					}
				}
			},
			"sound_effects": {
				"0.0667": {
					"effect": "emxarms:emx_melee/emx_melee_03"
				}
			}
		},
		"reload_empty": {
			"animation_length": 1.4583,
			"bones": {
				"lefthand": {
					"rotation": [107.69108, -32.75736, -156.00452],
					"position": [7.7, -15.775, -10.3875],
					"scale": [1, 1.5, 1]
				},
				"lefthand_pos": {
					"position": [0, 0, 0]
				},
				"righthand": {
					"rotation": {
						"0.0": [89.49625, 6.99973, -180.06139],
						"0.125": [89.49625, 6.99973, -180.06139],
						"0.2083": [134.45885, 17.99616, -138.65974],
						"0.5833": [185.50912, 5.93867, -145.85378],
						"0.75": [185.51, 5.94, -145.85],
						"1.0": [113.59418, -4.75695, -113.44567],
						"1.375": [89.49625, 6.99973, -180.06139]
					},
					"position": {
						"0.0": [-6.85, -14.075, 8.775],
						"0.125": [-6.85, -14.075, 8.775],
						"0.2083": [-11.725, -10.82, 10.25],
						"0.25": [-11.04, -9.8825, 9.875],
						"0.2917": [-12.54, -10.79, 9.88],
						"0.375": [-12.165, -11.5075, 9.875],
						"0.4167": [-9.54, -10.1925, 12.72],
						"0.5833": [-8.915, -11.64, 10.47],
						"0.75": [-8.91, -11.64, 10.47],
						"1.0": [-10.1025, -7.88, 12],
						"1.125": [-10.04, -8.7575, 12],
						"1.2083": [-10.32, -11.65, 12],
						"1.375": [-6.85, -14.075, 8.775]
					},
					"scale": [1, 1.5, 1]
				},
				"righthand_pos": {
					"rotation": [0, 0, -2.5],
					"position": [2, 2, 0]
				},
				"constraint": {
					"rotation": [0.2, 0.1, 0.2],
					"position": [0.2, 0.2, 0.4]
				},
				"refit_view": {
					"position": [0, -1, 11]
				},
				"Bolt4": {
					"position": {
						"0.0": [0, 0, 0],
						"0.375": [0, 0, 0],
						"0.4167": {
							"pre": [0, 0, 3],
							"post": [0, 0, 3],
							"lerp_mode": "catmullrom"
						},
						"0.5": [0, 0, 3],
						"0.9167": [0, 0, 3],
						"1.0": {
							"pre": [0, 0, 1.3],
							"post": [0, 0, 1.3],
							"lerp_mode": "catmullrom"
						},
						"1.0417": [0, 0, 0]
					}
				},
				"Bolt5": {
					"rotation": {
						"0.0": [0, 0, 0],
						"0.1667": [0, 0, 0],
						"0.2083": {
							"pre": [0, 0, 30],
							"post": [0, 0, 30],
							"lerp_mode": "catmullrom"
						},
						"0.25": {
							"post": [0, 0, 50],
							"lerp_mode": "catmullrom"
						},
						"0.3333": [0, 0, 78],
						"1.0417": [0, 0, 78],
						"1.125": {
							"pre": [0, 0, 50],
							"post": [0, 0, 50],
							"lerp_mode": "catmullrom"
						},
						"1.2083": {
							"post": [0, 0, 0],
							"lerp_mode": "catmullrom"
						}
					},
					"position": [0, 0, 0]
				},
				"root": {
					"rotation": {
						"0.0": [0, 0, 0],
						"0.25": [0, 0, 0],
						"0.2917": [3, -2.99, 20],
						"0.3333": {
							"pre": [3, -2.99, 30],
							"post": [3, -2.99, 30],
							"lerp_mode": "catmullrom"
						},
						"0.375": [3, -2.99, 20],
						"0.4583": {
							"pre": [4, -5, 21],
							"post": [4, -5, 21],
							"lerp_mode": "catmullrom"
						},
						"0.5833": {
							"post": [4, -6, 21],
							"lerp_mode": "catmullrom"
						},
						"0.7083": {
							"post": [4, -6.07, 21],
							"lerp_mode": "catmullrom"
						},
						"0.8333": [4.5, -6.04, 21],
						"0.9583": [4, -6, 21],
						"1.0": {
							"pre": [4, -6, 21],
							"post": [4, -6, 21],
							"lerp_mode": "catmullrom"
						},
						"1.125": [3, -6, 5.96],
						"1.3333": {
							"pre": [0.54, -1.11, 0.79],
							"post": [0.54, -1.11, 0.79],
							"lerp_mode": "catmullrom"
						},
						"1.4583": [0, 0, 0]
					},
					"position": {
						"0.0": [0, 0, 0],
						"0.25": [0, 0, 0],
						"0.3333": [1, 0.1, -1],
						"0.4167": [1, 0.2, -2],
						"0.4583": [1, 0.2, -2],
						"0.5417": [1, 0.2, -2],
						"0.5833": {
							"pre": [1, -1.1125, -2.1],
							"post": [1, -1.1125, -2.1],
							"lerp_mode": "catmullrom"
						},
						"0.6667": [1, -0.2, -2.15],
						"0.7083": [1, -0.2, -2.15],
						"0.8333": [1.04, -0.15, -2.25],
						"0.9583": [1, -0.1, -2.2],
						"1.2083": [0.3, 0, -1],
						"1.2917": [0, 0, 0]
					}
				},
				"mag_and_bullet": {
					"rotation": {
						"0.0": [0, 0, 0],
						"0.125": [0, 0, 0],
						"0.2083": [61.09591, 8.40596, 14.82994],
						"0.25": [37, 8.41, 14.83],
						"0.2917": [36.79104, -18.79026, 15.46568],
						"0.375": [37, -19.59, 14.83],
						"0.5": [0, 0, 0],
						"0.5833": [0, 0, 0],
						"1.375": [0, 0, 0]
					},
					"position": {
						"0.0": [0, 0, 0],
						"0.125": [0, 0, 0],
						"0.2083": [-0.875, 2.0625, 4.4375],
						"0.25": [0.4425, 4.81, 5.0025],
						"0.2917": [-0.9325, 4, 5.7525],
						"0.375": [-0.805, 3.5, 6.0025],
						"0.4167": [1.7575, 5.25, 8.815],
						"0.5": [1.8875, 4.06, 7.695],
						"0.5833": [1.89, 3.1225, 7.7],
						"1.375": [0, 0, 0]
					},
					"scale": {
						"0.0": [0, 0, 0],
						"0.2083": {
							"pre": [0, 0, 0],
							"post": [1, 1, 1]
						},
						"0.5833": [1, 1, 1],
						"0.75": {
							"pre": [1, 1, 1],
							"post": [0, 0, 0]
						},
						"1.375": {
							"pre": [0, 0, 0],
							"post": [1, 1, 1]
						}
					}
				},
				"camera": {
					"rotation": {
						"0.0": {
							"post": [0, 0, 0],
							"lerp_mode": "catmullrom"
						},
						"0.25": {
							"post": [0, 0, 0],
							"lerp_mode": "catmullrom"
						},
						"0.2917": {
							"post": [0, 0, -1.5],
							"lerp_mode": "catmullrom"
						},
						"0.375": {
							"post": [0, 0, 0],
							"lerp_mode": "catmullrom"
						},
						"0.4167": {
							"post": [-1.5, 0, 0],
							"lerp_mode": "catmullrom"
						},
						"0.4583": {
							"post": [0, 0, 0],
							"lerp_mode": "catmullrom"
						},
						"0.5417": {
							"post": [0, 0, 0],
							"lerp_mode": "catmullrom"
						},
						"0.5833": {
							"post": [2.5, 0, 0],
							"lerp_mode": "catmullrom"
						},
						"0.625": {
							"post": [0, 0, 0],
							"lerp_mode": "catmullrom"
						},
						"1.0833": {
							"post": [0, 0, 0],
							"lerp_mode": "catmullrom"
						},
						"1.125": {
							"post": [0, 0, 1.5],
							"lerp_mode": "catmullrom"
						},
						"1.2083": {
							"post": [0, 0, 0],
							"lerp_mode": "catmullrom"
						}
					}
				},
				"bone49": {
					"rotation": {
						"0.4583": [0, 0, 0],
						"0.5417": [0, 0, 0],
						"1.0": [0, 0, 0],
						"1.0417": [0, 0, 0]
					},
					"position": {
						"0.4583": [0, 0, 0],
						"0.5417": [0, 0, -0.6875],
						"1.0": [0, 0, -0.6875],
						"1.0417": [0, 0, 0]
					}
				}
			},
			"sound_effects": {
				"0.3333": {
					"effect": "emxmors:emx_royalty/wpn_mors_bolt_close_01"
				},
				"0.75": {
					"effect": "emxmors:emx_royalty/ammo_clipin"
				},
				"1.2083": {
					"effect": "emxmors:emx_royalty/wpn_mors_bullet_in_start_02"
				}
			}
		},
		"reload_tactical": {
			"animation_length": 1.7083,
			"bones": {
				"lefthand": {
					"rotation": [107.69108, -32.75736, -156.00452],
					"position": [7.7, -15.775, -10.3875],
					"scale": [1, 1.5, 1]
				},
				"lefthand_pos": {
					"position": [0, 0, 0]
				},
				"righthand": {
					"rotation": {
						"0.0": [89.49625, 6.99973, -180.06139],
						"0.125": [89.49625, 6.99973, -180.06139],
						"0.2083": [134.45885, 17.99616, -138.65974],
						"0.5833": [185.50912, 5.93867, -145.85378],
						"0.75": [185.51, 5.94, -145.85],
						"1.0": [113.59418, -4.75695, -113.44567],
						"1.375": [89.49625, 6.99973, -180.06139]
					},
					"position": {
						"0.0": [-6.85, -14.075, 8.775],
						"0.125": [-6.85, -14.075, 8.775],
						"0.2083": [-11.725, -10.82, 10.25],
						"0.25": [-11.04, -9.8825, 9.875],
						"0.2917": [-12.54, -10.79, 9.88],
						"0.375": [-12.165, -11.5075, 9.875],
						"0.4167": [-9.54, -10.1925, 12.72],
						"0.5833": [-8.915, -11.64, 10.47],
						"0.75": [-8.91, -11.64, 10.47],
						"1.0": [-10.1025, -7.88, 12],
						"1.125": [-10.04, -8.7575, 12],
						"1.2083": [-10.32, -11.65, 12],
						"1.375": [-6.85, -14.075, 8.775]
					},
					"scale": [1, 1.5, 1]
				},
				"righthand_pos": {
					"rotation": [0, 0, -2.5],
					"position": [2, 2, 0]
				},
				"constraint": {
					"rotation": [0.2, 0.1, 0.2],
					"position": [0.2, 0.2, 0.4]
				},
				"refit_view": {
					"position": [0, -1, 11]
				},
				"Bolt4": {
					"position": {
						"0.0": [0, 0, 0],
						"0.375": [0, 0, 0],
						"0.4167": {
							"pre": [0, 0, 3],
							"post": [0, 0, 3],
							"lerp_mode": "catmullrom"
						},
						"0.5": [0, 0, 3],
						"0.9167": [0, 0, 3],
						"1.0": {
							"pre": [0, 0, 1.3],
							"post": [0, 0, 1.3],
							"lerp_mode": "catmullrom"
						},
						"1.0417": [0, 0, 0]
					}
				},
				"Bolt5": {
					"rotation": {
						"0.0": [0, 0, 0],
						"0.1667": [0, 0, 0],
						"0.2083": {
							"pre": [0, 0, 30],
							"post": [0, 0, 30],
							"lerp_mode": "catmullrom"
						},
						"0.25": {
							"post": [0, 0, 50],
							"lerp_mode": "catmullrom"
						},
						"0.3333": [0, 0, 78],
						"1.0417": [0, 0, 78],
						"1.125": {
							"pre": [0, 0, 50],
							"post": [0, 0, 50],
							"lerp_mode": "catmullrom"
						},
						"1.2083": {
							"post": [0, 0, 0],
							"lerp_mode": "catmullrom"
						}
					},
					"position": [0, 0, 0]
				},
				"root": {
					"rotation": {
						"0.0": [0, 0, 0],
						"0.25": [0, 0, 0],
						"0.2917": [3, -2.99, 20],
						"0.3333": {
							"pre": [3, -2.99, 30],
							"post": [3, -2.99, 30],
							"lerp_mode": "catmullrom"
						},
						"0.375": [3, -2.99, 20],
						"0.4583": {
							"pre": [4, -5, 21],
							"post": [4, -5, 21],
							"lerp_mode": "catmullrom"
						},
						"0.5833": {
							"post": [4, -6, 21],
							"lerp_mode": "catmullrom"
						},
						"0.7083": {
							"post": [4, -6.07, 21],
							"lerp_mode": "catmullrom"
						},
						"0.8333": [4.5, -6.04, 21],
						"0.9583": [4, -6, 21],
						"1.0": {
							"pre": [4, -6, 21],
							"post": [4, -6, 21],
							"lerp_mode": "catmullrom"
						},
						"1.125": [3, -6, 5.96],
						"1.3333": {
							"pre": [0.54, -1.11, 0.79],
							"post": [0.54, -1.11, 0.79],
							"lerp_mode": "catmullrom"
						},
						"1.4583": [0, 0, 0]
					},
					"position": {
						"0.0": [0, 0, 0],
						"0.25": [0, 0, 0],
						"0.3333": [1, 0.1, -1],
						"0.4167": [1, 0.2, -2],
						"0.4583": [1, 0.2, -2],
						"0.5417": [1, 0.2, -2],
						"0.5833": {
							"pre": [1, -1.1125, -2.1],
							"post": [1, -1.1125, -2.1],
							"lerp_mode": "catmullrom"
						},
						"0.6667": [1, -0.2, -2.15],
						"0.7083": [1, -0.2, -2.15],
						"0.8333": [1.04, -0.15, -2.25],
						"0.9583": [1, -0.1, -2.2],
						"1.2083": [0.3, 0, -1],
						"1.2917": [0, 0, 0]
					}
				},
				"mag_and_bullet": {
					"rotation": {
						"0.0": [0, 0, 0],
						"0.125": [0, 0, 0],
						"0.2083": [61.09591, 8.40596, 14.82994],
						"0.25": [37, 8.41, 14.83],
						"0.2917": [36.79104, -18.79026, 15.46568],
						"0.375": [37, -19.59, 14.83],
						"0.5": [0, 0, 0],
						"0.5833": [0, 0, 0],
						"1.375": [0, 0, 0]
					},
					"position": {
						"0.0": [0, 0, 0],
						"0.125": [0, 0, 0],
						"0.2083": [-0.875, 2.0625, 4.4375],
						"0.25": [0.4425, 4.81, 5.0025],
						"0.2917": [-0.9325, 4, 5.7525],
						"0.375": [-0.805, 3.5, 6.0025],
						"0.4167": [1.7575, 5.25, 8.815],
						"0.5": [1.8875, 4.06, 7.695],
						"0.5833": [1.89, 3.1225, 7.7],
						"1.375": [0, 0, 0]
					},
					"scale": {
						"0.0": [0, 0, 0],
						"0.2083": {"pre": [0, 0, 0], "post": [1, 1, 1]}
					}
				},
				"bone49": {
					"rotation": {
						"0.4583": [0, 0, 0],
						"0.5417": [0, 0, 0],
						"1.0": [0, 0, 0],
						"1.0417": [0, 0, 0]
					},
					"position": {
						"0.4583": [0, 0, 0],
						"0.5417": [0, 0, -0.6875],
						"1.0": [0, 0, -0.6875],
						"1.0417": [0, 0, 0]
					}
				},
				"camera": {
					"rotation": {
						"0.0": {
							"post": [0, 0, 0],
							"lerp_mode": "catmullrom"
						},
						"0.25": {
							"post": [0, 0, 0],
							"lerp_mode": "catmullrom"
						},
						"0.2917": {
							"post": [0, 0, -1.5],
							"lerp_mode": "catmullrom"
						},
						"0.375": {
							"post": [0, 0, 0],
							"lerp_mode": "catmullrom"
						},
						"0.4167": {
							"post": [-1.5, 0, 0],
							"lerp_mode": "catmullrom"
						},
						"0.4583": {
							"post": [0, 0, 0],
							"lerp_mode": "catmullrom"
						},
						"0.5417": {
							"post": [0, 0, 0],
							"lerp_mode": "catmullrom"
						},
						"0.5833": {
							"post": [1.5, 0, 0],
							"lerp_mode": "catmullrom"
						},
						"0.625": {
							"post": [0, 0, 0],
							"lerp_mode": "catmullrom"
						},
						"1.0833": {
							"post": [0, 0, 0],
							"lerp_mode": "catmullrom"
						},
						"1.125": {
							"post": [0, 0, 1.5],
							"lerp_mode": "catmullrom"
						},
						"1.2083": {
							"post": [0, 0, 0],
							"lerp_mode": "catmullrom"
						}
					}
				}
			},
			"sound_effects": {
				"0.3333": {
					"effect": "emxmors:emx_royalty/wpn_mors_bolt_close_01"
				},
				"0.75": {
					"effect": "emxmors:emx_royalty/ammo_clipin"
				},
				"1.2083": {
					"effect": "emxmors:emx_royalty/wpn_mors_bullet_in_start_02"
				}
			}
		}
	}
}