{
	"format_version": "1.8.0",
	"animations": {
		"static_idle": {
			"loop": true,
			"bones": {
				"lefthand": {
					"rotation": [107.69108, -32.75736, -156.00452],
					"position": [8.2, -12.9, -2.2],
					"scale": [1, 1.5, 1]
				},
				"righthand": {
					"rotation": [89.49625, 6.99973, -180.06139],
					"position": [-6.85, -14.075, 8.775],
					"scale": [1, 1.5, 1]
				},
				"refit_view": {
					"position": [0, -1, 11]
				},
				"constraint": {
					"rotation": [0.2, 0.1, 0.2],
					"position": [0.2, 0.2, 0.4]
				},
				"righthand_pos": {
					"rotation": [0, 0, -2.5],
					"position": [2, 2, 0]
				},
				"light2": {
					"scale": 0
				},
				"lefthand_pos": {
					"position": [0, 0, 0]
				},
				"camera": {
					"rotation": [0, 0, 0]
				},
				"green_illuminated": {
					"position": [0, 0, 0],
					"scale": 0.1
				}
			}
		},
		"static_bolt_caught": {
			"loop": true,
			"bones": {
				"refit_view": {
					"position": [0, -1, 11]
				},
				"constraint": {
					"rotation": [0.2, 0.1, 0.2],
					"position": [0.2, 0.2, 0.4]
				},
				"light2": {
					"scale": 0
				},
				"camera": {
					"rotation": [0, 0, 0]
				},
				"bolt": {
					"position": [0, 0, 5.5]
				},
				"1bullet1": {
					"scale": 0
				}
			}
		},
		"draw": {
			"animation_length": 1.3667,
			"bones": {
				"lefthand": {
					"rotation": [107.69108, -32.75736, -156.00452],
					"position": {
						"0.0": [8.2, -12.9, -2.2],
						"0.8": [8.2, -12.9, -2.2]
					},
					"scale": [1, 1.5, 1]
				},
				"righthand": {
					"rotation": [89.49625, 6.99973, -180.06139],
					"position": [-6.85, -14.075, 8.775],
					"scale": [1, 1.5, 1]
				},
				"root": {
					"rotation": {
						"0.0": [-106.51189, -22.48392, 9.41779],
						"0.2333": [-52.59389, -13.40941, -2.66565],
						"0.3333": [-35.13359, -5.12707, 0.31771],
						"0.4333": [-12.90997, -6.50028, -7.19254],
						"0.5": [-4.36769, -5.14555, 0.4584],
						"0.5333": [-3.78864, -5.08234, -2.86114],
						"0.6333": {
							"pre": [-0.94724, -3.20987, 0.9386],
							"post": [-0.94724, -3.20987, 0.9386],
							"lerp_mode": "catmullrom"
						},
						"0.8667": {
							"post": [-1.95, -0.44, -1.31],
							"lerp_mode": "catmullrom"
						},
						"0.9333": {
							"post": [-2.0016, 0.01741, -1.49817],
							"lerp_mode": "catmullrom"
						},
						"1.0333": {
							"post": [0.3296, -0.02576, 2.32998],
							"lerp_mode": "catmullrom"
						},
						"1.1333": {
							"post": [0, 0, 2],
							"lerp_mode": "catmullrom"
						},
						"1.3": {
							"post": [0, 0, 0],
							"lerp_mode": "catmullrom"
						},
						"1.3667": {
							"post": [0, 0, 0],
							"lerp_mode": "catmullrom"
						}
					},
					"position": {
						"0.0": [-17, -31, 15],
						"0.2": [-6.05, -11.1, 4.67],
						"0.3333": {
							"pre": [-0.5, -2.7, 1.9],
							"post": [-0.5, -2.7, 1.9],
							"lerp_mode": "catmullrom"
						},
						"0.5": {
							"post": [0.01, -3.42, -0.41],
							"lerp_mode": "catmullrom"
						},
						"0.5333": {
							"post": [-0.04, -3.95, 0.36],
							"lerp_mode": "catmullrom"
						},
						"0.6333": {
							"post": [-0.02, -3.15, 1.76],
							"lerp_mode": "catmullrom"
						},
						"0.8667": {
							"post": [0, -1.01, -0.25],
							"lerp_mode": "catmullrom"
						},
						"0.9333": {
							"post": [0, -0.6, -0.5],
							"lerp_mode": "catmullrom"
						},
						"1.0333": {
							"post": [0, -0.08, 1.26],
							"lerp_mode": "catmullrom"
						},
						"1.1": {
							"post": [0, -0.19, 0.51],
							"lerp_mode": "catmullrom"
						},
						"1.2333": {
							"post": [0, 0, 0],
							"lerp_mode": "catmullrom"
						},
						"1.3667": {
							"post": [0, 0, 0],
							"lerp_mode": "catmullrom"
						}
					}
				},
				"camera": {
					"rotation": {
						"0.0": {
							"post": [0, 0, 0],
							"lerp_mode": "catmullrom"
						},
						"0.1667": {
							"post": [0.45, -0.175, 0.6],
							"lerp_mode": "catmullrom"
						},
						"0.4": {
							"post": [-0.1, 0.05, -0.175],
							"lerp_mode": "catmullrom"
						},
						"0.5": {
							"post": [0.05, 0, 0.05],
							"lerp_mode": "catmullrom"
						},
						"0.6667": {
							"post": [0, 0, 0],
							"lerp_mode": "catmullrom"
						}
					}
				},
				"green_illuminated": {
					"scale": 0.1
				}
			},
			"sound_effects": {
				"0.0667": {
					"effect": "emxarms:emx_pmg90/p05_ar_schotel_reload_raise"
				}
			}
		},
		"put_away": {
			"animation_length": 0.9,
			"bones": {
				"lefthand": {
					"rotation": {
						"0.0": [107.69108, -32.75736, -156.00452],
						"0.1333": [169.13843, 3.15772, -219.72112],
						"0.2667": [168.76095, 1.2363, -229.54249]
					},
					"position": {
						"0.0": [8.2, -12.9, -2.2],
						"0.0667": [8.66185, -10.53957, -1.25509],
						"0.1333": [8.08317, -8.39052, 0.52034],
						"0.2667": [8.08317, -8.39052, 0.52034]
					},
					"scale": [1, 1.5, 1]
				},
				"righthand": {
					"rotation": {
						"0.0": [89.49625, -323.7116, -174.9986],
						"0.1": [101.2139, -323.71163, -174.99863],
						"0.3": [99.92205, -324.96551, -168.50279],
						"0.5667": [101.48941, -375.72158, -1.01416],
						"0.6667": [134.2185, -345.09581, -33.36169],
						"0.8667": [131.93942, -347.49859, -38.54941]
					},
					"position": {
						"0.0": [-6.85, -14.075, 8.775],
						"0.1": [-6.4, -14.425, 2],
						"0.3": [-9.38656, -8.07425, 7.05538],
						"0.3667": [-4.83735, -3.87436, 7.75939],
						"0.4667": [-2.14866, -7.06411, 1.38744],
						"0.5667": [-2.36662, -9.54845, -4.43353],
						"0.6667": [-3.50353, -7.0548, -5.75069],
						"0.8667": [-3.34854, -8.15579, -8.65617]
					},
					"scale": [1, 1.5, 1]
				},
				"root": {
					"rotation": {
						"0.0": {
							"post": [0, 0, 0],
							"lerp_mode": "catmullrom"
						},
						"0.1667": {
							"post": [-4.53, -1.25, -1.42],
							"lerp_mode": "catmullrom"
						},
						"0.3333": {
							"post": [-27.15, -7.52, -8.53],
							"lerp_mode": "catmullrom"
						},
						"0.4333": {
							"post": [-40.73045, -11.28181, -12.80042],
							"lerp_mode": "catmullrom"
						},
						"0.5333": {
							"post": [-51.25268, -7.98916, -16.98839],
							"lerp_mode": "catmullrom"
						},
						"0.6667": {
							"post": [-59.1046, 20.10068, 0.608],
							"lerp_mode": "catmullrom"
						},
						"0.7667": {
							"post": [-67.12, 33.68, 8.77],
							"lerp_mode": "catmullrom"
						},
						"0.8667": {
							"post": [-74.38, 35.33, 10.02],
							"lerp_mode": "catmullrom"
						}
					},
					"position": {
						"0.0": {
							"post": [0, 0, 0],
							"lerp_mode": "catmullrom"
						},
						"0.1667": {
							"post": [-0.38, -0.89, 0.09],
							"lerp_mode": "catmullrom"
						},
						"0.3333": {
							"post": [-1.325, -1.5, 0.28],
							"lerp_mode": "catmullrom"
						},
						"0.4333": {
							"post": [-1.95, -2.9, 1.95],
							"lerp_mode": "catmullrom"
						},
						"0.5333": {
							"post": [-2.2, -4.555, 4.37],
							"lerp_mode": "catmullrom"
						},
						"0.7": {
							"post": [-4.7, -8.48, 7.94],
							"lerp_mode": "catmullrom"
						},
						"0.8667": {
							"post": [-7.59, -13.82, 14.07],
							"lerp_mode": "catmullrom"
						}
					}
				},
				"camera": {
					"rotation": {
						"0.0": {
							"post": [0, 0, 0],
							"lerp_mode": "catmullrom"
						},
						"0.1333": {
							"post": [0.35, 0.025, -0.225],
							"lerp_mode": "catmullrom"
						},
						"0.3": {
							"post": [0.1, 0.025, 0.075],
							"lerp_mode": "catmullrom"
						},
						"0.4333": {
							"post": [0, 0, 0],
							"lerp_mode": "catmullrom"
						}
					}
				},
				"green_illuminated": {
					"scale": 0.1
				}
			},
			"sound_effects": {
				"0.0": {
					"effect": "emxarms:emx_pmg90/p05_ar_schotel_ubgl_drop_rattle"
				}
			}
		},
		"reload_tactical": {
			"loop": "hold_on_last_frame",
			"animation_length": 0.75,
			"bones": {
				"lefthand": {
					"rotation": [107.69108, -32.75736, -156.00452],
					"position": [8.2, -12.9, -2.2],
					"scale": [1, 1.5, 1]
				},
				"righthand": {
					"rotation": [89.49625, 6.99973, -180.06139],
					"position": [-6.85, -14.075, 8.775],
					"scale": [1, 1.5, 1]
				},
				"refit_view": {
					"position": [0, -1, 11]
				},
				"constraint": {
					"rotation": [0.2, 0.1, 0.2],
					"position": [0.2, 0.2, 0.4]
				},
				"righthand_pos": {
					"rotation": {
						"0.0": [0, 0, -2.5],
						"0.3333": [93.91178, 54.42948, 12.34602],
						"0.4167": [93.05876, 41.95207, 11.20839],
						"0.5833": [0, 0, -2.5]
					},
					"position": {
						"0.0": [2, 2, 0],
						"0.0417": [4.38, -0.12, 0.63],
						"0.3333": [13, 9, 5],
						"0.5": [13, 9, 9],
						"0.5833": [2, 2, 0]
					}
				},
				"root": {
					"rotation": {
						"0.0": {
							"post": [0, 0, 0],
							"lerp_mode": "catmullrom"
						},
						"0.1667": {
							"post": [-2.86394, -2.24803, 4.50799],
							"lerp_mode": "catmullrom"
						},
						"0.4167": {
							"post": [-1.17724, -0.52456, -3.81208],
							"lerp_mode": "catmullrom"
						},
						"0.5": {
							"post": [-1.53169, -1.64259, -5.70459],
							"lerp_mode": "catmullrom"
						},
						"0.625": {
							"post": [-0.27794, 0.48501, -1.00445],
							"lerp_mode": "catmullrom"
						},
						"0.7083": {
							"post": [0, 0, 0],
							"lerp_mode": "catmullrom"
						}
					},
					"position": {
						"0.0": {
							"post": [0, 0, 0],
							"lerp_mode": "catmullrom"
						},
						"0.1667": {
							"post": [-0.87, -0.68, -1.47],
							"lerp_mode": "catmullrom"
						},
						"0.375": {
							"post": [-0.25, -0.73, -1.27],
							"lerp_mode": "catmullrom"
						},
						"0.5": {
							"post": [0.095, -0.15, -1.225],
							"lerp_mode": "catmullrom"
						},
						"0.625": {
							"post": [0, -0.175, 0.5],
							"lerp_mode": "catmullrom"
						},
						"0.7083": {
							"post": [0, 0, 0],
							"lerp_mode": "catmullrom"
						}
					}
				},
				"bolt": {
					"position": {
						"0.375": [0, 0, 4.7],
						"0.4167": [0, 0, 6.025],
						"0.5417": [0, 0, 6.025],
						"0.6667": [0, 0, 0.475],
						"0.7083": [0, 0, 0]
					}
				},
				"bone21": {
					"scale": 0
				},
				"bone22": {
					"scale": 0
				},
				"bone23": {
					"scale": 0
				},
				"bone24": {
					"scale": 0
				},
				"bone25": {
					"scale": 0
				},
				"bone26": {
					"scale": 0
				},
				"bone27": {
					"scale": 0
				},
				"bone28": {
					"scale": 0
				},
				"camera": {
					"rotation": {
						"0.0": {
							"post": [0, 0, 0],
							"lerp_mode": "catmullrom"
						},
						"0.0417": {
							"post": [1, 0, -1],
							"lerp_mode": "catmullrom"
						},
						"0.2917": {
							"post": [1.06, 0.95, 0.85],
							"lerp_mode": "catmullrom"
						},
						"0.3333": {
							"post": [-1, 1, 1],
							"lerp_mode": "catmullrom"
						},
						"0.375": {
							"post": [0, 0, 0],
							"lerp_mode": "catmullrom"
						},
						"0.625": {
							"post": [0.01, -0.01, -0.01],
							"lerp_mode": "catmullrom"
						},
						"0.6667": {
							"post": [1, 0, 0],
							"lerp_mode": "catmullrom"
						},
						"0.75": {
							"post": [0.01, -0.01, -0.01],
							"lerp_mode": "catmullrom"
						},
						"0.7917": {
							"post": [0, 0, 0],
							"lerp_mode": "catmullrom"
						}
					}
				},
				"1bullet1": {
					"rotation": {
						"0.0": [0, 0, 0],
						"0.125": [72.60281, 1.27008, 3.08416],
						"0.1667": [57.70562, 2.54016, 6.16832],
						"0.2083": [40.30843, 3.81024, 9.25249],
						"0.25": [25.25829, -4.079, 30.34079],
						"0.375": [5.25415, 3.38955, 31.02739],
						"0.4167": [0, 0, 0]
					},
					"position": {
						"0.0": [0, 0, 0],
						"0.125": [-2.67, -2.67, 3.67],
						"0.1667": [-2.33, -0.84, 4.34],
						"0.2083": [-2, 1, 5],
						"0.25": [-2, 2, 4],
						"0.2917": {
							"pre": [-2, 2, 4],
							"post": [-2, 2, 4],
							"lerp_mode": "catmullrom"
						},
						"0.375": [-1, 2, 6],
						"0.4167": [0, 0, 5],
						"0.625": [0, 0, 5],
						"0.6667": [0, 0, 0]
					}
				}
			},
			"sound_effects": {
				"0.2917": {
					"effect": "emxmors:emx_mors/ammo_clipin"
				},
				"0.6667": {
					"effect": "emxmors:emx_mors/boltclose_1"
				}
			}
		},
		"reload_empty": {
			"loop": "hold_on_last_frame",
			"animation_length": 0.8333,
			"bones": {
				"lefthand": {
					"rotation": [107.69108, -32.75736, -156.00452],
					"position": [8.2, -12.9, -2.2],
					"scale": [1, 1.5, 1]
				},
				"righthand": {
					"rotation": [89.49625, 6.99973, -180.06139],
					"position": [-6.85, -14.075, 8.775],
					"scale": [1, 1.5, 1]
				},
				"refit_view": {
					"position": [0, -1, 11]
				},
				"constraint": {
					"rotation": [0.2, 0.1, 0.2],
					"position": [0.2, 0.2, 0.4]
				},
				"righthand_pos": {
					"rotation": {
						"0.0": [0, 0, -2.5],
						"0.4167": [93.91178, 54.42948, 12.34602],
						"0.5": [93.05876, 41.95207, 11.20839],
						"0.6667": [0, 0, -2.5]
					},
					"position": {
						"0.0": [2, 2, 0],
						"0.125": [4.38, -0.12, 0.63],
						"0.4167": [13, 9, 5],
						"0.5833": [13, 9, 9],
						"0.6667": [2, 2, 0]
					}
				},
				"root": {
					"rotation": {
						"0.0": {
							"post": [0, 0, 0],
							"lerp_mode": "catmullrom"
						},
						"0.1667": {
							"post": [-2.86394, -2.24803, 4.50799],
							"lerp_mode": "catmullrom"
						},
						"0.4167": {
							"post": [-1.17724, -0.52456, -3.81208],
							"lerp_mode": "catmullrom"
						},
						"0.5": {
							"post": [-1.53169, -1.64259, -5.70459],
							"lerp_mode": "catmullrom"
						},
						"0.625": {
							"post": [-0.27794, 0.48501, -1.00445],
							"lerp_mode": "catmullrom"
						},
						"0.7083": {
							"post": [0, 0, 0],
							"lerp_mode": "catmullrom"
						}
					},
					"position": {
						"0.0": {
							"post": [0, 0, 0],
							"lerp_mode": "catmullrom"
						},
						"0.1667": {
							"post": [-0.87, -0.68, -1.47],
							"lerp_mode": "catmullrom"
						},
						"0.375": {
							"post": [-0.25, -0.73, -1.27],
							"lerp_mode": "catmullrom"
						},
						"0.5": {
							"post": [0.095, -0.15, -1.225],
							"lerp_mode": "catmullrom"
						},
						"0.625": {
							"post": [0, -0.175, 0.5],
							"lerp_mode": "catmullrom"
						},
						"0.7083": {
							"post": [0, 0, 0],
							"lerp_mode": "catmullrom"
						}
					}
				},
				"bolt": {
					"position": {
						"0.4167": [0, 0, 5.5],
						"0.5417": [0, 0, 5.5],
						"0.6667": [0, 0, 0.475],
						"0.7083": [0, 0, 0]
					}
				},
				"camera": {
					"rotation": {
						"0.0": {
							"post": [0, 0, 0],
							"lerp_mode": "catmullrom"
						},
						"0.125": {
							"post": [1, 0, -1],
							"lerp_mode": "catmullrom"
						},
						"0.375": {
							"post": [1.06, 0.95, 0.85],
							"lerp_mode": "catmullrom"
						},
						"0.4167": {
							"post": [-1, 1, 1],
							"lerp_mode": "catmullrom"
						},
						"0.4583": {
							"post": [0, 0, 0],
							"lerp_mode": "catmullrom"
						},
						"0.7083": {
							"post": [0.01, -0.01, -0.01],
							"lerp_mode": "catmullrom"
						},
						"0.75": {
							"post": [1, 0, 0],
							"lerp_mode": "catmullrom"
						},
						"0.8333": {
							"post": [0.01, -0.01, -0.01],
							"lerp_mode": "catmullrom"
						},
						"0.875": {
							"post": [0, 0, 0],
							"lerp_mode": "catmullrom"
						}
					}
				},
				"1bullet1": {
					"rotation": {
						"0.0": [0, 0, 0],
						"0.125": [72.60281, 1.27008, 3.08416],
						"0.1667": [57.70562, 2.54016, 6.16832],
						"0.2083": [40.30843, 3.81024, 9.25249],
						"0.25": [25.25829, -4.079, 30.34079],
						"0.375": [5.25415, 3.38955, 31.02739],
						"0.4167": [0, 0, 0]
					},
					"position": {
						"0.0": [0, 0, 0],
						"0.125": [-2.67, -2.67, 3.67],
						"0.1667": [-2.33, -0.84, 4.34],
						"0.2083": [-2, 1, 5],
						"0.25": [-2, 2, 4],
						"0.2917": {
							"pre": [-2, 2, 4],
							"post": [-2, 2, 4],
							"lerp_mode": "catmullrom"
						},
						"0.375": [-1, 1, 4],
						"0.4167": [0, 0, 4],
						"0.625": [0, 0, 4],
						"0.6667": [0, 0, 0]
					},
					"scale": {
						"0.0": [0, 0, 0],
						"0.125": [1, 1, 1]
					}
				}
			},
			"sound_effects": {
				"0.375": {
					"effect": "emxmors:emx_mors/ammo_clipin"
				},
				"0.6667": {
					"effect": "emxmors:emx_mors/boltclose_1"
				}
			}
		},
		"inspect_empty": {
			"animation_length": 5.7917,
			"bones": {
				"root": {
					"rotation": {
						"0.0": {
							"post": [0, 0, 0],
							"lerp_mode": "catmullrom"
						},
						"0.0833": {
							"post": [-1.57552, -4.18517, -5.87258],
							"lerp_mode": "catmullrom"
						},
						"0.25": {
							"post": [-4.02414, -13.28009, -10.40473],
							"lerp_mode": "catmullrom"
						},
						"0.5": {
							"post": [-12.85629, -43.05513, -11.98818],
							"lerp_mode": "catmullrom"
						},
						"0.625": {
							"post": [-14.81181, -47.20625, -10.13088],
							"lerp_mode": "catmullrom"
						},
						"0.7917": {
							"post": [-14.99109, -47.47374, -9.10282],
							"lerp_mode": "catmullrom"
						},
						"1.375": {
							"post": [-17.06722, -46.91834, -6.27058],
							"lerp_mode": "catmullrom"
						},
						"1.5417": {
							"post": [-11.77121, -50.35486, -8.4078],
							"lerp_mode": "catmullrom"
						},
						"1.6667": {
							"post": [-2.48632, -55.49611, -13.34944],
							"lerp_mode": "catmullrom"
						},
						"1.8333": {
							"post": [0.79794, -56.84607, -14.39354],
							"lerp_mode": "catmullrom"
						},
						"2.0417": {
							"post": [-1.48956, -56.78982, -13.34354],
							"lerp_mode": "catmullrom"
						},
						"2.25": {
							"post": [-2.98956, -53.78982, -13.33104],
							"lerp_mode": "catmullrom"
						},
						"2.4167": {
							"post": [-10.67, -46.585, -14.92],
							"lerp_mode": "catmullrom"
						},
						"2.5417": {
							"post": [-30.11122, -26.09675, -11.89334],
							"lerp_mode": "catmullrom"
						},
						"2.6667": {
							"post": [-34.29063, -30.84703, -23.03454],
							"lerp_mode": "catmullrom"
						},
						"2.7917": {
							"post": [-33.63149, -29.74839, -27.2996],
							"lerp_mode": "catmullrom"
						},
						"3.0833": [-33.63, -29.75, -24.72],
						"3.3333": {
							"pre": [-12.07638, -4.63111, 4.9991],
							"post": [-12.07638, -4.63111, 4.9991],
							"lerp_mode": "catmullrom"
						},
						"3.5": {
							"post": [-22.50437, 0.13036, 40.00681],
							"lerp_mode": "catmullrom"
						},
						"3.625": {
							"post": [-17.54817, 31.19085, 97.25827],
							"lerp_mode": "catmullrom"
						},
						"3.75": {
							"post": [-19.16287, 36.81684, 102.70025],
							"lerp_mode": "catmullrom"
						},
						"4.0833": {
							"post": [-18.71251, 37.4368, 104.89253],
							"lerp_mode": "catmullrom"
						},
						"4.1667": {
							"post": [-17.23654, 29.07261, 97.39959],
							"lerp_mode": "catmullrom"
						},
						"4.3333": {
							"post": [-16.95645, 0.7663, 62.12915],
							"lerp_mode": "catmullrom"
						},
						"4.4583": {
							"post": [-7.56995, -3.48573, 6.45849],
							"lerp_mode": "catmullrom"
						},
						"4.5833": {
							"post": [-2.90525, -3.56232, 0.16225],
							"lerp_mode": "catmullrom"
						},
						"4.6667": {
							"post": [-0.81567, -0.58037, -3.89535],
							"lerp_mode": "catmullrom"
						},
						"4.75": {
							"post": [-0.97803, -1.26726, 0.24991],
							"lerp_mode": "catmullrom"
						},
						"4.8333": {
							"post": [0.25, -0.5, -1.25],
							"lerp_mode": "catmullrom"
						},
						"4.9583": {
							"post": [0, 0, 0],
							"lerp_mode": "catmullrom"
						},
						"5.0417": {
							"post": [0, 0, 0],
							"lerp_mode": "catmullrom"
						}
					},
					"position": {
						"0.0": {
							"post": [0, 0, 0],
							"lerp_mode": "catmullrom"
						},
						"0.0833": {
							"post": [0.2, -0.725, 0.7],
							"lerp_mode": "catmullrom"
						},
						"0.25": {
							"post": [0.725, -0.47, 0.55],
							"lerp_mode": "catmullrom"
						},
						"0.5": {
							"post": [1.55, 1.955, -0.10625],
							"lerp_mode": "catmullrom"
						},
						"0.75": {
							"post": [1.95, 1.83, -0.125],
							"lerp_mode": "catmullrom"
						},
						"1.0833": {
							"post": [2.025, 1.88, -0.16],
							"lerp_mode": "catmullrom"
						},
						"1.3333": {
							"post": [2.05, 1.83, -0.2],
							"lerp_mode": "catmullrom"
						},
						"1.5": {
							"post": [2.705, 1.625, -0.39],
							"lerp_mode": "catmullrom"
						},
						"1.6667": {
							"post": [3.805, 1.625, -0.58],
							"lerp_mode": "catmullrom"
						},
						"1.8333": {
							"post": [4.58625, 1.91125, -0.77],
							"lerp_mode": "catmullrom"
						},
						"2.0417": {
							"post": [4.705, 2.0125, -0.77],
							"lerp_mode": "catmullrom"
						},
						"2.2083": {
							"post": [4.53, 2.01125, -0.81],
							"lerp_mode": "catmullrom"
						},
						"2.2917": {
							"post": [3.8175, 1.68125, -0.67],
							"lerp_mode": "catmullrom"
						},
						"2.4167": {
							"post": [1.95, 0.98, -0.245],
							"lerp_mode": "catmullrom"
						},
						"2.5417": {
							"post": [0.555, 1.38, 0.075],
							"lerp_mode": "catmullrom"
						},
						"2.6667": {
							"post": [-0.625, 2.655, 0.78],
							"lerp_mode": "catmullrom"
						},
						"2.7917": {
							"post": [-0.945, 2.58, 0.78],
							"lerp_mode": "catmullrom"
						},
						"2.9167": {
							"post": [-0.99, 2.465, 0.78],
							"lerp_mode": "catmullrom"
						},
						"3.0": {
							"post": [-0.97625, 2.4175, 0.78],
							"lerp_mode": "catmullrom"
						},
						"3.0833": [-0.76, 1.985, 0.78],
						"3.3333": {
							"pre": [0.22, -2.565, 1.28],
							"post": [0.22, -2.565, 1.28],
							"lerp_mode": "catmullrom"
						},
						"3.625": {
							"post": [-0.405, 1.035, 1.58],
							"lerp_mode": "catmullrom"
						},
						"3.8333": {
							"post": [-0.4, 1.265, 1.58],
							"lerp_mode": "catmullrom"
						},
						"4.0": {
							"post": [-0.4, 1.17875, 1.58],
							"lerp_mode": "catmullrom"
						},
						"4.1667": {
							"post": [-0.405, 1.20375, 1.58],
							"lerp_mode": "catmullrom"
						},
						"4.375": {
							"post": [-0.425, -1.05, -1.95],
							"lerp_mode": "catmullrom"
						},
						"4.5417": {
							"post": [-0.44, -0.86, -1.05],
							"lerp_mode": "catmullrom"
						},
						"4.6667": {
							"post": [-0.075, -0.15625, 0.325],
							"lerp_mode": "catmullrom"
						},
						"4.7917": {
							"post": [0, -0.125, 0.55],
							"lerp_mode": "catmullrom"
						},
						"4.875": {
							"post": [0, 0, -0.125],
							"lerp_mode": "catmullrom"
						},
						"5.0": {
							"post": [0, 0, 0],
							"lerp_mode": "catmullrom"
						}
					}
				},
				"lefthand": {
					"rotation": {
						"0.0": [107.69108, -32.75736, -156.00452],
						"0.9583": {
							"pre": [107.69108, -32.75736, -156.00452],
							"post": [107.69108, -32.75736, -156.00452],
							"lerp_mode": "catmullrom"
						},
						"1.0": {
							"post": [110.61, -29.93, -162.54],
							"lerp_mode": "catmullrom"
						},
						"1.0417": {
							"post": [113.53, -27.1, -169.08],
							"lerp_mode": "catmullrom"
						},
						"1.0833": {
							"post": [116.45, -24.27, -175.62],
							"lerp_mode": "catmullrom"
						},
						"1.1667": {
							"post": [122.28782, -18.60447, -188.69596],
							"lerp_mode": "catmullrom"
						},
						"1.2083": {
							"post": [123.7, -13.84, -195.69],
							"lerp_mode": "catmullrom"
						},
						"1.25": {
							"post": [125.12, -9.08, -202.69],
							"lerp_mode": "catmullrom"
						},
						"1.2917": {
							"post": [126.53692, -4.31203, -209.69088],
							"lerp_mode": "catmullrom"
						},
						"3.4583": [126.53692, -4.31203, -209.69088],
						"3.5": [107.69108, -32.75736, -156.00452]
					},
					"position": {
						"0.0": [8.2, -12.9, -2.2],
						"0.9583": [8.2, -12.9, -2.2],
						"1.0": {
							"pre": [8.2, -13.9, -2.2],
							"post": [8.2, -13.9, -2.2],
							"lerp_mode": "catmullrom"
						},
						"1.0417": {
							"post": [8.47, -13.9, -1.73],
							"lerp_mode": "catmullrom"
						},
						"1.0833": {
							"post": [8.8, -13.9, -1.14],
							"lerp_mode": "catmullrom"
						},
						"1.1667": {
							"post": [9.56, -13.9, 0.22],
							"lerp_mode": "catmullrom"
						},
						"1.2083": {
							"post": [9.98, -13.9, 0.94],
							"lerp_mode": "catmullrom"
						},
						"1.25": {
							"post": [10.33, -13.9, 1.54],
							"lerp_mode": "catmullrom"
						},
						"1.2917": {
							"post": [10.78, -13.9, 2.4],
							"lerp_mode": "catmullrom"
						},
						"1.625": [12.05, -13.9, 5.18],
						"1.7083": [10.2, -13.9, 5.8],
						"1.75": [8.2, -13.9, 5.8],
						"1.9167": [8.2, -13.9, 5.8],
						"1.9583": [9.7, -13.9, 5.19],
						"2.0833": [10.2, -13.9, 3.37],
						"2.2083": [10.2, -13.9, 3.37],
						"2.5": [8.2, -13.9, 1.58],
						"2.5417": {
							"pre": [8.2, -13.9, 1.4],
							"post": [8.2, -13.9, 1.4],
							"lerp_mode": "catmullrom"
						},
						"2.6667": {
							"post": [8.2, -13.9, 0.8],
							"lerp_mode": "catmullrom"
						},
						"2.7083": [8.2, -13.9, 0.8],
						"3.4583": {
							"pre": [8.2, -13.9, 0.8],
							"post": [8.2, -13.9, 0.8],
							"lerp_mode": "catmullrom"
						},
						"3.5": [8.2, -12.9, -2.2]
					},
					"scale": {
						"0.0": [1, 1.5, 1],
						"3.5": [1, 1.5, 1]
					}
				},
				"bullet": {
					"scale": 0
				},
				"righthand": {
					"rotation": [89.49625, 6.99973, -180.06139],
					"position": [-6.85, -14.075, 8.775],
					"scale": [1, 1.5, 1]
				},
				"magrelease": {
					"position": {
						"2.75": [0, 0, 0],
						"2.8333": [0.125, 0, 0]
					}
				},
				"holdrelease": {
					"rotation": [0, 0, 15]
				},
				"camera": {
					"rotation": {
						"0.0": {
							"post": [0, 0, 0],
							"lerp_mode": "catmullrom"
						},
						"0.2083": {
							"post": [0.455, -0.05, -0.4],
							"lerp_mode": "catmullrom"
						},
						"0.5417": {
							"post": [2.75, -1.15, -1.9],
							"lerp_mode": "catmullrom"
						},
						"1.0": {
							"post": [3.4, -1.2, -2.1],
							"lerp_mode": "catmullrom"
						},
						"1.4583": {
							"post": [3.25, -0.425, -2.35],
							"lerp_mode": "catmullrom"
						},
						"1.75": {
							"post": [5.60456, 7.07324, -1.60821],
							"lerp_mode": "catmullrom"
						},
						"1.7917": {
							"post": [5.8, 2.35, -2.075],
							"lerp_mode": "catmullrom"
						},
						"1.9583": {
							"post": [6.0583, -2.78004, -2.67849],
							"lerp_mode": "catmullrom"
						},
						"2.375": {
							"post": [6.2, 2.875, -2.15],
							"lerp_mode": "catmullrom"
						},
						"2.6667": {
							"post": [1.24, 0.84, -1.33],
							"lerp_mode": "catmullrom"
						},
						"2.7917": {
							"post": [1.025, 0.35, -1.15],
							"lerp_mode": "catmullrom"
						},
						"3.0417": {
							"post": [4.7, -0.125, -0.715],
							"lerp_mode": "catmullrom"
						},
						"3.25": {
							"post": [5.88, 2.75, 1.93],
							"lerp_mode": "catmullrom"
						},
						"3.5417": {
							"post": [5.84, 3.09, 2.06],
							"lerp_mode": "catmullrom"
						},
						"3.9167": {
							"post": [5.57, 2.88, 1.725],
							"lerp_mode": "catmullrom"
						},
						"4.0833": {
							"post": [2.635, 1.1, 1.425],
							"lerp_mode": "catmullrom"
						},
						"4.3333": {
							"post": [-0.525, 0.175, -0.35],
							"lerp_mode": "catmullrom"
						},
						"4.4167": {
							"post": [0.5, 0, 0.575],
							"lerp_mode": "catmullrom"
						},
						"4.5417": {
							"post": [-0.25, 0.025, -0.3],
							"lerp_mode": "catmullrom"
						},
						"4.7083": {
							"post": [0, 0, 0],
							"lerp_mode": "catmullrom"
						}
					}
				},
				"righthand_pos": {
					"rotation": [0, 0, -2.5],
					"position": [2, 2, 0]
				},
				"bolt": {
					"position": {
						"0.0": [0, 0, 5.5],
						"1.6667": [0, 0, 5.5],
						"1.75": [0, 0, 6.025],
						"1.7917": [0, 0, 0.475],
						"1.8333": [0, 0, 0],
						"1.9167": [0, 0, 0.25],
						"4.6667": [0, 0, 0],
						"4.7083": [0, 0, 5]
					}
				},
				"bone20_illuminated": {
					"scale": {
						"0.125": [0, 0, 0],
						"1.7917": {
							"pre": [0, 0, 0],
							"post": [1, 1, 1]
						},
						"4.7083": {
							"pre": [1, 1, 1],
							"post": [0, 0, 0]
						}
					}
				},
				"bone21_illuminated": {
					"scale": {
						"0.125": [0, 0, 0],
						"1.7917": {
							"pre": [0, 0, 0],
							"post": [1, 1, 1]
						},
						"4.7083": {
							"pre": [1, 1, 1],
							"post": [0, 0, 0]
						}
					}
				},
				"bone22_illuminated": {
					"scale": {
						"0.125": [0, 0, 0],
						"1.7917": {
							"pre": [0, 0, 0],
							"post": [1, 1, 1]
						},
						"4.7083": {
							"pre": [1, 1, 1],
							"post": [0, 0, 0]
						}
					}
				},
				"bone23_illuminated": {
					"scale": {
						"0.125": [0, 0, 0],
						"1.7917": {
							"pre": [0, 0, 0],
							"post": [1, 1, 1]
						},
						"4.7083": {
							"pre": [1, 1, 1],
							"post": [0, 0, 0]
						}
					}
				},
				"bone24_illuminated": {
					"scale": {
						"0.125": [0, 0, 0],
						"1.7917": {
							"pre": [0, 0, 0],
							"post": [1, 1, 1]
						},
						"4.7083": {
							"pre": [1, 1, 1],
							"post": [0, 0, 0]
						}
					}
				},
				"bone25_1_illuminated": {
					"scale": {
						"0.0": [1, 1, 1],
						"2.0833": {
							"pre": [1, 1, 1],
							"post": [0, 0, 0]
						},
						"3.7083": {
							"pre": [0, 0, 0],
							"post": [1, 1, 1]
						}
					}
				},
				"bone28_1_illuminated": {
					"scale": {
						"0.0": [1, 1, 1],
						"2.0833": {
							"pre": [1, 1, 1],
							"post": [0, 0, 0]
						},
						"3.7083": {
							"pre": [0, 0, 0],
							"post": [1, 1, 1]
						}
					}
				},
				"bone26_1_illuminated": {
					"scale": {
						"0.0": [1, 1, 1],
						"2.0833": {
							"pre": [1, 1, 1],
							"post": [0, 0, 0]
						},
						"3.7083": {
							"pre": [0, 0, 0],
							"post": [1, 1, 1]
						}
					}
				},
				"bone29_1_illuminated": {
					"scale": {
						"0.0": [1, 1, 1],
						"2.0833": {
							"pre": [1, 1, 1],
							"post": [0, 0, 0]
						},
						"3.7083": {
							"pre": [0, 0, 0],
							"post": [1, 1, 1]
						}
					}
				},
				"bone27_1_illuminated": {
					"scale": {
						"0.0": [1, 1, 1],
						"2.0833": {
							"pre": [1, 1, 1],
							"post": [0, 0, 0]
						},
						"3.7083": {
							"pre": [0, 0, 0],
							"post": [1, 1, 1]
						}
					}
				},
				"bone5": {
					"scale": {
						"0.125": [0, 0, 0],
						"1.7917": {
							"pre": [0, 0, 0],
							"post": [1, 1, 1]
						},
						"4.7083": {
							"pre": [1, 1, 1],
							"post": [0, 0, 0]
						}
					}
				},
				"bone18": {
					"scale": {
						"0.125": [0, 0, 0],
						"1.7917": {
							"pre": [0, 0, 0],
							"post": [1, 1, 1]
						},
						"4.7083": {
							"pre": [1, 1, 1],
							"post": [0, 0, 0]
						}
					}
				},
				"bone20": {
					"scale": {
						"0.125": [0, 0, 0],
						"1.7917": {
							"pre": [0, 0, 0],
							"post": [1, 1, 1]
						},
						"4.7083": {
							"pre": [1, 1, 1],
							"post": [0, 0, 0]
						}
					}
				},
				"bone38": {
					"scale": {
						"0.125": [0, 0, 0],
						"1.7917": {
							"pre": [0, 0, 0],
							"post": [1, 1, 1]
						},
						"4.7083": {
							"pre": [1, 1, 1],
							"post": [0, 0, 0]
						}
					}
				},
				"bone39": {
					"scale": {
						"0.125": [0, 0, 0],
						"1.7917": {
							"pre": [0, 0, 0],
							"post": [1, 1, 1]
						},
						"4.7083": {
							"pre": [1, 1, 1],
							"post": [0, 0, 0]
						}
					}
				},
				"bone44": {
					"scale": {
						"0.0": [1, 1, 1],
						"1.75": {
							"pre": [1, 1, 1],
							"post": [0, 0, 0]
						},
						"3.7083": {
							"pre": [0, 0, 0],
							"post": [1, 1, 1]
						}
					}
				},
				"1bullet1": {
					"scale": 0
				}
			},
			"sound_effects": {
				"0.0": {
					"effect": "emxarms:emx_pmg90/p05_ar_schotel_inspect_raise"
				},
				"1.4167": {
					"effect": "emxarms:emx_pmg90/p05_ar_schotel_inspect_magrattle"
				},
				"1.7083": {
					"effect": "emxarms:emx_pmg90/emi_reload_2"
				},
				"1.7917": {
					"effect": "emxmors:emx_mors/bolt_forward"
				},
				"4.6667": {
					"effect": "emxmors:emx_mors/emi_reload_1"
				}
			}
		},
		"inspect": {
			"animation_length": 5.5833,
			"bones": {
				"lefthand": {
					"rotation": {
						"0.0": [107.69108, -32.75736, -156.00452],
						"0.2917": [113.84399, -28.84087, -167.98195],
						"0.4583": [107.69108, -32.75736, -156.00452],
						"4.625": [113.84399, -28.84087, -167.98195],
						"4.875": {
							"pre": [107.69108, -32.75736, -156.00452],
							"post": [107.69108, -32.75736, -156.00452],
							"lerp_mode": "catmullrom"
						},
						"5.2083": [107.69108, -32.75736, -156.00452]
					},
					"position": {
						"0.0": [8.2, -12.9, -2.2],
						"0.2917": [8.55, -13.425, -2.2],
						"0.4583": [8.2, -13.9, -2.2],
						"4.625": [8.2, -12.9, -2.2],
						"4.875": {
							"pre": [8.2, -12.9, -2.2],
							"post": [8.2, -12.9, -2.2],
							"lerp_mode": "catmullrom"
						},
						"5.2083": [8.2, -12.9, -2.2]
					},
					"scale": {
						"0.0": [1, 1.5, 1],
						"0.4583": [1, 1.5, 1],
						"4.625": [1, 1.5, 1],
						"5.2083": [1, 1.5, 1]
					}
				},
				"righthand": {
					"rotation": {
						"0.0": [89.49625, 6.99973, -180.06139],
						"0.2083": [89.5, 7, -180.06],
						"0.375": [89.5, 7, -180.06],
						"2.375": [89.5, 7, -180.06],
						"2.5417": [89.5, 7, -180.06]
					},
					"position": {
						"0.0": [-6.85, -14.075, 8.775],
						"0.2083": [-6.85, -14.07, 8.78],
						"0.375": [-8.325, -14.07, 8.78],
						"2.375": [-8.325, -14.07, 8.78],
						"2.5417": [-6.85, -14.07, 8.78]
					},
					"scale": [1, 1.5, 1]
				},
				"root": {
					"rotation": {
						"0.0": {
							"post": [0, 0, 0],
							"lerp_mode": "catmullrom"
						},
						"0.0833": {
							"post": [-1.57552, -4.18517, -5.87258],
							"lerp_mode": "catmullrom"
						},
						"0.25": {
							"post": [-4.02414, -13.28009, -10.40473],
							"lerp_mode": "catmullrom"
						},
						"0.5": {
							"post": [-12.85629, -43.05513, -11.98818],
							"lerp_mode": "catmullrom"
						},
						"0.625": {
							"post": [-14.81181, -47.20625, -10.13088],
							"lerp_mode": "catmullrom"
						},
						"0.7917": {
							"post": [-14.99109, -47.47374, -9.10282],
							"lerp_mode": "catmullrom"
						},
						"1.375": {
							"post": [-17.06722, -46.91834, -6.27058],
							"lerp_mode": "catmullrom"
						},
						"1.5417": {
							"post": [-11.77121, -50.35486, -8.4078],
							"lerp_mode": "catmullrom"
						},
						"1.6667": {
							"post": [-2.48632, -55.49611, -13.34944],
							"lerp_mode": "catmullrom"
						},
						"1.8333": {
							"post": [0.79794, -56.84607, -14.39354],
							"lerp_mode": "catmullrom"
						},
						"2.0417": {
							"post": [-1.48956, -56.78982, -13.34354],
							"lerp_mode": "catmullrom"
						},
						"2.25": {
							"post": [-2.98956, -53.78982, -13.33104],
							"lerp_mode": "catmullrom"
						},
						"2.4167": {
							"post": [-10.67, -46.585, -14.92],
							"lerp_mode": "catmullrom"
						},
						"2.5417": {
							"post": [-30.11122, -26.09675, -11.89334],
							"lerp_mode": "catmullrom"
						},
						"2.6667": {
							"post": [-34.29063, -30.84703, -23.03454],
							"lerp_mode": "catmullrom"
						},
						"2.7917": {
							"post": [-33.63149, -29.74839, -27.2996],
							"lerp_mode": "catmullrom"
						},
						"3.2083": [-33.34, -22.77, -16.53],
						"3.4583": {
							"pre": [-32.35, -13.84, -3.68],
							"post": [-32.35, -13.84, -3.68],
							"lerp_mode": "catmullrom"
						},
						"3.6667": {
							"post": [-24.44887, 33.69261, 57.72468],
							"lerp_mode": "catmullrom"
						},
						"3.7917": {
							"post": [-24.44887, 37.43011, 65.20593],
							"lerp_mode": "catmullrom"
						},
						"3.9583": {
							"post": [-21.77341, 39.9934, 71.11487],
							"lerp_mode": "catmullrom"
						},
						"4.1667": {
							"post": [-22.39217, 38.36309, 67.78261],
							"lerp_mode": "catmullrom"
						},
						"4.375": {
							"post": [-20.91319, 37.91021, 71.44428],
							"lerp_mode": "catmullrom"
						},
						"4.5833": {
							"post": [-20.84, 38.06, 71.73],
							"lerp_mode": "catmullrom"
						},
						"4.6667": {
							"post": [-21.44549, 33.44573, 65.10345],
							"lerp_mode": "catmullrom"
						},
						"4.8333": {
							"post": [-7.6537, -0.57338, 19.91169],
							"lerp_mode": "catmullrom"
						},
						"5.0": {
							"post": [-2.89977, -0.56617, 0.01026],
							"lerp_mode": "catmullrom"
						},
						"5.0833": {
							"post": [-0.81567, -0.58037, -3.89535],
							"lerp_mode": "catmullrom"
						},
						"5.1667": {
							"post": [-0.97803, -1.26726, 0.24991],
							"lerp_mode": "catmullrom"
						},
						"5.25": {
							"post": [0.25, -0.5, -1.25],
							"lerp_mode": "catmullrom"
						},
						"5.375": {
							"post": [0, 0, 0],
							"lerp_mode": "catmullrom"
						},
						"5.4583": {
							"post": [0, 0, 0],
							"lerp_mode": "catmullrom"
						}
					},
					"position": {
						"0.0": {
							"post": [0, 0, 0],
							"lerp_mode": "catmullrom"
						},
						"0.0833": {
							"post": [0.2, -0.725, 0.7],
							"lerp_mode": "catmullrom"
						},
						"0.25": {
							"post": [0.725, -0.47, 0.55],
							"lerp_mode": "catmullrom"
						},
						"0.5": {
							"post": [1.55, 1.955, -0.10625],
							"lerp_mode": "catmullrom"
						},
						"0.75": {
							"post": [1.95, 1.83, -0.125],
							"lerp_mode": "catmullrom"
						},
						"1.0833": {
							"post": [2.025, 1.88, -0.16],
							"lerp_mode": "catmullrom"
						},
						"1.3333": {
							"post": [2.05, 1.83, -0.2],
							"lerp_mode": "catmullrom"
						},
						"1.5": {
							"post": [2.705, 1.625, -0.39],
							"lerp_mode": "catmullrom"
						},
						"1.6667": {
							"post": [3.805, 1.625, -0.58],
							"lerp_mode": "catmullrom"
						},
						"1.8333": {
							"post": [4.58625, 1.91125, -0.77],
							"lerp_mode": "catmullrom"
						},
						"2.0417": {
							"post": [4.705, 2.0125, -0.77],
							"lerp_mode": "catmullrom"
						},
						"2.2083": {
							"post": [4.53, 2.01125, -0.81],
							"lerp_mode": "catmullrom"
						},
						"2.2917": {
							"post": [3.8175, 1.68125, -0.67],
							"lerp_mode": "catmullrom"
						},
						"2.4167": {
							"post": [1.95, 0.98, -0.245],
							"lerp_mode": "catmullrom"
						},
						"2.5417": {
							"post": [0.555, 1.38, 0.075],
							"lerp_mode": "catmullrom"
						},
						"2.6667": {
							"post": [-0.625, 2.655, 0.78],
							"lerp_mode": "catmullrom"
						},
						"2.7917": {
							"post": [-0.945, 2.58, 0.78],
							"lerp_mode": "catmullrom"
						},
						"2.9167": {
							"post": [-0.99, 2.465, 0.78],
							"lerp_mode": "catmullrom"
						},
						"3.0": {
							"post": [-0.97625, 2.4175, 0.78],
							"lerp_mode": "catmullrom"
						},
						"3.2083": [-0.92, 1.73, 0.79],
						"3.5": {
							"pre": [-0.82, 0.73, 0.78],
							"post": [-0.82, 0.73, 0.78],
							"lerp_mode": "catmullrom"
						},
						"3.6667": {
							"post": [-0.72, 1.03, 0.68],
							"lerp_mode": "catmullrom"
						},
						"3.7917": {
							"post": [-0.64, 1.38, 0.68],
							"lerp_mode": "catmullrom"
						},
						"3.875": {
							"post": [-0.66, 1.79, 0.76],
							"lerp_mode": "catmullrom"
						},
						"3.9583": {
							"post": [-0.69, 1.655, 0.88],
							"lerp_mode": "catmullrom"
						},
						"4.125": {
							"post": [-0.765, 1.455, 0.88],
							"lerp_mode": "catmullrom"
						},
						"4.375": {
							"post": [-0.68, 1.64, 0.88],
							"lerp_mode": "catmullrom"
						},
						"4.625": {
							"post": [-0.69, 1.455, 0.88],
							"lerp_mode": "catmullrom"
						},
						"4.6667": {
							"post": [-0.69, 0.78, 0.14875],
							"lerp_mode": "catmullrom"
						},
						"4.875": {
							"post": [-0.68, -0.625, -0.46],
							"lerp_mode": "catmullrom"
						},
						"4.9583": {
							"post": [-0.44, -0.86, -1.05],
							"lerp_mode": "catmullrom"
						},
						"5.0833": {
							"post": [-0.075, -0.15625, 0.325],
							"lerp_mode": "catmullrom"
						},
						"5.1667": {
							"post": [0, -0.125, 0.55],
							"lerp_mode": "catmullrom"
						},
						"5.25": {
							"post": [0, 0, -0.125],
							"lerp_mode": "catmullrom"
						},
						"5.375": {
							"post": [0, 0, 0],
							"lerp_mode": "catmullrom"
						}
					}
				},
				"bolt": {
					"position": [0, 0, 0]
				},
				"bullet": {
					"scale": 0
				},
				"bone11": {
					"position": {
						"0.4167": [0, 0, 0],
						"0.5417": [0, 0, 3.61],
						"0.6667": [0, 0, 5],
						"2.5833": [0, 0, 5],
						"2.6667": [0, 0, 2.14],
						"2.75": [0, 0, 2.14],
						"2.8333": [0, 0, 0],
						"2.9167": [0, 0, 0]
					}
				},
				"lefthand_pos": {
					"position": {
						"0.0": [0, 0, 0],
						"0.3333": [0, 0.45, 0],
						"5.0": [0, 0, 0]
					}
				},
				"magazine": {
					"scale": 0
				},
				"bullet_in_mag": {
					"rotation": {
						"0.0": [0, 0, 0],
						"3.7083": [-9.19682, -22.01544, 55.3643]
					},
					"position": {
						"0.0": [0, 0, 0],
						"3.7083": [7, -3, 4],
						"4.0": [6, -3, 4]
					}
				},
				"righthand_pos": {
					"rotation": [0, 0, -2.5],
					"position": [2, 2, 0]
				},
				"bone19": {
					"scale": {
						"0.0": [0, 0, 0],
						"0.5417": {"pre": [0, 0, 0], "post": [1, 1, 1]},
						"2.8333": [1, 1, 1]
					}
				},
				"bone5": {
					"scale": {
						"0.0": [1, 1, 1],
						"0.5": {"pre": [1, 1, 1], "post": [0, 0, 0]},
						"2.8333": {"pre": [0, 0, 0], "post": [1, 1, 1]}
					}
				},
				"camera": {
					"rotation": {
						"0.0": {
							"post": [0, 0, 0],
							"lerp_mode": "catmullrom"
						},
						"0.2083": {
							"post": [0.455, -0.05, -0.4],
							"lerp_mode": "catmullrom"
						},
						"0.5417": {
							"post": [2.75, -1.15, -1.9],
							"lerp_mode": "catmullrom"
						},
						"1.0": {
							"post": [3.4, -1.2, -2.1],
							"lerp_mode": "catmullrom"
						},
						"1.4583": {
							"post": [3.25, -0.425, -2.35],
							"lerp_mode": "catmullrom"
						},
						"1.7917": {
							"post": [5.8, 2.35, -2.075],
							"lerp_mode": "catmullrom"
						},
						"2.375": {
							"post": [6.2, 2.875, -2.15],
							"lerp_mode": "catmullrom"
						},
						"2.6667": {
							"post": [1.24, 0.84, -1.33],
							"lerp_mode": "catmullrom"
						},
						"2.7917": {
							"post": [1.025, 0.35, -1.15],
							"lerp_mode": "catmullrom"
						},
						"2.9167": {
							"post": [1.02, 0.18, -1.14],
							"lerp_mode": "catmullrom"
						},
						"3.0": {
							"post": [1.435, 0.07, -1.16],
							"lerp_mode": "catmullrom"
						},
						"3.2083": {
							"post": [2.785, -0.33, -1.48],
							"lerp_mode": "catmullrom"
						},
						"3.3333": {
							"post": [4.17, -0.825, -0.125],
							"lerp_mode": "catmullrom"
						},
						"3.5833": {
							"post": [3.75, -1, -0.775],
							"lerp_mode": "catmullrom"
						},
						"3.875": {
							"post": [2.025, -0.25, -1.325],
							"lerp_mode": "catmullrom"
						},
						"4.0833": {
							"post": [1.48, 0.06, -1.71],
							"lerp_mode": "catmullrom"
						},
						"4.2083": {
							"post": [3.43, 0.425, -0.35],
							"lerp_mode": "catmullrom"
						},
						"4.8333": {
							"post": [3.405, 2.775, 1.625],
							"lerp_mode": "catmullrom"
						},
						"5.0833": {
							"post": [3.12, 2.92, 1.2],
							"lerp_mode": "catmullrom"
						},
						"5.25": {
							"post": [1.5, 1, 1],
							"lerp_mode": "catmullrom"
						},
						"5.4583": {
							"post": [0, 0, 0],
							"lerp_mode": "catmullrom"
						}
					}
				},
				"bone20_illuminated": {
					"scale": {
						"0.0": [1, 1, 1],
						"0.5": {"pre": [1, 1, 1], "post": [0, 0, 0]},
						"2.8333": {"pre": [0, 0, 0], "post": [1, 1, 1]}
					}
				},
				"bone21_illuminated": {
					"scale": {
						"0.0": [1, 1, 1],
						"0.5": {"pre": [1, 1, 1], "post": [0, 0, 0]},
						"2.8333": {"pre": [0, 0, 0], "post": [1, 1, 1]}
					}
				},
				"bone22_illuminated": {
					"scale": {
						"0.0": [1, 1, 1],
						"0.5": {"pre": [1, 1, 1], "post": [0, 0, 0]},
						"2.8333": {"pre": [0, 0, 0], "post": [1, 1, 1]}
					}
				},
				"bone23_illuminated": {
					"scale": {
						"0.0": [1, 1, 1],
						"0.5": {"pre": [1, 1, 1], "post": [0, 0, 0]},
						"2.8333": {"pre": [0, 0, 0], "post": [1, 1, 1]}
					}
				},
				"bone24_illuminated": {
					"scale": {
						"0.0": [1, 1, 1],
						"0.5": {"pre": [1, 1, 1], "post": [0, 0, 0]},
						"2.8333": {"pre": [0, 0, 0], "post": [1, 1, 1]}
					}
				},
				"bone25_1_illuminated": {
					"scale": {
						"0.0": [1, 1, 1],
						"0.5": {"pre": [1, 1, 1], "post": [0, 0, 0]},
						"2.8333": {"pre": [0, 0, 0], "post": [1, 1, 1]}
					}
				},
				"bone28_1_illuminated": {
					"scale": {
						"0.0": [1, 1, 1],
						"0.5": {"pre": [1, 1, 1], "post": [0, 0, 0]},
						"2.8333": {"pre": [0, 0, 0], "post": [1, 1, 1]}
					}
				},
				"bone26_1_illuminated": {
					"scale": {
						"0.0": [1, 1, 1],
						"0.5": {"pre": [1, 1, 1], "post": [0, 0, 0]},
						"2.8333": {"pre": [0, 0, 0], "post": [1, 1, 1]}
					}
				},
				"bone29_1_illuminated": {
					"scale": {
						"0.0": [1, 1, 1],
						"0.5": {"pre": [1, 1, 1], "post": [0, 0, 0]},
						"2.8333": {"pre": [0, 0, 0], "post": [1, 1, 1]}
					}
				},
				"bone27_1_illuminated": {
					"scale": {
						"0.0": [1, 1, 1],
						"0.5": {"pre": [1, 1, 1], "post": [0, 0, 0]},
						"2.8333": {"pre": [0, 0, 0], "post": [1, 1, 1]}
					}
				},
				"bone18": {
					"scale": {
						"0.0": [1, 1, 1],
						"0.5": {"pre": [1, 1, 1], "post": [0, 0, 0]},
						"2.8333": {"pre": [0, 0, 0], "post": [1, 1, 1]}
					}
				},
				"bone20": {
					"scale": {
						"0.0": [1, 1, 1],
						"0.5": {"pre": [1, 1, 1], "post": [0, 0, 0]},
						"2.8333": {"pre": [0, 0, 0], "post": [1, 1, 1]}
					}
				},
				"bone38": {
					"scale": {
						"0.0": [1, 1, 1],
						"0.5": {"pre": [1, 1, 1], "post": [0, 0, 0]},
						"2.8333": {"pre": [0, 0, 0], "post": [1, 1, 1]}
					}
				},
				"bone39": {
					"scale": {
						"0.0": [1, 1, 1],
						"0.5": {"pre": [1, 1, 1], "post": [0, 0, 0]},
						"2.8333": {"pre": [0, 0, 0], "post": [1, 1, 1]}
					}
				},
				"1bullet1": {
					"rotation": {
						"1.0833": [0, 0, 0],
						"1.125": [0, 23.69, 0],
						"1.1667": [0, 47.37, 0],
						"1.2083": [0, 71.06, 0],
						"1.25": [0, 94.74, 0],
						"1.2917": [0, 118.43, 0],
						"1.3333": [0, 142.11, 0],
						"1.375": [0, 165.8, 0],
						"1.4167": [0, 189.48, 0],
						"1.4583": [0, 213.17, 0],
						"1.5": [0, 236.85, 0],
						"1.5417": [0, 260.54, 0],
						"1.5833": [0, 284.23, 0],
						"1.625": [0, 307.91, 0],
						"1.6667": [0, 331.6, 0],
						"1.7083": [0, 355.28, 0],
						"1.75": [0, 360, 0]
					},
					"position": {
						"0.4167": [0, 0, 0],
						"0.4583": [0, 0, 1.5],
						"0.5": [0, 0, 3.01],
						"0.5417": [0, 0, 3.87],
						"0.5833": [0, 0, 4.3],
						"0.625": [0, 0, 4.74],
						"0.6667": [0, 0, 5],
						"0.7083": [0, 0, 5],
						"0.75": [0, 0, 5],
						"0.7917": [0, 0, 5],
						"0.8333": [0, 0, 5],
						"0.875": [0, 0, 5],
						"0.9167": [0, 0, 5],
						"0.9583": [0, 0, 5],
						"1.0": [0, 0, 5],
						"1.0417": [0, 0, 5],
						"1.0833": [0, 0, 5],
						"1.125": [0, 0, 5],
						"1.1667": [0, 0, 5],
						"1.2083": [0, 0, 5],
						"1.25": [0, 0, 5],
						"1.2917": [0, 0, 5],
						"1.3333": [0, 0, 5],
						"1.375": [0, 0, 5],
						"1.4167": [0, 0, 5],
						"1.4583": [0, 0, 5],
						"1.5": [0, 0, 5],
						"1.5417": [0, 0, 5],
						"1.5833": [0, 0, 5],
						"1.625": [0, 0, 5],
						"1.6667": [0, 0, 5],
						"1.7083": [0, 0, 5],
						"1.75": [0, 0, 5],
						"1.7917": [0, 0, 5],
						"1.8333": [0, 0, 5],
						"1.875": [0, 0, 5],
						"1.9167": [0, 0, 5],
						"1.9583": [0, 0, 5],
						"2.0": [0, 0, 5],
						"2.0417": [0, 0, 5],
						"2.0833": [0, 0, 5],
						"2.125": [0, 0, 5],
						"2.1667": [0, 0, 5],
						"2.2083": [0, 0, 5],
						"2.25": [0, 0, 5],
						"2.2917": [0, 0, 5],
						"2.3333": [0, 0, 5],
						"2.375": [0, 0, 5],
						"2.4167": [0, 0, 5],
						"2.4583": [0, 0, 5],
						"2.5": [0, 0, 5],
						"2.5417": [0, 0, 5],
						"2.5833": [0, 0, 5],
						"2.625": [0, 0, 4.48],
						"2.6667": [0, 0, 3.96],
						"2.7083": [0, 0, 3.44],
						"2.75": [0, 0, 2.92],
						"2.7917": [0, 0, 2.4],
						"2.8333": [0, 0, 0.88],
						"2.875": [0, 0, 1.35],
						"2.9167": [0, 0, 0.83],
						"2.9583": [0, 0, 0.31],
						"3.0": [0, 0, 0.12],
						"3.0417": [0, 0, 0.06],
						"3.0833": [0, 0, 0]
					}
				}
			},
			"sound_effects": {
				"0.0": {
					"effect": "emxarms:emx_pmg90/p05_ar_schotel_inspect_raise"
				},
				"0.4583": {
					"effect": "emxarms:emx_pmg90/p05_ar_schotel_inspect_empty_boltback"
				},
				"1.0833": {
					"effect": "emxarms:emx_pmg90/terg_reload"
				},
				"1.4167": {
					"effect": "emxarms:emx_pmg90/p05_ar_schotel_inspect_magrattle"
				},
				"1.9583": {
					"effect": "emxarms:emx_pmg90/cfreload_1"
				},
				"2.75": {
					"effect": "emxarms:emx_pmg90/dmr_mod_2"
				},
				"2.8333": {
					"effect": "emxmors:emx_mors/boltclose_1"
				},
				"3.0": {
					"effect": "emxmors:emx_mors/emi_reload_2"
				},
				"4.875": {
					"effect": "emxarms:emx_pmg90/p05_ar_schotel_inspect_end"
				}
			}
		},
		"melee_push": {
			"animation_length": 1.1,
			"bones": {
				"root": {
					"rotation": {
						"0.0": {
							"post": [0, 0, 0],
							"lerp_mode": "catmullrom"
						},
						"0.0667": {
							"post": [-0.91946, -0.68416, 4.52785],
							"lerp_mode": "catmullrom"
						},
						"0.1333": {
							"post": [-77.5, 0, 90],
							"lerp_mode": "catmullrom"
						},
						"0.2": {
							"post": [-150.93209, 7.3352, 102.10051],
							"lerp_mode": "catmullrom"
						},
						"0.3": {
							"post": [-150.74622, 9.84655, 100.15108],
							"lerp_mode": "catmullrom"
						},
						"0.4667": {
							"post": [-152.5, 0, 44],
							"lerp_mode": "catmullrom"
						},
						"0.6333": {
							"post": [0.20024, -1.98812, 22.79719],
							"lerp_mode": "catmullrom"
						},
						"0.8": {
							"post": [1.49985, -0.01745, 13.09985],
							"lerp_mode": "catmullrom"
						},
						"0.9333": {
							"post": [0, -0.375, 4.5],
							"lerp_mode": "catmullrom"
						},
						"1.0": {
							"post": [-0.09, -0.35, -0.46875],
							"lerp_mode": "catmullrom"
						},
						"1.1333": {
							"post": [0.01309, -0.25017, -0.42511],
							"lerp_mode": "catmullrom"
						}
					},
					"position": {
						"0.0": {
							"post": [0, 0, 0],
							"lerp_mode": "catmullrom"
						},
						"0.0667": {
							"post": [-2.11, -1.63, 1.31],
							"lerp_mode": "catmullrom"
						},
						"0.1333": {
							"post": [0, 0, 1],
							"lerp_mode": "catmullrom"
						},
						"0.2": {
							"post": [6, 0, -4],
							"lerp_mode": "catmullrom"
						},
						"0.3": {
							"post": [6, 0, -5],
							"lerp_mode": "catmullrom"
						},
						"0.3667": {
							"post": [6, 0, -4],
							"lerp_mode": "catmullrom"
						},
						"0.6333": {
							"post": [-0.21, -1.08, -2.375],
							"lerp_mode": "catmullrom"
						},
						"0.8": {
							"post": [0, -0.25, -0.025],
							"lerp_mode": "catmullrom"
						},
						"0.9333": {
							"post": [0, 0, 0.525],
							"lerp_mode": "catmullrom"
						},
						"1.1": {
							"post": [0, 0, -0.1],
							"lerp_mode": "catmullrom"
						}
					}
				},
				"righthand": {
					"rotation": {
						"0.0": [89.49625, 6.99973, -180.06139],
						"0.1333": [-33, 7, -180.06],
						"0.2333": [-33, 7, -180.06],
						"0.5333": [-33, 7, -180.06],
						"0.6": [89.49625, 6.99973, -180.06139],
						"1.0667": [89.49625, 6.99973, -180.06139]
					},
					"position": {
						"0.0": [-6.85, -14.075, 8.775],
						"0.2333": [-6.85, -8.07, 12.78],
						"0.5333": [-6.85, -8.07, 12.78],
						"0.6": [-6.85, -14.075, 8.775],
						"1.0667": [-6.85, -14.075, 8.775]
					},
					"scale": {
						"0.0": [1, 1.5, 1],
						"1.0667": [1, 1.5, 1]
					}
				},
				"camera": {
					"rotation": {
						"0.0": {
							"post": [0, 0, 0],
							"lerp_mode": "catmullrom"
						},
						"0.0667": {
							"post": [-0.325, -0.2, -0.4],
							"lerp_mode": "catmullrom"
						},
						"0.2": {
							"post": [0.455, -0.175, 0.7],
							"lerp_mode": "catmullrom"
						},
						"0.3333": {
							"post": [-0.195, 0.075, -0.45],
							"lerp_mode": "catmullrom"
						},
						"0.4667": {
							"post": [0.185, 0.175, 0.15],
							"lerp_mode": "catmullrom"
						},
						"0.7333": {
							"post": [0, 0, 0],
							"lerp_mode": "catmullrom"
						}
					}
				},
				"green_illuminated": {
					"scale": 0.1
				}
			},
			"sound_effects": {
				"0.0667": {
					"effect": "emxarms:emx_melee/emx_melee_02"
				}
			}
		},
		"melee_bayonet_3": {
			"animation_length": 1.1,
			"bones": {
				"root": {
					"rotation": {
						"0.0": {
							"post": [0, 0, 0],
							"lerp_mode": "catmullrom"
						},
						"0.0667": {
							"post": [-0.91946, -0.68416, 4.52785],
							"lerp_mode": "catmullrom"
						},
						"0.1333": {
							"post": [-77.5, 0, 0],
							"lerp_mode": "catmullrom"
						},
						"0.2": {
							"post": [-152.5, 0, 7],
							"lerp_mode": "catmullrom"
						},
						"0.3667": {
							"post": [-155.5, 0, 22],
							"lerp_mode": "catmullrom"
						},
						"0.4667": {
							"post": [-137.5, 0, 44],
							"lerp_mode": "catmullrom"
						},
						"0.6333": {
							"post": [0.20024, -1.98812, 22.79719],
							"lerp_mode": "catmullrom"
						},
						"0.8": {
							"post": [1.49985, -0.01745, 13.09985],
							"lerp_mode": "catmullrom"
						},
						"0.9333": {
							"post": [0, -0.375, 4.5],
							"lerp_mode": "catmullrom"
						},
						"1.0": {
							"post": [-0.09, -0.35, -0.46875],
							"lerp_mode": "catmullrom"
						},
						"1.1333": {
							"post": [0.01309, -0.25017, -0.42511],
							"lerp_mode": "catmullrom"
						}
					},
					"position": {
						"0.0": {
							"post": [0, 0, 0],
							"lerp_mode": "catmullrom"
						},
						"0.0667": {
							"post": [-2.11, -1.63, 1.31],
							"lerp_mode": "catmullrom"
						},
						"0.1333": {
							"post": [0, 0, 1],
							"lerp_mode": "catmullrom"
						},
						"0.2": {
							"post": [6, 0, -4],
							"lerp_mode": "catmullrom"
						},
						"0.3": {
							"post": [6, 0, -5],
							"lerp_mode": "catmullrom"
						},
						"0.3667": {
							"post": [6, 0, -4],
							"lerp_mode": "catmullrom"
						},
						"0.6333": {
							"post": [-0.21, -1.08, -2.375],
							"lerp_mode": "catmullrom"
						},
						"0.8": {
							"post": [0, -0.25, -0.025],
							"lerp_mode": "catmullrom"
						},
						"0.9333": {
							"post": [0, 0, 0.525],
							"lerp_mode": "catmullrom"
						},
						"1.1": {
							"post": [0, 0, -0.1],
							"lerp_mode": "catmullrom"
						}
					}
				},
				"righthand": {
					"rotation": {
						"0.0": [89.49625, 6.99973, -180.06139],
						"0.1333": [-33, 7, -180.06],
						"0.2333": [-33, 7, -180.06],
						"0.5333": [-33, 7, -180.06],
						"0.6": [89.49625, 6.99973, -180.06139],
						"1.0667": [89.49625, 6.99973, -180.06139]
					},
					"position": {
						"0.0": [-6.85, -14.075, 8.775],
						"0.2333": [-6.85, -8.07, 12.78],
						"0.5333": [-6.85, -8.07, 12.78],
						"0.6": [-6.85, -14.075, 8.775],
						"1.0667": [-6.85, -14.075, 8.775]
					},
					"scale": {
						"0.0": [1, 1.5, 1],
						"1.0667": [1, 1.5, 1]
					}
				},
				"camera": {
					"rotation": {
						"0.0": {
							"post": [0, 0, 0],
							"lerp_mode": "catmullrom"
						},
						"0.0667": {
							"post": [-0.325, -0.2, -0.4],
							"lerp_mode": "catmullrom"
						},
						"0.2": {
							"post": [0.455, -0.175, 0.7],
							"lerp_mode": "catmullrom"
						},
						"0.3333": {
							"post": [-0.195, 0.075, -0.45],
							"lerp_mode": "catmullrom"
						},
						"0.4667": {
							"post": [0.185, 0.175, 0.15],
							"lerp_mode": "catmullrom"
						},
						"0.7333": {
							"post": [0, 0, 0],
							"lerp_mode": "catmullrom"
						}
					}
				},
				"green_illuminated": {
					"scale": 0.1
				}
			},
			"sound_effects": {
				"0.0667": {
					"effect": "emxarms:emx_melee/emx_melee_01"
				}
			}
		},
		"melee_push1": {
			"animation_length": 1,
			"bones": {
				"root": {
					"rotation": {
						"0.0": {
							"post": [0, 0, 0],
							"lerp_mode": "catmullrom"
						},
						"0.0833": {
							"post": [-0.91946, -25, 4.52785],
							"lerp_mode": "catmullrom"
						},
						"0.1667": {
							"post": [-0.58211, -80, 30.44834],
							"lerp_mode": "catmullrom"
						},
						"0.25": {
							"post": [-0.84898, -100, 31.61935],
							"lerp_mode": "catmullrom"
						},
						"0.375": {
							"post": [0.20024, -110, 22.79719],
							"lerp_mode": "catmullrom"
						},
						"0.4583": {
							"post": [1.49985, -90, 13.09985],
							"lerp_mode": "catmullrom"
						},
						"0.5833": {
							"post": [0, -45, 4.5],
							"lerp_mode": "catmullrom"
						},
						"0.6667": {
							"post": [-0.09, -15, -0.46875],
							"lerp_mode": "catmullrom"
						},
						"0.7917": {
							"post": [0.01309, -0.25017, -0.42511],
							"lerp_mode": "catmullrom"
						}
					},
					"position": {
						"0.0": {
							"post": [0, 0, 0],
							"lerp_mode": "catmullrom"
						},
						"0.0833": {
							"post": [-2.11, -1.63, 1.31],
							"lerp_mode": "catmullrom"
						},
						"0.1667": {
							"post": [-1.675, -0.95, -7.675],
							"lerp_mode": "catmullrom"
						},
						"0.25": {
							"post": [-1.02, -0.775, -4.52],
							"lerp_mode": "catmullrom"
						},
						"0.375": {
							"post": [-0.21, -1.08, -2.375],
							"lerp_mode": "catmullrom"
						},
						"0.4583": {
							"post": [0, -0.25, -0.025],
							"lerp_mode": "catmullrom"
						},
						"0.5833": {
							"post": [0, 0, 0.525],
							"lerp_mode": "catmullrom"
						},
						"0.75": {
							"post": [0, 0, -0.1],
							"lerp_mode": "catmullrom"
						}
					}
				},
				"camera": {
					"rotation": {
						"0.0": {
							"post": [0, 0, 0],
							"lerp_mode": "catmullrom"
						},
						"0.0833": {
							"post": [-0.325, -0.2, -0.4],
							"lerp_mode": "catmullrom"
						},
						"0.2083": {
							"post": [0.455, -0.175, 0.7],
							"lerp_mode": "catmullrom"
						},
						"0.3333": {
							"post": [-0.195, 0.075, -0.45],
							"lerp_mode": "catmullrom"
						},
						"0.4583": {
							"post": [0.185, 0.175, 0.15],
							"lerp_mode": "catmullrom"
						},
						"0.75": {
							"post": [0, 0, 0],
							"lerp_mode": "catmullrom"
						}
					}
				},
				"green_illuminated": {
					"scale": 0.1
				}
			},
			"sound_effects": {
				"0.0833": {
					"effect": "emxarms:emx_melee/emx_melee_02"
				}
			}
		},
		"shoot": {
			"loop": true,
			"animation_length": 2.6333,
			"bones": {
				"light": {
					"scale": {
						"0.0": [1, 1, 1],
						"0.1": {
							"pre": [1, 1, 1],
							"post": [0, 0, 0]
						},
						"0.9333": {
							"pre": [0, 0, 0],
							"post": [1, 1, 1]
						}
					}
				},
				"light2": {
					"scale": {
						"0.0": [0, 0, 0],
						"0.1": {
							"pre": [0, 0, 0],
							"post": [1, 1, 1]
						},
						"0.9": {
							"pre": [1, 1, 1],
							"post": [0, 0, 0]
						}
					}
				},
				"root": {
					"rotation": {
						"0.0": {
							"post": [0, 0, 0],
							"lerp_mode": "catmullrom"
						},
						"0.0333": {
							"post": [0, 0, 1],
							"lerp_mode": "catmullrom"
						},
						"0.1333": {
							"post": [0, 0, -1],
							"lerp_mode": "catmullrom"
						},
						"0.1667": {
							"post": [0, 0, 1],
							"lerp_mode": "catmullrom"
						},
						"0.2667": {
							"post": [0, 0, -1],
							"lerp_mode": "catmullrom"
						},
						"0.3": {
							"post": [0, 0, 1],
							"lerp_mode": "catmullrom"
						},
						"0.3667": {
							"post": [0, 0, -1],
							"lerp_mode": "catmullrom"
						},
						"0.4333": {
							"post": [0, 0, 1],
							"lerp_mode": "catmullrom"
						},
						"0.4667": {
							"post": [0, 0, -1],
							"lerp_mode": "catmullrom"
						},
						"0.5333": {
							"post": [0, 0, 1],
							"lerp_mode": "catmullrom"
						},
						"0.5667": {
							"post": [0, 0, -1],
							"lerp_mode": "catmullrom"
						},
						"0.6667": {
							"post": [0, 0, 1],
							"lerp_mode": "catmullrom"
						},
						"0.7": {
							"post": [0, 0, -1],
							"lerp_mode": "catmullrom"
						},
						"0.7667": {
							"post": [0, 0, 1],
							"lerp_mode": "catmullrom"
						},
						"0.8333": {
							"post": [0, 0, -1],
							"lerp_mode": "catmullrom"
						},
						"0.8667": {
							"post": [0, 0, 1],
							"lerp_mode": "catmullrom"
						},
						"0.9667": {
							"post": [0, 0, -1],
							"lerp_mode": "catmullrom"
						},
						"1.0": {
							"post": [0, 0, 1],
							"lerp_mode": "catmullrom"
						},
						"1.0333": {
							"post": [0, 0, -1],
							"lerp_mode": "catmullrom"
						},
						"1.0667": {
							"post": [0, 0, 1],
							"lerp_mode": "catmullrom"
						},
						"1.1333": {
							"post": [0, 0, 0],
							"lerp_mode": "catmullrom"
						},
						"1.2": {
							"post": [1.24069, 0.15232, -6.99835],
							"lerp_mode": "catmullrom"
						},
						"1.2667": {
							"post": [-5.82024, 1.33042, 5.79388],
							"lerp_mode": "catmullrom"
						},
						"1.3667": {
							"post": [-6.38564, -0.61289, -1.91761],
							"lerp_mode": "catmullrom"
						},
						"1.5": {
							"post": [-6.0138, -0.64862, -3.1926],
							"lerp_mode": "catmullrom"
						},
						"1.6667": {
							"post": [-3.22698, -0.95049, 1.89646],
							"lerp_mode": "catmullrom"
						},
						"1.8333": {
							"post": [-0.42425, 0.27786, 0.43549],
							"lerp_mode": "catmullrom"
						},
						"2.0": {
							"post": [0.23068, -0.21405, -0.46178],
							"lerp_mode": "catmullrom"
						},
						"2.1667": {
							"post": [-0.09988, 0.076, 0.12379],
							"lerp_mode": "catmullrom"
						},
						"2.3667": {
							"post": [0.04509, 0.01634, -0.04605],
							"lerp_mode": "catmullrom"
						},
						"2.6333": {
							"post": [0, 0, 0],
							"lerp_mode": "catmullrom"
						}
					},
					"position": {
						"0.0": {
							"post": [0, 0, 0],
							"lerp_mode": "catmullrom"
						},
						"1.1333": {
							"post": [0, 0, 1.5],
							"lerp_mode": "catmullrom"
						},
						"1.2": {
							"post": [0, -0.75, 6.95],
							"lerp_mode": "catmullrom"
						},
						"1.2667": {
							"post": [0, 0.675, 9.33],
							"lerp_mode": "catmullrom"
						},
						"1.4333": {
							"post": [-0.125, 1.18, 1.275],
							"lerp_mode": "catmullrom"
						},
						"1.5333": {
							"post": [-0.11, 0.94, 0.41],
							"lerp_mode": "catmullrom"
						},
						"1.6667": {
							"post": [-0.075, 0.51, -0.005],
							"lerp_mode": "catmullrom"
						},
						"1.8": {
							"post": [0, -0.47, -0.485],
							"lerp_mode": "catmullrom"
						},
						"1.9333": {
							"post": [0, -0.78, -0.095],
							"lerp_mode": "catmullrom"
						},
						"2.0333": {
							"post": [0, -0.415, 0.06],
							"lerp_mode": "catmullrom"
						},
						"2.1667": {
							"post": [0, -0.15, 0.1],
							"lerp_mode": "catmullrom"
						},
						"2.3667": {
							"post": [0.03125, -0.07, 0.07],
							"lerp_mode": "catmullrom"
						},
						"2.4333": [0.03009, -0.06588, 0.07245],
						"2.4667": [0.02116, -0.03412, 0.06493],
						"2.5": [0.02, -0.03, 0.04938],
						"2.5333": [0.01794, -0.02691, 0.03409],
						"2.5667": [0.00206, -0.00309, 0.01751],
						"2.6333": [0, 0, 0]
					}
				},
				"constraint": {
					"rotation": {
						"0.1667": [0.002, 0.05, 0.006],
						"0.3333": [0, 0, 0]
					},
					"position": {
						"0.1667": [0.01, 0.01, 0.25],
						"0.3333": [0, 0, 0]
					}
				},
				"octagon": {
					"rotation": {
						"1.1": [0, 0, 0],
						"1.1667": [0, 0, -120],
						"1.7": [0, 0, -120],
						"1.7667": [0, 0, 0]
					}
				},
				"octagon2": {
					"rotation": {
						"1.1": [0, 0, 0],
						"1.1667": [0, 0, -120],
						"1.8333": [0, 0, -120],
						"1.9": [0, 0, 0]
					}
				},
				"octagon5": {
					"rotation": {
						"1.1": [0, 0, 0],
						"1.1667": [0, 0, -120],
						"1.9667": [0, 0, -120],
						"2.0333": [0, 0, 0]
					}
				},
				"octagon6": {
					"rotation": {
						"1.1": [0, 0, 0],
						"1.1667": [0, 0, -120],
						"2.1": [0, 0, -120],
						"2.1667": [0, 0, 0]
					}
				},
				"octagon8": {
					"rotation": {
						"1.1": [0, 0, 0],
						"1.1667": [0, 0, -120],
						"2.2333": [0, 0, -120],
						"2.3": [0, 0, 0]
					}
				},
				"octagon9": {
					"rotation": {
						"1.1": [0, 0, 0],
						"1.1667": [0, 0, 120],
						"1.7": [0, 0, 120],
						"1.7667": [0, 0, 0]
					}
				},
				"octagon11": {
					"rotation": {
						"1.1": [0, 0, 0],
						"1.1667": [0, 0, 120],
						"1.8333": [0, 0, 120],
						"1.9": [0, 0, 0]
					}
				},
				"octagon12": {
					"rotation": {
						"1.1": [0, 0, 0],
						"1.1667": [0, 0, 120],
						"1.9667": [0, 0, 120],
						"2.0333": [0, 0, 0]
					}
				},
				"octagon13": {
					"rotation": {
						"1.1": [0, 0, 0],
						"1.1667": [0, 0, 120],
						"2.1": [0, 0, 120],
						"2.1667": [0, 0, 0]
					}
				},
				"octagon15": {
					"rotation": {
						"1.1": [0, 0, 0],
						"1.1667": [0, 0, 120],
						"2.2333": [0, 0, 120],
						"2.3": [0, 0, 0]
					}
				},
				"muzzle_flash": {
					"position": [0, 0, 0]
				},
				"camera": {
					"rotation": {
						"1.1333": {
							"pre": [0, 0, 0],
							"post": [0, 0, 0],
							"lerp_mode": "catmullrom"
						},
						"1.2": {
							"post": [0, 0, 11],
							"lerp_mode": "catmullrom"
						},
						"1.2667": {
							"post": [0, 0, -9],
							"lerp_mode": "catmullrom"
						},
						"1.3": {
							"post": [0, 0, 9],
							"lerp_mode": "catmullrom"
						},
						"1.3667": {
							"post": [0, 0, -7.5],
							"lerp_mode": "catmullrom"
						},
						"1.5": {
							"post": [0, 0, 4.5],
							"lerp_mode": "catmullrom"
						},
						"1.6333": {
							"post": [0, 0, -3.7],
							"lerp_mode": "catmullrom"
						},
						"1.7": {
							"post": [0, 0, 2.2],
							"lerp_mode": "catmullrom"
						},
						"1.8333": {
							"post": [0, 0, -1.8],
							"lerp_mode": "catmullrom"
						},
						"2.0": {
							"post": [0, 0, 0],
							"lerp_mode": "catmullrom"
						}
					}
				},
				"bone49": {
					"position": {
						"0.0": {
							"post": [0, 0, 0],
							"lerp_mode": "catmullrom"
						},
						"1.2": {
							"post": [0, 0, 21.6],
							"lerp_mode": "catmullrom"
						},
						"1.2667": [0, 0, 21.6],
						"1.9333": [0, 0, 0]
					},
					"scale": {
						"0.0": {
							"post": [1, 1, 1],
							"lerp_mode": "catmullrom"
						},
						"1.2": {
							"post": [1, 1, 64],
							"lerp_mode": "catmullrom"
						},
						"1.2667": [1, 1, 64],
						"1.9333": [1, 1, 1]
					}
				}
			}
		},
		"melee_stock": {
			"animation_length": 1.1,
			"bones": {
				"root": {
					"rotation": {
						"0.0": {
							"post": [0, 0, 0],
							"lerp_mode": "catmullrom"
						},
						"0.0667": {
							"post": [-0.91946, -0.68416, 4.52785],
							"lerp_mode": "catmullrom"
						},
						"0.1333": {
							"post": [-77.5, 0, 90],
							"lerp_mode": "catmullrom"
						},
						"0.2": {
							"post": [-152.5, 0, 102],
							"lerp_mode": "catmullrom"
						},
						"0.3": {
							"post": [-152.5, 0, 100],
							"lerp_mode": "catmullrom"
						},
						"0.4667": {
							"post": [-152.5, 0, 44],
							"lerp_mode": "catmullrom"
						},
						"0.6333": {
							"post": [0.20024, -1.98812, 22.79719],
							"lerp_mode": "catmullrom"
						},
						"0.8": {
							"post": [1.49985, -0.01745, 13.09985],
							"lerp_mode": "catmullrom"
						},
						"0.9333": {
							"post": [0, -0.375, 4.5],
							"lerp_mode": "catmullrom"
						},
						"1.0": {
							"post": [-0.09, -0.35, -0.46875],
							"lerp_mode": "catmullrom"
						},
						"1.1333": {
							"post": [0.01309, -0.25017, -0.42511],
							"lerp_mode": "catmullrom"
						}
					},
					"position": {
						"0.0": {
							"post": [0, 0, 0],
							"lerp_mode": "catmullrom"
						},
						"0.0667": {
							"post": [-2.11, -1.63, 1.31],
							"lerp_mode": "catmullrom"
						},
						"0.1333": {
							"post": [0, 0, 1],
							"lerp_mode": "catmullrom"
						},
						"0.2": {
							"post": [6, 0, -4],
							"lerp_mode": "catmullrom"
						},
						"0.3": {
							"post": [6, 0, -5],
							"lerp_mode": "catmullrom"
						},
						"0.3667": {
							"post": [6, 0, -4],
							"lerp_mode": "catmullrom"
						},
						"0.6333": {
							"post": [-0.21, -1.08, -2.375],
							"lerp_mode": "catmullrom"
						},
						"0.8": {
							"post": [0, -0.25, -0.025],
							"lerp_mode": "catmullrom"
						},
						"0.9333": {
							"post": [0, 0, 0.525],
							"lerp_mode": "catmullrom"
						},
						"1.1": {
							"post": [0, 0, -0.1],
							"lerp_mode": "catmullrom"
						}
					}
				},
				"righthand": {
					"rotation": {
						"0.0": [89.49625, 6.99973, -180.06139],
						"0.1333": [-33, 7, -180.06],
						"0.2333": [-33, 7, -180.06],
						"0.5333": [-33, 7, -180.06],
						"0.6": [89.49625, 6.99973, -180.06139],
						"1.0667": [89.49625, 6.99973, -180.06139]
					},
					"position": {
						"0.0": [-6.85, -14.075, 8.775],
						"0.2333": [-6.85, -8.07, 12.78],
						"0.5333": [-6.85, -8.07, 12.78],
						"0.6": [-6.85, -14.075, 8.775],
						"1.0667": [-6.85, -14.075, 8.775]
					},
					"scale": {
						"0.0": [1, 1.5, 1],
						"1.0667": [1, 1.5, 1]
					}
				},
				"camera": {
					"rotation": {
						"0.0": {
							"post": [0, 0, 0],
							"lerp_mode": "catmullrom"
						},
						"0.0667": {
							"post": [-0.325, -0.2, -0.4],
							"lerp_mode": "catmullrom"
						},
						"0.2": {
							"post": [0.455, -0.175, 0.7],
							"lerp_mode": "catmullrom"
						},
						"0.3333": {
							"post": [-0.195, 0.075, -0.45],
							"lerp_mode": "catmullrom"
						},
						"0.4667": {
							"post": [0.185, 0.175, 0.15],
							"lerp_mode": "catmullrom"
						},
						"0.7333": {
							"post": [0, 0, 0],
							"lerp_mode": "catmullrom"
						}
					}
				},
				"green_illuminated": {
					"scale": 0.1
				}
			},
			"sound_effects": {
				"0.0667": {
					"effect": "emxarms:emx_melee/emx_melee_03"
				}
			}
		}
	}
}