{
	"format_version": "1.8.0",
	"animations": {
		"draw": {
			"animation_length": 0.7333,
			"bones": {
				"root": {
					"rotation": {
						"0.0": {
							"post": [0.811, -32.64455, 33.95463],
							"lerp_mode": "catmullrom"
						},
						"0.1": {
							"post": [5.88301, -29.75023, 5.08656],
							"lerp_mode": "catmullrom"
						},
						"0.2667": {
							"post": [0.28514, -4.44535, -0.52252],
							"lerp_mode": "catmullrom"
						},
						"0.3667": {
							"post": [-0.8526, -0.39013, -4.13439],
							"lerp_mode": "catmullrom"
						},
						"0.4333": {
							"post": [-0.01, -0.435, -0.76],
							"lerp_mode": "catmullrom"
						},
						"0.5": {
							"post": [1.01337, -0.38036, -1.29904],
							"lerp_mode": "catmullrom"
						},
						"0.6333": {
							"post": [0, 0.25, -1.25],
							"lerp_mode": "catmullrom"
						},
						"0.7333": {
							"post": [0, 0, 0],
							"lerp_mode": "catmullrom"
						}
					},
					"position": {
						"0.0": {
							"post": [-3.18, -5.58, 13.525],
							"lerp_mode": "catmullrom"
						},
						"0.1": {
							"post": [-0.9, -2.45, 2.7],
							"lerp_mode": "catmullrom"
						},
						"0.2333": {
							"post": [-0.25, -0.9425, -1.14],
							"lerp_mode": "catmullrom"
						},
						"0.3": {
							"post": [-0.03, -0.3025, -0.8],
							"lerp_mode": "catmullrom"
						},
						"0.4": {
							"post": [-0.03, -0.1475, -0.145],
							"lerp_mode": "catmullrom"
						},
						"0.5": {
							"post": [-0.01, -0.2, 0.065],
							"lerp_mode": "catmullrom"
						},
						"0.5667": {
							"post": [0, -0.08125, 0],
							"lerp_mode": "catmullrom"
						},
						"0.7333": {
							"post": [0, 0, 0],
							"lerp_mode": "catmullrom"
						}
					}
				},
				"lefthand": {
					"rotation": [-264.10279, -35.92654, 229.9763],
					"position": [7.35, -16.32632, -10],
					"scale": [1, 1.5, 1]
				},
				"righthand": {
					"rotation": [84.34428, 15.28057, -175.61966],
					"position": [-6.55, -15.99881, 10.10672],
					"scale": [1, 1.5, 1]
				},
				"camera": {
					"rotation": {
						"0.0": {
							"post": [0, 0, 0],
							"lerp_mode": "catmullrom"
						},
						"0.1667": {
							"post": [0.45, -0.175, 0.6],
							"lerp_mode": "catmullrom"
						},
						"0.4": {
							"post": [-0.1, 0.05, -0.175],
							"lerp_mode": "catmullrom"
						},
						"0.5": {
							"post": [0.05, 0, 0.05],
							"lerp_mode": "catmullrom"
						},
						"0.6667": {
							"post": [0, 0, 0],
							"lerp_mode": "catmullrom"
						}
					}
				}
			},
			"sound_effects": {
				"0.0667": {
					"effect": "tacz:scar_h/p05_ar_schotel_reload_raise"
				}
			}
		},
		"put_away": {
			"animation_length": 0.4667,
			"bones": {
				"root": {
					"rotation": {
						"0.0": [0, 0, 0],
						"0.0333": [-0.47, -1.28, -1.35],
						"0.0667": [-0.64, -3.66, -2.19],
						"0.1": [0.26, -7.55, -0.77],
						"0.1333": [1.8, -12.38, 1.96],
						"0.1667": [3.1, -15.6, 4.35],
						"0.2": [4.61, -19.11, 7.2],
						"0.2333": [6.24, -23.59, 10.25],
						"0.2667": [8.04, -29.69, 13.62],
						"0.3": [9.94, -36.77, 17.19],
						"0.3333": [11.64, -43.66, 20.29],
						"0.3667": [13.08, -50.6, 22.78],
						"0.4": [14.32, -57.35, 24.8],
						"0.4333": [15.16, -62.05, 26.17]
					},
					"position": {
						"0.0": [0, 0, 0],
						"0.0333": [-0.21, -0.18, 0.14],
						"0.0667": [-0.45, -0.49, 0.28],
						"0.1": [-0.59, -0.99, 0.33],
						"0.3333": [0.92, -6.475, 0.67],
						"0.3667": [1.67, -7.225, 0.63],
						"0.4": [2.61, -7.935, 0.63],
						"0.4333": [3.51, -8.41, 0.64],
						"0.4667": [4.13, -8.77, 0.65]
					}
				},
				"lefthand": {
					"rotation": [-264.10279, -35.92654, 229.9763],
					"position": [7.35, -16.32632, -10],
					"scale": [1, 1.5, 1]
				},
				"righthand": {
					"rotation": [84.34428, 15.28057, -175.61966],
					"position": [-6.55, -15.99881, 10.10672],
					"scale": [1, 1.5, 1]
				},
				"constraint": {
					"rotation": {
						"0.0": [0.2, 0.2, 0.2],
						"0.3333": [1, 1, 1]
					},
					"position": {
						"0.0": [0.1, 0.1, 0.1],
						"0.3333": [1, 1, 1]
					}
				},
				"camera": {
					"rotation": {
						"0.0": {
							"post": [0, 0, 0],
							"lerp_mode": "catmullrom"
						},
						"0.1333": {
							"post": [0.3, 0, -0.125],
							"lerp_mode": "catmullrom"
						},
						"0.2333": {
							"post": [0.64, 0, 0.3],
							"lerp_mode": "catmullrom"
						},
						"0.3667": {
							"post": [0.5, 0, 0.15],
							"lerp_mode": "catmullrom"
						},
						"0.5333": {
							"post": [0, 0, 0],
							"lerp_mode": "catmullrom"
						}
					}
				}
			}
		},
		"static_idle": {
			"animation_length": 0.05,
			"bones": {
				"lefthand": {
					"rotation": [-264.10279, -35.92654, 229.9763],
					"position": [7.35, -16.32632, -10],
					"scale": [1, 1.5, 1]
				},
				"righthand": {
					"rotation": [84.34428, 15.28057, -175.61966],
					"position": [-6.55, -15.99881, 10.10672],
					"scale": [1, 1.5, 1]
				},
				"constraint": {
					"rotation": [0.2, 0.15, 0.2],
					"position": [0.1, 0.1, 0.4]
				}
			}
		},
		"reload_intro_empty": {
			"animation_length": 1.0333,
			"bones": {
				"bullet": {
					"scale": 0
				},
				"root": {
					"rotation": {
						"0.0": {
							"post": [0, 0, 0],
							"lerp_mode": "catmullrom"
						},
						"0.0667": {
							"post": [-0.25714, -0.33877, -1.36564],
							"lerp_mode": "catmullrom"
						},
						"0.2": {
							"post": [-0.54, -17.51, -68.42],
							"lerp_mode": "catmullrom"
						},
						"0.3": {
							"post": [5.24322, -27.10575, -89.55155],
							"lerp_mode": "catmullrom"
						},
						"0.3667": [8.25, -26.4, -96.225],
						"0.4667": {
							"pre": [9.37333, -27.13286, -97.71546],
							"post": [9.37333, -27.13286, -97.71546],
							"lerp_mode": "catmullrom"
						},
						"0.5667": {
							"post": [11.27, -26.58, -101.8],
							"lerp_mode": "catmullrom"
						},
						"0.6667": {
							"post": [11.87002, -26.60548, -101.02628],
							"lerp_mode": "catmullrom"
						},
						"0.7": {
							"post": [8.56719, -26.83125, -95.27809],
							"lerp_mode": "catmullrom"
						},
						"0.7333": {
							"post": [8.91976, -26.00987, -97.91748],
							"lerp_mode": "catmullrom"
						},
						"0.8": {
							"post": [6.39648, -27.11428, -91.90959],
							"lerp_mode": "catmullrom"
						},
						"0.8667": {
							"post": [9.46973, -26.37974, -98.58711],
							"lerp_mode": "catmullrom"
						},
						"0.9333": [7.3848, -26.63805, -94.28738],
						"1.0333": [8.25, -26.4, -96.225]
					},
					"position": {
						"0.0": {
							"post": [0, 0, 0],
							"lerp_mode": "catmullrom"
						},
						"0.0667": {
							"post": [-0.09, -0.535, 0.09],
							"lerp_mode": "catmullrom"
						},
						"0.2": {
							"post": [-0.61, -0.12, 0.115],
							"lerp_mode": "catmullrom"
						},
						"0.3": {
							"post": [-1.2, -1.075, 0.975],
							"lerp_mode": "catmullrom"
						},
						"0.3667": [-1.3, -0.85, 1.15],
						"0.6333": {
							"pre": [-1.33, -0.86, 1.075],
							"post": [-1.33, -0.86, 1.075],
							"lerp_mode": "catmullrom"
						},
						"0.7333": {
							"post": [-1.23, -1.005, 1.375],
							"lerp_mode": "catmullrom"
						},
						"0.8333": {
							"post": [-1.3, -0.825, 1.325],
							"lerp_mode": "catmullrom"
						},
						"0.9333": {
							"post": [-1.3, -0.845, 1.25],
							"lerp_mode": "catmullrom"
						},
						"1.0333": [-1.3, -0.85, 1.15]
					}
				},
				"lefthand": {
					"rotation": {
						"0.0": [-264.10279, -35.92654, 229.9763],
						"0.0667": [-265.62708, -34.73596, 214.02213],
						"0.2333": [-229.47164, -0.60333, 200.84479],
						"0.3667": [-229.47164, -0.60333, 201.84479],
						"0.6": [-228.46783, -33.99958, 270.11681],
						"0.6667": [-241.48203, -25.49901, 278.17435],
						"0.7": [-245.21307, -22.34797, 270.12724],
						"0.8": [-245.21307, -22.34797, 270.12724],
						"1.0333": [-229.47164, -0.60333, 201.84479]
					},
					"position": {
						"0.0": [7.35, -16.32632, -10],
						"0.0667": [10.99507, -15.82668, -8.92096],
						"0.1": [10.95777, -18.92358, -6.00361],
						"0.1333": [8.11659, -23.25678, -2.89685],
						"0.2": [-0.14836, -23.48363, 4.75345],
						"0.3": [-4.0792, -18.26339, 8.65994],
						"0.3667": [-4.0792, -18.26339, 8.65994],
						"0.4333": [2.125, -17.795, 3.85],
						"0.5333": [5.36449, -18.98986, 4.58785],
						"0.6": [5.36449, -18.1203, 4.58785],
						"0.6667": [5.36449, -16.563, 3.50484],
						"0.7333": [5.36449, -16.56298, 0.58785],
						"0.8": [5.36449, -16.56298, 0.58785],
						"0.9": [-2.64, -16.815, 0.91],
						"1.0333": [-4.0792, -18.26339, 8.65994]
					},
					"scale": {
						"0.0": [1, 1.5, 1],
						"0.3667": [1, 1.5, 1]
					}
				},
				"righthand": {
					"rotation": {
						"0.0": [84.34428, 15.28057, -175.61966],
						"0.3667": [84.34428, 15.28057, -175.61966]
					},
					"position": {
						"0.0": [-6.55, -15.99881, 10.10672],
						"0.3667": [-6.55, -15.99881, 10.10672]
					},
					"scale": {
						"0.0": [1, 1.5, 1],
						"0.3667": [1, 1.5, 1]
					}
				},
				"constraint": {
					"rotation": {
						"0.0": [0.05, 0.05, 0.05],
						"0.3667": [0.05, 0.05, 0.05]
					},
					"position": {
						"0.0": [0.1, 0.1, 0.1],
						"0.3667": [0.1, 0.1, 0.1]
					}
				},
				"camera": {
					"rotation": {
						"0.0": {
							"post": [0, 0, 0],
							"lerp_mode": "catmullrom"
						},
						"0.0667": {
							"post": [-0.25, -0.3425, -0.1075],
							"lerp_mode": "catmullrom"
						},
						"0.1667": {
							"post": [0.31, 0, 0.42],
							"lerp_mode": "catmullrom"
						},
						"0.2667": {
							"post": [1.2725, 0.4725, 0.745],
							"lerp_mode": "catmullrom"
						},
						"0.3667": {
							"post": [1.125, 0.5, 0.75],
							"lerp_mode": "catmullrom"
						},
						"0.5": {
							"post": [0.98, 0.5, 0.79],
							"lerp_mode": "catmullrom"
						},
						"0.5333": {
							"post": [1.255, 0.5, 0.78],
							"lerp_mode": "catmullrom"
						},
						"0.6": {
							"post": [1.26, 0.5, 0.61],
							"lerp_mode": "catmullrom"
						},
						"0.6667": {
							"post": [1.255, 0.5, 1.125],
							"lerp_mode": "catmullrom"
						},
						"0.7": {
							"post": [1.255, 0.5, 0.375],
							"lerp_mode": "catmullrom"
						},
						"0.7333": {
							"post": [1.255, 0.5, 1.1925],
							"lerp_mode": "catmullrom"
						},
						"0.8333": {
							"post": [0.9425, 0.5, 0.5025],
							"lerp_mode": "catmullrom"
						},
						"0.9333": {
							"post": [1.125, 0.5, 0.75],
							"lerp_mode": "catmullrom"
						}
					}
				},
				"bullet_1": {
					"rotation": {
						"0.3667": [0, 0, 0],
						"0.4": [-43.01925, -0.94351, -7.69722],
						"0.4333": [-43.01925, -0.94351, -7.69722],
						"0.5667": [-15.3352, -12.55206, 3.41064],
						"0.6667": [-12, 0, 0],
						"0.7333": [0, 0, 0],
						"0.8": [0, 0, 0],
						"1.0333": [0, 0, 0]
					},
					"position": {
						"0.3667": [0, 1.575, -0.525],
						"0.4333": [-1.23, -3.25893, 6.95874],
						"0.6": [-0.09166, -2.1364, 6.95874],
						"0.6667": [0, -2.02731, 4.88148],
						"0.7333": [0, 0.23, -0.34],
						"0.8": [0, 0.23, -0.34],
						"1.0333": [0, 1.575, -0.525]
					},
					"scale": {
						"0.4": [0, 0, 0],
						"0.4333": [1, 1, 1],
						"0.6667": [1, 1, 1],
						"0.7": [0, 0, 0],
						"0.7333": [1, 1, 1],
						"0.8": [0, 0, 0]
					}
				}
			},
			"sound_effects": {
				"0.0": {
					"effect": "tacz:m870/m870_reload_start_twist"
				},
				"0.5667": {
					"effect": "tacz:m870/m870_reload_loop_shellin_01"
				}
			}
		},
		"reload_intro": {
			"animation_length": 0.4667,
			"bones": {
				"bullet": {
					"scale": 0
				},
				"root": {
					"rotation": {
						"0.0": {
							"post": [0, 0, 0],
							"lerp_mode": "catmullrom"
						},
						"0.0667": {
							"post": [-0.25714, -0.33877, -1.36564],
							"lerp_mode": "catmullrom"
						},
						"0.2": {
							"post": [-0.54, -17.51, -68.42],
							"lerp_mode": "catmullrom"
						},
						"0.3": {
							"post": [5.24322, -27.10575, -89.55155],
							"lerp_mode": "catmullrom"
						},
						"0.3667": {
							"post": [8.25, -26.4, -96.225],
							"lerp_mode": "catmullrom"
						}
					},
					"position": {
						"0.0": {
							"post": [0, 0, 0],
							"lerp_mode": "catmullrom"
						},
						"0.0667": {
							"post": [-0.09, -0.535, 0.09],
							"lerp_mode": "catmullrom"
						},
						"0.2": {
							"post": [-0.61, -0.12, 0.115],
							"lerp_mode": "catmullrom"
						},
						"0.3": {
							"post": [-1.2, -1.075, 0.975],
							"lerp_mode": "catmullrom"
						},
						"0.3667": {
							"post": [-1.3, -0.85, 1.15],
							"lerp_mode": "catmullrom"
						}
					}
				},
				"lefthand": {
					"rotation": {
						"0.0": [-264.10279, -35.92654, 229.9763],
						"0.0667": [-265.62708, -34.73596, 214.02213],
						"0.2333": [-229.47164, -0.60333, 200.84479]
					},
					"position": {
						"0.0": [7.35, -16.32632, -10],
						"0.0667": [10.99507, -15.82668, -8.92096],
						"0.1": [10.95777, -18.92358, -6.00361],
						"0.1333": [8.11659, -23.25678, -2.89685],
						"0.2": [-0.14836, -23.48363, 4.75345],
						"0.3": [-4.0792, -18.26339, 8.65994]
					},
					"scale": [1, 1.5, 1]
				},
				"righthand": {
					"rotation": [84.34428, 15.28057, -175.61966],
					"position": [-6.55, -15.99881, 10.10672],
					"scale": [1, 1.5, 1]
				},
				"constraint": {
					"rotation": [0.05, 0.05, 0.05],
					"position": [0.1, 0.1, 0.1]
				},
				"camera": {
					"rotation": {
						"0.0": {
							"post": [0, 0, 0],
							"lerp_mode": "catmullrom"
						},
						"0.0667": {
							"post": [-0.25, -0.3425, -0.1075],
							"lerp_mode": "catmullrom"
						},
						"0.1667": {
							"post": [0.31, 0, 0.42],
							"lerp_mode": "catmullrom"
						},
						"0.2667": {
							"post": [1.2725, 0.4725, 0.745],
							"lerp_mode": "catmullrom"
						}
					}
				}
			},
			"sound_effects": {
				"0.0": {
					"effect": "tacz:m870/m870_reload_start_twist"
				}
			}
		},
		"reload_loop": {
			"animation_length": 0.6667,
			"bones": {
				"bullet": {
					"rotation": {
						"0.0": [0, 0, 0],
						"0.0333": [-43.01925, -0.94351, -7.69722],
						"0.0667": [-43.01925, -0.94351, -7.69722],
						"0.2": [-15.3352, -12.55206, 3.41064],
						"0.3": [-12, 0, 0],
						"0.3667": [0, 0, 0],
						"0.4333": [0, 0, 0],
						"0.6667": [0, 0, 0]
					},
					"position": {
						"0.0": [0, 1.575, -0.525],
						"0.0333": [-3.64692, -3.85021, 5.09617],
						"0.0667": [-3.64692, -3.85021, 5.09617],
						"0.2": [-0.425, -0.94, 2.995],
						"0.3": [0, -0.47, 2.755],
						"0.3333": [0, -0.07, 1.21],
						"0.3667": [0, 0.23, -0.34],
						"0.4333": [0, 0.23, -0.34],
						"0.6667": [0, 1.575, -0.525]
					},
					"scale": {
						"0.0333": [0, 0, 0],
						"0.0667": [1, 1, 1],
						"0.3667": [1, 1, 1],
						"0.4333": [0, 0, 0]
					}
				},
				"bullet_in_mag": {
					"position": {
						"0.3": [0, 0, 0],
						"0.3667": {
							"pre": [0, 0, -2],
							"post": [0, 0, 0]
						}
					}
				},
				"panel": {
					"rotation": {
						"0.0": [0, 0, 0],
						"0.2": [0, 0, 0],
						"0.3333": [-20, 0, 0],
						"0.3667": [-20, 0, 0],
						"0.4667": {
							"pre": [0.25, 0, 0],
							"post": [0.25, 0, 0],
							"lerp_mode": "catmullrom"
						},
						"0.5333": {
							"post": [-0.75, 0, 0],
							"lerp_mode": "catmullrom"
						},
						"0.6": {
							"post": [0, 0, 0],
							"lerp_mode": "catmullrom"
						}
					}
				},
				"root": {
					"rotation": {
						"0.0": [8.25, -26.4, -96.225],
						"0.1": {
							"pre": [9.37333, -27.13286, -97.71546],
							"post": [9.37333, -27.13286, -97.71546],
							"lerp_mode": "catmullrom"
						},
						"0.2": {
							"post": [11.27, -26.58, -101.8],
							"lerp_mode": "catmullrom"
						},
						"0.3": {
							"post": [11.87002, -26.60548, -101.02628],
							"lerp_mode": "catmullrom"
						},
						"0.3333": {
							"post": [8.56719, -26.83125, -95.27809],
							"lerp_mode": "catmullrom"
						},
						"0.3667": {
							"post": [8.91976, -26.00987, -97.91748],
							"lerp_mode": "catmullrom"
						},
						"0.4333": {
							"post": [6.39648, -27.11428, -91.90959],
							"lerp_mode": "catmullrom"
						},
						"0.5": {
							"post": [9.46973, -26.37974, -98.58711],
							"lerp_mode": "catmullrom"
						},
						"0.5667": [7.3848, -26.63805, -94.28738],
						"0.6667": [8.25, -26.4, -96.225]
					},
					"position": {
						"0.0": [-1.3, -0.85, 1.15],
						"0.2667": {
							"pre": [-1.33, -0.86, 1.075],
							"post": [-1.33, -0.86, 1.075],
							"lerp_mode": "catmullrom"
						},
						"0.3667": {
							"post": [-1.23, -1.005, 1.375],
							"lerp_mode": "catmullrom"
						},
						"0.4667": {
							"post": [-1.3, -0.825, 1.325],
							"lerp_mode": "catmullrom"
						},
						"0.5667": {
							"post": [-1.3, -0.845, 1.25],
							"lerp_mode": "catmullrom"
						},
						"0.6667": [-1.3, -0.85, 1.15]
					}
				},
				"bullet_1": {
					"rotation": {
						"0.0": [0, 0, 0],
						"0.0333": [-43.01925, -0.94351, -7.69722],
						"0.0667": [-43.01925, -0.94351, -7.69722],
						"0.2": [-15.3352, -12.55206, 3.41064],
						"0.3": [-12, 0, 0],
						"0.3667": [0, 0, 0],
						"0.4333": [0, 0, 0],
						"0.6667": [0, 0, 0]
					},
					"position": {
						"0.0": [0, 1.575, -0.525],
						"0.0667": [-1.23, -3.25893, 6.95874],
						"0.2333": [-0.09166, -2.1364, 6.95874],
						"0.3": [0, -2.02731, 4.88148],
						"0.3667": [0, 0.23, -0.34],
						"0.4333": [0, 0.23, -0.34],
						"0.6667": [0, 1.575, -0.525]
					},
					"scale": {
						"0.0333": [0, 0, 0],
						"0.0667": [1, 1, 1],
						"0.3": [1, 1, 1],
						"0.3333": [0, 0, 0],
						"0.3667": [1, 1, 1],
						"0.4333": [0, 0, 0]
					}
				},
				"lefthand": {
					"rotation": {
						"0.0": [-229.47164, -0.60333, 201.84479],
						"0.2333": [-228.46783, -33.99958, 270.11681],
						"0.3": [-241.48203, -25.49901, 278.17435],
						"0.3333": [-245.21307, -22.34797, 270.12724],
						"0.4333": [-245.21307, -22.34797, 270.12724],
						"0.6667": [-229.47164, -0.60333, 201.84479]
					},
					"position": {
						"0.0": [-4.0792, -18.26339, 8.65994],
						"0.0667": [2.125, -17.795, 3.85],
						"0.1667": [5.36449, -18.98986, 4.58785],
						"0.2333": [5.36449, -18.1203, 4.58785],
						"0.3": [5.36449, -16.563, 3.50484],
						"0.3667": [5.36449, -16.56298, 0.58785],
						"0.4333": [5.36449, -16.56298, 0.58785],
						"0.5333": [-2.64, -16.815, 0.91],
						"0.6667": [-4.0792, -18.26339, 8.65994]
					},
					"scale": [1, 1.5, 1]
				},
				"righthand": {
					"rotation": [84.34428, 15.28057, -175.61966],
					"position": [-6.55, -15.99881, 10.10672],
					"scale": [1, 1.5, 1]
				},
				"constraint": {
					"rotation": [0.05, 0.05, 0.05],
					"position": [0.1, 0.1, 0.1]
				},
				"camera": {
					"rotation": {
						"0.0": {
							"post": [1.125, 0.5, 0.75],
							"lerp_mode": "catmullrom"
						},
						"0.1333": {
							"post": [0.98, 0.5, 0.79],
							"lerp_mode": "catmullrom"
						},
						"0.1667": {
							"post": [1.255, 0.5, 0.78],
							"lerp_mode": "catmullrom"
						},
						"0.2333": {
							"post": [1.26, 0.5, 0.61],
							"lerp_mode": "catmullrom"
						},
						"0.3": {
							"post": [1.255, 0.5, 1.125],
							"lerp_mode": "catmullrom"
						},
						"0.3333": {
							"post": [1.255, 0.5, 0.375],
							"lerp_mode": "catmullrom"
						},
						"0.3667": {
							"post": [1.255, 0.5, 1.1925],
							"lerp_mode": "catmullrom"
						},
						"0.4667": {
							"post": [0.9425, 0.5, 0.5025],
							"lerp_mode": "catmullrom"
						},
						"0.5667": {
							"post": [1.125, 0.5, 0.75],
							"lerp_mode": "catmullrom"
						}
					}
				}
			},
			"sound_effects": {
				"0.2": {
					"effect": "tacz:m870/m870_reload_loop_shellin_01"
				}
			}
		},
		"reload_end": {
			"animation_length": 0.7333,
			"bones": {
				"bullet": {
					"rotation": [0, 0, 0],
					"position": [0, 1.575, -0.525],
					"scale": 0
				},
				"root": {
					"rotation": {
						"0.0": [8.25, -26.4, -96.225],
						"0.1": {
							"pre": [-7.99801, -9.02082, -23.45808],
							"post": [-7.99801, -9.02082, -23.45808],
							"lerp_mode": "catmullrom"
						},
						"0.2333": {
							"post": [0.90713, 0.38818, -1.72269],
							"lerp_mode": "catmullrom"
						},
						"0.3667": {
							"post": [-0.35, -0.18, -1.71],
							"lerp_mode": "catmullrom"
						},
						"0.4667": {
							"post": [0, 0, 0.775],
							"lerp_mode": "catmullrom"
						},
						"0.6": {
							"post": [0, 0, 0],
							"lerp_mode": "catmullrom"
						},
						"0.7333": {
							"post": [0, 0, 0],
							"lerp_mode": "catmullrom"
						}
					},
					"position": {
						"0.0": [-1.3, -0.85, 1.15],
						"0.0333": [-1.225, -0.575, 0.785],
						"0.1333": {
							"pre": [-0.95, -0.475, -0.515],
							"post": [-0.95, -0.475, -0.515],
							"lerp_mode": "catmullrom"
						},
						"0.2667": {
							"post": [0, -0.25, -0.175],
							"lerp_mode": "catmullrom"
						},
						"0.4": {
							"post": [0, -0.0625, 0.15625],
							"lerp_mode": "catmullrom"
						},
						"0.5": {
							"post": [0, -0.02, -0.025],
							"lerp_mode": "catmullrom"
						},
						"0.6": {
							"post": [0, -0.0125, -0.025],
							"lerp_mode": "catmullrom"
						},
						"0.7333": {
							"post": [0, 0, 0],
							"lerp_mode": "catmullrom"
						}
					}
				},
				"lefthand": {
					"rotation": {
						"0.0": [-229.47164, -0.60333, 201.84479],
						"0.2": [-264.10279, -35.92654, 229.9763]
					},
					"position": {
						"0.0": [-4.0792, -18.26339, 8.65994],
						"0.1": [6.27066, -18.73935, -2.54247],
						"0.2": [7.35, -16.32632, -10]
					},
					"scale": [1, 1.5, 1]
				},
				"righthand": {
					"rotation": [84.34428, 15.28057, -175.61966],
					"position": [-6.55, -15.99881, 10.10672],
					"scale": [1, 1.5, 1]
				},
				"constraint": {
					"rotation": [0.05, 0.05, 0.05],
					"position": [0.1, 0.1, 0.1]
				},
				"camera": {
					"rotation": {
						"0.0": {
							"post": [1.125, 0.5, 0.75],
							"lerp_mode": "catmullrom"
						},
						"0.1667": {
							"post": [0.9075, 0.3825, 0.48],
							"lerp_mode": "catmullrom"
						},
						"0.2667": {
							"post": [0.36, -0.1675, 0.12],
							"lerp_mode": "catmullrom"
						},
						"0.3667": {
							"post": [-0.1375, -0.275, -0.1625],
							"lerp_mode": "catmullrom"
						},
						"0.4333": {
							"post": [0.12, 0.1, 0.205],
							"lerp_mode": "catmullrom"
						},
						"0.5333": {
							"post": [0, 0, 0],
							"lerp_mode": "catmullrom"
						}
					}
				}
			},
			"sound_effects": {
				"0.0333": {
					"effect": "tacz:m870/m870_reload_end_turnover"
				}
			}
		},
		"shoot": {
			"animation_length": 1.0333,
			"bones": {
				"root": {
					"rotation": {
						"0.0": {
							"post": [0, 0, 0],
							"lerp_mode": "catmullrom"
						},
						"0.0333": {
							"post": [1.24069, 3.15232, -6.99835],
							"lerp_mode": "catmullrom"
						},
						"0.0667": {
							"post": [-10.42024, 5.33042, 10.36888],
							"lerp_mode": "catmullrom"
						},
						"0.1333": {
							"post": [-12.03564, 3.13711, -1.91761],
							"lerp_mode": "catmullrom"
						},
						"0.2": {
							"post": [-9.8638, 2.35138, -3.1926],
							"lerp_mode": "catmullrom"
						},
						"0.3": {
							"post": [-7.37698, 2.04951, -4.95354],
							"lerp_mode": "catmullrom"
						},
						"0.4667": {
							"post": [0.92575, -0.17214, -0.01451],
							"lerp_mode": "catmullrom"
						},
						"0.6667": {
							"post": [0.25012, 0.226, 0.49879],
							"lerp_mode": "catmullrom"
						},
						"0.8667": {
							"post": [0.04509, 0.01634, -0.42105],
							"lerp_mode": "catmullrom"
						},
						"1.0333": {
							"post": [0, 0, 0],
							"lerp_mode": "catmullrom"
						}
					},
					"position": {
						"0.0": {
							"post": [0, 0, 0],
							"lerp_mode": "catmullrom"
						},
						"0.0333": {
							"post": [0, -0.75, 4],
							"lerp_mode": "catmullrom"
						},
						"0.0667": {
							"post": [0.01, -0.3, 4.345],
							"lerp_mode": "catmullrom"
						},
						"0.1": {
							"post": [0, 0.3, 0.23],
							"lerp_mode": "catmullrom"
						},
						"0.1667": {
							"post": [-0.125, 0.83, 0.925],
							"lerp_mode": "catmullrom"
						},
						"0.3": {
							"post": [-0.075, 0.735, 0.92],
							"lerp_mode": "catmullrom"
						},
						"0.4333": {
							"post": [0, 0.03, 0.79],
							"lerp_mode": "catmullrom"
						},
						"0.5333": {
							"post": [0, -0.28, 0.48],
							"lerp_mode": "catmullrom"
						},
						"0.6667": {
							"post": [0, -0.15, 0.025],
							"lerp_mode": "catmullrom"
						},
						"0.8333": {
							"post": [0.03125, -0.01375, 0.095],
							"lerp_mode": "catmullrom"
						},
						"1.0333": {
							"post": [0, 0, 0],
							"lerp_mode": "catmullrom"
						}
					}
				},
				"constraint": {
					"rotation": {
						"0.1667": [0.75, 0.85, 0.75],
						"0.7333": [0, 0, 0]
					},
					"position": {
						"0.1667": [0.9, 0.5, 0.65],
						"0.7333": [0, 0, 0]
					}
				},
				"camera": {
					"rotation": {
						"0.0": {
							"post": [0, 0, 2.125],
							"lerp_mode": "catmullrom"
						},
						"0.0333": {
							"post": [0, 0, -1.85],
							"lerp_mode": "catmullrom"
						},
						"0.1333": {
							"post": [0, 0, 1.42],
							"lerp_mode": "catmullrom"
						},
						"0.2": {
							"post": [0, 0, -0.98],
							"lerp_mode": "catmullrom"
						},
						"0.2667": {
							"post": [0, 0, 0.545],
							"lerp_mode": "catmullrom"
						},
						"0.3333": {
							"post": [0, 0, -0.35],
							"lerp_mode": "catmullrom"
						},
						"0.4333": {
							"post": [0, 0, 0.175],
							"lerp_mode": "catmullrom"
						},
						"0.5667": {
							"post": [0, 0, 0],
							"lerp_mode": "catmullrom"
						}
					}
				}
			}
		},
		"bolt": {
			"animation_length": 0.7667,
			"bones": {
				"slide2": {
					"position": {
						"0.1": [0, 0, 0],
						"0.1667": [0, 0, 3.05],
						"0.4": [0, 0, 3.05],
						"0.4667": [0, 0, 0]
					}
				},
				"root": {
					"rotation": {
						"0.0": {
							"post": [0, 0, 0],
							"lerp_mode": "catmullrom"
						},
						"0.0667": {
							"post": [0, 0, 1.5],
							"lerp_mode": "catmullrom"
						},
						"0.1": {
							"post": [-0.66146, 0.09724, 2.9697],
							"lerp_mode": "catmullrom"
						},
						"0.1667": {
							"post": [1.20864, -0.15998, -5.55692],
							"lerp_mode": "catmullrom"
						},
						"0.2333": {
							"post": [0.98181, -0.6625, 1.91405],
							"lerp_mode": "catmullrom"
						},
						"0.3667": {
							"post": [-1.71, -0.37, 1.88],
							"lerp_mode": "catmullrom"
						},
						"0.4333": {
							"post": [-1.55, -0.09, 1.15],
							"lerp_mode": "catmullrom"
						},
						"0.4667": {
							"post": [0.03185, -0.00802, -0.23047],
							"lerp_mode": "catmullrom"
						},
						"0.5333": {
							"post": [0.40114, 0.01284, 1.88038],
							"lerp_mode": "catmullrom"
						},
						"0.6333": {
							"post": [0.02586, -0.00005, -2.13929],
							"lerp_mode": "catmullrom"
						},
						"0.7667": {
							"post": [0, 0, 0],
							"lerp_mode": "catmullrom"
						}
					},
					"position": {
						"0.0": {
							"post": [0, 0, 0],
							"lerp_mode": "catmullrom"
						},
						"0.1": {
							"post": [0, -0.125, 0],
							"lerp_mode": "catmullrom"
						},
						"0.1667": [-0.05757, -0.39924, 0.1],
						"0.2667": [-0.15, -0.445, -0.11],
						"0.3": {
							"pre": [-0.15, -0.34, -0.185],
							"post": [-0.15, -0.34, -0.185],
							"lerp_mode": "catmullrom"
						},
						"0.4": {
							"post": [-0.15, -0.35, -0.25],
							"lerp_mode": "catmullrom"
						},
						"0.5": {
							"post": [-0.08, -0.25, -0.045],
							"lerp_mode": "catmullrom"
						},
						"0.6": {
							"post": [0, -0.125, 0.075],
							"lerp_mode": "catmullrom"
						},
						"0.7667": {
							"post": [0, 0, 0],
							"lerp_mode": "catmullrom"
						}
					}
				},
				"lefthand": {
					"rotation": {
						"0.0": [-264.10279, -35.92654, 229.9763],
						"0.4667": [-264.10279, -35.92654, 229.9763]
					},
					"position": {
						"0.0": [7.35, -16.32632, -10],
						"0.1": [7.35, -16.3263, -10],
						"0.1667": [7.35, -16.3263, -6],
						"0.4": [7.35, -16.3263, -6],
						"0.4667": [7.35, -16.3263, -10]
					},
					"scale": [1, 1.5, 1]
				},
				"righthand": {
					"rotation": [84.34428, 15.28057, -175.61966],
					"position": [-6.55, -15.99881, 10.10672],
					"scale": [1, 1.5, 1]
				},
				"Bolt": {
					"position": {
						"0.1": [0, 0, 0],
						"0.1667": [0, 0, 3.05],
						"0.4": [0, 0, 3.05],
						"0.4667": [0, 0, 0]
					}
				},
				"camera": {
					"rotation": {
						"0.0": {
							"post": [0, 0, 0],
							"lerp_mode": "catmullrom"
						},
						"0.0667": {
							"post": [0.4375, -0.03, 0],
							"lerp_mode": "catmullrom"
						},
						"0.1667": {
							"post": [0.4375, 0, 0],
							"lerp_mode": "catmullrom"
						},
						"0.2": {
							"post": [0.4375, 0.0275, -0.375],
							"lerp_mode": "catmullrom"
						},
						"0.2667": {
							"post": [0.4375, 0.0375, 0.5825],
							"lerp_mode": "catmullrom"
						},
						"0.3667": {
							"post": [0.4375, 0.0675, -0.46],
							"lerp_mode": "catmullrom"
						},
						"0.4667": {
							"post": [0.4375, 0.0875, 0.5475],
							"lerp_mode": "catmullrom"
						},
						"0.6": {
							"post": [-0.0625, 0, -0.1875],
							"lerp_mode": "catmullrom"
						},
						"0.6667": {
							"post": [-0.1875, -0.0925, 0],
							"lerp_mode": "catmullrom"
						},
						"0.7333": {
							"post": [0, 0, 0],
							"lerp_mode": "catmullrom"
						}
					}
				}
			},
			"sound_effects": {
				"0.1": {
					"effect": "tacz:m870/m870_bolt_in"
				},
				"0.3333": {
					"effect": "tacz:m870/m870_bolt_out"
				},
				"0.6": {
					"effect": "tacz:m870/12_gauge_shotgun_shell_drop"
				}
			}
		},
		"inspect_empty": {
			"animation_length": 10.5,
			"bones": {
				"bullet_shell": {
					"position": {
						"8.0333": [-1.75, -3.5, 0],
						"8.1": [-1.75, -3.5, 2.25],
						"9.2667": [-1.75, -3.5, 2.25],
						"9.3": [-1.75, -3.5, 0],
						"9.9667": [0, 0, 0]
					},
					"scale": {
						"0.0": [0, 0, 0],
						"8.0": {
							"pre": [0, 0, 0],
							"post": [1, 1, 1]
						},
						"8.0333": [1, 1, 1],
						"9.3": [1, 1, 1],
						"9.3333": {
							"pre": [1, 1, 1],
							"post": [0, 0, 0]
						},
						"9.9667": {
							"pre": [0, 0, 0],
							"post": [1, 1, 1]
						},
						"10.2": [1, 1, 1]
					}
				},
				"bullet_in_barrel": {
					"scale": {
						"0.0": [0, 0, 0],
						"9.9667": {
							"pre": [0, 0, 0],
							"post": [1, 1, 1]
						},
						"10.2": [1, 1, 1]
					}
				},
				"bullet_in_mag": {
					"scale": {
						"0.0": [1, 1, 1],
						"1.1333": {
							"pre": [1, 1, 1],
							"post": [0, 0, 0]
						},
						"9.9667": {
							"pre": [0, 0, 0],
							"post": [1, 1, 1]
						},
						"10.2": [1, 1, 1]
					}
				},
				"bullet": {
					"scale": {
						"0.0": [0, 0, 0],
						"9.9667": {
							"pre": [0, 0, 0],
							"post": [1, 1, 1]
						},
						"10.2": [1, 1, 1]
					}
				},
				"slide2": {
					"position": {
						"8.0333": [0, 0, 0],
						"8.1": [0, 0, 2],
						"9.2667": [0, 0, 2],
						"9.3": [0, 0, 0]
					}
				},
				"panel": {
					"rotation": {
						"5.8": [0, 0, 0],
						"5.9333": [-12.46067, -0.55043, -0.00039],
						"7.1": [-12.46067, -0.55043, -0.00039],
						"7.1667": [0, 0, 0]
					}
				},
				"root": {
					"rotation": {
						"0.0": {
							"post": [0, 0, 0],
							"lerp_mode": "catmullrom"
						},
						"0.1333": {
							"post": [-3.12, -3.07, 4.11],
							"lerp_mode": "catmullrom"
						},
						"0.3333": {
							"post": [-40.33, -7.06, 6.27],
							"lerp_mode": "catmullrom"
						},
						"0.4667": {
							"post": [-62.85, -9.08, 7.25],
							"lerp_mode": "catmullrom"
						},
						"0.6333": {
							"post": [-65.77, -7.76, 7.2],
							"lerp_mode": "catmullrom"
						},
						"0.8333": {
							"post": [-65.69, -9.88, 7.12],
							"lerp_mode": "catmullrom"
						},
						"1.0667": {
							"post": [-65.1, -9.09, 7.06],
							"lerp_mode": "catmullrom"
						},
						"1.4667": {
							"post": [-65.3, -10.71, 7.37],
							"lerp_mode": "catmullrom"
						},
						"1.9": {
							"post": [-64.29, -11.11, 8.09],
							"lerp_mode": "catmullrom"
						},
						"2.0667": {
							"post": [-55.89, -20.28, 8.16],
							"lerp_mode": "catmullrom"
						},
						"2.2333": {
							"post": [-38.46, -34.67, 1.72],
							"lerp_mode": "catmullrom"
						},
						"2.5": {
							"post": [6.08, -70.58, -15.92],
							"lerp_mode": "catmullrom"
						},
						"2.6333": {
							"post": [8.52, -74.08, -15.91],
							"lerp_mode": "catmullrom"
						},
						"2.9333": {
							"post": [8.2, -72.99, -15.34],
							"lerp_mode": "catmullrom"
						},
						"3.2": {
							"post": [6.42, -72.87, -14.85],
							"lerp_mode": "catmullrom"
						},
						"3.3333": {
							"post": [7.25, -73.25, -15.88],
							"lerp_mode": "catmullrom"
						},
						"3.4667": {
							"post": [12.05, -74.35, -19.52],
							"lerp_mode": "catmullrom"
						},
						"3.7333": {
							"post": [39.27, -79.88, -38.87],
							"lerp_mode": "catmullrom"
						},
						"3.9333": {
							"post": [54.24, -83.24, -48.89],
							"lerp_mode": "catmullrom"
						},
						"4.2": {
							"post": [49.58, -83.97, -42.93],
							"lerp_mode": "catmullrom"
						},
						"4.4667": {
							"post": [50.35, -84.58, -43.19],
							"lerp_mode": "catmullrom"
						},
						"4.7": {
							"post": [73.73, -80.05, -60.07],
							"lerp_mode": "catmullrom"
						},
						"4.9": {
							"post": [101.03, -75.25, -84.5],
							"lerp_mode": "catmullrom"
						},
						"5.0333": {
							"post": [105.78, -74.41, -88.53],
							"lerp_mode": "catmullrom"
						},
						"5.1667": {
							"post": [104.69, -74.6, -87.54],
							"lerp_mode": "catmullrom"
						},
						"5.3": {
							"post": [85.04, -79.32, -80.97],
							"lerp_mode": "catmullrom"
						},
						"5.5": {
							"post": [19.53216, -77.91416, -57.30561],
							"lerp_mode": "catmullrom"
						},
						"5.6": {
							"post": [35.05231, -54.96348, -95.62124],
							"lerp_mode": "catmullrom"
						},
						"5.7": {
							"post": [45.28928, -25.71997, -129.02413],
							"lerp_mode": "catmullrom"
						},
						"5.8333": {
							"post": [43.51, -14.89, -138.81],
							"lerp_mode": "catmullrom"
						},
						"5.9667": {
							"post": [42.94656, -11.50284, -142.35989],
							"lerp_mode": "catmullrom"
						},
						"6.0667": {
							"post": [42.4518, -9.69696, -144.88844],
							"lerp_mode": "catmullrom"
						},
						"6.2667": {
							"post": [41.35917, -9.98032, -144.41764],
							"lerp_mode": "catmullrom"
						},
						"6.5333": {
							"post": [41.40595, -9.31096, -145.2549],
							"lerp_mode": "catmullrom"
						},
						"6.8": {
							"post": [41.76318, -8.25189, -146.92962],
							"lerp_mode": "catmullrom"
						},
						"7.0": {
							"post": [43.00243, -7.4576, -150.65107],
							"lerp_mode": "catmullrom"
						},
						"7.2": {
							"post": [40.07923, -9.61512, -144.66314],
							"lerp_mode": "catmullrom"
						},
						"7.3667": {
							"post": [43.35446, -4.52037, -153.80511],
							"lerp_mode": "catmullrom"
						},
						"7.5": {
							"post": [45.55235, -13.26885, -149.07676],
							"lerp_mode": "catmullrom"
						},
						"7.6333": {
							"post": [43.18309, -3.23407, -151.97676],
							"lerp_mode": "catmullrom"
						},
						"7.7333": {
							"post": [43.24, -2.4, -153.04],
							"lerp_mode": "catmullrom"
						},
						"7.8667": {
							"post": [43.61, -7.1, -151],
							"lerp_mode": "catmullrom"
						},
						"8.0": {
							"post": [43.14, -6.59, -151.6],
							"lerp_mode": "catmullrom"
						},
						"8.1667": {
							"post": [34.38, 2.71, -161.05],
							"lerp_mode": "catmullrom"
						},
						"8.4": {
							"post": [31.58504, 5.68561, -164.06703],
							"lerp_mode": "catmullrom"
						},
						"8.6": {
							"post": [32.79313, 5.065, -164.07],
							"lerp_mode": "catmullrom"
						},
						"8.9": {
							"post": [32.58504, 5.68561, -164.06703],
							"lerp_mode": "catmullrom"
						},
						"9.2": {
							"post": [32.79313, 5.065, -164.07],
							"lerp_mode": "catmullrom"
						},
						"9.2667": {
							"post": [34.54, 5.32, -164.07],
							"lerp_mode": "catmullrom"
						},
						"9.3667": {
							"post": [33.54, 3.57, -166.07],
							"lerp_mode": "catmullrom"
						},
						"9.5": {
							"post": [34.06, 4.6, -164.15],
							"lerp_mode": "catmullrom"
						},
						"9.6333": {
							"post": [19.30563, 3.97625, -147.82],
							"lerp_mode": "catmullrom"
						},
						"9.8": [10.7178, -3.20111, -82.87714],
						"9.9667": [1.5, 0, 0],
						"10.0667": [0.08981, -0.00589, 3.75],
						"10.1667": [0.05624, -0.00123, -0.15625],
						"10.2667": [0.02249, -0.00079, 0.6875],
						"10.4": [0, 0, 0]
					},
					"position": {
						"0.0": {
							"post": [0, 0, 0],
							"lerp_mode": "catmullrom"
						},
						"0.1333": {
							"post": [-0.28, -2.03, -1.04],
							"lerp_mode": "catmullrom"
						},
						"0.3333": {
							"post": [0.34, -4.69, -0.96],
							"lerp_mode": "catmullrom"
						},
						"0.4667": {
							"post": [0.66, -7.83, -0.84],
							"lerp_mode": "catmullrom"
						},
						"0.7333": {
							"post": [0.62, -7.77, -0.85],
							"lerp_mode": "catmullrom"
						},
						"0.9": {
							"post": [0.62, -7.8, -0.85],
							"lerp_mode": "catmullrom"
						},
						"1.1": {
							"post": [0.62, -7.79, -0.85],
							"lerp_mode": "catmullrom"
						},
						"1.2333": {
							"post": [0.65, -8.15, -0.9],
							"lerp_mode": "catmullrom"
						},
						"1.3667": {
							"post": [0.69, -7.5, -0.98],
							"lerp_mode": "catmullrom"
						},
						"1.6667": {
							"post": [0.72, -7.61, -1.04],
							"lerp_mode": "catmullrom"
						},
						"1.9333": {
							"post": [0.69, -7.61, -1.03],
							"lerp_mode": "catmullrom"
						},
						"2.0333": {
							"post": [0.71, -8.07, -1.24],
							"lerp_mode": "catmullrom"
						},
						"2.1333": {
							"post": [1.01, -10.21, -2.11],
							"lerp_mode": "catmullrom"
						},
						"2.2": {
							"post": [1.1, -8.66, -2.64],
							"lerp_mode": "catmullrom"
						},
						"2.3333": {
							"post": [0.67, -4.57, -2.76],
							"lerp_mode": "catmullrom"
						},
						"2.4667": {
							"post": [0.33, -0.85, -2.8],
							"lerp_mode": "catmullrom"
						},
						"2.6667": {
							"post": [0.26, 0.23, -2.79],
							"lerp_mode": "catmullrom"
						},
						"2.9667": {
							"post": [0.34, 0.58, -2.75],
							"lerp_mode": "catmullrom"
						},
						"3.2333": {
							"post": [0.41, 0.63, -2.74],
							"lerp_mode": "catmullrom"
						},
						"3.4667": {
							"post": [0.53, 0.72, -3.12],
							"lerp_mode": "catmullrom"
						},
						"3.7": {
							"post": [1.52, 0.99438, -4.24125],
							"lerp_mode": "catmullrom"
						},
						"3.9": {
							"post": [2.45, 1.29125, -4.89812],
							"lerp_mode": "catmullrom"
						},
						"4.1": {
							"post": [2.84, 1.40125, -5.18813],
							"lerp_mode": "catmullrom"
						},
						"4.4667": {
							"post": [3.28, 1.41125, -5.26812],
							"lerp_mode": "catmullrom"
						},
						"4.7": {
							"post": [4.9625, 1.41125, -5.26812],
							"lerp_mode": "catmullrom"
						},
						"4.8667": {
							"post": [6.21688, 1.41125, -5.26812],
							"lerp_mode": "catmullrom"
						},
						"5.0667": {
							"post": [6.27688, 1.44125, -5.26812],
							"lerp_mode": "catmullrom"
						},
						"5.1667": {
							"post": [5.64, 1.07688, -5.315],
							"lerp_mode": "catmullrom"
						},
						"5.3": {
							"post": [4.36562, -0.85, -5.76812],
							"lerp_mode": "catmullrom"
						},
						"5.5": {
							"post": [2.48, -5, -5.56],
							"lerp_mode": "catmullrom"
						},
						"5.7333": {
							"post": [1.33, -3.955, -2.92],
							"lerp_mode": "catmullrom"
						},
						"5.9": {
							"post": [1.555, -2.775, -1.53125],
							"lerp_mode": "catmullrom"
						},
						"6.0": {
							"post": [1.52, -2.48, -1.41],
							"lerp_mode": "catmullrom"
						},
						"6.1": {
							"post": [1.46, -2.405, -1.46],
							"lerp_mode": "catmullrom"
						},
						"6.2667": {
							"post": [1.46, -2.315, -1.5],
							"lerp_mode": "catmullrom"
						},
						"6.5333": {
							"post": [1.51, -2.295, -1.51],
							"lerp_mode": "catmullrom"
						},
						"6.8": {
							"post": [1.48, -2.13, -1.52],
							"lerp_mode": "catmullrom"
						},
						"7.0667": {
							"post": [1.68, -1.9, -1.53],
							"lerp_mode": "catmullrom"
						},
						"7.2": {
							"post": [1.63313, -2.975, -1.53],
							"lerp_mode": "catmullrom"
						},
						"7.4": {
							"post": [0.45812, -2.00937, -1.7175],
							"lerp_mode": "catmullrom"
						},
						"7.5": {
							"post": [-0.07, -2.24, -1.65],
							"lerp_mode": "catmullrom"
						},
						"7.6333": {
							"post": [0.07, -2.65, -1.53],
							"lerp_mode": "catmullrom"
						},
						"7.8": {
							"post": [0.27, -1.9, -1.53],
							"lerp_mode": "catmullrom"
						},
						"7.9333": {
							"post": [0.32, -1.775, -1.82687],
							"lerp_mode": "catmullrom"
						},
						"8.2": {
							"post": [0.47, -1.645, 1.63875],
							"lerp_mode": "catmullrom"
						},
						"8.3333": {
							"post": [0.36063, -1.63, 1.98563],
							"lerp_mode": "catmullrom"
						},
						"8.6": {
							"post": [0.47, -1.63, 1.87],
							"lerp_mode": "catmullrom"
						},
						"8.9": {
							"post": [0.47, -1.63, 1.87],
							"lerp_mode": "catmullrom"
						},
						"9.2667": {
							"post": [0.47, -1.64, 1.64],
							"lerp_mode": "catmullrom"
						},
						"9.3667": {
							"post": [0.47, -1.64, 1.35875],
							"lerp_mode": "catmullrom"
						},
						"9.4667": {
							"post": [0.47, -1.64, 1.46938],
							"lerp_mode": "catmullrom"
						},
						"9.5667": {
							"post": [0.47, -2.065, 1.42313],
							"lerp_mode": "catmullrom"
						},
						"9.6667": {
							"post": [0.41, -2.855, 0.86],
							"lerp_mode": "catmullrom"
						},
						"9.8": {
							"post": [-0.96, -2.915, -0.55],
							"lerp_mode": "catmullrom"
						},
						"9.9667": {
							"post": [0, -0.325, 0.56875],
							"lerp_mode": "catmullrom"
						},
						"10.1": {
							"post": [-0.04687, -0.08437, -0.22812],
							"lerp_mode": "catmullrom"
						},
						"10.2333": {
							"post": [0.03125, -0.04062, 0.095],
							"lerp_mode": "catmullrom"
						},
						"10.3667": {
							"post": [0, 0.01563, -0.01562],
							"lerp_mode": "catmullrom"
						},
						"10.5": {
							"post": [0, 0, 0],
							"lerp_mode": "catmullrom"
						}
					}
				},
				"lefthand": {
					"rotation": {
						"0.0": [-264.10279, -35.92654, 229.9763],
						"1.1333": [-264.1, -35.93, 229.98],
						"1.3": [-252.37102, -16.48641, 189.10498],
						"1.8667": [-252.37, -16.49, 189.1],
						"2.0667": [-271.1825, -16.49, 189.1],
						"2.2": [-246.37, -28.91187, 189.1],
						"2.3667": [-260.98263, -54.69621, 244.40654],
						"5.4333": [-260.98, -54.7, 244.41],
						"5.5": {
							"pre": [-260.98263, -54.69621, 244.40654],
							"post": [-260.98263, -54.69621, 244.40654],
							"lerp_mode": "catmullrom"
						},
						"5.6333": {
							"post": [-244.45593, -32.29501, 277.62789],
							"lerp_mode": "catmullrom"
						},
						"5.7333": {
							"post": [-257.682, -37.06583, 344.29221],
							"lerp_mode": "catmullrom"
						},
						"5.8333": {
							"post": [-253.80963, -32.95346, 333.23277],
							"lerp_mode": "catmullrom"
						},
						"5.9333": [-247.96802, -26.32352, 318.95264],
						"7.1": [-247.96802, -26.32352, 318.95264],
						"7.2": [-252.04858, -20.84794, 328.07477],
						"7.3667": [-276.7411, -25.63053, 391.91633],
						"7.5667": [-294.4041, -11.43918, 436.82718],
						"7.8": [-294.4041, -11.43918, 436.82718],
						"7.9333": [-303.4041, -11.43918, 436.82718],
						"8.0333": [-303.4041, -11.43918, 436.82718],
						"9.5667": [-303.4, -11.44, 436.83],
						"9.7": [-279.63213, -24.23951, 369.45782],
						"9.8333": [-269.2068, -27.17503, 300.31488],
						"9.9667": [-264.10279, -35.92654, 229.9763]
					},
					"position": {
						"0.0": [7.35, -16.32632, -10],
						"1.1333": [7.35, -16.32632, -10],
						"1.3": [7.825, -11.845, -9.695],
						"1.9667": [7.825, -11.845, -9.695],
						"2.2": [7.67968, -12.48991, -9.84898],
						"2.3667": [6.70468, -16.11412, -9.84898],
						"5.4333": [6.7, -16.1141, -9.85],
						"5.5": {
							"pre": [6.56401, -16.2085, -9.31579],
							"post": [6.56401, -16.2085, -9.31579],
							"lerp_mode": "catmullrom"
						},
						"5.6667": {
							"post": [4.42228, -15.67002, -3.3344],
							"lerp_mode": "catmullrom"
						},
						"5.7333": {
							"post": [4.42228, -15.67002, -3.3344],
							"lerp_mode": "catmullrom"
						},
						"5.8333": {
							"post": [4.42228, -15.67002, -3.3344],
							"lerp_mode": "catmullrom"
						},
						"5.9333": {
							"post": [4.42228, -15.67002, -3.3344],
							"lerp_mode": "catmullrom"
						},
						"7.1": {
							"post": [4.42228, -15.67002, -3.3344],
							"lerp_mode": "catmullrom"
						},
						"7.2": {
							"post": [4.42228, -15.67002, -3.3344],
							"lerp_mode": "catmullrom"
						},
						"7.3667": [-0.02513, -10.18956, -6.30689],
						"7.5667": [3.195, -14.4039, -7.69],
						"7.8": [3.195, -14.4039, -7.69],
						"7.9333": [4.195, -14.40391, -7.69],
						"8.0333": [4.195, -14.4039, -7.69],
						"8.1": [4.2, -14.4039, -5.69],
						"9.2667": [4.2, -14.4039, -5.69],
						"9.3": [4.195, -14.4039, -7.69],
						"9.5667": [4.2, -10.23, -7.69],
						"9.7": [4.565, -11.99, -8.27],
						"9.8333": [5.78, -13.755, -8.85],
						"9.9667": [7.35, -16.32632, -10]
					},
					"scale": [1, 1.5, 1]
				},
				"gun_and_righthand": {
					"rotation": {
						"1.1333": {
							"pre": [0, 0, 0],
							"post": [0, 0, 0],
							"lerp_mode": "catmullrom"
						},
						"1.2667": {
							"post": [0, 0, -30.28],
							"lerp_mode": "catmullrom"
						},
						"1.3333": {
							"post": [0, 0, -35.87],
							"lerp_mode": "catmullrom"
						},
						"1.4667": {
							"post": [0, 0, -35.76],
							"lerp_mode": "catmullrom"
						},
						"1.7333": {
							"post": [0, 0, -35.66],
							"lerp_mode": "catmullrom"
						},
						"1.9": {
							"post": [0, 0, -36.39],
							"lerp_mode": "catmullrom"
						},
						"2.0": {
							"post": [0, 0, -37.5],
							"lerp_mode": "catmullrom"
						},
						"2.2": {
							"post": [0, 0, -50],
							"lerp_mode": "catmullrom"
						},
						"2.4667": {
							"post": [0, 0, 0],
							"lerp_mode": "catmullrom"
						},
						"7.2": {
							"post": [0, 0, 0.02],
							"lerp_mode": "catmullrom"
						},
						"7.5667": [0, 0, 236],
						"9.5667": [0, 0, 235],
						"9.9667": {
							"pre": [0, 0, 0],
							"post": [0, 0, 0],
							"lerp_mode": "catmullrom"
						}
					},
					"position": {
						"7.2": [0, 0, 0],
						"7.3333": [-1.32277, -1.25131, -0.93963],
						"7.4333": [-0.58291, -0.97499, -0.83531],
						"7.5667": [0, 0, 0]
					}
				},
				"righthand": {
					"rotation": {
						"0.0": [84.34428, 15.28057, -175.61966],
						"2.2": [84.34428, 15.28057, -175.61966],
						"2.5": [19.27484, -6.93643, -39.95757],
						"5.3667": [19.27484, -6.93643, -39.95757],
						"5.6": [19.27484, -6.93643, -39.95757],
						"7.4": [19.27484, -6.93643, -39.95757],
						"8.0333": [19.27484, -6.93643, -39.95757],
						"8.1333": [19.27484, -6.93643, -39.95757],
						"9.6333": [84.34428, 15.28057, -175.61966],
						"9.7667": [84.34428, 15.28057, -175.61966]
					},
					"position": {
						"0.0": [-6.55, -15.99881, 10.10672],
						"2.2": [-6.55, -15.99881, 10.10672],
						"2.5": [-5.28437, -11.35312, 12.04694],
						"5.3667": [-5.28437, -11.35312, 12.04694],
						"5.6": [-5.28437, -11.35312, 9.375],
						"7.4": [-5.28437, -11.35312, 9.375],
						"8.0333": [-5.28437, -11.35312, 9.375],
						"8.1333": [-6.55, -15.99881, 10.10672],
						"9.6333": [-6.55, -15.99881, 10.10672],
						"9.7667": [-6.55, -15.99881, 10.10672]
					},
					"scale": {
						"0.0": [1, 1.5, 1],
						"4.9": [1, 2, 1],
						"9.6333": [1, 1.5, 1]
					}
				},
				"Bolt": {
					"position": {
						"8.0333": [0, 0, 0],
						"8.1": [0, 0, 2],
						"9.2667": [0, 0, 2],
						"9.3": [0, 0, 0]
					}
				},
				"constraint": {
					"rotation": [0, 0, 0],
					"position": [0, 0, 0]
				},
				"camera": {
					"rotation": {
						"0.0": [0, 0, 0],
						"0.1333": {
							"pre": [0.39, -0.05, -0.01],
							"post": [0.39, -0.05, -0.01],
							"lerp_mode": "catmullrom"
						},
						"0.2333": {
							"post": [-0.22, -0.28, 0.02],
							"lerp_mode": "catmullrom"
						},
						"0.3": {
							"post": [-1.42, -0.58, 0.07],
							"lerp_mode": "catmullrom"
						},
						"0.4": {
							"post": [-3, -1.01, 0.17],
							"lerp_mode": "catmullrom"
						},
						"0.4667": {
							"post": [-3.84, -1.25, 0.23],
							"lerp_mode": "catmullrom"
						},
						"0.5": {
							"post": [-3.66, -1.28, 0.28],
							"lerp_mode": "catmullrom"
						},
						"0.5667": {
							"post": [-3.26, -1.29, 0.35],
							"lerp_mode": "catmullrom"
						},
						"0.6333": {
							"post": [-3.42, -1.33, 0.36],
							"lerp_mode": "catmullrom"
						},
						"0.7333": {
							"post": [-3.8, -1.35, 0.35],
							"lerp_mode": "catmullrom"
						},
						"0.8667": {
							"post": [-3.92, -1.27, 0.35],
							"lerp_mode": "catmullrom"
						},
						"0.9667": {
							"post": [-3.92, -1.19, 0.35],
							"lerp_mode": "catmullrom"
						},
						"1.1": {
							"post": [-3.51, -0.98, 0.35],
							"lerp_mode": "catmullrom"
						},
						"1.2667": {
							"post": [-1.96, -0.53, 0.35],
							"lerp_mode": "catmullrom"
						},
						"1.4667": {
							"post": [0.04, 0, 0.35],
							"lerp_mode": "catmullrom"
						},
						"1.6667": {
							"post": [0.65, 0.11, 0.35],
							"lerp_mode": "catmullrom"
						},
						"1.9333": {
							"post": [0.94, 0.09, 0.35],
							"lerp_mode": "catmullrom"
						},
						"2.1": {
							"post": [2.17, -0.5, 0.32],
							"lerp_mode": "catmullrom"
						},
						"2.2": {
							"post": [3.1, -1.09, 0.32],
							"lerp_mode": "catmullrom"
						},
						"2.3333": {
							"post": [3.8, -2.88, 0.49],
							"lerp_mode": "catmullrom"
						},
						"2.4667": {
							"post": [3.93, -5.52, 0.9],
							"lerp_mode": "catmullrom"
						},
						"2.6333": {
							"post": [4.81, -6.29, 1.62],
							"lerp_mode": "catmullrom"
						},
						"2.8333": {
							"post": [4.6, -5.01, 2.29],
							"lerp_mode": "catmullrom"
						},
						"3.0": {
							"post": [4.45, -3.58, 2.69],
							"lerp_mode": "catmullrom"
						},
						"3.1667": {
							"post": [4.75, -2.67, 2.65],
							"lerp_mode": "catmullrom"
						},
						"3.3667": {
							"post": [5.24, -1.57, 2.37],
							"lerp_mode": "catmullrom"
						},
						"3.5": {
							"post": [5.28, -0.86, 2.16],
							"lerp_mode": "catmullrom"
						},
						"3.6667": {
							"post": [4.75, -0.06, 1.89],
							"lerp_mode": "catmullrom"
						},
						"3.8667": {
							"post": [3.72, 0.87, 1.52],
							"lerp_mode": "catmullrom"
						},
						"4.0333": {
							"post": [3.11, 1.64, 1.26],
							"lerp_mode": "catmullrom"
						},
						"4.2": {
							"post": [3.02, 2.25, 1.13],
							"lerp_mode": "catmullrom"
						},
						"4.3667": {
							"post": [3.18, 2.83, 1.05],
							"lerp_mode": "catmullrom"
						},
						"4.5333": {
							"post": [3.17, 3.78, 0.81],
							"lerp_mode": "catmullrom"
						},
						"4.7": {
							"post": [2.54, 5.83, 0.07],
							"lerp_mode": "catmullrom"
						},
						"4.8667": {
							"post": [1.52, 8.64, -1],
							"lerp_mode": "catmullrom"
						},
						"5.0333": {
							"post": [0.84, 10.74, -1.79],
							"lerp_mode": "catmullrom"
						},
						"5.1333": {
							"post": [0.85, 11.44, -2.02],
							"lerp_mode": "catmullrom"
						},
						"5.2333": {
							"post": [1.2, 11.45, -1.97],
							"lerp_mode": "catmullrom"
						},
						"5.4": {
							"post": [2.62, 8.25, -1.71],
							"lerp_mode": "catmullrom"
						},
						"5.6333": {
							"post": [3.83, 1.42, -0.44],
							"lerp_mode": "catmullrom"
						},
						"5.8667": {
							"post": [4.87, -5, 0.79],
							"lerp_mode": "catmullrom"
						},
						"6.2": {
							"post": [7.04, -5, 1.04],
							"lerp_mode": "catmullrom"
						},
						"6.5": {
							"post": [9.18, -5, 1.04],
							"lerp_mode": "catmullrom"
						},
						"6.6667": {
							"post": [8.64813, -5, 1.04],
							"lerp_mode": "catmullrom"
						},
						"6.8333": {
							"post": [7.57313, -5, 0.79],
							"lerp_mode": "catmullrom"
						},
						"7.0": {
							"post": [6.95, -4.3, 0.77],
							"lerp_mode": "catmullrom"
						},
						"7.1667": {
							"post": [6.71, -3.75, 0.75],
							"lerp_mode": "catmullrom"
						},
						"7.4": {
							"post": [6.75, -5, 0.79],
							"lerp_mode": "catmullrom"
						},
						"7.5": {
							"post": [5.03125, -5, 1.29],
							"lerp_mode": "catmullrom"
						},
						"7.6": {
							"post": [5.85938, -5, 0.54],
							"lerp_mode": "catmullrom"
						},
						"7.8": {
							"post": [6.75, -5, 1.04],
							"lerp_mode": "catmullrom"
						},
						"7.9333": {
							"post": [5.5, -4.5, 1.04],
							"lerp_mode": "catmullrom"
						},
						"8.0667": {
							"post": [7.28125, -4.25, 1.54],
							"lerp_mode": "catmullrom"
						},
						"8.1667": {
							"post": [6.28, -4.25, 1.54],
							"lerp_mode": "catmullrom"
						},
						"8.3667": {
							"post": [6.78, -4.25, 0.04],
							"lerp_mode": "catmullrom"
						},
						"8.6333": {
							"post": [5.51, -4.66, 0.75],
							"lerp_mode": "catmullrom"
						},
						"8.8333": {
							"post": [5.185, -4.75, 1.54],
							"lerp_mode": "catmullrom"
						},
						"9.2333": {
							"post": [6.78, -4.25, 1.54],
							"lerp_mode": "catmullrom"
						},
						"9.3333": {
							"post": [5.42063, -4.76562, 1.54],
							"lerp_mode": "catmullrom"
						},
						"9.4": {
							"post": [7.54562, -5.07812, 1.54],
							"lerp_mode": "catmullrom"
						},
						"9.5": {
							"post": [6.2175, -4.75, 1.54],
							"lerp_mode": "catmullrom"
						},
						"9.6": {
							"post": [7.07687, -4.75, 1.54],
							"lerp_mode": "catmullrom"
						},
						"9.9667": {
							"post": [0, 0, -0.25],
							"lerp_mode": "catmullrom"
						},
						"10.1": {
							"post": [0, 0, 0.25],
							"lerp_mode": "catmullrom"
						},
						"10.2333": {
							"post": [0, 0, -0.25],
							"lerp_mode": "catmullrom"
						},
						"10.4": {
							"post": [0, 0, 0],
							"lerp_mode": "catmullrom"
						}
					}
				}
			},
			"sound_effects": {
				"0.0": {
					"effect": "tacz:m870/m870_inspect_raise"
				},
				"1.0667": {
					"effect": "tacz:m870/m870_inspect_rattle"
				},
				"1.8": {
					"effect": "tacz:m870/m870_inspect_grab"
				},
				"1.9333": {
					"effect": "tacz:m870/m870_inspect_rotate"
				},
				"3.4": {
					"effect": "tacz:m870/m870_inspect_rattle4"
				},
				"4.4333": {
					"effect": "tacz:m870/m870_inspect_twist"
				},
				"5.3667": {
					"effect": "tacz:m870/m870_inspect_rattle3"
				},
				"5.7667": {
					"effect": "tacz:m870/m870_inspect_empty_push"
				},
				"7.1667": {
					"effect": "tacz:m870/m870_inspect_empty_up"
				},
				"7.2333": {
					"effect": "tacz:m870/m870_inspect_empty_rotate"
				},
				"7.9": {
					"effect": "tacz:m870/m870_inspect_empty_open"
				},
				"9.2": {
					"effect": "tacz:m870/m870_inspect_empty_close"
				},
				"9.5667": {
					"effect": "tacz:m870/m870_inspect_end"
				}
			}
		},
		"inspect": {
			"animation_length": 10.5,
			"bones": {
				"bullet_shell": {
					"position": {
						"8.0333": [-1.75, -3.5, 0],
						"8.1": [-1.75, -3.5, 2.25],
						"9.2667": [-1.75, -3.5, 2.25],
						"9.3": [-1.75, -3.5, 0],
						"9.9667": [0, 0, 0]
					},
					"scale": {
						"0.0": [0, 0, 0],
						"8.0": {
							"pre": [0, 0, 0],
							"post": [1, 1, 1]
						},
						"8.0333": [1, 1, 1],
						"9.3": [1, 1, 1],
						"9.3333": {
							"pre": [1, 1, 1],
							"post": [0, 0, 0]
						},
						"9.9667": {
							"pre": [0, 0, 0],
							"post": [1, 1, 1]
						},
						"10.2": [1, 1, 1]
					}
				},
				"bullet_in_barrel": {
					"scale": {
						"0.0": [0, 0, 0],
						"9.9667": {
							"pre": [0, 0, 0],
							"post": [1, 1, 1]
						},
						"10.2": [1, 1, 1]
					}
				},
				"bullet_in_mag": {
					"scale": {
						"0.0": [1, 1, 1],
						"1.1333": {
							"pre": [1, 1, 1],
							"post": [0, 0, 0]
						},
						"9.9667": {
							"pre": [0, 0, 0],
							"post": [1, 1, 1]
						},
						"10.2": [1, 1, 1]
					}
				},
				"bullet": {
					"scale": {
						"0.0": [0, 0, 0],
						"9.9667": {
							"pre": [0, 0, 0],
							"post": [1, 1, 1]
						},
						"10.2": [1, 1, 1]
					}
				},
				"slide2": {
					"position": {
						"8.0333": [0, 0, 0],
						"8.1": [0, 0, 2],
						"9.2667": [0, 0, 2],
						"9.3": [0, 0, 0]
					}
				},
				"panel": {
					"rotation": {
						"5.8": [0, 0, 0],
						"5.9333": [-12.46067, -0.55043, -0.00039],
						"7.1": [-12.46067, -0.55043, -0.00039],
						"7.1667": [0, 0, 0]
					}
				},
				"root": {
					"rotation": {
						"0.0": {
							"post": [0, 0, 0],
							"lerp_mode": "catmullrom"
						},
						"0.1333": {
							"post": [-3.12, -3.07, 4.11],
							"lerp_mode": "catmullrom"
						},
						"0.3333": {
							"post": [-40.33, -7.06, 6.27],
							"lerp_mode": "catmullrom"
						},
						"0.4667": {
							"post": [-62.85, -9.08, 7.25],
							"lerp_mode": "catmullrom"
						},
						"0.6333": {
							"post": [-65.77, -7.76, 7.2],
							"lerp_mode": "catmullrom"
						},
						"0.8333": {
							"post": [-65.69, -9.88, 7.12],
							"lerp_mode": "catmullrom"
						},
						"1.0667": {
							"post": [-65.1, -9.09, 7.06],
							"lerp_mode": "catmullrom"
						},
						"1.4667": {
							"post": [-65.3, -10.71, 7.37],
							"lerp_mode": "catmullrom"
						},
						"1.9": {
							"post": [-64.29, -11.11, 8.09],
							"lerp_mode": "catmullrom"
						},
						"2.0667": {
							"post": [-55.89, -20.28, 8.16],
							"lerp_mode": "catmullrom"
						},
						"2.2333": {
							"post": [-38.46, -34.67, 1.72],
							"lerp_mode": "catmullrom"
						},
						"2.5": {
							"post": [6.08, -70.58, -15.92],
							"lerp_mode": "catmullrom"
						},
						"2.6333": {
							"post": [8.52, -74.08, -15.91],
							"lerp_mode": "catmullrom"
						},
						"2.9333": {
							"post": [8.2, -72.99, -15.34],
							"lerp_mode": "catmullrom"
						},
						"3.2": {
							"post": [6.42, -72.87, -14.85],
							"lerp_mode": "catmullrom"
						},
						"3.3333": {
							"post": [7.25, -73.25, -15.88],
							"lerp_mode": "catmullrom"
						},
						"3.4667": {
							"post": [12.05, -74.35, -19.52],
							"lerp_mode": "catmullrom"
						},
						"3.7333": {
							"post": [39.27, -79.88, -38.87],
							"lerp_mode": "catmullrom"
						},
						"3.9333": {
							"post": [54.24, -83.24, -48.89],
							"lerp_mode": "catmullrom"
						},
						"4.2": {
							"post": [49.58, -83.97, -42.93],
							"lerp_mode": "catmullrom"
						},
						"4.4667": {
							"post": [50.35, -84.58, -43.19],
							"lerp_mode": "catmullrom"
						},
						"4.7": {
							"post": [73.73, -80.05, -60.07],
							"lerp_mode": "catmullrom"
						},
						"4.9": {
							"post": [101.03, -75.25, -84.5],
							"lerp_mode": "catmullrom"
						},
						"5.0333": {
							"post": [105.78, -74.41, -88.53],
							"lerp_mode": "catmullrom"
						},
						"5.1667": {
							"post": [104.69, -74.6, -87.54],
							"lerp_mode": "catmullrom"
						},
						"5.3": {
							"post": [85.04, -79.32, -80.97],
							"lerp_mode": "catmullrom"
						},
						"5.5": {
							"post": [19.53216, -77.91416, -57.30561],
							"lerp_mode": "catmullrom"
						},
						"5.6": {
							"post": [35.05231, -54.96348, -95.62124],
							"lerp_mode": "catmullrom"
						},
						"5.7": {
							"post": [45.28928, -25.71997, -129.02413],
							"lerp_mode": "catmullrom"
						},
						"5.8333": {
							"post": [43.51, -14.89, -138.81],
							"lerp_mode": "catmullrom"
						},
						"5.9667": {
							"post": [42.94656, -11.50284, -142.35989],
							"lerp_mode": "catmullrom"
						},
						"6.0667": {
							"post": [42.4518, -9.69696, -144.88844],
							"lerp_mode": "catmullrom"
						},
						"6.2667": {
							"post": [41.35917, -9.98032, -144.41764],
							"lerp_mode": "catmullrom"
						},
						"6.5333": {
							"post": [41.40595, -9.31096, -145.2549],
							"lerp_mode": "catmullrom"
						},
						"6.8": {
							"post": [41.76318, -8.25189, -146.92962],
							"lerp_mode": "catmullrom"
						},
						"7.0": {
							"post": [43.00243, -7.4576, -150.65107],
							"lerp_mode": "catmullrom"
						},
						"7.2": {
							"post": [40.07923, -9.61512, -144.66314],
							"lerp_mode": "catmullrom"
						},
						"7.3667": {
							"post": [43.35446, -4.52037, -153.80511],
							"lerp_mode": "catmullrom"
						},
						"7.5": {
							"post": [45.55235, -13.26885, -149.07676],
							"lerp_mode": "catmullrom"
						},
						"7.6333": {
							"post": [43.18309, -3.23407, -151.97676],
							"lerp_mode": "catmullrom"
						},
						"7.7333": {
							"post": [43.24, -2.4, -153.04],
							"lerp_mode": "catmullrom"
						},
						"7.8667": {
							"post": [43.61, -7.1, -151],
							"lerp_mode": "catmullrom"
						},
						"8.0": {
							"post": [43.14, -6.59, -151.6],
							"lerp_mode": "catmullrom"
						},
						"8.1667": {
							"post": [34.38, 2.71, -161.05],
							"lerp_mode": "catmullrom"
						},
						"8.4": {
							"post": [31.58504, 5.68561, -164.06703],
							"lerp_mode": "catmullrom"
						},
						"8.6": {
							"post": [32.79313, 5.065, -164.07],
							"lerp_mode": "catmullrom"
						},
						"8.9": {
							"post": [32.58504, 5.68561, -164.06703],
							"lerp_mode": "catmullrom"
						},
						"9.2": {
							"post": [32.79313, 5.065, -164.07],
							"lerp_mode": "catmullrom"
						},
						"9.2667": {
							"post": [34.54, 5.32, -164.07],
							"lerp_mode": "catmullrom"
						},
						"9.3667": {
							"post": [33.54, 3.57, -166.07],
							"lerp_mode": "catmullrom"
						},
						"9.5": {
							"post": [34.06, 4.6, -164.15],
							"lerp_mode": "catmullrom"
						},
						"9.6333": {
							"post": [19.30563, 3.97625, -147.82],
							"lerp_mode": "catmullrom"
						},
						"9.8": [10.7178, -3.20111, -82.87714],
						"9.9667": [1.5, 0, 0],
						"10.0667": [0.08981, -0.00589, 3.75],
						"10.1667": [0.05624, -0.00123, -0.15625],
						"10.2667": [0.02249, -0.00079, 0.6875],
						"10.4": [0, 0, 0]
					},
					"position": {
						"0.0": {
							"post": [0, 0, 0],
							"lerp_mode": "catmullrom"
						},
						"0.1333": {
							"post": [-0.28, -2.03, -1.04],
							"lerp_mode": "catmullrom"
						},
						"0.3333": {
							"post": [0.34, -4.69, -0.96],
							"lerp_mode": "catmullrom"
						},
						"0.4667": {
							"post": [0.66, -7.83, -0.84],
							"lerp_mode": "catmullrom"
						},
						"0.7333": {
							"post": [0.62, -7.77, -0.85],
							"lerp_mode": "catmullrom"
						},
						"0.9": {
							"post": [0.62, -7.8, -0.85],
							"lerp_mode": "catmullrom"
						},
						"1.1": {
							"post": [0.62, -7.79, -0.85],
							"lerp_mode": "catmullrom"
						},
						"1.2333": {
							"post": [0.65, -8.15, -0.9],
							"lerp_mode": "catmullrom"
						},
						"1.3667": {
							"post": [0.69, -7.5, -0.98],
							"lerp_mode": "catmullrom"
						},
						"1.6667": {
							"post": [0.72, -7.61, -1.04],
							"lerp_mode": "catmullrom"
						},
						"1.9333": {
							"post": [0.69, -7.61, -1.03],
							"lerp_mode": "catmullrom"
						},
						"2.0333": {
							"post": [0.71, -8.07, -1.24],
							"lerp_mode": "catmullrom"
						},
						"2.1333": {
							"post": [1.01, -10.21, -2.11],
							"lerp_mode": "catmullrom"
						},
						"2.2": {
							"post": [1.1, -8.66, -2.64],
							"lerp_mode": "catmullrom"
						},
						"2.3333": {
							"post": [0.67, -4.57, -2.76],
							"lerp_mode": "catmullrom"
						},
						"2.4667": {
							"post": [0.33, -0.85, -2.8],
							"lerp_mode": "catmullrom"
						},
						"2.6667": {
							"post": [0.26, 0.23, -2.79],
							"lerp_mode": "catmullrom"
						},
						"2.9667": {
							"post": [0.34, 0.58, -2.75],
							"lerp_mode": "catmullrom"
						},
						"3.2333": {
							"post": [0.41, 0.63, -2.74],
							"lerp_mode": "catmullrom"
						},
						"3.4667": {
							"post": [0.53, 0.72, -3.12],
							"lerp_mode": "catmullrom"
						},
						"3.7": {
							"post": [1.52, 0.99438, -4.24125],
							"lerp_mode": "catmullrom"
						},
						"3.9": {
							"post": [2.45, 1.29125, -4.89812],
							"lerp_mode": "catmullrom"
						},
						"4.1": {
							"post": [2.84, 1.40125, -5.18813],
							"lerp_mode": "catmullrom"
						},
						"4.4667": {
							"post": [3.28, 1.41125, -5.26812],
							"lerp_mode": "catmullrom"
						},
						"4.7": {
							"post": [4.9625, 1.41125, -5.26812],
							"lerp_mode": "catmullrom"
						},
						"4.8667": {
							"post": [6.21688, 1.41125, -5.26812],
							"lerp_mode": "catmullrom"
						},
						"5.0667": {
							"post": [6.27688, 1.44125, -5.26812],
							"lerp_mode": "catmullrom"
						},
						"5.1667": {
							"post": [5.64, 1.07688, -5.315],
							"lerp_mode": "catmullrom"
						},
						"5.3": {
							"post": [4.36562, -0.85, -5.76812],
							"lerp_mode": "catmullrom"
						},
						"5.5": {
							"post": [2.48, -5, -5.56],
							"lerp_mode": "catmullrom"
						},
						"5.7333": {
							"post": [1.33, -3.955, -2.92],
							"lerp_mode": "catmullrom"
						},
						"5.9": {
							"post": [1.555, -2.775, -1.53125],
							"lerp_mode": "catmullrom"
						},
						"6.0": {
							"post": [1.52, -2.48, -1.41],
							"lerp_mode": "catmullrom"
						},
						"6.1": {
							"post": [1.46, -2.405, -1.46],
							"lerp_mode": "catmullrom"
						},
						"6.2667": {
							"post": [1.46, -2.315, -1.5],
							"lerp_mode": "catmullrom"
						},
						"6.5333": {
							"post": [1.51, -2.295, -1.51],
							"lerp_mode": "catmullrom"
						},
						"6.8": {
							"post": [1.48, -2.13, -1.52],
							"lerp_mode": "catmullrom"
						},
						"7.0667": {
							"post": [1.68, -1.9, -1.53],
							"lerp_mode": "catmullrom"
						},
						"7.2": {
							"post": [1.63313, -2.975, -1.53],
							"lerp_mode": "catmullrom"
						},
						"7.4": {
							"post": [0.45812, -2.00937, -1.7175],
							"lerp_mode": "catmullrom"
						},
						"7.5": {
							"post": [-0.07, -2.24, -1.65],
							"lerp_mode": "catmullrom"
						},
						"7.6333": {
							"post": [0.07, -2.65, -1.53],
							"lerp_mode": "catmullrom"
						},
						"7.8": {
							"post": [0.27, -1.9, -1.53],
							"lerp_mode": "catmullrom"
						},
						"7.9333": {
							"post": [0.32, -1.775, -1.82687],
							"lerp_mode": "catmullrom"
						},
						"8.2": {
							"post": [0.47, -1.645, 1.63875],
							"lerp_mode": "catmullrom"
						},
						"8.3333": {
							"post": [0.36063, -1.63, 1.98563],
							"lerp_mode": "catmullrom"
						},
						"8.6": {
							"post": [0.47, -1.63, 1.87],
							"lerp_mode": "catmullrom"
						},
						"8.9": {
							"post": [0.47, -1.63, 1.87],
							"lerp_mode": "catmullrom"
						},
						"9.2667": {
							"post": [0.47, -1.64, 1.64],
							"lerp_mode": "catmullrom"
						},
						"9.3667": {
							"post": [0.47, -1.64, 1.35875],
							"lerp_mode": "catmullrom"
						},
						"9.4667": {
							"post": [0.47, -1.64, 1.46938],
							"lerp_mode": "catmullrom"
						},
						"9.5667": {
							"post": [0.47, -2.065, 1.42313],
							"lerp_mode": "catmullrom"
						},
						"9.6667": {
							"post": [0.41, -2.855, 0.86],
							"lerp_mode": "catmullrom"
						},
						"9.8": {
							"post": [-0.96, -2.915, -0.55],
							"lerp_mode": "catmullrom"
						},
						"9.9667": {
							"post": [0, -0.325, 0.56875],
							"lerp_mode": "catmullrom"
						},
						"10.1": {
							"post": [-0.04687, -0.08437, -0.22812],
							"lerp_mode": "catmullrom"
						},
						"10.2333": {
							"post": [0.03125, -0.04062, 0.095],
							"lerp_mode": "catmullrom"
						},
						"10.3667": {
							"post": [0, 0.01563, -0.01562],
							"lerp_mode": "catmullrom"
						},
						"10.5": {
							"post": [0, 0, 0],
							"lerp_mode": "catmullrom"
						}
					}
				},
				"lefthand": {
					"rotation": {
						"0.0": [-264.10279, -35.92654, 229.9763],
						"1.1333": [-264.1, -35.93, 229.98],
						"1.3": [-252.37102, -16.48641, 189.10498],
						"1.8667": [-252.37, -16.49, 189.1],
						"2.0667": [-271.1825, -16.49, 189.1],
						"2.2": [-246.37, -28.91187, 189.1],
						"2.3667": [-260.98263, -54.69621, 244.40654],
						"5.4333": [-260.98, -54.7, 244.41],
						"5.5": {
							"pre": [-260.98263, -54.69621, 244.40654],
							"post": [-260.98263, -54.69621, 244.40654],
							"lerp_mode": "catmullrom"
						},
						"5.6333": {
							"post": [-244.45593, -32.29501, 277.62789],
							"lerp_mode": "catmullrom"
						},
						"5.7333": {
							"post": [-257.682, -37.06583, 344.29221],
							"lerp_mode": "catmullrom"
						},
						"5.8333": {
							"post": [-253.80963, -32.95346, 333.23277],
							"lerp_mode": "catmullrom"
						},
						"5.9333": [-247.96802, -26.32352, 318.95264],
						"7.1": [-247.96802, -26.32352, 318.95264],
						"7.2": [-252.04858, -20.84794, 328.07477],
						"7.3667": [-276.7411, -25.63053, 391.91633],
						"7.5667": [-294.4041, -11.43918, 436.82718],
						"7.8": [-294.4041, -11.43918, 436.82718],
						"7.9333": [-303.4041, -11.43918, 436.82718],
						"8.0333": [-303.4041, -11.43918, 436.82718],
						"9.5667": [-303.4, -11.44, 436.83],
						"9.7": [-279.63213, -24.23951, 369.45782],
						"9.8333": [-269.2068, -27.17503, 300.31488],
						"9.9667": [-264.10279, -35.92654, 229.9763]
					},
					"position": {
						"0.0": [7.35, -16.32632, -10],
						"1.1333": [7.35, -16.32632, -10],
						"1.3": [7.825, -11.845, -9.695],
						"1.9667": [7.825, -11.845, -9.695],
						"2.2": [7.67968, -12.48991, -9.84898],
						"2.3667": [6.70468, -16.11412, -9.84898],
						"5.4333": [6.7, -16.1141, -9.85],
						"5.5": {
							"pre": [6.56401, -16.2085, -9.31579],
							"post": [6.56401, -16.2085, -9.31579],
							"lerp_mode": "catmullrom"
						},
						"5.6667": {
							"post": [4.42228, -15.67002, -3.3344],
							"lerp_mode": "catmullrom"
						},
						"5.7333": {
							"post": [4.42228, -15.67002, -3.3344],
							"lerp_mode": "catmullrom"
						},
						"5.8333": {
							"post": [4.42228, -15.67002, -3.3344],
							"lerp_mode": "catmullrom"
						},
						"5.9333": {
							"post": [4.42228, -15.67002, -3.3344],
							"lerp_mode": "catmullrom"
						},
						"7.1": {
							"post": [4.42228, -15.67002, -3.3344],
							"lerp_mode": "catmullrom"
						},
						"7.2": {
							"post": [4.42228, -15.67002, -3.3344],
							"lerp_mode": "catmullrom"
						},
						"7.3667": [-0.02513, -10.18956, -6.30689],
						"7.5667": [3.195, -14.4039, -7.69],
						"7.8": [3.195, -14.4039, -7.69],
						"7.9333": [4.195, -14.40391, -7.69],
						"8.0333": [4.195, -14.4039, -7.69],
						"8.1": [4.2, -14.4039, -5.69],
						"9.2667": [4.2, -14.4039, -5.69],
						"9.3": [4.195, -14.4039, -7.69],
						"9.5667": [4.2, -10.23, -7.69],
						"9.7": [4.565, -11.99, -8.27],
						"9.8333": [5.78, -13.755, -8.85],
						"9.9667": [7.35, -16.32632, -10]
					},
					"scale": [1, 1.5, 1]
				},
				"gun_and_righthand": {
					"rotation": {
						"1.1333": {
							"pre": [0, 0, 0],
							"post": [0, 0, 0],
							"lerp_mode": "catmullrom"
						},
						"1.2667": {
							"post": [0, 0, -30.28],
							"lerp_mode": "catmullrom"
						},
						"1.3333": {
							"post": [0, 0, -35.87],
							"lerp_mode": "catmullrom"
						},
						"1.4667": {
							"post": [0, 0, -35.76],
							"lerp_mode": "catmullrom"
						},
						"1.7333": {
							"post": [0, 0, -35.66],
							"lerp_mode": "catmullrom"
						},
						"1.9": {
							"post": [0, 0, -36.39],
							"lerp_mode": "catmullrom"
						},
						"2.0": {
							"post": [0, 0, -37.5],
							"lerp_mode": "catmullrom"
						},
						"2.2": {
							"post": [0, 0, -50],
							"lerp_mode": "catmullrom"
						},
						"2.4667": {
							"post": [0, 0, 0],
							"lerp_mode": "catmullrom"
						},
						"7.2": {
							"post": [0, 0, 0.02],
							"lerp_mode": "catmullrom"
						},
						"7.5667": [0, 0, 236],
						"9.5667": [0, 0, 235],
						"9.9667": {
							"pre": [0, 0, 0],
							"post": [0, 0, 0],
							"lerp_mode": "catmullrom"
						}
					},
					"position": {
						"7.2": [0, 0, 0],
						"7.3333": [-1.32277, -1.25131, -0.93963],
						"7.4333": [-0.58291, -0.97499, -0.83531],
						"7.5667": [0, 0, 0]
					}
				},
				"righthand": {
					"rotation": {
						"0.0": [84.34428, 15.28057, -175.61966],
						"2.2": [84.34428, 15.28057, -175.61966],
						"2.5": [19.27484, -6.93643, -39.95757],
						"5.3667": [19.27484, -6.93643, -39.95757],
						"5.6": [19.27484, -6.93643, -39.95757],
						"7.4": [19.27484, -6.93643, -39.95757],
						"8.0333": [19.27484, -6.93643, -39.95757],
						"8.1333": [19.27484, -6.93643, -39.95757],
						"9.6333": [84.34428, 15.28057, -175.61966],
						"9.7667": [84.34428, 15.28057, -175.61966]
					},
					"position": {
						"0.0": [-6.55, -15.99881, 10.10672],
						"2.2": [-6.55, -15.99881, 10.10672],
						"2.5": [-5.28437, -11.35312, 12.04694],
						"5.3667": [-5.28437, -11.35312, 12.04694],
						"5.6": [-5.28437, -11.35312, 9.375],
						"7.4": [-5.28437, -11.35312, 9.375],
						"8.0333": [-5.28437, -11.35312, 9.375],
						"8.1333": [-6.55, -15.99881, 10.10672],
						"9.6333": [-6.55, -15.99881, 10.10672],
						"9.7667": [-6.55, -15.99881, 10.10672]
					},
					"scale": {
						"0.0": [1, 1.5, 1],
						"4.9": [1, 2, 1],
						"9.6333": [1, 1.5, 1]
					}
				},
				"Bolt": {
					"position": {
						"8.0333": [0, 0, 0],
						"8.1": [0, 0, 2],
						"9.2667": [0, 0, 2],
						"9.3": [0, 0, 0]
					}
				},
				"constraint": {
					"rotation": [0, 0, 0],
					"position": [0, 0, 0]
				},
				"camera": {
					"rotation": {
						"0.0": [0, 0, 0],
						"0.1333": {
							"pre": [0.39, -0.05, -0.01],
							"post": [0.39, -0.05, -0.01],
							"lerp_mode": "catmullrom"
						},
						"0.2333": {
							"post": [-0.22, -0.28, 0.02],
							"lerp_mode": "catmullrom"
						},
						"0.3": {
							"post": [-1.42, -0.58, 0.07],
							"lerp_mode": "catmullrom"
						},
						"0.4": {
							"post": [-3, -1.01, 0.17],
							"lerp_mode": "catmullrom"
						},
						"0.4667": {
							"post": [-3.84, -1.25, 0.23],
							"lerp_mode": "catmullrom"
						},
						"0.5": {
							"post": [-3.66, -1.28, 0.28],
							"lerp_mode": "catmullrom"
						},
						"0.5667": {
							"post": [-3.26, -1.29, 0.35],
							"lerp_mode": "catmullrom"
						},
						"0.6333": {
							"post": [-3.42, -1.33, 0.36],
							"lerp_mode": "catmullrom"
						},
						"0.7333": {
							"post": [-3.8, -1.35, 0.35],
							"lerp_mode": "catmullrom"
						},
						"0.8667": {
							"post": [-3.92, -1.27, 0.35],
							"lerp_mode": "catmullrom"
						},
						"0.9667": {
							"post": [-3.92, -1.19, 0.35],
							"lerp_mode": "catmullrom"
						},
						"1.1": {
							"post": [-3.51, -0.98, 0.35],
							"lerp_mode": "catmullrom"
						},
						"1.2667": {
							"post": [-1.96, -0.53, 0.35],
							"lerp_mode": "catmullrom"
						},
						"1.4667": {
							"post": [0.04, 0, 0.35],
							"lerp_mode": "catmullrom"
						},
						"1.6667": {
							"post": [0.65, 0.11, 0.35],
							"lerp_mode": "catmullrom"
						},
						"1.9333": {
							"post": [0.94, 0.09, 0.35],
							"lerp_mode": "catmullrom"
						},
						"2.1": {
							"post": [2.17, -0.5, 0.32],
							"lerp_mode": "catmullrom"
						},
						"2.2": {
							"post": [3.1, -1.09, 0.32],
							"lerp_mode": "catmullrom"
						},
						"2.3333": {
							"post": [3.8, -2.88, 0.49],
							"lerp_mode": "catmullrom"
						},
						"2.4667": {
							"post": [3.93, -5.52, 0.9],
							"lerp_mode": "catmullrom"
						},
						"2.6333": {
							"post": [4.81, -6.29, 1.62],
							"lerp_mode": "catmullrom"
						},
						"2.8333": {
							"post": [4.6, -5.01, 2.29],
							"lerp_mode": "catmullrom"
						},
						"3.0": {
							"post": [4.45, -3.58, 2.69],
							"lerp_mode": "catmullrom"
						},
						"3.1667": {
							"post": [4.75, -2.67, 2.65],
							"lerp_mode": "catmullrom"
						},
						"3.3667": {
							"post": [5.24, -1.57, 2.37],
							"lerp_mode": "catmullrom"
						},
						"3.5": {
							"post": [5.28, -0.86, 2.16],
							"lerp_mode": "catmullrom"
						},
						"3.6667": {
							"post": [4.75, -0.06, 1.89],
							"lerp_mode": "catmullrom"
						},
						"3.8667": {
							"post": [3.72, 0.87, 1.52],
							"lerp_mode": "catmullrom"
						},
						"4.0333": {
							"post": [3.11, 1.64, 1.26],
							"lerp_mode": "catmullrom"
						},
						"4.2": {
							"post": [3.02, 2.25, 1.13],
							"lerp_mode": "catmullrom"
						},
						"4.3667": {
							"post": [3.18, 2.83, 1.05],
							"lerp_mode": "catmullrom"
						},
						"4.5333": {
							"post": [3.17, 3.78, 0.81],
							"lerp_mode": "catmullrom"
						},
						"4.7": {
							"post": [2.54, 5.83, 0.07],
							"lerp_mode": "catmullrom"
						},
						"4.8667": {
							"post": [1.52, 8.64, -1],
							"lerp_mode": "catmullrom"
						},
						"5.0333": {
							"post": [0.84, 10.74, -1.79],
							"lerp_mode": "catmullrom"
						},
						"5.1333": {
							"post": [0.85, 11.44, -2.02],
							"lerp_mode": "catmullrom"
						},
						"5.2333": {
							"post": [1.2, 11.45, -1.97],
							"lerp_mode": "catmullrom"
						},
						"5.4": {
							"post": [2.62, 8.25, -1.71],
							"lerp_mode": "catmullrom"
						},
						"5.6333": {
							"post": [3.83, 1.42, -0.44],
							"lerp_mode": "catmullrom"
						},
						"5.8667": {
							"post": [4.87, -5, 0.79],
							"lerp_mode": "catmullrom"
						},
						"6.2": {
							"post": [7.04, -5, 1.04],
							"lerp_mode": "catmullrom"
						},
						"6.5": {
							"post": [9.18, -5, 1.04],
							"lerp_mode": "catmullrom"
						},
						"6.6667": {
							"post": [8.64813, -5, 1.04],
							"lerp_mode": "catmullrom"
						},
						"6.8333": {
							"post": [7.57313, -5, 0.79],
							"lerp_mode": "catmullrom"
						},
						"7.0": {
							"post": [6.95, -4.3, 0.77],
							"lerp_mode": "catmullrom"
						},
						"7.1667": {
							"post": [6.71, -3.75, 0.75],
							"lerp_mode": "catmullrom"
						},
						"7.4": {
							"post": [6.75, -5, 0.79],
							"lerp_mode": "catmullrom"
						},
						"7.5": {
							"post": [5.03125, -5, 1.29],
							"lerp_mode": "catmullrom"
						},
						"7.6": {
							"post": [5.85938, -5, 0.54],
							"lerp_mode": "catmullrom"
						},
						"7.8": {
							"post": [6.75, -5, 1.04],
							"lerp_mode": "catmullrom"
						},
						"7.9333": {
							"post": [5.5, -4.5, 1.04],
							"lerp_mode": "catmullrom"
						},
						"8.0667": {
							"post": [7.28125, -4.25, 1.54],
							"lerp_mode": "catmullrom"
						},
						"8.1667": {
							"post": [6.28, -4.25, 1.54],
							"lerp_mode": "catmullrom"
						},
						"8.3667": {
							"post": [6.78, -4.25, 0.04],
							"lerp_mode": "catmullrom"
						},
						"8.6333": {
							"post": [5.51, -4.66, 0.75],
							"lerp_mode": "catmullrom"
						},
						"8.8333": {
							"post": [5.185, -4.75, 1.54],
							"lerp_mode": "catmullrom"
						},
						"9.2333": {
							"post": [6.78, -4.25, 1.54],
							"lerp_mode": "catmullrom"
						},
						"9.3333": {
							"post": [5.42063, -4.76562, 1.54],
							"lerp_mode": "catmullrom"
						},
						"9.4": {
							"post": [7.54562, -5.07812, 1.54],
							"lerp_mode": "catmullrom"
						},
						"9.5": {
							"post": [6.2175, -4.75, 1.54],
							"lerp_mode": "catmullrom"
						},
						"9.6": {
							"post": [7.07687, -4.75, 1.54],
							"lerp_mode": "catmullrom"
						},
						"9.9667": {
							"post": [0, 0, -0.25],
							"lerp_mode": "catmullrom"
						},
						"10.1": {
							"post": [0, 0, 0.25],
							"lerp_mode": "catmullrom"
						},
						"10.2333": {
							"post": [0, 0, -0.25],
							"lerp_mode": "catmullrom"
						},
						"10.4": {
							"post": [0, 0, 0],
							"lerp_mode": "catmullrom"
						}
					}
				}
			},
			"sound_effects": {
				"0.0": {
					"effect": "tacz:m870/m870_inspect_raise"
				},
				"1.0667": {
					"effect": "tacz:m870/m870_inspect_rattle"
				},
				"1.8": {
					"effect": "tacz:m870/m870_inspect_grab"
				},
				"1.9333": {
					"effect": "tacz:m870/m870_inspect_rotate"
				},
				"3.4": {
					"effect": "tacz:m870/m870_inspect_rattle4"
				},
				"4.4333": {
					"effect": "tacz:m870/m870_inspect_twist"
				},
				"5.3667": {
					"effect": "tacz:m870/m870_inspect_rattle3"
				},
				"5.7667": {
					"effect": "tacz:m870/m870_inspect_empty_push"
				},
				"7.1667": {
					"effect": "tacz:m870/m870_inspect_empty_up"
				},
				"7.2333": {
					"effect": "tacz:m870/m870_inspect_empty_rotate"
				},
				"7.9": {
					"effect": "tacz:m870/m870_inspect_empty_open"
				},
				"9.2": {
					"effect": "tacz:m870/m870_inspect_empty_close"
				},
				"9.5667": {
					"effect": "tacz:m870/m870_inspect_end"
				}
			}
		}
	}
}