{
	"format_version": "1.8.0",
	"animations": {
		"static_idle": {
			"loop": true,
			"bones": {
				"root": {
					"rotation": [0, 0, 0],
					"position": [0, 0, 0]
				},
				"righthand": {
					"rotation": [99.92205, 19.38449, -168.50279],
					"position": [-6.8, -15.825, 6.45],
					"scale": [1, 1.5, 1]
				},
				"lefthand": {
					"rotation": [107.0152, -378.11296, -163.85497],
					"position": [8.375, -15, -12],
					"scale": [1, 1.5, 1]
				},
				"constraint": {
					"rotation": [0.2, 0.2, 0.4],
					"position": [0.1, 0.1, 0.1]
				}
			}
		},
		"draw": {
			"animation_length": 1,
			"bones": {
				"root": {
					"rotation": {
						"0.05": [-89.46, -17.41, -10.01],
						"0.1": [-82.77, -16.02, -9.96],
						"0.15": [-73.21, -14.03, -9.98],
						"0.2": [-62.04, -11.71, -9.96],
						"0.25": [-50.51, -9.35, -9.8],
						"0.3": [-39.89, -7.22, -9.41],
						"0.35": [-31.43, -5.62, -8.69],
						"0.4": [-19.88, -3.84, -5.63],
						"0.45": [-11.94, -3.02, -1.63],
						"0.5": [-5.94, -2.47, 1.04],
						"0.55": [-0.29, -1.99, 0.46],
						"0.6": [2.08, -1.75, -1.15],
						"0.65": [1.23, -0.63, 0.25],
						"0.7": [0.46, -0.29, 0.15],
						"0.75": [-0.19, -0.08, -0.07],
						"0.8": [-0.24, -0.01, 0.15],
						"0.85": [-0.1, 0, 0.36],
						"0.9": [-0.06, 0.01, 0.28],
						"0.95": [-0.03, 0, 0.12],
						"1.0": [0, 0, 0]
					},
					"position": {
						"0.0": [0.95, -16.23, 13.84],
						"0.05": [-1.66, -12.09, 11.5],
						"0.1": [-3.8, -7.22, 8.13],
						"0.15": [-3.53, -5.77, 6.53],
						"0.2": [-2.73, -4.4, 4.67],
						"0.25": [-1.68, -3.18, 2.8],
						"0.3": [-0.67, -2.17, 1.13],
						"0.35": [0, -1.4, -0.09],
						"0.4": [0.39, -0.86, -1.2],
						"0.45": [0.27, -1, -1.04],
						"0.5": [0.14, -0.8, -0.07],
						"0.55": [-0.02, -0.58, 0.87],
						"0.6": [0, -0.12, -0.33],
						"0.65": [0, -0.07, -0.35],
						"0.7": [0, -0.06, -0.22],
						"0.75": [0, -0.05, -0.1],
						"0.8": [0, -0.03, -0.05],
						"0.85": [0, -0.01, -0.02],
						"0.9": [0, 0, 0]
					}
				},
				"righthand": {
					"rotation": [99.92, 19.38, -168.5],
					"position": [-6.8, -15.825, 6.45],
					"scale": [1, 1.5, 1]
				},
				"lefthand": {
					"rotation": {
						"0.0": [92.17, -389.29, -152.93],
						"0.05": [89.08, -395.63, -152.1],
						"0.1": [84.45, -405.09, -150.81],
						"0.15": [80.66, -413.35, -149.94],
						"0.2": [80.1, -416.13, -150.37],
						"0.25": [84.72, -410.29, -152.93],
						"0.3": [92.8, -398.8, -156.95],
						"0.35": [101.26, -386.46, -161.06],
						"0.4": [107.02, -378.11, -163.85]
					},
					"position": {
						"0.0": [7, -9, -7],
						"0.05": [6.97, -8.79, -5.8],
						"0.1": [6.91, -8.44, -3.99],
						"0.15": [6.9, -8.3, -2.49],
						"0.2": [7, -8.68, -2.2],
						"0.25": [7.28, -9.94, -3.85],
						"0.3": [7.69, -11.82, -6.8],
						"0.35": [8.1, -13.71, -9.9],
						"0.4": [8.38, -15, -12]
					},
					"scale": [1, 1.5, 1]
				},
				"camera": {
					"rotation": {
						"0.0": [0, 0, 0],
						"0.05": [0.02, 0.02, -0.02],
						"0.1": [0.11, 0.09, -0.12],
						"0.15": [0.3, 0.2, -0.32],
						"0.2": [0.52, 0.35, -0.58],
						"0.25": [0.6, 0.43, -0.75],
						"0.3": [0.17, 0.35, -0.76],
						"0.35": [-0.28, 0.21, -0.65],
						"0.4": [-0.23, 0.15, -0.6],
						"0.45": [-0.04, 0.09, -0.53],
						"0.5": [0.15, 0.05, -0.4],
						"0.55": [0.6, 0.02, 0.34],
						"0.6": [-0.1, 0, -0.12],
						"0.65": [-0.06, 0, -0.04],
						"0.7": [0.07, 0, 0.09],
						"0.75": [0.05, 0, 0.05],
						"0.8": [0, 0, -0.01],
						"0.85": [-0.01, 0, -0.01],
						"0.9": [0, 0, -0.01],
						"0.95": [0, 0, 0]
					}
				},
				"constraint": {
					"rotation": {
						"0.0": [1, 1, 1],
						"0.35": [0.2, 0.2, 0.2],
						"0.6": [0.2, 0.2, 0.4]
					},
					"position": {
						"0.0": [1, 1, 1],
						"0.35": [0.2, 0.2, 0.2],
						"0.6": [0.1, 0.1, 0.1]
					}
				}
			},
			"sound_effects": {
				"0.0": {
					"effect": "tacz:m95/m95_raise_arm"
				},
				"0.3": {
					"effect": "tacz:m95/m95_raise_01"
				},
				"0.35": {
					"effect": "tacz:m95/m95_raise_end"
				}
			}
		},
		"put_away": {
			"animation_length": 0.75,
			"bones": {
				"root": {
					"rotation": {
						"0.0": [0, 0, 0],
						"0.05": [-0.85, -0.23, -0.27],
						"0.1": [-4.53, -1.25, -1.42],
						"0.15": [-10.68, -3.18, -3.32],
						"0.2": [-18.83, -5.67, -5.85],
						"0.25": [-27.15, -7.52, -8.53],
						"0.3": [-35.55, -9.16, -12.21],
						"0.35": [-44.11, -10.16, -16.05],
						"0.4": [-51.25, -7.99, -16.99],
						"0.45": [-58.25, 4.49, -9.44],
						"0.5": [-62.53, 20.1, 0.61],
						"0.55": [-63.39, 36.12, 8.34],
						"0.6": [-64.82, 44.7, 12.09],
						"0.65": [-69.68, 37.23, 8.74],
						"0.7": [-76.05, 23.54, 2.53],
						"0.75": [-80.65, 13.33, -2.1]
					},
					"position": {
						"0.0": [0, 0, 0],
						"0.05": [-0.12, -0.58, 0.03],
						"0.1": [-0.38, -1.54, 0.09],
						"0.15": [-0.66, -2.49, 0.16],
						"0.2": [-1.02, -3.6, 0.24],
						"0.25": [-1.55, -4.62, 0.28],
						"0.3": [-2.33, -5.41, 0.24],
						"0.35": [-3.26, -6.11, 0.16],
						"0.4": [-4.15, -6.85, 0.1],
						"0.45": [-5.09, -7.92, -0.38],
						"0.5": [-6.3, -9.55, 0.09],
						"0.55": [-7.17, -10.76, 1.22],
						"0.6": [-8.27, -12.31, 2.88],
						"0.65": [-9.41, -13.94, 4.72],
						"0.7": [-10.42, -15.38, 6.39],
						"0.75": [-11.12, -16.37, 7.52]
					}
				},
				"righthand": {
					"rotation": [99.92, 19.38, -168.5],
					"position": [-6.8, -15.825, 6.45],
					"scale": [1, 1.5, 1]
				},
				"lefthand": {
					"rotation": {
						"0.0": [107.02, -378.11, -163.85],
						"0.1": [165.495, -376.94404, -201.06501],
						"0.25": [102.14587, -366.82813, -245.81712]
					},
					"position": {
						"0.0": [8.38, -15, -12],
						"0.05": [12.38, -11, -4.62],
						"0.2": [6.38, -7, -4.62]
					},
					"scale": [1, 1.5, 1]
				},
				"camera": {
					"rotation": {
						"0.0": [0, 0, 0],
						"0.05": [-0.17, 0, -0.08],
						"0.1": [-0.22, 0, -0.12],
						"0.15": [-0.06, 0, -0.11],
						"0.2": [0.21, 0, -0.07],
						"0.25": [0.5, 0, 0.01],
						"0.3": [0.73, 0, 0.18],
						"0.35": [1.04, 0, 0.9],
						"0.4": [1.13, 0, 1.58],
						"0.45": [0.91, 0, 1.71],
						"0.5": [0.56, 0, 1.69],
						"0.55": [0.28, 0, 1.5],
						"0.6": [0.16, 0, 1.19],
						"0.65": [0.08, 0, 0.75],
						"0.7": [0.04, 0, 0.3],
						"0.75": [0, 0, 0]
					}
				},
				"constraint": {
					"rotation": {
						"0.0": [0.2, 0.2, 0.4],
						"0.15": [0.8, 0.8, 0.8],
						"0.45": [1, 1, 1]
					},
					"position": {
						"0.0": [0.1, 0.1, 0.1],
						"0.15": [0.8, 0.8, 0.8],
						"0.45": [1, 1, 1]
					}
				}
			},
			"sound_effects": {
				"0.0": {
					"effect": "tacz:m95/m95_put_away"
				}
			}
		},
		"reload_tactical": {
			"loop": "hold_on_last_frame",
			"animation_length": 7.3,
			"bones": {
				"root": {
					"rotation": {
						"0.0": [0, 0, 0],
						"0.3": {
							"pre": [-10, 0, 0],
							"post": [-10, 0, 0],
							"lerp_mode": "catmullrom"
						},
						"0.4333": {
							"post": [-9.85108, -1.72794, -9.85108],
							"lerp_mode": "catmullrom"
						},
						"0.5667": {
							"post": [-8.96631, 0.8788, -4.93875],
							"lerp_mode": "catmullrom"
						},
						"0.7333": {
							"post": [-8.96631, -0.7812, -4.93875],
							"lerp_mode": "catmullrom"
						},
						"0.9": {
							"post": [-13.86924, -1.55572, -9.88052],
							"lerp_mode": "catmullrom"
						},
						"1.0333": {
							"post": [-13.86924, -1.55572, -9.88052],
							"lerp_mode": "catmullrom"
						},
						"1.1333": {
							"post": [-8.97113, -1.66419, -8.93948],
							"lerp_mode": "catmullrom"
						},
						"1.2333": {
							"post": [-8.93439, -3.35623, -11.51575],
							"lerp_mode": "catmullrom"
						},
						"1.3333": {
							"post": [-8.9726, -1.66337, -10.25104],
							"lerp_mode": "catmullrom"
						},
						"1.7": {
							"post": [-8.91757, -1.2465, -7.90398],
							"lerp_mode": "catmullrom"
						},
						"1.9667": {
							"post": [-8.93684, -3.71972, -6.52166],
							"lerp_mode": "catmullrom"
						},
						"2.1667": {
							"post": [-18.41, -9.01, -1.71],
							"lerp_mode": "catmullrom"
						},
						"2.4": {
							"post": [-13.39052, -22.98119, 2.92343],
							"lerp_mode": "catmullrom"
						},
						"2.5333": {
							"post": [-17.39, -22.98, 2.92],
							"lerp_mode": "catmullrom"
						},
						"2.6667": {
							"post": [-17.39, -22.98, 2.92],
							"lerp_mode": "catmullrom"
						},
						"2.8667": {
							"post": [-12.39, -22.98, 2.92],
							"lerp_mode": "catmullrom"
						},
						"2.9": {
							"post": [-5.69371, -23.92539, -6.01909],
							"lerp_mode": "catmullrom"
						},
						"3.0333": {
							"post": [-11.29711, -23.19017, 1.45483],
							"lerp_mode": "catmullrom"
						},
						"3.1333": {
							"post": [-8.76948, -23.60096, -1.93542],
							"lerp_mode": "catmullrom"
						},
						"3.2333": {
							"post": [-10.62848, -23.14519, 1.87344],
							"lerp_mode": "catmullrom"
						},
						"3.3667": {
							"post": [-7.1381, -23.45859, -0.91266],
							"lerp_mode": "catmullrom"
						},
						"3.5333": {
							"post": [-7.55672, -23.80947, -4.33571],
							"lerp_mode": "catmullrom"
						},
						"3.7333": {
							"post": [-9.25, -23.58, -2.19],
							"lerp_mode": "catmullrom"
						},
						"3.9333": {
							"post": [-11.29711, -23.19017, 1.45483],
							"lerp_mode": "catmullrom"
						},
						"4.0": {
							"post": [-8.8, -23.19, 1.45],
							"lerp_mode": "catmullrom"
						},
						"4.1": {
							"post": [-13.8, -23.19, 1.45],
							"lerp_mode": "catmullrom"
						},
						"4.3": {
							"post": [-11.29711, -23.19017, 1.45483],
							"lerp_mode": "catmullrom"
						},
						"4.5667": {
							"post": [-11.29711, -19.23517, 1.45483],
							"lerp_mode": "catmullrom"
						},
						"4.7": {
							"post": [-1.88, -3.71, 10.7],
							"lerp_mode": "catmullrom"
						},
						"4.9333": {
							"post": [-7.46263, 6.77006, 19.93877],
							"lerp_mode": "catmullrom"
						},
						"5.0667": {
							"post": [-7.46, 6.77, 19.94],
							"lerp_mode": "catmullrom"
						},
						"5.1667": {
							"post": [-7.46, 6.77, 19.94],
							"lerp_mode": "catmullrom"
						},
						"5.2667": {
							"post": [-12.46, 6.77, 19.94],
							"lerp_mode": "catmullrom"
						},
						"5.3667": {
							"post": [-12.46, 6.77, 19.94],
							"lerp_mode": "catmullrom"
						},
						"5.4333": {
							"post": [-7.46, 6.77, 19.94],
							"lerp_mode": "catmullrom"
						},
						"5.5": {
							"post": [-7.38, 6.77, 18.77],
							"lerp_mode": "catmullrom"
						},
						"5.6333": {
							"post": [-8.095, 6.77, 21.15],
							"lerp_mode": "catmullrom"
						},
						"5.7333": {
							"post": [-2.46, 6.77, 19.94],
							"lerp_mode": "catmullrom"
						},
						"5.8667": {
							"post": [-11.88619, 5.71678, 2.36642],
							"lerp_mode": "catmullrom"
						},
						"6.0333": {
							"post": [-10.39, 5.72, 2.37],
							"lerp_mode": "catmullrom"
						},
						"6.1667": {
							"post": [1.5, 0, 0],
							"lerp_mode": "catmullrom"
						},
						"6.3667": {
							"post": [1.5, 0, 0],
							"lerp_mode": "catmullrom"
						},
						"6.4333": {
							"post": [0.5, 0, 0],
							"lerp_mode": "catmullrom"
						},
						"6.5": {
							"post": [0, 0, 0],
							"lerp_mode": "catmullrom"
						}
					},
					"position": {
						"0.0": [0, 0, 0],
						"0.1667": {
							"pre": [0, -0.745, 1.67],
							"post": [0, -0.745, 1.67],
							"lerp_mode": "catmullrom"
						},
						"0.3333": {
							"post": [0, 1.26, 1.67],
							"lerp_mode": "catmullrom"
						},
						"0.4667": {
							"post": [0, 0.26, 2.43],
							"lerp_mode": "catmullrom"
						},
						"0.6": {
							"post": [0, 0.26, 2.755],
							"lerp_mode": "catmullrom"
						},
						"0.7667": {
							"post": [0, 0.26, 2.755],
							"lerp_mode": "catmullrom"
						},
						"0.9333": {
							"post": [0, 0.83, 2.76],
							"lerp_mode": "catmullrom"
						},
						"1.0667": {
							"post": [0, 0.83, 2.76],
							"lerp_mode": "catmullrom"
						},
						"1.1333": {
							"post": [0, -0.24, 2.76],
							"lerp_mode": "catmullrom"
						},
						"1.3333": {
							"post": [0, 0.375, 2.76],
							"lerp_mode": "catmullrom"
						},
						"1.5": {
							"post": [0, 0.375, 2.76],
							"lerp_mode": "catmullrom"
						},
						"1.7667": {
							"post": [0, 0.375, 2.76],
							"lerp_mode": "catmullrom"
						},
						"2.0": {
							"post": [0, 1.34, 2.76],
							"lerp_mode": "catmullrom"
						},
						"2.1667": {
							"post": [0, 1.96, 4.76],
							"lerp_mode": "catmullrom"
						},
						"2.3667": {
							"post": [0, 2.33, 2.76],
							"lerp_mode": "catmullrom"
						},
						"2.5": {
							"post": [0, 1.33, 2.76],
							"lerp_mode": "catmullrom"
						},
						"2.6667": {
							"post": [0, 1.33, 2.76],
							"lerp_mode": "catmullrom"
						},
						"2.8": {
							"post": [0, 0.31, 2.76],
							"lerp_mode": "catmullrom"
						},
						"2.9": {
							"post": [0, 1.235, 2.76],
							"lerp_mode": "catmullrom"
						},
						"3.0": {
							"post": [0, 0.8, 2.76],
							"lerp_mode": "catmullrom"
						},
						"3.2": {
							"post": [0, 0.8, 2.76],
							"lerp_mode": "catmullrom"
						},
						"3.3333": {
							"post": [-0.01, -0.2, 2.77],
							"lerp_mode": "catmullrom"
						},
						"3.5": {
							"post": [-0.02, 0.39, 2.79],
							"lerp_mode": "catmullrom"
						},
						"3.7333": {
							"post": [-0.05, 0.65, 2.83],
							"lerp_mode": "catmullrom"
						},
						"3.9667": {
							"post": [0, 0.8, 2.76],
							"lerp_mode": "catmullrom"
						},
						"4.0333": {
							"post": [0.575, 0.8, 2.86],
							"lerp_mode": "catmullrom"
						},
						"4.1333": {
							"post": [0.035, 0.165, 3.21],
							"lerp_mode": "catmullrom"
						},
						"4.3": {
							"post": [0, 0.8, 2.76],
							"lerp_mode": "catmullrom"
						},
						"4.5667": {
							"post": [0, 0.8, 2.76],
							"lerp_mode": "catmullrom"
						},
						"4.7": {
							"post": [0, -1.88, 2.76],
							"lerp_mode": "catmullrom"
						},
						"4.8667": {
							"post": [0, 0.21, 5.335],
							"lerp_mode": "catmullrom"
						},
						"5.0": {
							"post": [0, 0.21, 3.34],
							"lerp_mode": "catmullrom"
						},
						"5.0667": {
							"post": [0, 0.21, 3.34],
							"lerp_mode": "catmullrom"
						},
						"5.1667": {
							"post": [0, 0.21, 3.34],
							"lerp_mode": "catmullrom"
						},
						"5.2667": {
							"post": [0, 0.21, 5.335],
							"lerp_mode": "catmullrom"
						},
						"5.3667": {
							"post": [0, 0.21, 4.335],
							"lerp_mode": "catmullrom"
						},
						"5.4333": {
							"post": [0, 0.21, 3.34],
							"lerp_mode": "catmullrom"
						},
						"5.5": {
							"post": [0, 0.21, 3.575],
							"lerp_mode": "catmullrom"
						},
						"5.6": {
							"post": [0, 0.21, 3.58],
							"lerp_mode": "catmullrom"
						},
						"5.7667": {
							"post": [0, -2.72, 2.58],
							"lerp_mode": "catmullrom"
						},
						"5.9": {
							"post": [0, -2.72, 3.58],
							"lerp_mode": "catmullrom"
						},
						"6.0667": {
							"post": [0, 1.28, 5.58],
							"lerp_mode": "catmullrom"
						},
						"6.2": {
							"post": [0, 0.28, 0.58],
							"lerp_mode": "catmullrom"
						},
						"6.3333": {
							"post": [0, -0.72, 1.58],
							"lerp_mode": "catmullrom"
						},
						"6.4": {
							"post": [0, 0.04, -0.06],
							"lerp_mode": "catmullrom"
						},
						"6.4667": {
							"post": [0, 0.04, -0.63],
							"lerp_mode": "catmullrom"
						},
						"6.5333": {
							"post": [0, 0, 0],
							"lerp_mode": "catmullrom"
						}
					}
				},
				"righthand": {
					"rotation": {
						"0.0": [99.92205, 19.38449, -168.50279],
						"4.9": [99.92205, 19.38449, -168.50279],
						"5.0667": [91.67411, 11.79638, -254.60734],
						"5.1667": [91.67, 11.8, -254.61],
						"5.3": [91.97868, 34.28897, -253.83657],
						"5.4": [91.65757, 9.3021, -254.6878],
						"5.5667": [91.65757, 9.3021, -254.6878],
						"5.7": [99.92205, 19.38449, -168.50279]
					},
					"position": {
						"0.0": [-6.8, -15.825, 6.45],
						"4.9": [-6.8, -15.825, 6.45],
						"5.0667": [-9.8, -10.82, 5.45],
						"5.1667": [-9.8, -10.82, 5.45],
						"5.3": [-9.8, -10.82, 9.45],
						"5.4": [-9.8, -10.82, 4.45],
						"5.5667": [-9.8, -10.82, 4.45],
						"5.7": [-6.8, -15.825, 6.45]
					},
					"scale": [1, 1.5, 1]
				},
				"lefthand": {
					"rotation": {
						"0.0": [107.0152, -378.11296, -163.85497],
						"0.6667": [107.02, -378.11, -163.85],
						"0.9": [169.98069, -369.76979, -217.17947],
						"1.0": [169.98069, -369.76979, -217.17947],
						"1.0667": [172.85186, -372.0222, -232.28488],
						"1.9667": [172.85, -372.02, -232.28],
						"2.3667": [16.65469, -373.80375, -87.06547],
						"2.8": [16.65469, -373.80375, -87.06547],
						"2.8667": [20.52631, -366.53978, -108.72642],
						"3.0667": {
							"pre": [159.5971, -366.53978, -108.72642],
							"post": [159.5971, -366.53978, -108.72642],
							"lerp_mode": "catmullrom"
						},
						"3.2": {
							"post": [159.59705, -352.01238, -243.78261],
							"lerp_mode": "catmullrom"
						},
						"3.4": {
							"post": [159.59705, -352.01238, -243.78261],
							"lerp_mode": "catmullrom"
						},
						"3.4667": {
							"post": [159.59705, -352.01238, -243.78261],
							"lerp_mode": "catmullrom"
						},
						"4.1": [158.16462, -359.28056, -262.47889],
						"4.2": [158.16, -359.28, -262.48],
						"4.4": {
							"pre": [115.01101, -425.7651, -199.28717],
							"post": [115.01101, -425.7651, -199.28717],
							"lerp_mode": "catmullrom"
						},
						"4.5333": {
							"post": [193.13368, -356.96214, -263.41463],
							"lerp_mode": "catmullrom"
						},
						"4.7": {
							"post": [193.13368, -356.96214, -263.41463],
							"lerp_mode": "catmullrom"
						},
						"4.8667": {
							"post": [127.83048, -387.85633, -229.40396],
							"lerp_mode": "catmullrom"
						},
						"5.1": {
							"post": [107.0152, -378.11296, -163.85497],
							"lerp_mode": "catmullrom"
						}
					},
					"position": {
						"0.0": [8.375, -15, -12],
						"0.6667": [8.38, -15, -12],
						"0.8": [15.38, -15, -12],
						"0.9": [12.38, -15, -2],
						"1.0": [12.38, -15, -2],
						"1.9667": [12.38, -15, -2],
						"2.3667": [9.38, -20, -2],
						"2.8": [9.38, -20, -2],
						"3.0667": {
							"pre": [9.38, -20, -2],
							"post": [9.38, -20, -2],
							"lerp_mode": "catmullrom"
						},
						"3.2333": {
							"post": [12.38, -14, -2],
							"lerp_mode": "catmullrom"
						},
						"3.4333": {
							"post": [11.38, -11, -2],
							"lerp_mode": "catmullrom"
						},
						"4.0667": [8.38, -6.765, -2],
						"4.1333": [8.38, -8, -2],
						"4.2": [8.38, -8, -2],
						"4.4": {
							"pre": [7.38, 3, -4],
							"post": [7.38, 3, -4],
							"lerp_mode": "catmullrom"
						},
						"4.5333": {
							"post": [7.38, -8, 6],
							"lerp_mode": "catmullrom"
						},
						"4.7": {
							"post": [7.38, -8, 6],
							"lerp_mode": "catmullrom"
						},
						"4.8667": {
							"post": [16.38, -19, -7],
							"lerp_mode": "catmullrom"
						},
						"5.1": {
							"post": [8.375, -15, -12],
							"lerp_mode": "catmullrom"
						}
					},
					"scale": [1, 1.5, 1]
				},
				"mag_and_lh": {
					"rotation": {
						"1.0667": [0, 0, 0],
						"1.1667": [0, 0, 35],
						"2.5333": [0, 0, 35],
						"2.7333": [0, 0, 35],
						"2.8": [0, 0, 35],
						"2.8667": [0, 0, 0]
					},
					"position": {
						"1.1333": [0, 0, 0],
						"1.2333": [-14, -16, 0],
						"2.5333": [-14, -16, 0],
						"2.7333": [-2, 0, 0],
						"2.8": [-2, 0, 0],
						"2.8667": [0, 0, 0]
					}
				},
				"chain_anim": {
					"rotation": {
						"0.0": [0, 0, 0],
						"0.1": [0, 0, -21.02],
						"0.2": [0, 0, -42.64],
						"0.4333": [0, 0, -56.43],
						"0.6667": [0, 0, -57.5],
						"0.7": [0, 0, 62.5],
						"2.5333": [0, 0, 17.5],
						"3.4333": [0, 0, 17.5],
						"4.0667": [0, 0, 0]
					},
					"position": {
						"0.0": [0, 0, 0],
						"0.1": [-1.074, 0.23, 0],
						"0.2": [-1.65, -0.404, 0],
						"0.4333": [-3, 1, 0],
						"0.7": [-1.34, 2.51, 0],
						"2.5333": [3.51111, -3.25089, 0],
						"3.4333": [3.51111, -3.25089, 0],
						"4.0667": [0, 1, 0],
						"4.1333": [0, 0, 0]
					},
					"scale": {
						"0.0": {
							"post": [1, 1, 1],
							"lerp_mode": "catmullrom"
						},
						"0.2": [0, 0, 0],
						"2.5": [0, 0, 0],
						"2.5333": [1, 1, 1]
					}
				},
				"UP": {
					"rotation": {
						"1.0": {
							"pre": [0, 0, 0],
							"post": [0, 0, 0],
							"lerp_mode": "catmullrom"
						},
						"1.1": {
							"post": [40, 0, 0],
							"lerp_mode": "catmullrom"
						},
						"1.1667": {
							"post": [85, 0, 0],
							"lerp_mode": "catmullrom"
						},
						"1.2667": {
							"post": [100, 0, 0],
							"lerp_mode": "catmullrom"
						},
						"1.3667": {
							"post": [70, 0, 0],
							"lerp_mode": "catmullrom"
						},
						"1.4667": {
							"post": [95, 0, 0],
							"lerp_mode": "catmullrom"
						},
						"1.5667": {
							"post": [75, 0, 0],
							"lerp_mode": "catmullrom"
						},
						"1.6667": {
							"post": [80, 0, 0],
							"lerp_mode": "catmullrom"
						},
						"1.7667": {
							"post": [85, 0, 0],
							"lerp_mode": "catmullrom"
						},
						"2.8": {
							"post": [86, 0, 0],
							"lerp_mode": "catmullrom"
						},
						"2.9": {
							"post": [101, 0, 0],
							"lerp_mode": "catmullrom"
						},
						"3.0": {
							"post": [71, 0, 0],
							"lerp_mode": "catmullrom"
						},
						"3.1": {
							"post": [90, 0, 0],
							"lerp_mode": "catmullrom"
						},
						"3.2": {
							"post": [75, 0, 0],
							"lerp_mode": "catmullrom"
						},
						"3.3": {
							"post": [85, 0, 0],
							"lerp_mode": "catmullrom"
						},
						"4.4": [85, 0, 0],
						"4.5333": [0, 0, 0]
					},
					"position": [0, 0, 0]
				},
				"Bolt": {
					"position": {
						"5.1667": [0, 0, 0],
						"5.3": [0, 0, 4],
						"5.4333": [0, 0, 0]
					}
				},
				"camera": {
					"rotation": {
						"0.0": {
							"post": [0, 0, 0],
							"lerp_mode": "catmullrom"
						},
						"0.1667": {
							"post": [2, 0, 2],
							"lerp_mode": "catmullrom"
						},
						"0.4": {
							"post": [-1, 0, 0.5],
							"lerp_mode": "catmullrom"
						},
						"0.4667": {
							"post": [-1.32, 0, 0.26],
							"lerp_mode": "catmullrom"
						},
						"0.5333": {
							"post": [-1.08, 0, 0.46],
							"lerp_mode": "catmullrom"
						},
						"0.6333": {
							"post": [-1.24, 0, 0.22],
							"lerp_mode": "catmullrom"
						},
						"0.7667": {
							"post": [-1.24, 0, 0.22],
							"lerp_mode": "catmullrom"
						},
						"0.9333": {
							"post": [-2.24, 0, 1.22],
							"lerp_mode": "catmullrom"
						},
						"1.0667": {
							"post": [-2.24, 0, 1.22],
							"lerp_mode": "catmullrom"
						},
						"1.1667": {
							"post": [-0.24, 0, 0.945],
							"lerp_mode": "catmullrom"
						},
						"1.2667": {
							"post": [-0.84, 0, 1.19],
							"lerp_mode": "catmullrom"
						},
						"1.3667": {
							"post": [-0.44, 0, 0.87],
							"lerp_mode": "catmullrom"
						},
						"1.4667": {
							"post": [-0.58, 0, 1.01],
							"lerp_mode": "catmullrom"
						},
						"1.7": {
							"post": [-0.58, 0, 1.01],
							"lerp_mode": "catmullrom"
						},
						"1.9667": {
							"post": [-1.29, 0, 1.01],
							"lerp_mode": "catmullrom"
						},
						"2.1333": {
							"post": [-1.29, 0, 0.335],
							"lerp_mode": "catmullrom"
						},
						"2.3": {
							"post": [-0.79, 0, 0.705],
							"lerp_mode": "catmullrom"
						},
						"2.4333": {
							"post": [-1.05, 0, 0.55],
							"lerp_mode": "catmullrom"
						},
						"2.5667": {
							"post": [-0.87, 0, 0.69],
							"lerp_mode": "catmullrom"
						},
						"2.8667": {
							"post": [-0.87, 0, 0.69],
							"lerp_mode": "catmullrom"
						},
						"2.9": {
							"post": [0.19, 0, 1.19],
							"lerp_mode": "catmullrom"
						},
						"2.9667": {
							"post": [-0.87, 0, 0.77],
							"lerp_mode": "catmullrom"
						},
						"3.0333": {
							"post": [-0.75, 0, 0.95],
							"lerp_mode": "catmullrom"
						},
						"3.1333": {
							"post": [-0.91, 0, 0.85],
							"lerp_mode": "catmullrom"
						},
						"3.2333": {
							"post": [-0.75, 0, 0.97],
							"lerp_mode": "catmullrom"
						},
						"3.3333": {
							"post": [0.17, 0, 0.57],
							"lerp_mode": "catmullrom"
						},
						"3.4333": {
							"post": [-0.59, 0, 0.91],
							"lerp_mode": "catmullrom"
						},
						"4.1": {
							"post": [-1.31, 0, 0.57],
							"lerp_mode": "catmullrom"
						},
						"4.1667": {
							"post": [-0.99, 0, 0.81],
							"lerp_mode": "catmullrom"
						},
						"4.4": {
							"post": [-2, 0, 0.81],
							"lerp_mode": "catmullrom"
						},
						"4.4667": {
							"post": [-1.39, 0, 0.82],
							"lerp_mode": "catmullrom"
						},
						"4.5333": {
							"post": [-1.37, 0, 1.06],
							"lerp_mode": "catmullrom"
						},
						"4.6333": {
							"post": [-1.545, 0, 0.91],
							"lerp_mode": "catmullrom"
						},
						"4.7333": {
							"post": [-1.24, 0, 1.06],
							"lerp_mode": "catmullrom"
						},
						"5.0667": {
							"post": [-0.24, 0, 0.31],
							"lerp_mode": "catmullrom"
						},
						"5.2": {
							"post": [0.76, 0, -0.89],
							"lerp_mode": "catmullrom"
						},
						"5.4": {
							"post": [-1.41, 0, 0.71],
							"lerp_mode": "catmullrom"
						},
						"5.5": {
							"post": [-0.945, 0, 0.495],
							"lerp_mode": "catmullrom"
						},
						"5.5667": {
							"post": [-1.17, 0, 0.625],
							"lerp_mode": "catmullrom"
						},
						"5.6333": {
							"post": [-1.17, 0, 0.63],
							"lerp_mode": "catmullrom"
						},
						"5.7667": {
							"post": [-0.17, 0, -0.37],
							"lerp_mode": "catmullrom"
						},
						"5.9": {
							"post": [-1.17, 0, 0.52],
							"lerp_mode": "catmullrom"
						},
						"6.0": {
							"post": [-0.65, 0, 0.21],
							"lerp_mode": "catmullrom"
						},
						"6.1": {
							"post": [-0.845, 0, 0.44],
							"lerp_mode": "catmullrom"
						},
						"6.3": {
							"post": [0.755, 0, 1.6],
							"lerp_mode": "catmullrom"
						},
						"6.4333": {
							"post": [0.64, 0, -0.85],
							"lerp_mode": "catmullrom"
						},
						"6.5667": {
							"post": [-1.635, 0, -0.415],
							"lerp_mode": "catmullrom"
						},
						"6.7": {
							"post": [-0.475, 0, 0.365],
							"lerp_mode": "catmullrom"
						},
						"6.8": {
							"post": [-0.955, 0, -0.35],
							"lerp_mode": "catmullrom"
						},
						"6.9333": {
							"post": [0.23, 0, 0.265],
							"lerp_mode": "catmullrom"
						},
						"7.0333": {
							"post": [-0.105, 0, -0.13],
							"lerp_mode": "catmullrom"
						},
						"7.1333": {
							"post": [0, 0, 0],
							"lerp_mode": "catmullrom"
						}
					}
				},
				"lefthand_pos": {
					"rotation": {
						"0.0": [0, 0, 0],
						"4.5667": [0, 0, 0]
					}
				},
				"Mag_bullet2": {
					"rotation": {
						"3.5": {
							"pre": [0, 0, 0],
							"post": [0, 0, 0],
							"lerp_mode": "catmullrom"
						},
						"3.6": {
							"post": [-4, 0, 0],
							"lerp_mode": "catmullrom"
						},
						"3.7667": {
							"post": [-8, 0, 0],
							"lerp_mode": "catmullrom"
						},
						"3.9": {
							"post": [-17, 0, 0],
							"lerp_mode": "catmullrom"
						},
						"4.0667": {
							"post": [-8, 0, 0],
							"lerp_mode": "catmullrom"
						},
						"4.2": {
							"post": [0, 0, 0],
							"lerp_mode": "catmullrom"
						}
					}
				},
				"Mag_bullet1": {
					"rotation": {
						"3.6": {
							"pre": [0, 0, 0],
							"post": [0, 0, 0],
							"lerp_mode": "catmullrom"
						},
						"3.6667": {
							"post": [-17, 0, 0],
							"lerp_mode": "catmullrom"
						},
						"3.8667": {
							"post": [-8, 0, 0],
							"lerp_mode": "catmullrom"
						},
						"4.0": {
							"post": [-17, 0, 0],
							"lerp_mode": "catmullrom"
						},
						"4.1667": {
							"post": [-8, 0, 0],
							"lerp_mode": "catmullrom"
						},
						"4.3": {
							"post": [0, 0, 0],
							"lerp_mode": "catmullrom"
						}
					}
				},
				"bullet9": {
					"scale": {
						"0.2333": [0, 0, 0],
						"2.5": [1, 1, 1]
					}
				},
				"bullet8": {
					"scale": {
						"0.2333": [0, 0, 0],
						"2.5": [1, 1, 1]
					}
				},
				"constraint": {
					"rotation": [0.2, 0.2, 0.4],
					"position": [0.1, 0.1, 0.1]
				},
				"Mag_bullet5": {
					"rotation": {
						"3.6": {
							"pre": [0, 0, 0],
							"post": [0, 0, 0],
							"lerp_mode": "catmullrom"
						},
						"3.6667": {
							"post": [-17, 0, 0],
							"lerp_mode": "catmullrom"
						},
						"3.8667": {
							"post": [-8, 0, 0],
							"lerp_mode": "catmullrom"
						},
						"4.0": {
							"post": [-17, 0, 0],
							"lerp_mode": "catmullrom"
						},
						"4.1667": {
							"post": [-8, 0, 0],
							"lerp_mode": "catmullrom"
						},
						"4.3": {
							"post": [0, 0, 0],
							"lerp_mode": "catmullrom"
						}
					}
				},
				"bullet10": {
					"scale": {
						"0.2333": [0, 0, 0],
						"2.5": [1, 1, 1]
					}
				},
				"Mag_bullet6": {
					"rotation": {
						"3.5": {
							"pre": [0, 0, 0],
							"post": [0, 0, 0],
							"lerp_mode": "catmullrom"
						},
						"3.6": {
							"post": [-4, 0, 0],
							"lerp_mode": "catmullrom"
						},
						"3.7667": {
							"post": [-8, 0, 0],
							"lerp_mode": "catmullrom"
						},
						"3.9": {
							"post": [-17, 0, 0],
							"lerp_mode": "catmullrom"
						},
						"4.0667": {
							"post": [-8, 0, 0],
							"lerp_mode": "catmullrom"
						},
						"4.2": {
							"post": [0, 0, 0],
							"lerp_mode": "catmullrom"
						}
					}
				},
				"bullet18": {
					"scale": {
						"0.2333": [0, 0, 0],
						"2.5": [1, 1, 1]
					}
				}
			},
			"sound_effects": {
				"0.2667": {
					"effect": "emxmors:emx_xenophage/2"
				},
				"2.7": {
					"effect": "emxmors:emx_xenophage/3"
				},
				"3.3667": {
					"effect": "emxmors:emx_xenophage/4"
				},
				"4.2667": {
					"effect": "emxmors:emx_xenophage/5"
				},
				"5.2": {
					"effect": "emxmors:emx_xenophage/6"
				}
			}
		},
		"shoot": {
			"loop": true,
			"animation_length": 1.2333,
			"bones": {
				"root": {
					"rotation": {
						"0.0": {
							"post": [0, 0, 0],
							"lerp_mode": "catmullrom"
						},
						"0.0333": {
							"post": [1.24069, 0.15232, -6.99835],
							"lerp_mode": "catmullrom"
						},
						"0.0667": {
							"post": [-5.82024, 1.33042, 5.79388],
							"lerp_mode": "catmullrom"
						},
						"0.1333": {
							"post": [-6.38564, -0.61289, -1.91761],
							"lerp_mode": "catmullrom"
						},
						"0.2": {
							"post": [-6.0138, -0.64862, -3.1926],
							"lerp_mode": "catmullrom"
						},
						"0.3": {
							"post": [-3.22698, -0.95049, 1.89646],
							"lerp_mode": "catmullrom"
						},
						"0.4667": {
							"post": [-0.42425, 0.27786, 0.43549],
							"lerp_mode": "catmullrom"
						},
						"0.7": {
							"post": [0.23068, -0.21405, -0.46178],
							"lerp_mode": "catmullrom"
						},
						"0.9": {
							"post": [-0.09988, 0.076, 0.12379],
							"lerp_mode": "catmullrom"
						},
						"1.0667": {
							"post": [0.04509, 0.01634, -0.04605],
							"lerp_mode": "catmullrom"
						},
						"1.2333": {
							"post": [0, 0, 0],
							"lerp_mode": "catmullrom"
						}
					},
					"position": {
						"0.0": {
							"post": [0, 0, 0],
							"lerp_mode": "catmullrom"
						},
						"0.0333": {
							"post": [0, -0.75, 1.95],
							"lerp_mode": "catmullrom"
						},
						"0.0667": {
							"post": [0, 0.675, 2.33],
							"lerp_mode": "catmullrom"
						},
						"0.1667": {
							"post": [-0.125, 1.18, 1.275],
							"lerp_mode": "catmullrom"
						},
						"0.2333": {
							"post": [-0.11, 0.94, 0.41],
							"lerp_mode": "catmullrom"
						},
						"0.3": {
							"post": [-0.075, 0.51, -0.005],
							"lerp_mode": "catmullrom"
						},
						"0.4333": {
							"post": [0, -0.47, -0.485],
							"lerp_mode": "catmullrom"
						},
						"0.5667": {
							"post": [0, -0.78, -0.095],
							"lerp_mode": "catmullrom"
						},
						"0.7333": {
							"post": [0, -0.415, 0.06],
							"lerp_mode": "catmullrom"
						},
						"0.9": {
							"post": [0, -0.15, 0.1],
							"lerp_mode": "catmullrom"
						},
						"1.0667": {
							"post": [0.03125, -0.17, -0.03],
							"lerp_mode": "catmullrom"
						},
						"1.2333": {
							"post": [0, 0, 0],
							"lerp_mode": "catmullrom"
						}
					}
				},
				"camera": {
					"rotation": {
						"0.0": {
							"post": [0, 0, 0],
							"lerp_mode": "catmullrom"
						},
						"0.0333": {
							"post": [0, 0, 3.4],
							"lerp_mode": "catmullrom"
						},
						"0.0667": {
							"post": [0, 0, -2.875],
							"lerp_mode": "catmullrom"
						},
						"0.1": {
							"post": [0, 0, 2.445],
							"lerp_mode": "catmullrom"
						},
						"0.1667": {
							"post": [0, 0, -2.055],
							"lerp_mode": "catmullrom"
						},
						"0.2333": {
							"post": [0, 0, 1.37],
							"lerp_mode": "catmullrom"
						},
						"0.3": {
							"post": [0, 0, -0.85],
							"lerp_mode": "catmullrom"
						},
						"0.3667": {
							"post": [0, 0, 0.525],
							"lerp_mode": "catmullrom"
						},
						"0.4333": {
							"post": [0, 0, -0.125],
							"lerp_mode": "catmullrom"
						},
						"0.5333": {
							"post": [0, 0, 0],
							"lerp_mode": "catmullrom"
						}
					}
				},
				"chain_anim": {
					"rotation": {
						"0.0": {
							"post": [0, 0, 0],
							"lerp_mode": "catmullrom"
						},
						"0.0667": {
							"post": [0, 0, 12.5],
							"lerp_mode": "catmullrom"
						},
						"0.1667": {
							"post": [0, 0, 0],
							"lerp_mode": "catmullrom"
						},
						"0.2333": {
							"post": [0, 0, 4],
							"lerp_mode": "catmullrom"
						},
						"0.3333": {
							"post": [0, 0, -2.5],
							"lerp_mode": "catmullrom"
						},
						"0.4667": {
							"post": [0, 0, 3.5],
							"lerp_mode": "catmullrom"
						},
						"0.6": {
							"post": [0, 0, 0],
							"lerp_mode": "catmullrom"
						},
						"0.7": {
							"post": [0, 0, 0],
							"lerp_mode": "catmullrom"
						}
					},
					"position": {
						"0.0": {
							"post": [0, 0, 0],
							"lerp_mode": "catmullrom"
						},
						"0.0667": {
							"post": [0.325, 0, 0],
							"lerp_mode": "catmullrom"
						},
						"0.1667": {
							"post": [0, 0, 0],
							"lerp_mode": "catmullrom"
						},
						"0.2333": {
							"post": [0.15, 0.225, 0],
							"lerp_mode": "catmullrom"
						},
						"0.3333": {
							"post": [-0.10625, -0.0325, 0],
							"lerp_mode": "catmullrom"
						},
						"0.4667": {
							"post": [0.0375, 0.1125, 0],
							"lerp_mode": "catmullrom"
						},
						"0.6": {
							"post": [0, 0, 0],
							"lerp_mode": "catmullrom"
						},
						"0.7": {
							"post": [0, 0, 0],
							"lerp_mode": "catmullrom"
						}
					}
				}
			}
		},
		"inspect": {
			"animation_length": 7.2,
			"bones": {
				"root": {
					"rotation": {
						"0.0": {
							"post": [0, 0, 0],
							"lerp_mode": "catmullrom"
						},
						"0.1667": {
							"post": [-1.38509, -1.24434, 4.29497],
							"lerp_mode": "catmullrom"
						},
						"0.2667": {
							"post": [-1.39, -1.24, 4.29],
							"lerp_mode": "catmullrom"
						},
						"0.4": {
							"post": [-3.91, -4.41, -2.02],
							"lerp_mode": "catmullrom"
						},
						"0.6667": {
							"post": [-10.80252, -12.68944, -19.80615],
							"lerp_mode": "catmullrom"
						},
						"0.8667": {
							"post": [-11.67934, -12.73253, -20.88586],
							"lerp_mode": "catmullrom"
						},
						"1.0": {
							"post": [-10.42561, -13.0448, -21.82949],
							"lerp_mode": "catmullrom"
						},
						"1.2": {
							"post": [-10.56428, -12.85979, -20.82188],
							"lerp_mode": "catmullrom"
						},
						"1.8667": {
							"post": [-10.39, -12.99, -21.57],
							"lerp_mode": "catmullrom"
						},
						"2.0333": {
							"post": [-10.9146, -13.35759, -23.13092],
							"lerp_mode": "catmullrom"
						},
						"2.3": {
							"post": [-10.25634, -13.50926, -24.0715],
							"lerp_mode": "catmullrom"
						},
						"2.6667": {
							"post": [-10.31, -13.4275, -24.0075],
							"lerp_mode": "catmullrom"
						},
						"2.7667": {
							"post": [-10.01823, -12.01652, -22.39677],
							"lerp_mode": "catmullrom"
						},
						"3.0": {
							"post": [-6.0733, -2.55567, -8.68449],
							"lerp_mode": "catmullrom"
						},
						"3.1667": {
							"post": [-3.30816, -6.55161, -3.15758],
							"lerp_mode": "catmullrom"
						},
						"3.3": {
							"post": [-11.99539, -6.2465, 14.78107],
							"lerp_mode": "catmullrom"
						},
						"3.4": {
							"post": [-24.07317, -0.97391, 28.22222],
							"lerp_mode": "catmullrom"
						},
						"3.6": {
							"post": [-32.28365, 5.59754, 44.62545],
							"lerp_mode": "catmullrom"
						},
						"3.7": {
							"post": [-32.44664, 5.36815, 46.1821],
							"lerp_mode": "catmullrom"
						},
						"3.7667": {
							"post": [-31.38661, 6.16105, 47.33802],
							"lerp_mode": "catmullrom"
						},
						"3.9": {
							"post": [-31.60382, 7.93459, 52.29084],
							"lerp_mode": "catmullrom"
						},
						"4.7333": {
							"post": [-32.04707, 7.50249, 48.73097],
							"lerp_mode": "catmullrom"
						},
						"5.0667": {
							"post": [-32.4996, 5.69075, 45.69734],
							"lerp_mode": "catmullrom"
						},
						"5.3667": {
							"post": [-32.4996, 5.69075, 45.69734],
							"lerp_mode": "catmullrom"
						},
						"6.3": {
							"post": [-2.77467, -6.47288, 5.91111],
							"lerp_mode": "catmullrom"
						},
						"6.3667": {
							"post": [-1.20016, -5.6579, 3.74312],
							"lerp_mode": "catmullrom"
						},
						"6.5": {
							"post": [1.76605, -3.2563, 4.9369],
							"lerp_mode": "catmullrom"
						},
						"6.5667": {
							"post": [1.78811, -2.65564, 4.66491],
							"lerp_mode": "catmullrom"
						},
						"6.6667": {
							"post": [0.8, -0.92, 3.05],
							"lerp_mode": "catmullrom"
						},
						"6.7333": {
							"post": [-0.30298, 0.34027, -1.56498],
							"lerp_mode": "catmullrom"
						},
						"6.8667": {
							"post": [0.2321, 0.0577, 2.25602],
							"lerp_mode": "catmullrom"
						},
						"7.0667": {
							"post": [0, 0, 0],
							"lerp_mode": "catmullrom"
						}
					},
					"position": {
						"0.0": {
							"post": [0, 0, 0],
							"lerp_mode": "catmullrom"
						},
						"0.1667": {
							"post": [-0.2, -0.31, 0],
							"lerp_mode": "catmullrom"
						},
						"0.3": {
							"post": [-0.2, -0.81, 0],
							"lerp_mode": "catmullrom"
						},
						"0.4": {
							"post": [-0.18, -0.4, 0],
							"lerp_mode": "catmullrom"
						},
						"0.5": {
							"post": [-0.14, 0.42, 0],
							"lerp_mode": "catmullrom"
						},
						"0.6667": {
							"post": [0, 2.8, 0],
							"lerp_mode": "catmullrom"
						},
						"0.7667": {
							"post": [0, 3.3, 0],
							"lerp_mode": "catmullrom"
						},
						"0.9667": {
							"post": [0, 3, 0],
							"lerp_mode": "catmullrom"
						},
						"1.2667": {
							"post": [0, 3.1, 0],
							"lerp_mode": "catmullrom"
						},
						"1.8667": {
							"post": [0, 3.17, 0],
							"lerp_mode": "catmullrom"
						},
						"2.0": {
							"post": [-0.1, 3.37, 0],
							"lerp_mode": "catmullrom"
						},
						"2.6": {
							"post": [-0.14, 3.53, -0.02],
							"lerp_mode": "catmullrom"
						},
						"2.7667": {
							"post": [-0.1, 3.345, 0],
							"lerp_mode": "catmullrom"
						},
						"2.8667": {
							"post": [0.4, 2.38, 0.23],
							"lerp_mode": "catmullrom"
						},
						"3.0": {
							"post": [1.875, -0.58, -0.855],
							"lerp_mode": "catmullrom"
						},
						"3.1667": {
							"post": [3.25, -1.13, -1.83],
							"lerp_mode": "catmullrom"
						},
						"3.4": {
							"post": [5.905, 3.385, -3.895],
							"lerp_mode": "catmullrom"
						},
						"3.5": {
							"post": [7.58, 4.975, -5.215],
							"lerp_mode": "catmullrom"
						},
						"3.6": {
							"post": [8.74, 4.71, -5.795],
							"lerp_mode": "catmullrom"
						},
						"3.7": {
							"post": [8.8, 3.5, -6.125],
							"lerp_mode": "catmullrom"
						},
						"3.8333": {
							"post": [8.8, 3.4, -6.4],
							"lerp_mode": "catmullrom"
						},
						"3.9667": {
							"post": [8.925, 3.975, -6.65],
							"lerp_mode": "catmullrom"
						},
						"4.8333": {
							"post": [8.585, 3.88125, -6.685],
							"lerp_mode": "catmullrom"
						},
						"5.0667": {
							"post": [8.6, 3.875, -6.65],
							"lerp_mode": "catmullrom"
						},
						"5.3333": {
							"post": [8.8, 4.275, -6.65],
							"lerp_mode": "catmullrom"
						},
						"5.4": {
							"post": [8.35, 3.77, -6.645],
							"lerp_mode": "catmullrom"
						},
						"5.5333": {
							"post": [8.55, 3.52, -6.645],
							"lerp_mode": "catmullrom"
						},
						"5.7333": {
							"post": [8.55, 3.55, -6.65],
							"lerp_mode": "catmullrom"
						},
						"5.8667": {
							"post": [7.93, 2.62, -6.015],
							"lerp_mode": "catmullrom"
						},
						"6.0333": {
							"post": [5.525, -1.04, -4.065],
							"lerp_mode": "catmullrom"
						},
						"6.1667": {
							"post": [3.235, -5.1, -4.215],
							"lerp_mode": "catmullrom"
						},
						"6.3333": {
							"post": [2.36, -4.48, -4.4],
							"lerp_mode": "catmullrom"
						},
						"6.5": {
							"post": [1.305, -1.125, -4.24],
							"lerp_mode": "catmullrom"
						},
						"6.6333": {
							"post": [0.79, 0.215, -2.5],
							"lerp_mode": "catmullrom"
						},
						"6.8": {
							"post": [0.125, -0.575, 0.275],
							"lerp_mode": "catmullrom"
						},
						"6.9": {
							"post": [0, -0.32875, -0.44],
							"lerp_mode": "catmullrom"
						},
						"7.0333": {
							"post": [0, -0.02, 0.17],
							"lerp_mode": "catmullrom"
						},
						"7.2": {
							"post": [0, 0, 0],
							"lerp_mode": "catmullrom"
						}
					}
				},
				"lefthand": {
					"rotation": [107.0152, -378.11296, -163.85497],
					"position": [8.375, -15, -12],
					"scale": {
						"0.0": [1, 1.5, 1],
						"0.1": [1, 2, 1],
						"4.5667": [1, 2, 1],
						"7.0667": [1, 1.5, 1]
					}
				},
				"righthand": {
					"rotation": [99.92205, 19.38449, -168.50279],
					"position": [-6.8, -15.825, 6.45],
					"scale": [1, 1.5, 1]
				},
				"camera": {
					"rotation": {
						"0.0": {
							"post": [0, 0, 0],
							"lerp_mode": "catmullrom"
						},
						"0.2667": {
							"post": [0.55, 0, 0],
							"lerp_mode": "catmullrom"
						},
						"0.6667": {
							"post": [-2.425, -0.25, -0.85],
							"lerp_mode": "catmullrom"
						},
						"0.8": {
							"post": [-2.21, -0.31, -0.65],
							"lerp_mode": "catmullrom"
						},
						"1.0": {
							"post": [-2.895, -0.38, -0.86],
							"lerp_mode": "catmullrom"
						},
						"1.3667": {
							"post": [-2.455, -0.25, -0.85],
							"lerp_mode": "catmullrom"
						},
						"1.7333": {
							"post": [4.925, 3.15, -1.425],
							"lerp_mode": "catmullrom"
						},
						"2.1": {
							"post": [6.075, 3.65, -1.425],
							"lerp_mode": "catmullrom"
						},
						"2.7333": {
							"post": [6.075, 3.85, -1.35],
							"lerp_mode": "catmullrom"
						},
						"3.1333": {
							"post": [1.525, 0, 0],
							"lerp_mode": "catmullrom"
						},
						"3.4": {
							"post": [0.955, -1.9, 1.35],
							"lerp_mode": "catmullrom"
						},
						"3.6333": {
							"post": [1.64, -1.97, 1.74],
							"lerp_mode": "catmullrom"
						},
						"3.7333": {
							"post": [2.11, -1.9, 2.025],
							"lerp_mode": "catmullrom"
						},
						"3.8667": {
							"post": [1.665, -1.83, 1.515],
							"lerp_mode": "catmullrom"
						},
						"4.0667": {
							"post": [2.14, -1.975, 1.85],
							"lerp_mode": "catmullrom"
						},
						"4.2333": {
							"post": [3.62, -2.97, 2.02],
							"lerp_mode": "catmullrom"
						},
						"4.3333": {
							"post": [4.83, -3.62, 2.94],
							"lerp_mode": "catmullrom"
						},
						"4.4333": {
							"post": [4.55, -3.96, 1.625],
							"lerp_mode": "catmullrom"
						},
						"4.5667": {
							"post": [5.36, -3.99, 2.385],
							"lerp_mode": "catmullrom"
						},
						"4.7333": {
							"post": [5.21, -4.01, 2.22],
							"lerp_mode": "catmullrom"
						},
						"4.9333": {
							"post": [5.24, -4.05, 1.775],
							"lerp_mode": "catmullrom"
						},
						"5.1667": {
							"post": [5.35, -4.09, 2.26],
							"lerp_mode": "catmullrom"
						},
						"5.2667": {
							"post": [5.81, -4.11, 3.08],
							"lerp_mode": "catmullrom"
						},
						"5.3667": {
							"post": [4.475, -4.13, 1.715],
							"lerp_mode": "catmullrom"
						},
						"5.4667": {
							"post": [4.405, -4.01, 2.065],
							"lerp_mode": "catmullrom"
						},
						"5.6": {
							"post": [2.415, -3.88, 1.75],
							"lerp_mode": "catmullrom"
						},
						"5.7667": {
							"post": [1.46, -3.3, 1.675],
							"lerp_mode": "catmullrom"
						},
						"6.1": {
							"post": [1.11, 0, 0],
							"lerp_mode": "catmullrom"
						},
						"6.4": {
							"post": [-1.3, 0, -0.775],
							"lerp_mode": "catmullrom"
						},
						"6.6333": {
							"post": [-1.3, 0, 0],
							"lerp_mode": "catmullrom"
						},
						"6.7667": {
							"post": [-0.15, 0, 0.15],
							"lerp_mode": "catmullrom"
						},
						"6.8667": {
							"post": [0.48, 0, 0.6],
							"lerp_mode": "catmullrom"
						},
						"7.0": {
							"post": [-0.22, 0, -0.525],
							"lerp_mode": "catmullrom"
						},
						"7.1667": {
							"post": [0, 0, 0],
							"lerp_mode": "catmullrom"
						}
					}
				}
			},
			"sound_effects": {
				"0.0667": {
					"effect": "tacz:m95/m95_inspect_raise"
				},
				"1.8333": {
					"effect": "tacz:m95/m95_inspect_rattle"
				},
				"2.8": {
					"effect": "tacz:m95/m95_inspect_rotate"
				},
				"3.2667": {
					"effect": "tacz:m95/m95_inspect_shoulder"
				},
				"5.4667": {
					"effect": "tacz:m95/m95_inspect_lower"
				},
				"6.3": {
					"effect": "tacz:m95/m95_inspect_end"
				}
			}
		},
		"inspect_empty": {
			"animation_length": 7.2,
			"bones": {
				"chain_anim": {
					"scale": 0
				},
				"root": {
					"rotation": {
						"0.0": {
							"post": [0, 0, 0],
							"lerp_mode": "catmullrom"
						},
						"0.1667": {
							"post": [-1.38509, -1.24434, 4.29497],
							"lerp_mode": "catmullrom"
						},
						"0.2667": {
							"post": [-1.39, -1.24, 4.29],
							"lerp_mode": "catmullrom"
						},
						"0.4": {
							"post": [-3.91, -4.41, -2.02],
							"lerp_mode": "catmullrom"
						},
						"0.6667": {
							"post": [-10.80252, -12.68944, -19.80615],
							"lerp_mode": "catmullrom"
						},
						"0.8667": {
							"post": [-11.67934, -12.73253, -20.88586],
							"lerp_mode": "catmullrom"
						},
						"1.0": {
							"post": [-10.42561, -13.0448, -21.82949],
							"lerp_mode": "catmullrom"
						},
						"1.2": {
							"post": [-10.56428, -12.85979, -20.82188],
							"lerp_mode": "catmullrom"
						},
						"1.8667": {
							"post": [-10.39, -12.99, -21.57],
							"lerp_mode": "catmullrom"
						},
						"2.0333": {
							"post": [-10.9146, -13.35759, -23.13092],
							"lerp_mode": "catmullrom"
						},
						"2.3": {
							"post": [-10.25634, -13.50926, -24.0715],
							"lerp_mode": "catmullrom"
						},
						"2.6667": {
							"post": [-10.31, -13.4275, -24.0075],
							"lerp_mode": "catmullrom"
						},
						"2.7667": {
							"post": [-10.01823, -12.01652, -22.39677],
							"lerp_mode": "catmullrom"
						},
						"3.0": {
							"post": [-6.0733, -2.55567, -8.68449],
							"lerp_mode": "catmullrom"
						},
						"3.1667": {
							"post": [-3.30816, -6.55161, -3.15758],
							"lerp_mode": "catmullrom"
						},
						"3.3": {
							"post": [-11.99539, -6.2465, 14.78107],
							"lerp_mode": "catmullrom"
						},
						"3.4": {
							"post": [-24.07317, -0.97391, 28.22222],
							"lerp_mode": "catmullrom"
						},
						"3.6": {
							"post": [-32.28365, 5.59754, 44.62545],
							"lerp_mode": "catmullrom"
						},
						"3.7": {
							"post": [-32.44664, 5.36815, 46.1821],
							"lerp_mode": "catmullrom"
						},
						"3.7667": {
							"post": [-31.38661, 6.16105, 47.33802],
							"lerp_mode": "catmullrom"
						},
						"3.9": {
							"post": [-31.60382, 7.93459, 52.29084],
							"lerp_mode": "catmullrom"
						},
						"4.7333": {
							"post": [-32.04707, 7.50249, 48.73097],
							"lerp_mode": "catmullrom"
						},
						"5.0667": {
							"post": [-32.4996, 5.69075, 45.69734],
							"lerp_mode": "catmullrom"
						},
						"5.3667": {
							"post": [-32.4996, 5.69075, 45.69734],
							"lerp_mode": "catmullrom"
						},
						"6.3": {
							"post": [-2.77467, -6.47288, 5.91111],
							"lerp_mode": "catmullrom"
						},
						"6.3667": {
							"post": [-1.20016, -5.6579, 3.74312],
							"lerp_mode": "catmullrom"
						},
						"6.5": {
							"post": [1.76605, -3.2563, 4.9369],
							"lerp_mode": "catmullrom"
						},
						"6.5667": {
							"post": [1.78811, -2.65564, 4.66491],
							"lerp_mode": "catmullrom"
						},
						"6.6667": {
							"post": [0.8, -0.92, 3.05],
							"lerp_mode": "catmullrom"
						},
						"6.7333": {
							"post": [-0.30298, 0.34027, -1.56498],
							"lerp_mode": "catmullrom"
						},
						"6.8667": {
							"post": [0.2321, 0.0577, 2.25602],
							"lerp_mode": "catmullrom"
						},
						"7.0667": {
							"post": [0, 0, 0],
							"lerp_mode": "catmullrom"
						}
					},
					"position": {
						"0.0": {
							"post": [0, 0, 0],
							"lerp_mode": "catmullrom"
						},
						"0.1667": {
							"post": [-0.2, -0.31, 0],
							"lerp_mode": "catmullrom"
						},
						"0.3": {
							"post": [-0.2, -0.81, 0],
							"lerp_mode": "catmullrom"
						},
						"0.4": {
							"post": [-0.18, -0.4, 0],
							"lerp_mode": "catmullrom"
						},
						"0.5": {
							"post": [-0.14, 0.42, 0],
							"lerp_mode": "catmullrom"
						},
						"0.6667": {
							"post": [0, 2.8, 0],
							"lerp_mode": "catmullrom"
						},
						"0.7667": {
							"post": [0, 3.3, 0],
							"lerp_mode": "catmullrom"
						},
						"0.9667": {
							"post": [0, 3, 0],
							"lerp_mode": "catmullrom"
						},
						"1.2667": {
							"post": [0, 3.1, 0],
							"lerp_mode": "catmullrom"
						},
						"1.8667": {
							"post": [0, 3.17, 0],
							"lerp_mode": "catmullrom"
						},
						"2.0": {
							"post": [-0.1, 3.37, 0],
							"lerp_mode": "catmullrom"
						},
						"2.6": {
							"post": [-0.14, 3.53, -0.02],
							"lerp_mode": "catmullrom"
						},
						"2.7667": {
							"post": [-0.1, 3.345, 0],
							"lerp_mode": "catmullrom"
						},
						"2.8667": {
							"post": [0.4, 2.38, 0.23],
							"lerp_mode": "catmullrom"
						},
						"3.0": {
							"post": [1.875, -0.58, -0.855],
							"lerp_mode": "catmullrom"
						},
						"3.1667": {
							"post": [3.25, -1.13, -1.83],
							"lerp_mode": "catmullrom"
						},
						"3.4": {
							"post": [5.905, 3.385, -3.895],
							"lerp_mode": "catmullrom"
						},
						"3.5": {
							"post": [7.58, 4.975, -5.215],
							"lerp_mode": "catmullrom"
						},
						"3.6": {
							"post": [8.74, 4.71, -5.795],
							"lerp_mode": "catmullrom"
						},
						"3.7": {
							"post": [8.8, 3.5, -6.125],
							"lerp_mode": "catmullrom"
						},
						"3.8333": {
							"post": [8.8, 3.4, -6.4],
							"lerp_mode": "catmullrom"
						},
						"3.9667": {
							"post": [8.925, 3.975, -6.65],
							"lerp_mode": "catmullrom"
						},
						"4.8333": {
							"post": [8.585, 3.88125, -6.685],
							"lerp_mode": "catmullrom"
						},
						"5.0667": {
							"post": [8.6, 3.875, -6.65],
							"lerp_mode": "catmullrom"
						},
						"5.3333": {
							"post": [8.8, 4.275, -6.65],
							"lerp_mode": "catmullrom"
						},
						"5.4": {
							"post": [8.35, 3.77, -6.645],
							"lerp_mode": "catmullrom"
						},
						"5.5333": {
							"post": [8.55, 3.52, -6.645],
							"lerp_mode": "catmullrom"
						},
						"5.7333": {
							"post": [8.55, 3.55, -6.65],
							"lerp_mode": "catmullrom"
						},
						"5.8667": {
							"post": [7.93, 2.62, -6.015],
							"lerp_mode": "catmullrom"
						},
						"6.0333": {
							"post": [5.525, -1.04, -4.065],
							"lerp_mode": "catmullrom"
						},
						"6.1667": {
							"post": [3.235, -5.1, -4.215],
							"lerp_mode": "catmullrom"
						},
						"6.3333": {
							"post": [2.36, -4.48, -4.4],
							"lerp_mode": "catmullrom"
						},
						"6.5": {
							"post": [1.305, -1.125, -4.24],
							"lerp_mode": "catmullrom"
						},
						"6.6333": {
							"post": [0.79, 0.215, -2.5],
							"lerp_mode": "catmullrom"
						},
						"6.8": {
							"post": [0.125, -0.575, 0.275],
							"lerp_mode": "catmullrom"
						},
						"6.9": {
							"post": [0, -0.32875, -0.44],
							"lerp_mode": "catmullrom"
						},
						"7.0333": {
							"post": [0, -0.02, 0.17],
							"lerp_mode": "catmullrom"
						},
						"7.2": {
							"post": [0, 0, 0],
							"lerp_mode": "catmullrom"
						}
					}
				},
				"lefthand": {
					"rotation": [107.0152, -378.11296, -163.85497],
					"position": [8.375, -15, -12],
					"scale": {
						"0.0": [1, 1.5, 1],
						"0.1": [1, 2, 1],
						"4.5667": [1, 2, 1],
						"7.0667": [1, 1.5, 1]
					}
				},
				"righthand": {
					"rotation": [99.92205, 19.38449, -168.50279],
					"position": [-6.8, -15.825, 6.45],
					"scale": [1, 1.5, 1]
				},
				"camera": {
					"rotation": {
						"0.0": {
							"post": [0, 0, 0],
							"lerp_mode": "catmullrom"
						},
						"0.2667": {
							"post": [0.55, 0, 0],
							"lerp_mode": "catmullrom"
						},
						"0.6667": {
							"post": [-2.425, -0.25, -0.85],
							"lerp_mode": "catmullrom"
						},
						"0.8": {
							"post": [-2.21, -0.31, -0.65],
							"lerp_mode": "catmullrom"
						},
						"1.0": {
							"post": [-2.895, -0.38, -0.86],
							"lerp_mode": "catmullrom"
						},
						"1.3667": {
							"post": [-2.455, -0.25, -0.85],
							"lerp_mode": "catmullrom"
						},
						"1.7333": {
							"post": [4.925, 3.15, -1.425],
							"lerp_mode": "catmullrom"
						},
						"2.1": {
							"post": [6.075, 3.65, -1.425],
							"lerp_mode": "catmullrom"
						},
						"2.7333": {
							"post": [6.075, 3.85, -1.35],
							"lerp_mode": "catmullrom"
						},
						"3.1333": {
							"post": [1.525, 0, 0],
							"lerp_mode": "catmullrom"
						},
						"3.4": {
							"post": [0.955, -1.9, 1.35],
							"lerp_mode": "catmullrom"
						},
						"3.6333": {
							"post": [1.64, -1.97, 1.74],
							"lerp_mode": "catmullrom"
						},
						"3.7333": {
							"post": [2.11, -1.9, 2.025],
							"lerp_mode": "catmullrom"
						},
						"3.8667": {
							"post": [1.665, -1.83, 1.515],
							"lerp_mode": "catmullrom"
						},
						"4.0667": {
							"post": [2.14, -1.975, 1.85],
							"lerp_mode": "catmullrom"
						},
						"4.2333": {
							"post": [3.62, -2.97, 2.02],
							"lerp_mode": "catmullrom"
						},
						"4.3333": {
							"post": [4.83, -3.62, 2.94],
							"lerp_mode": "catmullrom"
						},
						"4.4333": {
							"post": [4.55, -3.96, 1.625],
							"lerp_mode": "catmullrom"
						},
						"4.5667": {
							"post": [5.36, -3.99, 2.385],
							"lerp_mode": "catmullrom"
						},
						"4.7333": {
							"post": [5.21, -4.01, 2.22],
							"lerp_mode": "catmullrom"
						},
						"4.9333": {
							"post": [5.24, -4.05, 1.775],
							"lerp_mode": "catmullrom"
						},
						"5.1667": {
							"post": [5.35, -4.09, 2.26],
							"lerp_mode": "catmullrom"
						},
						"5.2667": {
							"post": [5.81, -4.11, 3.08],
							"lerp_mode": "catmullrom"
						},
						"5.3667": {
							"post": [4.475, -4.13, 1.715],
							"lerp_mode": "catmullrom"
						},
						"5.4667": {
							"post": [4.405, -4.01, 2.065],
							"lerp_mode": "catmullrom"
						},
						"5.6": {
							"post": [2.415, -3.88, 1.75],
							"lerp_mode": "catmullrom"
						},
						"5.7667": {
							"post": [1.46, -3.3, 1.675],
							"lerp_mode": "catmullrom"
						},
						"6.1": {
							"post": [1.11, 0, 0],
							"lerp_mode": "catmullrom"
						},
						"6.4": {
							"post": [-1.3, 0, -0.775],
							"lerp_mode": "catmullrom"
						},
						"6.6333": {
							"post": [-1.3, 0, 0],
							"lerp_mode": "catmullrom"
						},
						"6.7667": {
							"post": [-0.15, 0, 0.15],
							"lerp_mode": "catmullrom"
						},
						"6.8667": {
							"post": [0.48, 0, 0.6],
							"lerp_mode": "catmullrom"
						},
						"7.0": {
							"post": [-0.22, 0, -0.525],
							"lerp_mode": "catmullrom"
						},
						"7.1667": {
							"post": [0, 0, 0],
							"lerp_mode": "catmullrom"
						}
					}
				}
			},
			"sound_effects": {
				"0.0667": {
					"effect": "tacz:m95/m95_inspect_raise"
				},
				"1.8333": {
					"effect": "tacz:m95/m95_inspect_rattle"
				},
				"2.8": {
					"effect": "tacz:m95/m95_inspect_rotate"
				},
				"3.2667": {
					"effect": "tacz:m95/m95_inspect_shoulder"
				},
				"5.4667": {
					"effect": "tacz:m95/m95_inspect_lower"
				},
				"6.3": {
					"effect": "tacz:m95/m95_inspect_end"
				}
			}
		},
		"reload_empty": {
			"loop": "hold_on_last_frame",
			"animation_length": 7.3,
			"bones": {
				"root": {
					"rotation": {
						"0.0": [0, 0, 0],
						"0.3": {
							"pre": [-10, 0, 0],
							"post": [-10, 0, 0],
							"lerp_mode": "catmullrom"
						},
						"0.4333": {
							"post": [-9.85108, -1.72794, -9.85108],
							"lerp_mode": "catmullrom"
						},
						"0.5667": {
							"post": [-8.96631, 0.8788, -4.93875],
							"lerp_mode": "catmullrom"
						},
						"0.7333": {
							"post": [-8.96631, -0.7812, -4.93875],
							"lerp_mode": "catmullrom"
						},
						"0.9": {
							"post": [-13.86924, -1.55572, -9.88052],
							"lerp_mode": "catmullrom"
						},
						"1.0333": {
							"post": [-13.86924, -1.55572, -9.88052],
							"lerp_mode": "catmullrom"
						},
						"1.1333": {
							"post": [-8.97113, -1.66419, -8.93948],
							"lerp_mode": "catmullrom"
						},
						"1.2333": {
							"post": [-8.93439, -3.35623, -11.51575],
							"lerp_mode": "catmullrom"
						},
						"1.3333": {
							"post": [-8.9726, -1.66337, -10.25104],
							"lerp_mode": "catmullrom"
						},
						"1.7": {
							"post": [-8.91757, -1.2465, -7.90398],
							"lerp_mode": "catmullrom"
						},
						"1.9667": {
							"post": [-8.93684, -3.71972, -6.52166],
							"lerp_mode": "catmullrom"
						},
						"2.1667": {
							"post": [-18.41, -9.01, -1.71],
							"lerp_mode": "catmullrom"
						},
						"2.4": {
							"post": [-13.39052, -22.98119, 2.92343],
							"lerp_mode": "catmullrom"
						},
						"2.5333": {
							"post": [-17.39, -22.98, 2.92],
							"lerp_mode": "catmullrom"
						},
						"2.6667": {
							"post": [-17.39, -22.98, 2.92],
							"lerp_mode": "catmullrom"
						},
						"2.8667": {
							"post": [-12.39, -22.98, 2.92],
							"lerp_mode": "catmullrom"
						},
						"2.9": {
							"post": [-5.69371, -23.92539, -6.01909],
							"lerp_mode": "catmullrom"
						},
						"3.0333": {
							"post": [-11.29711, -23.19017, 1.45483],
							"lerp_mode": "catmullrom"
						},
						"3.1333": {
							"post": [-8.76948, -23.60096, -1.93542],
							"lerp_mode": "catmullrom"
						},
						"3.2333": {
							"post": [-10.62848, -23.14519, 1.87344],
							"lerp_mode": "catmullrom"
						},
						"3.3667": {
							"post": [-7.1381, -23.45859, -0.91266],
							"lerp_mode": "catmullrom"
						},
						"3.5333": {
							"post": [-7.55672, -23.80947, -4.33571],
							"lerp_mode": "catmullrom"
						},
						"3.7333": {
							"post": [-9.25, -23.58, -2.19],
							"lerp_mode": "catmullrom"
						},
						"3.9333": {
							"post": [-11.29711, -23.19017, 1.45483],
							"lerp_mode": "catmullrom"
						},
						"4.0": {
							"post": [-8.8, -23.19, 1.45],
							"lerp_mode": "catmullrom"
						},
						"4.1": {
							"post": [-13.8, -23.19, 1.45],
							"lerp_mode": "catmullrom"
						},
						"4.3": {
							"post": [-11.29711, -23.19017, 1.45483],
							"lerp_mode": "catmullrom"
						},
						"4.5667": {
							"post": [-11.29711, -19.23517, 1.45483],
							"lerp_mode": "catmullrom"
						},
						"4.7": {
							"post": [-1.88, -3.71, 10.7],
							"lerp_mode": "catmullrom"
						},
						"4.9333": {
							"post": [-7.46263, 6.77006, 19.93877],
							"lerp_mode": "catmullrom"
						},
						"5.0667": {
							"post": [-7.46, 6.77, 19.94],
							"lerp_mode": "catmullrom"
						},
						"5.1667": {
							"post": [-7.46, 6.77, 19.94],
							"lerp_mode": "catmullrom"
						},
						"5.2667": {
							"post": [-12.46, 6.77, 19.94],
							"lerp_mode": "catmullrom"
						},
						"5.3667": {
							"post": [-12.46, 6.77, 19.94],
							"lerp_mode": "catmullrom"
						},
						"5.4333": {
							"post": [-7.46, 6.77, 19.94],
							"lerp_mode": "catmullrom"
						},
						"5.5": {
							"post": [-7.38, 6.77, 18.77],
							"lerp_mode": "catmullrom"
						},
						"5.6333": {
							"post": [-8.095, 6.77, 21.15],
							"lerp_mode": "catmullrom"
						},
						"5.7333": {
							"post": [-2.46, 6.77, 19.94],
							"lerp_mode": "catmullrom"
						},
						"5.8667": {
							"post": [-11.88619, 5.71678, 2.36642],
							"lerp_mode": "catmullrom"
						},
						"6.0333": {
							"post": [-10.39, 5.72, 2.37],
							"lerp_mode": "catmullrom"
						},
						"6.1667": {
							"post": [1.5, 0, 0],
							"lerp_mode": "catmullrom"
						},
						"6.3667": {
							"post": [1.5, 0, 0],
							"lerp_mode": "catmullrom"
						},
						"6.4333": {
							"post": [0.5, 0, 0],
							"lerp_mode": "catmullrom"
						},
						"6.5": {
							"post": [0, 0, 0],
							"lerp_mode": "catmullrom"
						}
					},
					"position": {
						"0.0": [0, 0, 0],
						"0.1667": {
							"pre": [0, -0.745, 1.67],
							"post": [0, -0.745, 1.67],
							"lerp_mode": "catmullrom"
						},
						"0.3333": {
							"post": [0, 1.26, 1.67],
							"lerp_mode": "catmullrom"
						},
						"0.4667": {
							"post": [0, 0.26, 2.43],
							"lerp_mode": "catmullrom"
						},
						"0.6": {
							"post": [0, 0.26, 2.755],
							"lerp_mode": "catmullrom"
						},
						"0.7667": {
							"post": [0, 0.26, 2.755],
							"lerp_mode": "catmullrom"
						},
						"0.9333": {
							"post": [0, 0.83, 2.76],
							"lerp_mode": "catmullrom"
						},
						"1.0667": {
							"post": [0, 0.83, 2.76],
							"lerp_mode": "catmullrom"
						},
						"1.1333": {
							"post": [0, -0.24, 2.76],
							"lerp_mode": "catmullrom"
						},
						"1.3333": {
							"post": [0, 0.375, 2.76],
							"lerp_mode": "catmullrom"
						},
						"1.5": {
							"post": [0, 0.375, 2.76],
							"lerp_mode": "catmullrom"
						},
						"1.7667": {
							"post": [0, 0.375, 2.76],
							"lerp_mode": "catmullrom"
						},
						"2.0": {
							"post": [0, 1.34, 2.76],
							"lerp_mode": "catmullrom"
						},
						"2.1667": {
							"post": [0, 1.96, 4.76],
							"lerp_mode": "catmullrom"
						},
						"2.3667": {
							"post": [0, 2.33, 2.76],
							"lerp_mode": "catmullrom"
						},
						"2.5": {
							"post": [0, 1.33, 2.76],
							"lerp_mode": "catmullrom"
						},
						"2.6667": {
							"post": [0, 1.33, 2.76],
							"lerp_mode": "catmullrom"
						},
						"2.8": {
							"post": [0, 0.31, 2.76],
							"lerp_mode": "catmullrom"
						},
						"2.9": {
							"post": [0, 1.235, 2.76],
							"lerp_mode": "catmullrom"
						},
						"3.0": {
							"post": [0, 0.8, 2.76],
							"lerp_mode": "catmullrom"
						},
						"3.2": {
							"post": [0, 0.8, 2.76],
							"lerp_mode": "catmullrom"
						},
						"3.3333": {
							"post": [-0.01, -0.2, 2.77],
							"lerp_mode": "catmullrom"
						},
						"3.5": {
							"post": [-0.02, 0.39, 2.79],
							"lerp_mode": "catmullrom"
						},
						"3.7333": {
							"post": [-0.05, 0.65, 2.83],
							"lerp_mode": "catmullrom"
						},
						"3.9667": {
							"post": [0, 0.8, 2.76],
							"lerp_mode": "catmullrom"
						},
						"4.0333": {
							"post": [0.575, 0.8, 2.86],
							"lerp_mode": "catmullrom"
						},
						"4.1333": {
							"post": [0.035, 0.165, 3.21],
							"lerp_mode": "catmullrom"
						},
						"4.3": {
							"post": [0, 0.8, 2.76],
							"lerp_mode": "catmullrom"
						},
						"4.5667": {
							"post": [0, 0.8, 2.76],
							"lerp_mode": "catmullrom"
						},
						"4.7": {
							"post": [0, -1.88, 2.76],
							"lerp_mode": "catmullrom"
						},
						"4.8667": {
							"post": [0, 0.21, 5.335],
							"lerp_mode": "catmullrom"
						},
						"5.0": {
							"post": [0, 0.21, 3.34],
							"lerp_mode": "catmullrom"
						},
						"5.0667": {
							"post": [0, 0.21, 3.34],
							"lerp_mode": "catmullrom"
						},
						"5.1667": {
							"post": [0, 0.21, 3.34],
							"lerp_mode": "catmullrom"
						},
						"5.2667": {
							"post": [0, 0.21, 5.335],
							"lerp_mode": "catmullrom"
						},
						"5.3667": {
							"post": [0, 0.21, 4.335],
							"lerp_mode": "catmullrom"
						},
						"5.4333": {
							"post": [0, 0.21, 3.34],
							"lerp_mode": "catmullrom"
						},
						"5.5": {
							"post": [0, 0.21, 3.575],
							"lerp_mode": "catmullrom"
						},
						"5.6": {
							"post": [0, 0.21, 3.58],
							"lerp_mode": "catmullrom"
						},
						"5.7667": {
							"post": [0, -2.72, 2.58],
							"lerp_mode": "catmullrom"
						},
						"5.9": {
							"post": [0, -2.72, 3.58],
							"lerp_mode": "catmullrom"
						},
						"6.0667": {
							"post": [0, 1.28, 5.58],
							"lerp_mode": "catmullrom"
						},
						"6.2": {
							"post": [0, 0.28, 0.58],
							"lerp_mode": "catmullrom"
						},
						"6.3333": {
							"post": [0, -0.72, 1.58],
							"lerp_mode": "catmullrom"
						},
						"6.4": {
							"post": [0, 0.04, -0.06],
							"lerp_mode": "catmullrom"
						},
						"6.4667": {
							"post": [0, 0.04, -0.63],
							"lerp_mode": "catmullrom"
						},
						"6.5333": {
							"post": [0, 0, 0],
							"lerp_mode": "catmullrom"
						}
					}
				},
				"righthand": {
					"rotation": {
						"0.0": [99.92205, 19.38449, -168.50279],
						"4.9": [99.92205, 19.38449, -168.50279],
						"5.0667": [91.67411, 11.79638, -254.60734],
						"5.1667": [91.67, 11.8, -254.61],
						"5.3": [91.97868, 34.28897, -253.83657],
						"5.4": [91.65757, 9.3021, -254.6878],
						"5.5667": [91.65757, 9.3021, -254.6878],
						"5.7": [99.92205, 19.38449, -168.50279]
					},
					"position": {
						"0.0": [-6.8, -15.825, 6.45],
						"4.9": [-6.8, -15.825, 6.45],
						"5.0667": [-9.8, -10.82, 5.45],
						"5.1667": [-9.8, -10.82, 5.45],
						"5.3": [-9.8, -10.82, 9.45],
						"5.4": [-9.8, -10.82, 4.45],
						"5.5667": [-9.8, -10.82, 4.45],
						"5.7": [-6.8, -15.825, 6.45]
					},
					"scale": [1, 1.5, 1]
				},
				"lefthand": {
					"rotation": {
						"0.0": [107.0152, -378.11296, -163.85497],
						"0.6667": [107.02, -378.11, -163.85],
						"0.9": [169.98069, -369.76979, -217.17947],
						"1.0": [169.98069, -369.76979, -217.17947],
						"1.0667": [172.85186, -372.0222, -232.28488],
						"1.9667": [172.85, -372.02, -232.28],
						"2.3667": [16.65469, -373.80375, -87.06547],
						"2.8": [16.65469, -373.80375, -87.06547],
						"2.8667": [20.52631, -366.53978, -108.72642],
						"3.0667": {
							"pre": [159.5971, -366.53978, -108.72642],
							"post": [159.5971, -366.53978, -108.72642],
							"lerp_mode": "catmullrom"
						},
						"3.2": {
							"post": [159.59705, -352.01238, -243.78261],
							"lerp_mode": "catmullrom"
						},
						"3.4": {
							"post": [159.59705, -352.01238, -243.78261],
							"lerp_mode": "catmullrom"
						},
						"3.4667": {
							"post": [159.59705, -352.01238, -243.78261],
							"lerp_mode": "catmullrom"
						},
						"4.1": [158.16462, -359.28056, -262.47889],
						"4.2": [158.16, -359.28, -262.48],
						"4.4": {
							"pre": [115.01101, -425.7651, -199.28717],
							"post": [115.01101, -425.7651, -199.28717],
							"lerp_mode": "catmullrom"
						},
						"4.5333": {
							"post": [193.13368, -356.96214, -263.41463],
							"lerp_mode": "catmullrom"
						},
						"4.7": {
							"post": [193.13368, -356.96214, -263.41463],
							"lerp_mode": "catmullrom"
						},
						"4.8667": {
							"post": [127.83048, -387.85633, -229.40396],
							"lerp_mode": "catmullrom"
						},
						"5.1": {
							"post": [107.0152, -378.11296, -163.85497],
							"lerp_mode": "catmullrom"
						}
					},
					"position": {
						"0.0": [8.375, -15, -12],
						"0.6667": [8.38, -15, -12],
						"0.8": [15.38, -15, -12],
						"0.9": [12.38, -15, -2],
						"1.0": [12.38, -15, -2],
						"1.9667": [12.38, -15, -2],
						"2.3667": [9.38, -20, -2],
						"2.8": [9.38, -20, -2],
						"3.0667": {
							"pre": [9.38, -20, -2],
							"post": [9.38, -20, -2],
							"lerp_mode": "catmullrom"
						},
						"3.2333": {
							"post": [12.38, -14, -2],
							"lerp_mode": "catmullrom"
						},
						"3.4333": {
							"post": [11.38, -11, -2],
							"lerp_mode": "catmullrom"
						},
						"4.0667": [8.38, -6.765, -2],
						"4.1333": [8.38, -8, -2],
						"4.2": [8.38, -8, -2],
						"4.4": {
							"pre": [7.38, 3, -4],
							"post": [7.38, 3, -4],
							"lerp_mode": "catmullrom"
						},
						"4.5333": {
							"post": [7.38, -8, 6],
							"lerp_mode": "catmullrom"
						},
						"4.7": {
							"post": [7.38, -8, 6],
							"lerp_mode": "catmullrom"
						},
						"4.8667": {
							"post": [16.38, -19, -7],
							"lerp_mode": "catmullrom"
						},
						"5.1": {
							"post": [8.375, -15, -12],
							"lerp_mode": "catmullrom"
						}
					},
					"scale": [1, 1.5, 1]
				},
				"mag_and_lh": {
					"rotation": {
						"1.0667": [0, 0, 0],
						"1.1667": [0, 0, 35],
						"2.5333": [0, 0, 35],
						"2.7333": [0, 0, 35],
						"2.8": [0, 0, 35],
						"2.8667": [0, 0, 0]
					},
					"position": {
						"1.1333": [0, 0, 0],
						"1.2333": [-14, -16, 0],
						"2.5333": [-14, -16, 0],
						"2.7333": [-2, 0, 0],
						"2.8": [-2, 0, 0],
						"2.8667": [0, 0, 0]
					}
				},
				"chain_anim": {
					"rotation": {
						"0.0": [0, 0, 0],
						"0.1": [0, 0, -21.02],
						"0.2": [0, 0, -42.64],
						"0.4333": [0, 0, -56.43],
						"0.6667": [0, 0, -57.5],
						"0.7": [0, 0, 62.5],
						"2.5333": [0, 0, 17.5],
						"3.4333": [0, 0, 17.5],
						"4.0667": [0, 0, 0]
					},
					"position": {
						"0.0": [0, 0, 0],
						"0.1": [-1.074, 0.23, 0],
						"0.2": [-1.65, -0.404, 0],
						"0.4333": [-3, 1, 0],
						"0.7": [-1.34, 2.51, 0],
						"2.5333": [3.51111, -3.25089, 0],
						"3.4333": [3.51111, -3.25089, 0],
						"4.0667": [0, 1, 0],
						"4.1333": [0, 0, 0]
					},
					"scale": {
						"0.0": [0, 0, 0],
						"1.3667": [0, 0, 0],
						"1.4333": [1, 1, 1]
					}
				},
				"UP": {
					"rotation": {
						"1.0": {
							"pre": [0, 0, 0],
							"post": [0, 0, 0],
							"lerp_mode": "catmullrom"
						},
						"1.1": {
							"post": [40, 0, 0],
							"lerp_mode": "catmullrom"
						},
						"1.1667": {
							"post": [85, 0, 0],
							"lerp_mode": "catmullrom"
						},
						"1.2667": {
							"post": [100, 0, 0],
							"lerp_mode": "catmullrom"
						},
						"1.3667": {
							"post": [70, 0, 0],
							"lerp_mode": "catmullrom"
						},
						"1.4667": {
							"post": [95, 0, 0],
							"lerp_mode": "catmullrom"
						},
						"1.5667": {
							"post": [75, 0, 0],
							"lerp_mode": "catmullrom"
						},
						"1.6667": {
							"post": [80, 0, 0],
							"lerp_mode": "catmullrom"
						},
						"1.7667": {
							"post": [85, 0, 0],
							"lerp_mode": "catmullrom"
						},
						"2.8": {
							"post": [86, 0, 0],
							"lerp_mode": "catmullrom"
						},
						"2.9": {
							"post": [101, 0, 0],
							"lerp_mode": "catmullrom"
						},
						"3.0": {
							"post": [71, 0, 0],
							"lerp_mode": "catmullrom"
						},
						"3.1": {
							"post": [90, 0, 0],
							"lerp_mode": "catmullrom"
						},
						"3.2": {
							"post": [75, 0, 0],
							"lerp_mode": "catmullrom"
						},
						"3.3": {
							"post": [85, 0, 0],
							"lerp_mode": "catmullrom"
						},
						"4.4": [85, 0, 0],
						"4.5333": [0, 0, 0]
					},
					"position": [0, 0, 0]
				},
				"Bolt": {
					"position": {
						"5.1667": [0, 0, 0],
						"5.3": [0, 0, 4],
						"5.4333": [0, 0, 0]
					}
				},
				"camera": {
					"rotation": {
						"0.0": {
							"post": [0, 0, 0],
							"lerp_mode": "catmullrom"
						},
						"0.1667": {
							"post": [2, 0, 2],
							"lerp_mode": "catmullrom"
						},
						"0.4": {
							"post": [-1, 0, 0.5],
							"lerp_mode": "catmullrom"
						},
						"0.4667": {
							"post": [-1.32, 0, 0.26],
							"lerp_mode": "catmullrom"
						},
						"0.5333": {
							"post": [-1.08, 0, 0.46],
							"lerp_mode": "catmullrom"
						},
						"0.6333": {
							"post": [-1.24, 0, 0.22],
							"lerp_mode": "catmullrom"
						},
						"0.7667": {
							"post": [-1.24, 0, 0.22],
							"lerp_mode": "catmullrom"
						},
						"0.9333": {
							"post": [-2.24, 0, 1.22],
							"lerp_mode": "catmullrom"
						},
						"1.0667": {
							"post": [-2.24, 0, 1.22],
							"lerp_mode": "catmullrom"
						},
						"1.1667": {
							"post": [-0.24, 0, 0.945],
							"lerp_mode": "catmullrom"
						},
						"1.2667": {
							"post": [-0.84, 0, 1.19],
							"lerp_mode": "catmullrom"
						},
						"1.3667": {
							"post": [-0.44, 0, 0.87],
							"lerp_mode": "catmullrom"
						},
						"1.4667": {
							"post": [-0.58, 0, 1.01],
							"lerp_mode": "catmullrom"
						},
						"1.7": {
							"post": [-0.58, 0, 1.01],
							"lerp_mode": "catmullrom"
						},
						"1.9667": {
							"post": [-1.29, 0, 1.01],
							"lerp_mode": "catmullrom"
						},
						"2.1333": {
							"post": [-1.29, 0, 0.335],
							"lerp_mode": "catmullrom"
						},
						"2.3": {
							"post": [-0.79, 0, 0.705],
							"lerp_mode": "catmullrom"
						},
						"2.4333": {
							"post": [-1.05, 0, 0.55],
							"lerp_mode": "catmullrom"
						},
						"2.5667": {
							"post": [-0.87, 0, 0.69],
							"lerp_mode": "catmullrom"
						},
						"2.8667": {
							"post": [-0.87, 0, 0.69],
							"lerp_mode": "catmullrom"
						},
						"2.9": {
							"post": [0.19, 0, 1.19],
							"lerp_mode": "catmullrom"
						},
						"2.9667": {
							"post": [-0.87, 0, 0.77],
							"lerp_mode": "catmullrom"
						},
						"3.0333": {
							"post": [-0.75, 0, 0.95],
							"lerp_mode": "catmullrom"
						},
						"3.1333": {
							"post": [-0.91, 0, 0.85],
							"lerp_mode": "catmullrom"
						},
						"3.2333": {
							"post": [-0.75, 0, 0.97],
							"lerp_mode": "catmullrom"
						},
						"3.3333": {
							"post": [0.17, 0, 0.57],
							"lerp_mode": "catmullrom"
						},
						"3.4333": {
							"post": [-0.59, 0, 0.91],
							"lerp_mode": "catmullrom"
						},
						"4.1": {
							"post": [-1.31, 0, 0.57],
							"lerp_mode": "catmullrom"
						},
						"4.1667": {
							"post": [-0.99, 0, 0.81],
							"lerp_mode": "catmullrom"
						},
						"4.4": {
							"post": [-2, 0, 0.81],
							"lerp_mode": "catmullrom"
						},
						"4.4667": {
							"post": [-1.39, 0, 0.82],
							"lerp_mode": "catmullrom"
						},
						"4.5333": {
							"post": [-1.37, 0, 1.06],
							"lerp_mode": "catmullrom"
						},
						"4.6333": {
							"post": [-1.545, 0, 0.91],
							"lerp_mode": "catmullrom"
						},
						"4.7333": {
							"post": [-1.24, 0, 1.06],
							"lerp_mode": "catmullrom"
						},
						"5.0667": {
							"post": [-0.24, 0, 0.31],
							"lerp_mode": "catmullrom"
						},
						"5.2": {
							"post": [0.76, 0, -0.89],
							"lerp_mode": "catmullrom"
						},
						"5.4": {
							"post": [-1.41, 0, 0.71],
							"lerp_mode": "catmullrom"
						},
						"5.5": {
							"post": [-0.945, 0, 0.495],
							"lerp_mode": "catmullrom"
						},
						"5.5667": {
							"post": [-1.17, 0, 0.625],
							"lerp_mode": "catmullrom"
						},
						"5.6333": {
							"post": [-1.17, 0, 0.63],
							"lerp_mode": "catmullrom"
						},
						"5.7667": {
							"post": [-0.17, 0, -0.37],
							"lerp_mode": "catmullrom"
						},
						"5.9": {
							"post": [-1.17, 0, 0.52],
							"lerp_mode": "catmullrom"
						},
						"6.0": {
							"post": [-0.65, 0, 0.21],
							"lerp_mode": "catmullrom"
						},
						"6.1": {
							"post": [-0.845, 0, 0.44],
							"lerp_mode": "catmullrom"
						},
						"6.3": {
							"post": [0.755, 0, 1.6],
							"lerp_mode": "catmullrom"
						},
						"6.4333": {
							"post": [0.64, 0, -0.85],
							"lerp_mode": "catmullrom"
						},
						"6.5667": {
							"post": [-1.635, 0, -0.415],
							"lerp_mode": "catmullrom"
						},
						"6.7": {
							"post": [-0.475, 0, 0.365],
							"lerp_mode": "catmullrom"
						},
						"6.8": {
							"post": [-0.955, 0, -0.35],
							"lerp_mode": "catmullrom"
						},
						"6.9333": {
							"post": [0.23, 0, 0.265],
							"lerp_mode": "catmullrom"
						},
						"7.0333": {
							"post": [-0.105, 0, -0.13],
							"lerp_mode": "catmullrom"
						},
						"7.1333": {
							"post": [0, 0, 0],
							"lerp_mode": "catmullrom"
						}
					}
				},
				"lefthand_pos": {
					"rotation": {
						"0.0": [0, 0, 0],
						"4.5667": [0, 0, 0]
					}
				},
				"Mag_bullet2": {
					"rotation": {
						"3.5": {
							"pre": [0, 0, 0],
							"post": [0, 0, 0],
							"lerp_mode": "catmullrom"
						},
						"3.6": {
							"post": [-4, 0, 0],
							"lerp_mode": "catmullrom"
						},
						"3.7667": {
							"post": [-8, 0, 0],
							"lerp_mode": "catmullrom"
						},
						"3.9": {
							"post": [-17, 0, 0],
							"lerp_mode": "catmullrom"
						},
						"4.0667": {
							"post": [-8, 0, 0],
							"lerp_mode": "catmullrom"
						},
						"4.2": {
							"post": [0, 0, 0],
							"lerp_mode": "catmullrom"
						}
					}
				},
				"Mag_bullet1": {
					"rotation": {
						"3.6": {
							"pre": [0, 0, 0],
							"post": [0, 0, 0],
							"lerp_mode": "catmullrom"
						},
						"3.6667": {
							"post": [-17, 0, 0],
							"lerp_mode": "catmullrom"
						},
						"3.8667": {
							"post": [-8, 0, 0],
							"lerp_mode": "catmullrom"
						},
						"4.0": {
							"post": [-17, 0, 0],
							"lerp_mode": "catmullrom"
						},
						"4.1667": {
							"post": [-8, 0, 0],
							"lerp_mode": "catmullrom"
						},
						"4.3": {
							"post": [0, 0, 0],
							"lerp_mode": "catmullrom"
						}
					}
				},
				"bullet9": {
					"scale": {
						"0.2333": [0, 0, 0],
						"2.5": [1, 1, 1]
					}
				},
				"bullet8": {
					"scale": {
						"0.2333": [0, 0, 0],
						"2.5": [1, 1, 1]
					}
				},
				"constraint": {
					"rotation": [0.2, 0.2, 0.4],
					"position": [0.1, 0.1, 0.1]
				},
				"Mag_bullet5": {
					"rotation": {
						"3.6": {
							"pre": [0, 0, 0],
							"post": [0, 0, 0],
							"lerp_mode": "catmullrom"
						},
						"3.6667": {
							"post": [-17, 0, 0],
							"lerp_mode": "catmullrom"
						},
						"3.8667": {
							"post": [-8, 0, 0],
							"lerp_mode": "catmullrom"
						},
						"4.0": {
							"post": [-17, 0, 0],
							"lerp_mode": "catmullrom"
						},
						"4.1667": {
							"post": [-8, 0, 0],
							"lerp_mode": "catmullrom"
						},
						"4.3": {
							"post": [0, 0, 0],
							"lerp_mode": "catmullrom"
						}
					}
				},
				"bullet10": {
					"scale": {
						"0.2333": [0, 0, 0],
						"2.5": [1, 1, 1]
					}
				},
				"Mag_bullet6": {
					"rotation": {
						"3.5": {
							"pre": [0, 0, 0],
							"post": [0, 0, 0],
							"lerp_mode": "catmullrom"
						},
						"3.6": {
							"post": [-4, 0, 0],
							"lerp_mode": "catmullrom"
						},
						"3.7667": {
							"post": [-8, 0, 0],
							"lerp_mode": "catmullrom"
						},
						"3.9": {
							"post": [-17, 0, 0],
							"lerp_mode": "catmullrom"
						},
						"4.0667": {
							"post": [-8, 0, 0],
							"lerp_mode": "catmullrom"
						},
						"4.2": {
							"post": [0, 0, 0],
							"lerp_mode": "catmullrom"
						}
					}
				},
				"bullet18": {
					"scale": {
						"0.2333": [0, 0, 0],
						"2.5": [1, 1, 1]
					}
				}
			},
			"sound_effects": {
				"0.2667": {
					"effect": "emxmors:emx_xenophage/2"
				},
				"2.7": {
					"effect": "emxmors:emx_xenophage/3"
				},
				"3.3667": {
					"effect": "emxmors:emx_xenophage/4"
				},
				"4.2667": {
					"effect": "emxmors:emx_xenophage/5"
				},
				"5.2": {
					"effect": "emxmors:emx_xenophage/6"
				}
			}
		},
		"static_bolt_caught": {
			"loop": true,
			"bones": {
				"root": {
					"rotation": [0, 0, 0],
					"position": [0, 0, 0]
				},
				"righthand": {
					"rotation": [99.92205, 19.38449, -168.50279],
					"position": [-6.8, -15.825, 6.45],
					"scale": [1, 1.5, 1]
				},
				"lefthand": {
					"rotation": [107.0152, -378.11296, -163.85497],
					"position": [8.375, -15, -12],
					"scale": [1, 1.5, 1]
				},
				"constraint": {
					"rotation": [0.2, 0.2, 0.4],
					"position": [0.1, 0.1, 0.1]
				},
				"chain_anim": {
					"scale": 0
				}
			}
		}
	}
}