{
	"format_version": "1.8.0",
	"animations": {
		"static_idle": {
			"loop": true,
			"bones": {
				"righthand": {
					"rotation": [100.03742, 4.92385, -179.12962],
					"position": [-6.8, -14.2, 7.4],
					"scale": [1, 1.5, 1]
				},
				"lefthand": {
					"rotation": [90.4533, -389.73135, -129.57361],
					"position": [7.4, -13.62187, -7.46875],
					"scale": [1, 1.5, 1]
				},
				"constraint": {
					"rotation": [0.2, 0.2, 0.4],
					"position": [0.1, 0.1, 0.1]
				}
			}
		},
		"shoot": {
			"loop": "hold_on_last_frame",
			"animation_length": 0.5667,
			"bones": {
				"root": {
					"rotation": {
						"0.0": [0, 0, 0],
						"0.0167": [-1.75, 0, -1.12],
						"0.0333": [-1.82, 0, 0.15],
						"0.05": [-1.47, 0, 1.3],
						"0.0667": [-1.2, 0, 1.11],
						"0.0833": [-0.84, 0, 0.62],
						"0.1": [-0.44, 0, 0],
						"0.1167": [-0.09, 0, -0.54],
						"0.1333": [0.13, 0, -0.81],
						"0.15": [0.17, 0, -0.54],
						"0.1667": [0, 0, 0.11],
						"0.1833": [-0.12, 0, 0.48],
						"0.2": [-0.12, 0, 0.3],
						"0.2167": [-0.09, 0, -0.12],
						"0.2333": [-0.04, 0, -0.54],
						"0.25": [0.02, 0, -0.76],
						"0.2667": [0.06, 0, -0.72],
						"0.2833": [0.11, 0, -0.58],
						"0.3": [0.17, 0, -0.38],
						"0.3167": [0.22, 0, -0.16],
						"0.3333": [0.27, 0, 0.04],
						"0.35": [0.3, 0, 0.18],
						"0.3667": [0.31, -0.01, 0.24],
						"0.3833": [0.32, -0.01, 0.28],
						"0.4": [0.31, -0.03, 0.3],
						"0.4167": [0.3, -0.04, 0.3],
						"0.4333": [0.29, -0.05, 0.3],
						"0.45": [0.27, -0.05, 0.29],
						"0.4667": [0.25, -0.05, 0.27],
						"0.4833": [0.22, -0.05, 0.25],
						"0.5": [0.17, -0.04, 0.2],
						"0.5167": [0.12, -0.03, 0.14],
						"0.5333": [0.07, -0.02, 0.09],
						"0.55": [0.03, -0.01, 0.03],
						"0.5667": [0, 0, 0]
					},
					"position": {
						"0.0": [0, 0, 0],
						"0.0167": [0, -0.07, 1.55],
						"0.0333": [0, -0.07, 1.59],
						"0.05": [0, -0.07, 1.56],
						"0.0667": [0, -0.06, 1.47],
						"0.0833": [0, -0.05, 1.34],
						"0.1": [0, -0.05, 1.19],
						"0.1167": [0, -0.05, 1.04],
						"0.1333": [0, -0.08, 0.77],
						"0.15": [0, -0.11, 0.43],
						"0.1667": [0, -0.14, 0.11],
						"0.1833": [0, -0.15, -0.1],
						"0.2": [0, -0.15, -0.14],
						"0.2167": [0, -0.14, -0.14],
						"0.2333": [0, -0.13, -0.11],
						"0.25": [0, -0.12, -0.06],
						"0.2667": [0, -0.1, -0.01],
						"0.2833": [0, -0.09, 0.03],
						"0.3": [0, -0.07, 0.06],
						"0.3167": [0, -0.06, 0.06],
						"0.3333": [0, -0.05, 0.05],
						"0.35": [0, -0.04, 0.04],
						"0.3667": [0, -0.03, 0.03],
						"0.3833": [0, -0.02, 0.02],
						"0.4": [0, -0.01, 0.01],
						"0.4167": [0, 0, 0],
						"0.4333": [0, 0, 0],
						"0.45": [0, 0.01, 0],
						"0.4667": [0, 0.01, 0],
						"0.4833": [0, 0.01, 0],
						"0.5": [0, 0, 0],
						"0.5167": [0, 0, 0],
						"0.5333": [0, 0, 0],
						"0.55": [0, 0, 0],
						"0.5667": [0, 0, 0]
					}
				},
				"bolt": {
					"position": {
						"0.0167": [0, 0, 0],
						"0.05": [0, 0, 5],
						"0.0833": [0, 0, 0],
						"0.1": [0, 0, 0.3],
						"0.1167": [0, 0, 0],
						"0.15": [0, 0, 0.1],
						"0.1833": [0, 0, 0]
					}
				},
				"constraint": {
					"rotation": {
						"0.15": [0.3, 0.3, 0.3],
						"0.2333": [0.1, 0.1, 0.1],
						"0.3333": [0, 0, 0]
					},
					"position": {
						"0.15": [0.15, 0.05, 0.4],
						"0.2333": [0.1, 0, 0.1],
						"0.3333": [0, 0, 0]
					}
				},
				"additional_magazine": {
					"scale": 1
				},
				"camera": {
					"rotation": {
						"0.0": [0, 0, 0],
						"0.0167": [0, 0, 0],
						"0.0333": [0, 0, 1.02],
						"0.05": [0, 0, -0.7],
						"0.0667": [0, 0, -0.1],
						"0.0833": [0, 0, 0.6],
						"0.1": [0, 0, 0.41],
						"0.1167": [0, 0, -0.03],
						"0.1333": [0, 0, -0.3],
						"0.15": [0, 0, -0.22],
						"0.1667": [0, 0, 0],
						"0.1833": [0, 0, 0.23],
						"0.2": [0, 0, 0.35],
						"0.2167": [0, 0, 0.31],
						"0.2333": [0, 0, 0.2],
						"0.25": [0, 0, 0.06],
						"0.2667": [0, 0, -0.07],
						"0.2833": [0, 0, -0.15],
						"0.3": [0, 0, -0.16],
						"0.3167": [0, 0, -0.14],
						"0.3333": [0, 0, -0.11],
						"0.35": [0, 0, -0.06],
						"0.3667": [0, 0, -0.02],
						"0.3833": [0, 0, 0]
					}
				}
			}
		},
		"inspect": {
			"loop": "hold_on_last_frame",
			"animation_length": 7.7,
			"bones": {
				"righthand": {
					"rotation": {
						"0.0": [100.03742, 4.92385, -179.12962],
						"5.05": [100.04, 4.92, -179.13],
						"5.2": [100.04, 4.92, -179.13],
						"5.35": [83.22056, -1.35327, -239.64975],
						"5.45": [83.12771, 0.74609, -222.27477],
						"6.55": [83.13, 0.75, -222.27],
						"6.65": [85.43059, 5.18983, -179.93218],
						"6.95": [100.03742, 4.92385, -179.12962]
					},
					"position": {
						"0.0": [-6.8, -14.2, 7.4],
						"5.05": [-6.8, -14.2, 7.4],
						"5.2": [-10.8, -14.2, 7.4],
						"5.35": [-8.8, -11.2, 5.4],
						"5.45": [-9.8, -9.2, 5.4],
						"5.6": [-9.8, -9.2, 7.4],
						"6.05": [-9.8, -9.2, 7.62],
						"6.5": [-9.8, -9.2, 7.4],
						"6.55": [-9.8, -9.2, 5.4],
						"6.7": [-9.8, -12.2, 5.4],
						"6.85": [-12.8, -12.2, 5.4],
						"7.0": [-6.8, -14.2, 7.4]
					},
					"scale": [1, 1.5, 1]
				},
				"lefthand": {
					"rotation": {
						"0.0": [90.4533, -389.73135, -129.57361],
						"0.15": [108.12763, -408.44328, -187.84224],
						"0.3": [99.03115, -410.32616, -175.88398],
						"1.5": [99.03, -410.33, -175.88],
						"1.55": [100.84, -403.04, -181.84],
						"1.6": [103.46, -392.64, -190.33],
						"1.65": [106.31, -382.34, -198.62],
						"1.75": [115.56394, -355.23367, -219.6111],
						"1.85": [125.38208, -355.81641, -216.65153],
						"1.95": [123.85876, -356.5603, -214.79789],
						"2.05": [119.40098, -373.78197, -208.72665],
						"2.1": [111.80256, -366.89223, -195.46899],
						"2.25": [104.97284, -355.46758, -191.74261],
						"2.4": [110.05473, -355.63742, -191.11203],
						"2.75": [110.05473, -355.63742, -191.11203],
						"2.9": [108.49, -354.88, -191.9],
						"3.0": [109.1233, -358.76128, -180.52526],
						"4.0": [109.1233, -358.76128, -180.52526],
						"4.1": [115.79932, -356.8725, -209.45764],
						"4.75": [115.79932, -356.8725, -209.45764],
						"4.95": [111.59, -376.59, -161.53],
						"5.05": [90.4533, -389.73135, -129.57361],
						"5.3": [69.4533, -389.73135, -129.57361],
						"6.95": [71.4533, -389.73135, -129.57361],
						"7.1": [90.4533, -389.73135, -129.57361]
					},
					"position": {
						"0.0": [7.4, -13.62187, -7.46875],
						"0.15": [14.3, -27.8, -3.8],
						"0.3": [9.9, -45.2, 22.9],
						"1.5": [9.9, -45.2, 22.9],
						"1.55": [8.99, -36.38, 15.62],
						"1.6": [8.09, -27.57, 8.33],
						"1.65": [7.18, -18.75, 1.05],
						"1.75": [7.35, -16.5, -1.5],
						"1.95": [7.35, -16.5, -1.5],
						"2.05": [7.35, -16.975, -1.1],
						"2.25": [7.31, -16.92, -0.745],
						"2.9": [7.31, -16.92, -0.745],
						"3.0": [8.54, -16.78, -1.6],
						"4.0": [8.54, -16.78, -1.6],
						"4.1": [7.65, -17.1, -1.275],
						"4.75": [7.65, -17.1, -1.275],
						"4.9": [7.91, -15.06, -4.48],
						"5.05": [7.4, -13.62187, -7.46875],
						"6.95": [7.4, -13.62187, -7.46875],
						"7.1": [7.4, -13.62187, -7.46875]
					},
					"scale": {
						"0.0": [1, 1.5, 1],
						"5.05": [1, 1.5, 1],
						"7.1": [1, 1.5, 1]
					}
				},
				"root": {
					"rotation": {
						"0.0": [0, 0, 0],
						"0.05": [-0.62, 0.43, -0.94],
						"0.1": [-1.68, 0.82, -2.72],
						"0.15": [-3.95, -0.36, -7.56],
						"0.2": [-8.54, -4.6, -18.61],
						"0.25": [-14.33, -10.41, -32.73],
						"0.3": [-18.77, -14.74, -42.66],
						"0.35": [-20.73, -16.13, -44.45],
						"0.4": [-21.35, -16.04, -42.06],
						"0.45": [-21.53, -15.87, -40.06],
						"0.5": [-21.34, -15.94, -40.19],
						"0.55": [-20.72, -15.92, -40.72],
						"0.6": [-20.26, -16.24, -41.03],
						"0.65": [-20.22, -16.64, -40.95],
						"0.7": [-20.25, -17.18, -40.76],
						"0.75": [-20.33, -17.81, -40.51],
						"0.8": [-20.42, -18.47, -40.27],
						"0.85": [-20.5, -19.1, -40.09],
						"0.9": [-20.53, -19.65, -40.05],
						"0.95": [-20.52, -20.59, -40.36],
						"1.0": [-20.45, -21.43, -40.94],
						"1.05": [-20.31, -22.22, -41.47],
						"1.1": [-19.9, -23.44, -41.99],
						"1.15": [-19.5, -24.31, -42.51],
						"1.2": [-19.41, -24.38, -43.02],
						"1.25": [-19.4, -24.2, -43.57],
						"1.3": [-19.4, -24.04, -43.96],
						"1.35": [-19.47, -24.11, -44.03],
						"1.4": [-19.61, -24.27, -43.96],
						"1.45": [-19.64, -24.31, -43.9],
						"1.5": [-19.4, -24.04, -43.96],
						"1.55": [-18.2, -23.17, -45.14],
						"1.6": [-16.62, -21.87, -46.48],
						"1.65": [-15.99, -20.15, -45.35],
						"1.7": [-17.21, -17.52, -39.08],
						"1.75": [-19.37, -14.47, -30.34],
						"1.8": [-21.04, -12.52, -24.55],
						"1.85": [-21.69, -14.72, -30.29],
						"1.9": [-22.85, -15.52, -32.06],
						"1.95": [-23.93, -16.04, -33.1],
						"2.0": [-23.93, -16.04, -33.1],
						"2.05": [-23.82, -18.75, -38.32],
						"2.1": [-25.34, -16.99, -36.54],
						"2.15": [-26.69, -14.89, -34.23],
						"2.2": [-26.07, -14.81, -34.6],
						"2.25": [-25.15, -14.84, -35.23],
						"2.3": [-25.17, -14.01, -34.85],
						"2.35": [-25.42, -12.86, -34.14],
						"2.4": [-25.65, -11.93, -33.23],
						"2.45": [-25.76, -11.55, -32.25],
						"2.5": [-25.87, -11.31, -31.02],
						"2.55": [-25.95, -11.17, -29.94],
						"2.6": [-26.02, -11.06, -29.42],
						"2.65": [-26.04, -11.01, -29.55],
						"2.7": [-26.04, -11.01, -30.02],
						"2.75": [-26.04, -11.03, -30.67],
						"2.8": [-26.03, -11.06, -31.37],
						"2.85": [-26.02, -11.09, -31.98],
						"2.9": [-26.02, -11.09, -32.35],
						"2.95": [-26.03, -11.08, -32.45],
						"3.0": [-26.04, -11.07, -32.48],
						"3.05": [-26.06, -11.05, -32.44],
						"3.1": [-26.07, -11.03, -32.36],
						"3.15": [-26.09, -11.01, -32.27],
						"3.2": [-26.1, -10.99, -32.16],
						"3.25": [-26.11, -10.96, -32.07],
						"3.3": [-26.11, -10.94, -32.01],
						"3.35": [-26.1, -10.91, -32.01],
						"3.4": [-26.1, -10.89, -32.04],
						"3.45": [-26.1, -10.87, -32.12],
						"3.5": [-26.12, -10.84, -32.22],
						"3.55": [-26.14, -10.82, -32.34],
						"3.6": [-26.15, -10.79, -32.47],
						"3.65": [-26.16, -10.77, -32.6],
						"3.7": [-26.15, -10.74, -32.71],
						"3.75": [-26.13, -10.72, -32.8],
						"3.8": [-26.08, -10.69, -32.86],
						"3.85": [-26.01, -10.66, -32.88],
						"3.9": [-25.9, -10.63, -32.84],
						"3.95": [-25.76, -10.6, -32.73],
						"4.0": [-24.68, -10.24, -31.08],
						"4.05": [-23.25, -9.88, -28.89],
						"4.1": [-22.18, -10.23, -28.68],
						"4.15": [-21.77, -12.08, -32.58],
						"4.2": [-21.72, -14.66, -38.45],
						"4.25": [-21.84, -16.35, -42.44],
						"4.3": [-22.09, -16.28, -42.57],
						"4.35": [-22.51, -15.34, -40.82],
						"4.4": [-23.02, -14.59, -39.21],
						"4.45": [-24.38, -14.76, -38.72],
						"4.5": [-25.01, -14.56, -37.23],
						"4.55": [-20.36, -9.81, -25.97],
						"4.6": [-19.38, -12.98, -35.76],
						"4.65": [-22.53, -10.51, -29.94],
						"4.7": [-22.52, -11.57, -32.43],
						"4.75": [-22.36, -11.69, -32.99],
						"4.8": [-22.97, -9.33, -28.93],
						"4.85": [-23.83, -5.72, -22.15],
						"4.9": [-24.36, -1.68, -11.65],
						"4.95": [-24.18, 3.11, 5.86],
						"5.0": [-23.66, 8.33, 27.1],
						"5.05": [-23.47, 12.24, 43.26],
						"5.1": [-25.38, 14.44, 52.36],
						"5.15": [-26.57, 14.68, 54.28],
						"5.2": [-27.94, 14.71, 55.66],
						"5.25": [-29.01, 14.71, 56.61],
						"5.3": [-29.59, 14.74, 57.12],
						"5.35": [-29.89, 14.81, 57.05],
						"5.4": [-30.69, 15.17, 56.97],
						"5.45": [-31.32, 15.4, 56.65],
						"5.5": [-31.32, 15.22, 56.27],
						"5.55": [-31.15, 14.88, 55.74],
						"5.6": [-30.94, 14.55, 55.29],
						"5.65": [-30.79, 14.41, 55.15],
						"5.7": [-30.73, 14.5, 55.34],
						"5.75": [-30.68, 14.69, 55.74],
						"5.8": [-30.64, 14.94, 56.25],
						"5.85": [-30.62, 15.19, 56.75],
						"5.9": [-30.61, 15.39, 57.15],
						"5.95": [-30.63, 15.49, 57.34],
						"6.0": [-30.7, 15.46, 57.26],
						"6.05": [-30.8, 15.35, 57],
						"6.1": [-30.92, 15.19, 56.63],
						"6.15": [-31.05, 15.01, 56.24],
						"6.2": [-31.16, 14.83, 55.89],
						"6.25": [-31.25, 14.71, 55.68],
						"6.3": [-31.31, 14.63, 55.8],
						"6.35": [-31.33, 14.6, 56.13],
						"6.4": [-31.42, 14.31, 55.95],
						"6.45": [-32.27, 11.64, 51.6],
						"6.5": [-32.72, 9.6, 47.39],
						"6.55": [-33.22, 7.15, 42.23],
						"6.6": [-33.57, 5.33, 38.62],
						"6.65": [-33.55, 4.74, 39.6],
						"6.7": [-33.06, 2.25, 33.02],
						"6.75": [-31.68, 1.35, 30.92],
						"6.8": [-29.66, 0.47, 28.95],
						"6.85": [-26.67, -0.08, 27.51],
						"6.9": [-19.21, 0.12, 27.94],
						"6.95": [-11.7, 0.59, 26.88],
						"7.0": [-8.76, 0.62, 22.16],
						"7.05": [-6.74, 0.56, 15.58],
						"7.1": [-4.93, 0.46, 9.54],
						"7.15": [-2.23, 0.23, 1.97],
						"7.2": [0, 0, -3],
						"7.25": [3, -0.05, 0.4],
						"7.3": [1.5, -0.03, 1.02],
						"7.35": [0, 0, 1.64],
						"7.4": [0, 0, 0.82],
						"7.45": [0, 0, 0],
						"7.5": [0, 0, 0],
						"7.55": [0, 0, 0],
						"7.6": [0, 0, 0]
					},
					"position": {
						"0.0": [0, 0, 0],
						"0.05": [-0.08, -0.25, 0.01],
						"0.1": [-0.19, -0.56, 0.03],
						"0.15": [-0.3, -0.65, 0],
						"0.2": [-0.41, -0.28, -0.12],
						"0.25": [-0.52, 0.32, -0.29],
						"0.3": [-0.6, 0.8, -0.4],
						"0.35": [-0.62, 1.09, -0.38],
						"0.4": [-0.6, 1.2, -0.3],
						"0.45": [-0.6, 1.21, -0.29],
						"0.5": [-0.6, 1.19, -0.29],
						"0.55": [-0.6, 1.21, -0.28],
						"0.6": [-0.6, 1.24, -0.27],
						"0.65": [-0.6, 1.3, -0.27],
						"0.7": [-0.6, 1.38, -0.3],
						"0.75": [-0.6, 1.49, -0.36],
						"0.8": [-0.6, 1.64, -0.43],
						"0.85": [-0.6, 1.8, -0.52],
						"0.9": [-0.6, 1.96, -0.62],
						"0.95": [-0.6, 2.08, -0.72],
						"1.0": [-0.6, 2.21, -0.83],
						"1.05": [-0.6, 2.34, -0.95],
						"1.1": [-0.6, 2.45, -1.05],
						"1.15": [-0.6, 2.53, -1.12],
						"1.2": [-0.6, 2.58, -1.17],
						"1.25": [-0.6, 2.61, -1.2],
						"1.3": [-0.6, 2.61, -1.21],
						"1.35": [-0.6, 2.59, -1.22],
						"1.4": [-0.6, 2.53, -1.22],
						"1.45": [-0.61, 2.36, -1.28],
						"1.5": [-0.6, 1.8, -1.22],
						"1.55": [-0.6, 0.78, -1.08],
						"1.6": [-0.58, -0.52, -0.85],
						"1.65": [-0.45, -1.39, -0.43],
						"1.7": [-0.1, -1.45, 0.38],
						"1.75": [0.36, -1.09, 1.38],
						"1.8": [0.7, -0.8, 2.1],
						"1.85": [0.7, -0.9, 2.1],
						"1.9": [0.69, -0.81, 2.1],
						"1.95": [0.7, -0.7, 2.1],
						"2.0": [0.85, -0.7, 2.1],
						"2.05": [1, -0.7, 2.1],
						"2.1": [0.97, -0.91, 2.1],
						"2.15": [0.47, -1, 2.1],
						"2.2": [-0.05, -1.1, 2.1],
						"2.25": [-0.28, -1.4, 2.1],
						"2.3": [-0.26, -1.52, 2.1],
						"2.35": [-0.2, -1.6, 2.1],
						"2.4": [-0.16, -1.59, 2.1],
						"2.45": [-0.12, -1.54, 2.1],
						"2.5": [-0.12, -1.5, 2.1],
						"2.55": [-0.15, -1.48, 2.1],
						"2.6": [-0.19, -1.47, 2.1],
						"2.65": [-0.23, -1.45, 2.1],
						"2.7": [-0.28, -1.43, 2.1],
						"2.75": [-0.33, -1.41, 2.1],
						"2.8": [-0.37, -1.4, 2.1],
						"2.85": [-0.4, -1.4, 2.1],
						"2.9": [-0.41, -1.4, 2.1],
						"2.95": [-0.41, -1.4, 2.1],
						"3.0": [-0.42, -1.41, 2.1],
						"3.05": [-0.43, -1.41, 2.1],
						"3.1": [-0.43, -1.42, 2.1],
						"3.15": [-0.44, -1.43, 2.1],
						"3.2": [-0.45, -1.44, 2.1],
						"3.25": [-0.45, -1.45, 2.1],
						"3.3": [-0.46, -1.46, 2.1],
						"3.35": [-0.46, -1.47, 2.1],
						"3.4": [-0.47, -1.48, 2.1],
						"3.45": [-0.47, -1.48, 2.1],
						"3.5": [-0.47, -1.49, 2.1],
						"3.55": [-0.47, -1.5, 2.1],
						"3.6": [-0.47, -1.51, 2.1],
						"3.65": [-0.47, -1.51, 2.1],
						"3.7": [-0.46, -1.52, 2.1],
						"3.75": [-0.46, -1.52, 2.1],
						"3.8": [-0.45, -1.52, 2.1],
						"3.85": [-0.44, -1.52, 2.1],
						"3.9": [-0.43, -1.52, 2.1],
						"3.95": [-0.42, -1.51, 2.1],
						"4.0": [-0.4, -1.5, 2.1],
						"4.05": [-0.17, -1.34, 2.1],
						"4.1": [0.16, -1.11, 2.1],
						"4.15": [0.39, -0.92, 2.1],
						"4.2": [0.45, -0.78, 2.1],
						"4.25": [0.4, -0.7, 2.1],
						"4.3": [0.35, -0.64, 2.1],
						"4.35": [0.3, -0.6, 2.1],
						"4.4": [0.3, -0.54, 2.1],
						"4.45": [0.3, -0.5, 2.1],
						"4.5": [0.2, -0.5, 2.1],
						"4.55": [0.24, -0.61, 2.1],
						"4.6": [0.3, -0.8, 2.1],
						"4.65": [0.29, -0.93, 2.12],
						"4.7": [0.27, -1.1, 2.14],
						"4.75": [0.3, -1.43, 2.1],
						"4.8": [0.39, -2.1, 1.95],
						"4.85": [0.53, -2.94, 1.74],
						"4.9": [0.7, -3.56, 1.5],
						"4.95": [0.94, -3.63, 1.21],
						"5.0": [1.18, -3.7, 0.93],
						"5.05": [1.43, -3.76, 0.64],
						"5.1": [1.61, -3.6, 0.47],
						"5.15": [1.76, -3.36, 0.35],
						"5.2": [1.87, -3.19, 0.31],
						"5.25": [1.95, -3.17, 0.37],
						"5.3": [2, -3.23, 0.52],
						"5.35": [2.03, -3.35, 0.68],
						"5.4": [2.04, -3.65, 0.98],
						"5.45": [2.03, -3.97, 1.23],
						"5.5": [2.02, -4.16, 1.21],
						"5.55": [2, -4.26, 1.14],
						"5.6": [1.97, -4.26, 1.15],
						"5.65": [1.92, -4.24, 1.18],
						"5.7": [1.88, -4.21, 1.21],
						"5.75": [1.84, -4.17, 1.24],
						"5.8": [1.81, -4.13, 1.27],
						"5.85": [1.8, -4.1, 1.29],
						"5.9": [1.8, -4.06, 1.3],
						"5.95": [1.8, -4.03, 1.32],
						"6.0": [1.81, -3.99, 1.34],
						"6.05": [1.82, -3.95, 1.35],
						"6.1": [1.83, -3.92, 1.36],
						"6.15": [1.83, -3.9, 1.36],
						"6.2": [1.83, -3.87, 1.35],
						"6.25": [1.84, -3.84, 1.32],
						"6.3": [1.84, -3.82, 1.29],
						"6.35": [1.84, -3.81, 1.26],
						"6.4": [1.84, -3.84, 1.24],
						"6.45": [1.84, -4.38, 1.23],
						"6.5": [1.84, -4.14, 1.23],
						"6.55": [1.84, -4.26, 1.24],
						"6.6": [1.84, -4.57, 1.24],
						"6.65": [1.86, -5.83, 1.23],
						"6.7": [1.88, -5.31, 1.21],
						"6.75": [1.86, -5.5, 0.92],
						"6.8": [1.81, -5.71, 0.44],
						"6.85": [1.73, -5.57, -0.17],
						"6.9": [1.6, -5.25, -1.06],
						"6.95": [1.36, -4.88, -2.62],
						"7.0": [1.08, -4.2, -4],
						"7.05": [0.8, -2.71, -4.52],
						"7.1": [0.52, -1.23, -4.04],
						"7.15": [0.23, -0.6, -1.48],
						"7.2": [0, -0.3, 0.95],
						"7.25": [-0.03, -0.09, 0.7],
						"7.3": [0, 0.02, -0.14],
						"7.35": [0, 0.07, -0.03],
						"7.4": [0, 0.12, 0.08],
						"7.45": [0, 0.08, 0.05],
						"7.5": [0, 0.04, 0.03],
						"7.55": [0, 0, 0]
					}
				},
				"additional_magazine": {
					"scale": {
						"7.65": {
							"pre": [0, 0, 0],
							"post": [1, 1, 1]
						}
					}
				},
				"magrelease": {
					"rotation": {
						"1.7": [0, 0, 0],
						"1.75": [-20, 0, 0],
						"2.2": [-20, 0, 0],
						"2.25": [0, 0, 0],
						"4.5": [0, 0, 0],
						"4.55": [-20, 0, 0],
						"4.65": [0, 0, 0]
					}
				},
				"bullet_in_barrel": {
					"position": {
						"5.3": [0, 0.08, 0],
						"5.35": [0, 0.08, 0.4],
						"5.4": [0, 0.08, 0.98],
						"5.45": [0, 0.08, 1.58],
						"5.5": [0, 0.08, 2],
						"5.55": [0, 0.08, 2.23],
						"5.6": [0, 0.08, 2.26],
						"5.65": [0, 0.08, 2.25],
						"5.7": [0, 0.08, 2.25],
						"5.75": [0, 0.08, 2.24],
						"5.8": [0, 0.08, 2.21],
						"5.85": [0, 0.08, 2.18],
						"5.9": [0, 0.08, 2.17],
						"5.95": [0, 0.08, 2.17],
						"6.0": [0, 0.08, 2.18],
						"6.05": [0, 0.08, 2.2],
						"6.1": [0, 0.08, 2.21],
						"6.15": [0, 0.08, 2.2],
						"6.2": [0, 0.08, 2.16],
						"6.25": [0, 0.08, 2.12],
						"6.3": [0, 0.08, 2.08],
						"6.35": [0, 0.08, 2.04],
						"6.4": [0, 0.08, 2],
						"6.45": [0, 0.08, 0]
					}
				},
				"bolt": {
					"position": {
						"5.35": [0, 0, 0],
						"5.4": [0, 0, 0.58],
						"5.45": [0, 0, 1.39],
						"5.5": [0, 0, 2],
						"5.55": [0, 0, 2.23],
						"5.6": [0, 0, 2.26],
						"5.65": [0, 0, 2.25],
						"5.7": [0, 0, 2.25],
						"5.75": [0, 0, 2.24],
						"5.8": [0, 0, 2.21],
						"5.85": [0, 0, 2.18],
						"5.9": [0, 0, 2.17],
						"5.95": [0, 0, 2.17],
						"6.0": [0, 0, 2.18],
						"6.05": [0, 0, 2.2],
						"6.1": [0, 0, 2.21],
						"6.15": [0, 0, 2.2],
						"6.2": [0, 0, 2.16],
						"6.25": [0, 0, 2.12],
						"6.3": [0, 0, 2.08],
						"6.35": [0, 0, 2.04],
						"6.4": [0, 0, 2],
						"6.45": [0, 0, 0]
					}
				},
				"bullet": {
					"scale": {
						"0.0": [0, 0, 0],
						"7.35": {
							"pre": [0, 0, 0],
							"post": [1, 1, 1]
						}
					}
				},
				"camera": {
					"rotation": {
						"0.0": [0, 0, 0],
						"0.05": [0.46, 0.14, -0.11],
						"0.1": [1.1, 0.33, -0.27],
						"0.15": [1.72, 0.5, -0.45],
						"0.2": [2.14, 0.6, -0.61],
						"0.25": [2.56, 0.68, -0.8],
						"0.3": [2.92, 0.75, -0.98],
						"0.35": [3.18, 0.8, -1.1],
						"0.4": [3.26, 0.77, -1.15],
						"0.45": [3.21, 0.69, -1.14],
						"0.5": [3.14, 0.66, -1.12],
						"0.55": [3.13, 0.8, -1.1],
						"0.6": [3.08, 1.15, -1.09],
						"0.65": [2.99, 1.65, -1.07],
						"0.7": [3.09, 2.26, -1.07],
						"0.75": [3.59, 2.93, -1.1],
						"0.8": [4.41, 3.52, -1.17],
						"0.85": [5.56, 4.17, -1.27],
						"0.9": [6.86, 4.87, -1.38],
						"0.95": [8.16, 5.58, -1.48],
						"1.0": [9.3, 6.27, -1.55],
						"1.05": [11, 7.52, -1.58],
						"1.1": [12.55, 8.76, -1.57],
						"1.15": [13.61, 9.68, -1.55],
						"1.2": [14.02, 10.07, -1.55],
						"1.25": [14.32, 10.41, -1.55],
						"1.3": [14.41, 10.6, -1.55],
						"1.35": [14.19, 10.53, -1.55],
						"1.4": [13.55, 10.08, -1.55],
						"1.45": [12.54, 9.26, -1.56],
						"1.5": [11.11, 8.06, -1.57],
						"1.55": [9.43, 6.66, -1.58],
						"1.6": [7.7, 5.22, -1.58],
						"1.65": [6.1, 3.91, -1.58],
						"1.7": [4.82, 2.93, -1.55],
						"1.75": [3.01, 1.78, -1.42],
						"1.8": [1.73, 1.19, -1.23],
						"1.85": [0.9, 0.8, -1.1],
						"1.9": [0.63, 0.61, -1.12],
						"1.95": [0.67, 0.57, -1.22],
						"2.0": [0.85, 0.57, -1.25],
						"2.05": [1, 0.5, -1.1],
						"2.1": [1.5, -0.3, 1.2],
						"2.15": [1.12, -0.43, -0.85],
						"2.2": [0.7, -0.5, -2.95],
						"2.25": [0.66, -0.61, -2.26],
						"2.3": [0.9, -0.8, -1.1],
						"2.35": [1.18, -0.97, -1.06],
						"2.4": [1.57, -1.19, -1.21],
						"2.45": [1.97, -1.42, -1.42],
						"2.5": [2.3, -1.6, -1.55],
						"2.55": [2.54, -1.74, -1.58],
						"2.6": [2.73, -1.85, -1.58],
						"2.65": [2.88, -1.94, -1.56],
						"2.7": [3, -2, -1.55],
						"2.75": [3.06, -1.98, -1.54],
						"2.8": [3.08, -1.89, -1.51],
						"2.85": [3.08, -1.86, -1.51],
						"2.9": [3.09, -2, -1.55],
						"2.95": [3.11, -2.31, -1.64],
						"3.0": [3.14, -2.76, -1.77],
						"3.05": [3.17, -3.26, -1.91],
						"3.1": [3.19, -3.74, -2.04],
						"3.15": [3.2, -4.1, -2.12],
						"3.2": [3.2, -4.34, -2.16],
						"3.25": [3.18, -4.51, -2.17],
						"3.3": [3.16, -4.64, -2.15],
						"3.35": [3.13, -4.73, -2.13],
						"3.4": [3.11, -4.8, -2.12],
						"3.45": [3.1, -4.84, -2.12],
						"3.5": [3.09, -4.86, -2.12],
						"3.55": [3.07, -4.86, -2.12],
						"3.6": [3.06, -4.85, -2.12],
						"3.65": [3.04, -4.83, -2.12],
						"3.7": [3, -4.8, -2.12],
						"3.75": [2.97, -4.82, -2.13],
						"3.8": [2.94, -4.89, -2.13],
						"3.85": [2.91, -4.94, -2.13],
						"3.9": [2.85, -4.94, -2.13],
						"3.95": [2.75, -4.81, -2.13],
						"4.0": [2.6, -4.5, -2.12],
						"4.05": [2.31, -3.78, -2.11],
						"4.1": [1.91, -2.74, -2.1],
						"4.15": [1.49, -1.6, -2.08],
						"4.2": [1.09, -0.55, -2.05],
						"4.25": [0.8, 0.2, -2],
						"4.3": [0.61, 0.59, -1.95],
						"4.35": [0.47, 0.76, -1.9],
						"4.4": [0.38, 0.8, -1.83],
						"4.45": [0.36, 0.78, -1.72],
						"4.5": [0.4, 0.8, -1.55],
						"4.55": [1.5, 0.8, 0.02],
						"4.6": [1.14, 0.8, -1.12],
						"4.65": [0.7, 0.8, -2.33],
						"4.7": [0.84, 0.85, -1.89],
						"4.75": [1.1, 0.8, -1.2],
						"4.8": [1.12, 0.58, -1.22],
						"4.85": [1.12, 0.27, -1.4],
						"4.9": [1.3, 0, -1.55],
						"4.95": [1.67, -0.14, -1.57],
						"5.0": [2.19, -0.24, -1.57],
						"5.05": [2.71, -0.33, -1.56],
						"5.1": [3.1, -0.4, -1.55],
						"5.15": [3.26, -0.44, -1.55],
						"5.2": [3.32, -0.47, -1.55],
						"5.25": [3.35, -0.48, -1.55],
						"5.3": [3.39, -0.49, -1.55],
						"5.35": [3.5, -0.5, -1.55],
						"5.4": [4.19, -0.51, -1.54],
						"5.45": [4.71, -0.5, -1.52],
						"5.5": [4.51, -0.5, -1.51],
						"5.55": [4.08, -0.5, -1.49],
						"5.6": [3.79, -0.49, -1.47],
						"5.65": [3.8, -0.49, -1.45],
						"5.7": [3.9, -0.48, -1.43],
						"5.75": [4.04, -0.48, -1.41],
						"5.8": [4.16, -0.47, -1.38],
						"5.85": [4.22, -0.46, -1.35],
						"5.9": [4.22, -0.45, -1.33],
						"5.95": [4.2, -0.45, -1.3],
						"6.0": [4.16, -0.44, -1.27],
						"6.05": [4.12, -0.43, -1.24],
						"6.1": [4.07, -0.42, -1.2],
						"6.15": [4.02, -0.42, -1.17],
						"6.2": [3.96, -0.41, -1.14],
						"6.25": [3.9, -0.4, -1.12],
						"6.3": [3.85, -0.4, -1.1],
						"6.35": [3.51, -0.4, -1.1],
						"6.4": [3.27, -0.41, -1.06],
						"6.45": [3.73, -0.42, -0.44],
						"6.5": [3.14, -0.43, -0.74],
						"6.55": [2.49, -0.43, -1.11],
						"6.6": [2.38, -0.43, -0.99],
						"6.65": [3.27, -0.4, -1.02],
						"6.7": [2.08, -0.42, -0.27],
						"6.75": [1.65, -0.45, -1.8],
						"6.8": [2.05, -0.43, -1.52],
						"6.85": [2.55, -0.4, -0.89],
						"6.9": [2.85, -0.33, -0.13],
						"6.95": [2.92, -0.26, 0.52],
						"7.0": [2.59, -0.22, 0.67],
						"7.05": [1.97, -0.18, 0.57],
						"7.1": [0.95, -0.08, 0.19],
						"7.15": [0.03, 0, 0],
						"7.2": [-0.15, 0, 1.6],
						"7.25": [-0.06, 0, 0.53],
						"7.3": [0.05, 0, -0.64],
						"7.35": [0.05, 0, -0.58],
						"7.4": [0.02, 0, -0.2],
						"7.45": [0, 0, 0.09],
						"7.5": [0, 0, 0.13],
						"7.55": [0, 0, 0.11],
						"7.6": [0, 0, 0.07],
						"7.65": [0, 0, 0.03],
						"7.7": [0, 0, 0]
					}
				},
				"mag_and_lh": {
					"rotation": {
						"1.85": [0, 0, 0],
						"1.9": [-7.25, -0.03, -1],
						"1.95": [-14.5, -0.07, -2],
						"2.0": [-16.25, -0.13, -6.02],
						"2.05": [-18, -0.19, -10.04],
						"2.1": [-30.21, -4.88, -35.06],
						"2.15": [-23.47, -1.54, -37.8],
						"2.2": [-15.17, 2.84, -37.16],
						"2.25": [-14.09, 5.06, -36.59],
						"2.3": [-14.92, 6.52, -35.04],
						"2.35": [-14.98, 7.3, -33.24],
						"2.4": [-15.1, 7.85, -31.03],
						"2.45": [-15.17, 8.07, -29.2],
						"2.5": [-15.17, 8.06, -28.8],
						"2.55": [-15.14, 8.01, -28.68],
						"2.6": [-15.11, 7.9, -28.69],
						"2.65": [-15.07, 7.72, -28.66],
						"2.7": [-15.03, 7.46, -28.43],
						"2.75": [-15, 7.12, -27.84],
						"2.8": [-14.99, 6.67, -26.72],
						"2.85": [-16.36, 2.97, -21.6],
						"2.9": [-15.16, 1.05, -9.17],
						"2.95": [-9.28, 4.04, 9.35],
						"3.0": [-1.08, 9.07, 32.68],
						"3.05": [5.57, 13.8, 51.69],
						"3.1": [10.39, 19.58, 66.7],
						"3.15": [12.39, 23.87, 73.57],
						"3.2": [12.39, 24.85, 73.96],
						"3.25": [11.43, 24.79, 71.44],
						"3.3": [10.62, 24.67, 69.27],
						"3.35": [10.31, 24.8, 68.53],
						"3.4": [10.17, 24.85, 68.19],
						"3.45": [9.84, 24.91, 67.56],
						"3.5": [9.71, 25.02, 67.1],
						"3.55": [9.79, 25.1, 67.12],
						"3.6": [9.93, 25.21, 67.24],
						"3.65": [10.11, 25.34, 67.41],
						"3.7": [10.31, 25.46, 67.57],
						"3.75": [10.5, 25.56, 67.65],
						"3.8": [10.67, 25.61, 67.6],
						"3.85": [10.8, 25.61, 67.35],
						"3.9": [10.94, 25.04, 64.61],
						"3.95": [11.07, 24.48, 61.87],
						"4.0": [10.31, 16.85, 21.65],
						"4.05": [11.46, 9.14, -19.76],
						"4.1": [8.58, 7.7, -32.91],
						"4.15": [-4.37, 7.27, -34.77],
						"4.2": [-9.91, 0, -26.18],
						"4.25": [-13.21, 0, -19.95],
						"4.3": [-16.5, 0, -13.72],
						"4.35": [-26, 0, 0],
						"4.4": [-24.5, 0, 0],
						"4.45": [-22.5, 0, 0],
						"4.5": [-25.25, 0, 0],
						"4.55": [0, 0, 0]
					},
					"position": {
						"1.85": [0, 0, 0],
						"1.9": [0, -0.15, -0.05],
						"1.95": [0, -0.3, -0.6],
						"2.0": [0.15, -0.45, -0.725],
						"2.05": [0.3, -0.6, -0.975],
						"2.1": [1.4, -6.7, -5.4],
						"2.15": [1.97, -7.63, -3.93],
						"2.2": [2.6, -7.38, -1.51],
						"2.25": [3.14, -6.51, -0.39],
						"2.3": [3.72, -5.19, 0.63],
						"2.35": [4.2, -4.02, 1.39],
						"2.4": [4.64, -2.81, 1.9],
						"2.45": [4.91, -1.99, 2.02],
						"2.5": [5.04, -1.73, 2.02],
						"2.55": [5.11, -1.68, 1.92],
						"2.6": [5.13, -1.71, 1.85],
						"2.65": [5.12, -1.79, 1.84],
						"2.7": [5.07, -1.94, 1.83],
						"2.75": [5.01, -2.09, 1.85],
						"2.8": [4.95, -2.2, 1.9],
						"2.85": [4.79, -2.2, 2.17],
						"2.9": [4.75, -2.2, 2.4],
						"2.95": [5.46, -2.73, 2.16],
						"3.0": [6.82, -3.4, 1.79],
						"3.05": [8.15, -4.1, 1.3],
						"3.1": [8.52, -4.6, 0.64],
						"3.15": [8.55, -4.9, 0.1],
						"3.2": [8.55, -4.87, 0.04],
						"3.25": [8.5, -4.72, 0.13],
						"3.3": [8.45, -4.6, 0.2],
						"3.35": [8.39, -4.58, 0.21],
						"3.4": [8.35, -4.6, 0.2],
						"3.45": [8.36, -4.6, 0.22],
						"3.5": [8.35, -4.6, 0.2],
						"3.55": [8.34, -4.59, 0.17],
						"3.6": [8.32, -4.58, 0.14],
						"3.65": [8.3, -4.57, 0.09],
						"3.7": [8.28, -4.56, 0.05],
						"3.75": [8.25, -4.55, 0.01],
						"3.8": [8.21, -4.55, -0.03],
						"3.85": [8.16, -4.55, -0.05],
						"3.9": [7.92, -4.62, -0.03],
						"3.95": [7.68, -4.7, 0],
						"4.0": [4.28, -5.79, 0.75],
						"4.05": [0.97, -6.63, 1.31],
						"4.1": [0.62, -6.01, 0.69],
						"4.15": [1.1, -4.8, -0.1],
						"4.2": [1.1, -3.4, -0.635],
						"4.25": [0.75, -1.5, -1.25],
						"4.3": [0.4, -1, -1.4],
						"4.35": [0.1, -1, -1.85],
						"4.4": [0.1, -1, -1.7],
						"4.45": [0.1, -1, -1.7],
						"4.5": [0.05, -0.5, -1.25],
						"4.55": [0, 0, 0]
					}
				},
				"Bolt3": {
					"rotation": {
						"5.35": [0, 0, 0],
						"5.45": [0, 0, 50],
						"6.55": [0, 0, 50],
						"6.65": [0, 0, 0]
					},
					"position": {
						"5.45": [0, 0, 0],
						"5.6": [0, 0, 2],
						"6.05": [0, 0, 2.22],
						"6.5": [0, 0, 2],
						"6.55": [0, 0, 0]
					}
				},
				"bullet_in_mag4": {
					"position": {
						"5.5": [0, -2.125, 0],
						"6.05": [0, -2.19812, 0],
						"6.6": [0, -2.125, 0],
						"6.65": [0, 0, 0]
					},
					"scale": {
						"5.45": [0, 0, 0],
						"5.5": [1, 1, 1]
					}
				}
			},
			"sound_effects": {
				"0.0": {
					"effect": "tacz:ak47/ak47_inspect_up"
				},
				"1.65": {
					"effect": "tacz:ak47/ak47_inspect_raise_grab"
				},
				"1.75": {
					"effect": "tacz:ak47/ak47_inspect_magout"
				},
				"2.6": {
					"effect": "tacz:ak47/ak47_inspect_mvt"
				},
				"4.05": {
					"effect": "tacz:ak47/ak47_inspect_magbump"
				},
				"4.4": {
					"effect": "tacz:ak47/ak47_inspect_magin"
				},
				"4.7": {
					"effect": "tacz:ak47/ak47_inspect_turn"
				},
				"5.25": {
					"effect": "emxmors:emx_longbow/p36_sn_boscar_rechamber_hvy_bolt_back"
				},
				"6.45": {
					"effect": "emxmors:emx_longbow/p36_sn_boscar_rechamber_hvy_bolt_forward"
				},
				"6.9": {
					"effect": "tacz:ak47/ak47_inspect_over"
				}
			}
		},
		"reload_tactical": {
			"loop": "hold_on_last_frame",
			"animation_length": 2.3333,
			"bones": {
				"righthand": {
					"rotation": [100.03742, 4.92385, -179.12962],
					"position": [-6.8, -14.2, 7.4],
					"scale": [1, 1.5, 1]
				},
				"lefthand": {
					"rotation": {
						"0.0": [90.4533, -389.73135, -129.57361],
						"0.2667": [90.4533, -389.73135, -129.57361],
						"0.3": [117.5156, -371.73591, -197.33349],
						"1.5333": [117.52, -371.74, -197.33],
						"1.7": [119.69807, -358.37197, -221.51391],
						"1.8333": [119.69807, -358.37197, -221.51391],
						"2.0": [90.4533, -389.73135, -129.57361]
					},
					"position": {
						"0.0": [7.4, -13.62187, -7.46875],
						"0.1333": [20.4, -22.7, -8.5],
						"0.2667": [20.4, -44.7, -8.5],
						"0.3": [6.765, -15.7, 1.5],
						"1.5333": [6.76, -15.7, 1.5],
						"1.7": [11.76, -20.7, 6.5],
						"1.8333": [11.76, -20.7, 6.5],
						"2.0": [7.4, -13.62187, -7.46875]
					},
					"scale": {
						"0.0": [1, 1.5, 1],
						"2.0": [1, 1.5, 1]
					}
				},
				"constraint": {
					"rotation": [0.2, 0.2, 0.4],
					"position": [0.1, 0.1, 0.1]
				},
				"root": {
					"rotation": {
						"0.0": {
							"post": [0, 0, 0],
							"lerp_mode": "catmullrom"
						},
						"0.1": {
							"post": [4.07, 0, -7.5],
							"lerp_mode": "catmullrom"
						},
						"0.3333": {
							"post": [-15, 0, -17.5],
							"lerp_mode": "catmullrom"
						},
						"0.4667": {
							"post": [-10, 0, -17.5],
							"lerp_mode": "catmullrom"
						},
						"0.5667": {
							"post": [-9.82, -0.82, -19.19],
							"lerp_mode": "catmullrom"
						},
						"0.7333": {
							"post": [-10, 0, -17.5],
							"lerp_mode": "catmullrom"
						},
						"0.8": {
							"post": [-14.58745, -1.66009, -21.07978],
							"lerp_mode": "catmullrom"
						},
						"0.8667": {
							"post": [-12.25915, -0.35361, -17.98746],
							"lerp_mode": "catmullrom"
						},
						"0.9333": {
							"post": [-11.81696, -0.40889, -17.82259],
							"lerp_mode": "catmullrom"
						},
						"1.0333": {
							"post": [-11.69285, -1.30105, -25.91215],
							"lerp_mode": "catmullrom"
						},
						"1.1333": {
							"post": [-12.36, -1.75, -31.48],
							"lerp_mode": "catmullrom"
						},
						"1.2667": {
							"post": [-11.98977, -2.23004, -30.49371],
							"lerp_mode": "catmullrom"
						},
						"1.3333": {
							"post": [-7.54377, -0.42303, -26.22771],
							"lerp_mode": "catmullrom"
						},
						"1.4": {
							"post": [-7.8232, -0.4255, -28.50104],
							"lerp_mode": "catmullrom"
						},
						"1.4667": {
							"post": [-9.35, -0.34, -29.6],
							"lerp_mode": "catmullrom"
						},
						"1.5667": {
							"post": [-11.0932, -0.4255, -28.50104],
							"lerp_mode": "catmullrom"
						},
						"1.7333": {
							"post": [-15.4, -2.11, -3.93],
							"lerp_mode": "catmullrom"
						},
						"1.8333": [-6.91, -1.79, 2],
						"1.9": [-0.5, -1.44, 5.92],
						"1.9333": [2.13, -0.73, 6.34],
						"2.0": [2, -0.14, 4],
						"2.0333": [1.65, 0.01, 0.75],
						"2.1": [1, 0, -2],
						"2.1667": [1, -0.02, 0],
						"2.2": [0.7, -0.01, 0.15],
						"2.2667": [0.3, -0.01, 0.07],
						"2.3": [0, 0, 0]
					},
					"position": {
						"0.0": {
							"post": [0, 0, 0],
							"lerp_mode": "catmullrom"
						},
						"0.0667": {
							"post": [0, 0.28, 0.155],
							"lerp_mode": "catmullrom"
						},
						"0.2667": {
							"post": [-1.345, 1.125, 2],
							"lerp_mode": "catmullrom"
						},
						"0.4": {
							"post": [-1.345, 0.835, 1.51],
							"lerp_mode": "catmullrom"
						},
						"0.6": {
							"post": [-1.345, 0.835, 1.51],
							"lerp_mode": "catmullrom"
						},
						"0.7": {
							"post": [-1.4, 0.85, 1.5],
							"lerp_mode": "catmullrom"
						},
						"0.8": {
							"post": [-1.3, 0.725, 1.5],
							"lerp_mode": "catmullrom"
						},
						"0.8667": {
							"post": [-1.015, 0.54, 1.45],
							"lerp_mode": "catmullrom"
						},
						"0.9667": {
							"post": [-1.425, 0.54, 1.45],
							"lerp_mode": "catmullrom"
						},
						"1.2667": {
							"post": [-1.41, 0.78, 1.42],
							"lerp_mode": "catmullrom"
						},
						"1.3333": {
							"post": [-1.435, 1.055, 1.72],
							"lerp_mode": "catmullrom"
						},
						"1.4667": {
							"post": [-1.395, 0.545, 1.595],
							"lerp_mode": "catmullrom"
						},
						"1.8": {
							"post": [-0.3, -1.09, 0.54],
							"lerp_mode": "catmullrom"
						},
						"1.9": {
							"post": [0, -0.5, -0.5],
							"lerp_mode": "catmullrom"
						},
						"1.9667": {
							"post": [0.06, -0.19, -0.2],
							"lerp_mode": "catmullrom"
						},
						"2.1": {
							"post": [0, -0.1, 0.5],
							"lerp_mode": "catmullrom"
						},
						"2.1667": {
							"post": [0, -0.07, 0.28],
							"lerp_mode": "catmullrom"
						},
						"2.2": {
							"post": [0, -0.09, -0.07],
							"lerp_mode": "catmullrom"
						},
						"2.2667": {
							"post": [0, -0.06, -0.19],
							"lerp_mode": "catmullrom"
						},
						"2.3": {
							"post": [0, -0.03, -0.1],
							"lerp_mode": "catmullrom"
						},
						"2.3333": {
							"post": [0, 0, 0],
							"lerp_mode": "catmullrom"
						}
					}
				},
				"mag_and_lh": {
					"rotation": {
						"0.2667": [0, 0, 0],
						"0.3": [0, 0, 0],
						"0.5": [-20, 0, 0],
						"0.6333": [0, 0, 0],
						"0.7667": [0, 0, 0],
						"0.8667": {
							"pre": [-22.5, 0, 0],
							"post": [-22.5, 0, 0],
							"lerp_mode": "catmullrom"
						},
						"1.0667": {
							"post": [-22.5, 0, 0],
							"lerp_mode": "catmullrom"
						},
						"1.2": {
							"post": [-22.5, 0, 0],
							"lerp_mode": "catmullrom"
						},
						"1.3333": [0, 0, 0]
					},
					"position": {
						"0.2667": [0, 0, 0],
						"0.3": [12, -25, 0],
						"0.5": [7.27, -2, 0],
						"0.6333": [1.605, 2, 0],
						"0.7667": [1.605, 2, 0],
						"0.9": {
							"pre": [1.61, 0, 0],
							"post": [1.61, 0, 0],
							"lerp_mode": "catmullrom"
						},
						"1.0": {
							"post": [1.61, -2.29, 0],
							"lerp_mode": "catmullrom"
						},
						"1.1": [0, -1.365, -1.24],
						"1.2333": [0, -1.365, -1.24],
						"1.3333": [0, 0, 0]
					}
				},
				"mag_and_bullet": {
					"rotation": {
						"0.2667": [0, 0, 0],
						"0.3": [0, 0, 0]
					},
					"position": {
						"0.2667": [12, -28, 0],
						"0.3": [0, 0, 0]
					}
				},
				"magrelease": {
					"rotation": {
						"0.7": [0, 0, 0],
						"0.7667": [-17.5, 0, 0],
						"0.8667": [0, 0, 0],
						"1.2333": [0, 0, 0],
						"1.3": [-17.5, 0, 0],
						"1.3667": [0, 0, 0]
					}
				},
				"additional_magazine": {
					"rotation": {
						"0.7667": [0, 0, 0],
						"0.9": {
							"pre": [-25, 0, 0],
							"post": [-25, 0, 0],
							"lerp_mode": "catmullrom"
						},
						"1.1667": [-25, 0, 0],
						"1.3667": [0, 0, 0],
						"1.5333": [0, 0, 0],
						"1.7": [0, 0, -42.5]
					},
					"position": {
						"0.7667": [0, 0, 0],
						"0.9": {
							"pre": [0, -2, 0],
							"post": [0, -2, 0],
							"lerp_mode": "catmullrom"
						},
						"1.0": [0, -4.63, 0],
						"1.1": [-2, -4, -0.99],
						"1.2333": [-2, -4, -1],
						"1.3667": [-2, -2, -1],
						"1.5333": [-2, -2, -1],
						"1.7": [1.87, -7.22, 4.525]
					},
					"scale": {
						"1.7": [1, 1, 1],
						"1.7333": [0, 0, 0]
					}
				},
				"camera": {
					"rotation": {
						"0.0": {
							"post": [0, 0, 0],
							"lerp_mode": "catmullrom"
						},
						"0.2667": {
							"post": [1, 0.05, -1.015],
							"lerp_mode": "catmullrom"
						},
						"0.3667": {
							"post": [0.685, 0.05, -0.76],
							"lerp_mode": "catmullrom"
						},
						"0.6667": {
							"post": [0.69, 0.05, -0.76],
							"lerp_mode": "catmullrom"
						},
						"0.7333": {
							"post": [1.15, 0.05, -1.205],
							"lerp_mode": "catmullrom"
						},
						"0.8": {
							"post": [0.575, 0.05, -0.695],
							"lerp_mode": "catmullrom"
						},
						"0.8667": {
							"post": [0.71, 0.05, -0.88],
							"lerp_mode": "catmullrom"
						},
						"1.0333": {
							"post": [0.71, 0.05, -0.88],
							"lerp_mode": "catmullrom"
						},
						"1.2333": {
							"post": [0.71, 0.05, 0.41],
							"lerp_mode": "catmullrom"
						},
						"1.3333": {
							"post": [0.305, 0.05, 0.005],
							"lerp_mode": "catmullrom"
						},
						"1.4": {
							"post": [0.845, 0.05, 0.5],
							"lerp_mode": "catmullrom"
						},
						"1.4667": {
							"post": [0.69, 0.05, 0.335],
							"lerp_mode": "catmullrom"
						},
						"1.6667": {
							"post": [-0.36, 0.05, -0.4],
							"lerp_mode": "catmullrom"
						},
						"1.9333": {
							"post": [0.21, 0.05, -0.175],
							"lerp_mode": "catmullrom"
						},
						"2.1": {
							"post": [-0.29, 0.05, 0.4],
							"lerp_mode": "catmullrom"
						},
						"2.3333": {
							"post": [0, 0, 0],
							"lerp_mode": "catmullrom"
						}
					}
				}
			},
			"sound_effects": {
				"0.0": {
					"effect": "tacz:sks/sks_raise"
				},
				"0.7333": {
					"effect": "tacz:sks/sks_reload_magout"
				},
				"1.2333": {
					"effect": "tacz:sks/sks_reload_empty_magin"
				},
				"1.7333": {
					"effect": "tacz:sks/sks_reload_empty_end"
				}
			}
		},
		"reload_empty": {
			"loop": "hold_on_last_frame",
			"animation_length": 3.25,
			"bones": {
				"righthand": {
					"rotation": {
						"0.0": [100.03742, 4.92385, -179.12962],
						"0.2": [91.04, 4.92, -179.13],
						"1.7": [91.04, 4.92, -179.13],
						"1.75": [100.06, 9.92, -179.04],
						"1.8": [109.07, 14.92, -178.94],
						"1.85": [116.06, 25.43, -201.52],
						"1.9": [123.04, 35.95, -224.1],
						"1.95": [100.92, 38.04, -250.3],
						"2.0": [78.8, 40.14, -276.5],
						"2.05": [80.8, 40.14, -276.5],
						"2.1": {
							"pre": [69.8, 40.14, -276.5],
							"post": [69.8, 40.14, -276.5],
							"lerp_mode": "catmullrom"
						},
						"2.15": {
							"post": [101.14, 23.7, -239.7],
							"lerp_mode": "catmullrom"
						},
						"2.3": {
							"post": [104.76434, -40.14953, -95.81784],
							"lerp_mode": "catmullrom"
						},
						"2.35": [104.23, -34.53, -99.95],
						"2.4": [104.23, -34.53, -99.95],
						"2.45": [104.23, -34.53, -99.95],
						"2.5": [104.23, -34.53, -99.95],
						"2.55": [110.815, -20.87, -135.275],
						"2.6": [105.1, -7.95, -177.14],
						"2.65": [102.57, -1.51, -178.13],
						"2.7": [100.04, 4.92, -179.13]
					},
					"position": {
						"0.0": [-6.8, -14.2, 7.4],
						"0.2": [-6.8, -14.2, 8.5],
						"1.7": [-6.8, -14.2, 8.5],
						"1.75": [-8.05, -14.2, 8.5],
						"1.8": [-9.3, -14.2, 8.5],
						"1.85": [-9.3, -14.2, 4.2],
						"1.9": [-9.3, -14.2, 4.9],
						"1.95": [-9.05, -12.75, 4.15],
						"2.0": [-8.8, -9.3, 4.4],
						"2.05": [-9.8, -9.3, 9.5],
						"2.3": [-9.8, -9.3, 9.5],
						"2.35": [-9.8, -9.285, 5.23],
						"2.4": [-9.4, -14.32, 5.185],
						"2.65": [-7.41, -14.2, 8.62],
						"2.7": [-6.8, -14.2, 7.4]
					},
					"scale": [1, 1.5, 1]
				},
				"lefthand": {
					"rotation": {
						"0.0": [90.4533, -389.73135, -129.57361],
						"0.05": [125.98, -389.22, -188.25],
						"0.1": [161.51, -388.72, -246.92],
						"0.15": [150.11, -372.38, -255.56],
						"0.2": [138.72, -356.04, -264.19],
						"0.25": [124.38, -351.07, -261.19],
						"0.3": [110.03, -346.1, -258.19],
						"0.35": [110.03, -346.1, -258.19],
						"0.4": [110.03, -346.1, -258.19],
						"0.45": [114.03, -346.1, -258.19],
						"0.5": [122.03, -346.1, -258.19],
						"0.55": [112.3, -348.32, -252.47],
						"0.6": [100.99, -352.95, -254.38],
						"0.65": [101.08, -350.01, -253.8],
						"0.7": [92.64, -350.3, -244.67],
						"0.75": [95.09, -347.99, -243.28],
						"0.8": [100.21, -343.66, -242.82],
						"0.85": [107.62, -338.83, -241.01],
						"0.9": [128.34, -332.42, -228.75],
						"0.95": [132.35, -336.96, -221.05],
						"1.0": [134.31, -342.92, -214.26],
						"1.05": [138.57, -347.98, -209.26],
						"1.1": [142.65, -347.59, -196.19],
						"1.15": [149.65, -347.59, -196.19],
						"1.2": [153.65, -347.59, -196.19],
						"1.25": [111.04, -357.56, -200.87],
						"1.3": [115.94, -356.64, -202.78],
						"1.35": [115.1, -358.45, -199.21],
						"1.4": [115.1, -358.45, -199.21],
						"1.45": [109.5, -368.95, -179.08],
						"1.5": [103.9, -379.44, -158.95],
						"1.55": [98.29, -389.94, -138.82],
						"1.6": [98.29, -389.94, -138.82],
						"1.65": [95.4, -389.93, -137.59],
						"1.7": [91.13, -389.91, -135.78],
						"1.75": [86.42, -389.88, -133.78],
						"1.8": [82.15, -389.86, -131.97],
						"1.85": [79.26, -389.85, -130.74],
						"1.9": [78.56, -389.85, -130.46],
						"1.95": [78.03, -389.85, -130.28],
						"2.0": [77.66, -389.85, -130.18],
						"2.05": [77.43, -389.85, -130.15],
						"2.1": [77.34, -389.85, -130.18],
						"2.15": [77.37, -389.85, -130.25],
						"2.2": [77.5, -389.85, -130.35],
						"2.25": [77.72, -389.85, -130.46],
						"2.3": [78.02, -389.85, -130.57],
						"2.35": [78.39, -389.85, -130.66],
						"2.4": [78.8, -389.85, -130.72],
						"2.45": [79.26, -389.85, -130.74],
						"2.5": [82.6, -389.85, -130.7],
						"2.55": [87.2, -389.84, -130.64],
						"2.6": [90.53, -389.83, -130.5],
						"2.65": [91.2, -389.78, -130.02],
						"2.7": [90.45, -389.73, -129.57]
					},
					"position": {
						"0.0": [7.4, -13.62187, -7.46875],
						"0.05": [11.3, -15.16, -6.56],
						"0.1": [15.2, -18.63, -4.63],
						"0.15": [19.3, -24.16, -6.56],
						"0.2": [23.4, -29.7, -8.5],
						"0.25": [18.7, -29.3, -3.05],
						"0.3": [14, -28.9, 2.4],
						"0.35": [12.95, -22.26, 2.39],
						"0.4": [11.9, -15.62, 2.38],
						"0.45": [11.9, -15.62, 1.38],
						"0.5": [11.7, -15.62, 0.28],
						"0.55": [12, -16.22, 1.48],
						"0.6": [12.4, -17.52, 1.28],
						"0.65": [12.4, -17.82, -2.42],
						"0.7": [12, -19.22, -1.72],
						"0.75": [11.97, -19.4, -2.46],
						"0.8": [12.04, -19.59, -3.84],
						"0.85": [12, -19.62, -5.13],
						"0.9": [11.09, -18.44, -5.21],
						"0.95": [10.43, -17.77, -5.34],
						"1.0": [9.75, -17.27, -5.45],
						"1.05": [8.54, -17.41, -5.39],
						"1.1": [7.57, -16.99, -5.78],
						"1.15": [7.35, -16.26, -6.56],
						"1.2": [7.35, -16.26, -6.56],
						"1.25": [7.08, -17.81, -2.9],
						"1.3": [7.08, -17.64, -2.41],
						"1.35": [7.08, -17.48, -1.92],
						"1.4": [7.08, -17.32, -1.42],
						"1.45": [6.89, -16.25, -2.92],
						"1.5": [6.7, -15.19, -4.42],
						"1.55": [7.4, -13.62187, -7.46875],
						"2.7": [7.4, -13.62187, -7.46875]
					},
					"scale": [1, 1.5, 1]
				},
				"root": {
					"rotation": {
						"0.0": [0, 0, 0],
						"0.05": [0.75, -0.03, 1.5],
						"0.1": [1.84, -0.09, 4.4],
						"0.15": [3, -0.1, 6],
						"0.2": [3.91, 0.22, 2.44],
						"0.25": [4.31, 0.23, -2.99],
						"0.3": [3.62, -1.01, -8.74],
						"0.35": [2.57, -2.4, -13.49],
						"0.4": [1.01, -3.3, -14.48],
						"0.45": [-0.97, -3.49, -16.47],
						"0.5": [-4.35, -3.49, -16.47],
						"0.55": [-7.55, -3.72, -18.46],
						"0.6": [-18.42, -3.41, -15.98],
						"0.65": [-20, -4.56, -21.35],
						"0.7": [-16.42, -3.73, -18.3],
						"0.75": [-13.44, -4.47, -22.39],
						"0.8": [-12.71, -4.33, -21.66],
						"0.85": [-12.21, -4.17, -21.09],
						"0.9": [-11.52, -4.39, -23.57],
						"0.95": [-11.07, -4.69, -26.42],
						"1.0": [-11.33, -4.9, -27.56],
						"1.05": [-11.75, -5.05, -28.06],
						"1.1": [-11.88, -5.13, -28.31],
						"1.15": [-11.98, -5.14, -28.25],
						"1.2": [-12.45, -4.95, -27.38],
						"1.25": [-14.49, -3.97, -25.54],
						"1.3": [-8.79, -3.45, -28.47],
						"1.35": [-10.44, -4.75, -28.43],
						"1.4": [-9.52, -4.79, -29.98],
						"1.45": [-9.18, -3.48, -24.91],
						"1.5": [-6.92, -1.21, -23.66],
						"1.55": [-4.58, 1.07, -21.26],
						"1.6": [-3.62, 2.02, -14.6],
						"1.65": [-3.58, 2.49, -7.02],
						"1.7": [-6.45, 3.18, 3.99],
						"1.75": [-14.1, 0.62, 15.26],
						"1.8": [-22.35, -2.09, 40.28],
						"1.85": [-27.05, -2.63, 46.12],
						"1.9": [-30.03, -2.61, 49.34],
						"1.95": [-31.12, -2.97, 50.39],
						"2.0": [-31.61, -3.36, 50.58],
						"2.05": [-32.2, -3.29, 50.7],
						"2.1": [-35.27, 0.05, 51.44],
						"2.15": [-35.82, -1.15, 48.67],
						"2.2": [-35.51, -0.34, 50.51],
						"2.25": [-37.75, -2.97, 47.22],
						"2.3": [-33.57, -0.44, 50],
						"2.35": [-33.94, -1.69, 47.02],
						"2.4": [-32.63, -1.39, 47.74],
						"2.5": [-28.28, -0.72, 45.28],
						"2.6": [-16.2, 0.23, 17.18],
						"2.65": [-4.3, 0.97, 2.83],
						"2.7": [-0.79, 0.72, -1.1],
						"2.75": [-0.02, 0.26, -1.01],
						"2.8": [1.39, 0.23, 0.9],
						"2.85": [2.01, 0.28, 2.75],
						"2.9": [1.12, 0.28, 0.76],
						"2.95": [-0.01, 0.24, -1.5],
						"3.0": [-0.13, 0.11, -1.02],
						"3.05": [0, 0, 0]
					},
					"position": {
						"0.0": [0, 0, 0],
						"0.05": [-0.09, -0.39, 0.13],
						"0.1": [-0.2, -0.8, 0.4],
						"0.15": [-0.27, -0.96, 0.97],
						"0.2": [-0.38, -0.92, 1.58],
						"0.25": [-0.61, -0.51, 2.02],
						"0.3": [-0.87, -0.1, 2.33],
						"0.35": [-1.15, -0.12, 2.47],
						"0.4": [-1.37, -0.2, 2.48],
						"0.45": [-1.44, -0.06, 2.3],
						"0.5": [-1.5, 0.08, 2.13],
						"0.55": [-1.5, 0.14, 1.73],
						"0.6": [-1.5, 0.2, 1.33],
						"0.65": [-1.5, -0.02, 1.12],
						"0.7": [-1.5, -0.3, 1.02],
						"0.75": [-1.49, -0.44, 1.02],
						"0.8": [-1.47, -0.56, 1.07],
						"0.85": [-1.45, -0.61, 1.13],
						"0.9": [-1.42, -0.49, 1.23],
						"0.95": [-1.4, -0.3, 1.35],
						"1.0": [-1.4, -0.19, 1.48],
						"1.05": [-1.4, -0.1, 1.6],
						"1.1": [-1.4, -0.05, 1.65],
						"1.15": [-1.39, 0, 1.68],
						"1.2": [-1.4, 0, 1.7],
						"1.25": [-1.46, -0.12, 1.71],
						"1.3": [-1.5, -0.25, 1.7],
						"1.35": [-1.45, -0.3, 1.65],
						"1.4": [-1.4, -0.3, 1.6],
						"1.45": [-1.47, -0.25, 1.59],
						"1.5": [-1.5, -0.2, 1.6],
						"1.55": [-1.4, -0.09, 1.59],
						"1.6": [-1.09, -0.22, 1.6],
						"1.65": [-0.36, -1.06, 1.59],
						"1.7": [0.44, -2.02, 1.7],
						"1.75": [0.92, -2.51, 2.2],
						"1.8": [1.4, -3, 2.7],
						"1.85": [1.56, -2.93, 2.7],
						"1.9": [1.72, -2.87, 2.7],
						"1.95": [1.88, -2.8, 2.7],
						"2.0": [1.64, -2.85, 2.7],
						"2.05": [1.4, -2.9, 2.7],
						"2.1": [1.1, -3.1, 2.7],
						"2.15": [1, -3.3, 2.7],
						"2.2": [1.05, -3.1, 2.7],
						"2.25": [1.1, -2.9, 2.7],
						"2.3": [1.6, -2.36, 2.6],
						"2.35": [1.6, -2.97, 2.7],
						"2.4": [1.7, -3.3, 2.7],
						"2.5": [1.29, -3.75, 2.58],
						"2.6": [0.8, -4.08, 2.07],
						"2.65": [0.33, -3.49, -1.12],
						"2.7": [0.04, -2.24, -1.55],
						"2.75": [-0.2, -1, -1.4],
						"2.8": [-0.23, -0.62, -0.73],
						"2.85": [-0.19, -0.52, 0.08],
						"2.9": [-0.1, -0.25, 0.88],
						"2.95": [-0.04, -0.11, 0.49],
						"3.0": [0, 0, 0],
						"3.05": [0.01, 0.02, -0.06],
						"3.1": [0, 0, 0]
					}
				},
				"mag_and_bullet": {
					"rotation": {
						"0.25": [0, 0, 0],
						"0.3": [-4.89, -1.3, -64.92],
						"0.35": [-0.76, -4.11, -63.26],
						"0.4": [3.36, -6.92, -61.61],
						"0.45": [0.36, -6.92, -61.61],
						"0.5": [-4.27, -7.15, -64.62],
						"0.55": [7.73, -7.15, -64.62],
						"0.6": [26.6, -10.81, -57.42],
						"0.65": [10.76, -14.72, -49.1],
						"0.7": [29.48, -6.86, -47.6],
						"0.75": [23.02, -7.57, -43.16],
						"0.8": [7.01, -10.47, -34.68],
						"0.85": [-8.79, -13.1, -26.27],
						"0.9": [-13.55, -11.75, -22.43],
						"0.95": [-17.36, -11.05, -19.66],
						"1.0": [-20.69, -9.71, -16.67],
						"1.05": [-21.59, -3.28, -11.08],
						"1.1": [-26, 0, -4.41],
						"1.15": [-32, 0, -1.76],
						"1.2": [-31, 0, 0],
						"1.25": [0, 0, 0]
					},
					"position": {
						"0.25": [0, -16, 15],
						"0.3": [3, -15, 5],
						"0.35": [1.5, -8.6, 4.15],
						"0.4": [0, -2.2, 3.3],
						"0.45": [0, -2.2, 3.2],
						"0.5": [0, -2.2, 3],
						"0.55": [0, -2.6, 2.5],
						"0.6": [0, -2.6, 1],
						"0.65": [0, -2.6, -1.5],
						"0.7": [0, -3.2, -3],
						"0.75": [0.18, -3.24, -2.78],
						"0.8": [0.57, -3.27, -2.1],
						"0.85": [0.9, -3.2, -1.4],
						"0.9": [0.66, -2.44, -1.08],
						"0.95": [0.46, -1.82, -0.82],
						"1.0": [0.3, -1.3, -0.6],
						"1.05": [0.4, -1.3, -0.6],
						"1.1": [0.1, -1, -0.5],
						"1.15": [0.1, -1, -0.6],
						"1.2": [0.1, -1, -0.6],
						"1.25": [0, 0, 0]
					}
				},
				"additional_magazine": {
					"rotation": {
						"0.45": [0, 0, 0],
						"0.5": [-2.5, 0, 0],
						"0.55": [-40.35, 1.36, -7.69],
						"0.6": [-80.94, -5.24, -22.93],
						"0.65": [-101.58, 0.87, -57.44],
						"0.7": [-107.08, -6.14, -87.98],
						"0.75": [-114.66, -17.18, -123.29],
						"0.8": [-140.94, -29.32, -134.9],
						"0.85": [-205.79, -43.83, -100.88],
						"0.9": [-289.34, -59.46, -43.16],
						"0.95": [-348.58, -69.44, 0.93],
						"1.0": [-377.08, -70.32, 16.86],
						"1.05": [-337.45, -58.83, 14.05],
						"1.1": [-168.72, -29.41, 7.03],
						"1.15": [0, 0, 0]
					},
					"position": {
						"0.45": [0, 0, 0],
						"0.5": [0, 0, 0],
						"0.55": [0, -2.2, -1.2],
						"0.6": [2.7, -4.5, -4],
						"0.65": [5.1, -6.3, -8.1],
						"0.7": [6.27, -7.39, -11.04],
						"0.75": [7.3, -9.5, -14.1],
						"0.8": [8.27, -14.14, -16.8],
						"0.85": [8.6, -19.4, -19.1],
						"0.9": [7.47, -23.14, -20.77],
						"0.95": [5.62, -27.59, -21.88],
						"1.0": [3.8, -35.32, -23.75],
						"1.05": [1.13, -43.16, -22.42],
						"1.1": [-8.61, -52.18, 0.38],
						"1.15": [-2.3, -32.2, 15.6]
					}
				},
				"bolt": {
					"position": {
						"2.05": [0, 0, 0],
						"2.1": [0, 0, 5.2],
						"2.2": [0, 0, 5.2],
						"2.3": [0, 0, 0],
						"2.35": [0, 0, 0.1],
						"2.45": [0, 0, 0]
					}
				},
				"magrelease": {
					"rotation": {
						"0.4": [0, 0, 0],
						"0.45": [-20, 0, 0],
						"0.55": [-29, 0, 0],
						"0.65": [-21, 0, 0],
						"0.75": [0, 0, 0],
						"1.2": [0, 0, 0],
						"1.25": [-20, 0, 0],
						"1.35": [0, 0, 0]
					}
				},
				"constraint": {
					"rotation": {
						"0.0": [0, 0, 0],
						"2.9": [0, 0, 0],
						"3.05": [0.2, 0.2, 0.4]
					},
					"position": {
						"0.0": [0.02, 0.02, 0.02],
						"2.9": [0.02, 0.02, 0.02],
						"3.05": [0.1, 0.1, 0.1]
					}
				},
				"Bolt3": {
					"rotation": {
						"1.95": [0, 0, 0],
						"2.0": [0, 0, 50],
						"2.35": [0, 0, 50],
						"2.4": [0, 0, 0]
					},
					"position": {
						"2.0": [0, 0, 0],
						"2.05": [0, 0, 3],
						"2.3": [0, 0, 3],
						"2.35": [0, 0, 0]
					}
				},
				"camera": {
					"rotation": {
						"0.0": [0, 0, 0],
						"0.05": [0.14, 0.06, -0.05],
						"0.1": [0.35, 0.13, -0.12],
						"0.15": [0.57, 0.22, -0.2],
						"0.2": [0.75, 0.3, -0.28],
						"0.25": [0.89, 0.37, -0.36],
						"0.3": [1.01, 0.44, -0.45],
						"0.35": [1.1, 0.51, -0.53],
						"0.4": [1.16, 0.55, -0.6],
						"0.45": [1.12, 0.6, -0.73],
						"0.5": [0.96, 0.55, -0.75],
						"0.55": [0.28, 0.08, -0.12],
						"0.6": [0.17, -0.06, -0.58],
						"0.65": [0.19, -0.12, -1.07],
						"0.7": [0.42, -0.13, -0.94],
						"0.75": [0.68, -0.1, -0.7],
						"0.8": [0.74, -0.07, -0.7],
						"0.85": [0.74, 0, -0.75],
						"0.9": [0.72, 0.08, -0.76],
						"0.95": [0.69, 0.18, -0.77],
						"1.0": [0.62, 0.27, -0.77],
						"1.05": [0.48, 0.33, -0.78],
						"1.1": [0.31, 0.38, -0.77],
						"1.15": [0.19, 0.42, -0.72],
						"1.2": [0.19, 0.5, -0.25],
						"1.25": [0.74, 0.5, -1.23],
						"1.3": [0.58, 0.5, -1.04],
						"1.35": [0.42, 0.5, -0.75],
						"1.4": [0.53, 0.5, -0.74],
						"1.45": [0.73, 0.5, -0.79],
						"1.5": [0.91, 0.5, -0.81],
						"1.55": [1.12, 0.51, -0.79],
						"1.6": [1.25, 0.5, -0.67],
						"1.65": [1.21, 0.48, -0.49],
						"1.7": [1.1, 0.43, -0.25],
						"1.75": [1, 0.34, -0.02],
						"1.8": [0.91, 0.15, 0.15],
						"1.85": [0.81, -0.09, 0.31],
						"1.9": [0.75, -0.28, 0.43],
						"1.95": [0.76, -0.36, 0.5],
						"2.0": [0.79, -0.39, 0.53],
						"2.05": [0.79, -0.4, 0.5],
						"2.1": [0.48, -0.3, 0],
						"2.15": [0.63, -0.29, 0.17],
						"2.2": [0.83, -0.3, 0.5],
						"2.25": [0.9, -0.4, 1.25],
						"2.3": [1.46, -0.4, -0.15],
						"2.35": [1.34, -0.4, 0.16],
						"2.4": [1.15, -0.4, 0.63],
						"2.45": [1.26, -0.42, 0.61],
						"2.5": [1.23, -0.4, 0.43],
						"2.55": [1.02, -0.34, 0.32],
						"2.6": [0.69, -0.25, 0.17],
						"2.65": [0.33, -0.15, 0.02],
						"2.7": [0.01, -0.06, -0.1],
						"2.75": [-0.2, 0, -0.15],
						"2.8": [-0.04, 0, 0.42],
						"2.85": [0.13, 0, -0.07],
						"2.9": [0.07, 0, -0.03],
						"2.95": [0, 0, 0.07],
						"3.0": [-0.01, 0, 0.04],
						"3.05": [0, 0, 0]
					}
				},
				"bullet_in_mag4": {
					"position": {
						"2.05": [0, -3.10937, 0.03125],
						"2.3": [0, -3.10937, 0.03125],
						"2.35": [0, 0, 0]
					},
					"scale": {
						"0.4": [0, 0, 0],
						"2.05": [1, 1, 1]
					}
				}
			},
			"sound_effects": {
				"0.0": {
					"effect": "tacz:sks/sks_reload_empty_raise"
				},
				"0.4": {
					"effect": "tacz:sks/sks_reload_empty_magout"
				},
				"0.95": {
					"effect": "tacz:sks/sks_reload_empty_magin"
				},
				"1.3": {
					"effect": "tacz:sks/sks_drop"
				},
				"1.85": {
					"effect": "emxmors:emx_longbow/p36_sn_boscar_rechamber_hvy_bolt_back"
				},
				"2.2": {
					"effect": "emxmors:emx_longbow/p36_sn_boscar_rechamber_hvy_bolt_forward"
				},
				"2.65": {
					"effect": "tacz:sks/sks_reload_empty_end"
				}
			}
		},
		"draw": {
			"animation_length": 0.85,
			"bones": {
				"righthand": {
					"rotation": {
						"0.25": [100.72722, -2.77836, -170.38597],
						"0.4": [100.03742, 4.92385, -179.12962],
						"0.45": [100.03742, 4.92385, -179.12962]
					},
					"position": {
						"0.15": [-10.07, -17.7, 6.73],
						"0.25": [-8.5, -14.2, 6.4],
						"0.4": [-6.6, -14.2, 6.7],
						"0.45": [-6.8, -14.2, 7.4]
					},
					"scale": [1, 1.5, 1]
				},
				"lefthand": {
					"rotation": {
						"0.0": [90.4533, -389.73135, -129.57361],
						"0.05": [60.82, -381.84, -112.57],
						"0.1": [66.06, -384.48, -115.98],
						"0.15": [72.13, -387.54, -119.93],
						"0.2": [78.26, -390.56, -123.88],
						"0.25": [83.64, -393.11, -127.29],
						"0.3": [87.48, -394.73, -129.62],
						"0.35": [91.14, -394.56, -130.82],
						"0.4": [90.96, -392.23, -129.6],
						"0.45": [91.07, -391.3, -129.59],
						"0.5": [90.73, -390.38, -129.58],
						"0.55": [90.45, -389.73, -129.57]
					},
					"position": [7.4, -13.62187, -7.46875],
					"scale": [1, 1.5, 1]
				},
				"root": {
					"rotation": {
						"0.0": [22.5, -22.5, 32.5],
						"0.05": [20.06, -18.7, 31.22],
						"0.1": [16.81, -14.77, 27.74],
						"0.15": [13.95, -14.79, 18.79],
						"0.2": [10.39, -13.75, 10.06],
						"0.25": [4.22, -5.52, 8.04],
						"0.3": [-0.89, 2.46, 7.09],
						"0.35": [-1.11, 3.39, 4.02],
						"0.4": [0.15, 2.42, 0.27],
						"0.45": [1.11, 1.43, -2],
						"0.5": [0.39, 0.29, 2.28],
						"0.55": [0.04, 0.2, -1.89],
						"0.6": [0.01, 0.16, -0.83],
						"0.65": [0.03, 0.12, 0.67],
						"0.7": [0.02, 0.09, 0.71],
						"0.75": [0.01, 0.05, 0.5],
						"0.8": [0.01, 0.02, 0.2],
						"0.85": [0, 0, 0]
					},
					"position": {
						"0.0": [-5, -14, 0],
						"0.05": [-4.77, -12.25, -0.1],
						"0.1": [-4.41, -9.74, -0.25],
						"0.15": [-3.79, -7.23, -0.38],
						"0.2": [-2.68, -4.71, -0.51],
						"0.25": [-1.31, -2.18, -0.63],
						"0.3": [-0.3, -0.4, -0.6],
						"0.35": [0.01, 0.1, -0.37],
						"0.4": [0.07, 0.06, -0.01],
						"0.45": [0.03, -0.18, 0.33],
						"0.5": [0.01, -0.3, 0.5],
						"0.55": [0.02, -0.18, 0.14],
						"0.6": [-0.01, -0.07, -0.32],
						"0.65": [-0.01, -0.03, -0.29],
						"0.7": [0, -0.01, -0.13],
						"0.75": [0, 0, 0]
					}
				},
				"camera": {
					"rotation": {
						"0.0": [0, 0, 0],
						"0.05": [0.24, -0.01, 0.01],
						"0.1": [0.55, -0.05, 0.1],
						"0.15": [0.88, -0.18, 0.43],
						"0.2": [1.1, -0.3, 0.7],
						"0.25": [1.08, -0.3, 0.66],
						"0.3": [0.98, -0.28, 0.53],
						"0.35": [0.85, -0.24, 0.39],
						"0.4": [0.7, -0.2, 0.3],
						"0.45": [0.26, -0.1, 0.37],
						"0.5": [-0.1, 0, 0.4],
						"0.55": [0.2, 0.1, -0.3],
						"0.6": [0.12, 0.06, -0.14],
						"0.65": [0, 0, 0.1],
						"0.7": [-0.01, -0.01, 0.07],
						"0.75": [0, 0, 0]
					}
				}
			},
			"sound_effects": {
				"0.05": {
					"effect": "tacz:sks/sks_drop"
				}
			}
		},
		"put_away": {
			"loop": "hold_on_last_frame",
			"animation_length": 0.7,
			"bones": {
				"righthand": {
					"rotation": [100.03742, 4.92385, -179.12962],
					"position": [-6.8, -14.2, 7.4],
					"scale": [1, 1.5, 1]
				},
				"lefthand": {
					"rotation": {
						"0.0": [90.4533, -389.73135, -129.57361],
						"0.0333": [125.75, -383.9, -174.6],
						"0.0667": [135.6, -376.74, -192.58],
						"0.1": [144.23, -367.72, -211.05],
						"0.1333": [150.15, -361.22, -224.03]
					},
					"position": {
						"0.0": [7.4, -13.62187, -7.46875],
						"0.0333": [8.57, -10.83, -5.85],
						"0.0667": [8.73, -10.05, -4.84],
						"0.1": [8.79, -9.09, -3.82],
						"0.1333": [8.82, -8.4, -3.1]
					},
					"scale": [1, 1.5, 1]
				},
				"root": {
					"rotation": {
						"0.0": [0, 0, 0],
						"0.0333": [-0.47, -1.28, -1.35],
						"0.0667": [-0.64, -3.66, -2.19],
						"0.1": [-0.13, -6.1, -1.43],
						"0.1333": [0.72, -9.1, 0.04],
						"0.1667": [1.8, -12.38, 1.96],
						"0.2": [2.75, -14.8, 3.7],
						"0.2333": [3.83, -17.28, 5.74],
						"0.2667": [5.02, -20.11, 7.96],
						"0.3": [6.24, -23.59, 10.25],
						"0.3333": [7.57, -28.02, 12.73],
						"0.3667": [9, -33.18, 15.42],
						"0.4": [10.4, -38.56, 18.03],
						"0.4333": [11.64, -43.66, 20.29],
						"0.4667": [12.74, -48.81, 22.19]
					},
					"position": {
						"0.0": [0, 0, 0],
						"0.0333": [-0.21, -0.18, 0.14],
						"0.0667": [-0.45, -0.49, 0.28],
						"0.1": [-0.56, -0.77, 0.33],
						"0.1333": [-0.64, -1.11, 0.35],
						"0.1667": [-0.67, -1.47, 0.34],
						"0.2": [-0.67, -1.72, 0.3],
						"0.2333": [-0.65, -2.275, 0.23],
						"0.2667": [-0.58, -2.79, 0.15],
						"0.3": [-0.43, -3.58, 0.06],
						"0.3333": [-0.22, -4.245, -0.04],
						"0.3667": [0.06, -5.375, -0.15],
						"0.4": [0.42, -6.43, -0.26],
						"0.4333": [0.92, -7.39, -0.33],
						"0.4667": [1.49, -8.13, -0.36]
					}
				},
				"camera": {
					"rotation": {
						"0.0": [0, 0, 0],
						"0.0333": [0.05, 0, -0.04],
						"0.0667": [0.13, 0, -0.09],
						"0.1": [0.22, 0, -0.13],
						"0.1333": [0.3, 0, -0.12],
						"0.1667": [0.43, 0, 0],
						"0.2": [0.56, 0, 0.18],
						"0.2333": [0.64, 0, 0.3],
						"0.2667": [0.65, 0, 0.3],
						"0.3": [0.62, 0, 0.26],
						"0.3333": [0.57, 0, 0.2],
						"0.4667": [0, 0, 0]
					}
				}
			},
			"sound_effects": {
				"0.0": {
					"effect": "tacz:sks/sks_raise"
				}
			}
		},
		"bolt": {
			"loop": "hold_on_last_frame",
			"animation_length": 1.05,
			"bones": {
				"bullet_and_bolt": {
					"rotation": {
						"0.15": [0, 0, 0],
						"0.2": [0, 0, 0],
						"0.25": [0, 0, 65],
						"0.35": [0, 0, 65],
						"0.45": [0, 0, 65],
						"0.55": [0, 0, 65],
						"0.65": [0, 0, 0]
					},
					"position": {
						"0.15": [0, 0, 0],
						"0.2": [0, 0, 0],
						"0.25": [0, -0.26, 0],
						"0.35": [0, -0.22, 0],
						"0.4": [0, -0.16, 3.25],
						"0.5": [0, -0.16, 3.25],
						"0.55": [0, -0.01, 0],
						"0.65": [0, 0, 0]
					}
				},
				"root": {
					"rotation": {
						"0.0": {
							"post": [0, 0, 0],
							"lerp_mode": "catmullrom"
						},
						"0.15": {
							"post": [1.12066, 0.24778, 14.49999],
							"lerp_mode": "catmullrom"
						},
						"0.2": {
							"post": [0.77, 0.27, 18.42],
							"lerp_mode": "catmullrom"
						},
						"0.25": {
							"post": [-0.22282, 0.0001, 30],
							"lerp_mode": "catmullrom"
						},
						"0.3": {
							"post": [-0.96, -0.41, 21.38],
							"lerp_mode": "catmullrom"
						},
						"0.5": {
							"post": [-4.22841, -2.26187, 23.35575],
							"lerp_mode": "catmullrom"
						},
						"0.55": {
							"post": [-0.10728, -0.54502, 23.64721],
							"lerp_mode": "catmullrom"
						},
						"0.9": {
							"post": [0, 0, 0],
							"lerp_mode": "catmullrom"
						}
					},
					"position": {
						"0.0": [0, 0, 0],
						"0.1": [0.07, -0.31, 0],
						"0.2": [0.21, -1.12, 0],
						"0.25": [0.41, -1.1125, -0.2],
						"0.35": [0.41, -1.1125, -0.2],
						"0.4": [0.09, -1.165, 1.5],
						"0.45": [0.09, -1.165, 0.2],
						"0.55": [0.09, -1.16, -1.5],
						"0.6": [0.09, -1.16, -0.16],
						"0.75": [0.21, 0.0325, -0.13],
						"0.85": [0, 0, 0]
					}
				},
				"righthand": {
					"rotation": {
						"0.0": {
							"post": [100.03742, 4.92385, -179.12962],
							"lerp_mode": "catmullrom"
						},
						"0.15": {
							"post": [112.63674, 3.16029, -137.28968],
							"lerp_mode": "catmullrom"
						},
						"0.2": {
							"post": [112.64, -1.84, -127.29],
							"lerp_mode": "catmullrom"
						},
						"0.25": {
							"post": [114.18636, -12.11759, -122.77082],
							"lerp_mode": "catmullrom"
						},
						"0.35": {
							"post": [114.18636, -12.11759, -122.77082],
							"lerp_mode": "catmullrom"
						},
						"0.55": {
							"post": [114.74186, -10.87497, -125.55734],
							"lerp_mode": "catmullrom"
						},
						"0.7": {
							"post": [110.89254, -4.51578, -154.31887],
							"lerp_mode": "catmullrom"
						},
						"0.9": {
							"post": [100.03742, 4.92385, -179.12962],
							"lerp_mode": "catmullrom"
						}
					},
					"position": {
						"0.0": {
							"post": [-6.8, -14.2, 7.4],
							"lerp_mode": "catmullrom"
						},
						"0.15": {
							"post": [-9.81, -11.07, 5.445],
							"lerp_mode": "catmullrom"
						},
						"0.2": {
							"post": [-9.81, -11.07, 5.445],
							"lerp_mode": "catmullrom"
						},
						"0.25": {
							"post": [-10.21, -9.25, 5.445],
							"lerp_mode": "catmullrom"
						},
						"0.35": {
							"post": [-10.21, -9.25, 5.445],
							"lerp_mode": "catmullrom"
						},
						"0.4": {
							"post": [-10.21, -9.25, 8.695],
							"lerp_mode": "catmullrom"
						},
						"0.5": {
							"post": [-10.21, -9.25, 8.795],
							"lerp_mode": "catmullrom"
						},
						"0.55": {
							"post": [-10.21, -9.25, 5.445],
							"lerp_mode": "catmullrom"
						},
						"0.7": {
							"post": [-10, -12, 5.765],
							"lerp_mode": "catmullrom"
						},
						"0.75": {
							"post": [-9.51, -12.26, 5.5975],
							"lerp_mode": "catmullrom"
						},
						"0.8": {
							"post": [-9.45, -12.31, 5.3425],
							"lerp_mode": "catmullrom"
						},
						"0.9": {
							"post": [-8.8, -14.2, 7.22],
							"lerp_mode": "catmullrom"
						},
						"1.0": {
							"post": [-6.8, -14.2, 7.4],
							"lerp_mode": "catmullrom"
						}
					},
					"scale": {
						"0.0": {
							"post": [1, 1.5, 1],
							"lerp_mode": "catmullrom"
						}
					}
				},
				"lefthand": {
					"rotation": [90.4533, -389.73135, -129.57361],
					"position": [7.4, -13.62187, -7.46875],
					"scale": [1, 1.5, 1]
				},
				"bullet_shell": {
					"rotation": {
						"0.4": [0, 0, 0],
						"0.6": [0, 480, 0]
					},
					"position": {
						"0.35": [0, 0, 0],
						"0.4": [0, 0, 3],
						"0.45": [-5.09557, -0.6189, 3.02685],
						"0.5": [-10.4357, -3.13341, 3.18538],
						"0.55": [-15.54144, -7.47007, 3.26563],
						"0.6": [-19.92919, -13.13909, 3.16998]
					},
					"scale": {
						"0.4": [1, 1, 1],
						"0.55": [1, 1, 1],
						"0.6": [0, 0, 0]
					}
				},
				"camera": {
					"rotation": {
						"0.0": {
							"post": [0, 0, 0],
							"lerp_mode": "catmullrom"
						},
						"0.15": {
							"post": [0.5, -0.5, -2],
							"lerp_mode": "catmullrom"
						},
						"0.3": {
							"post": [2, -0.4375, -0.75],
							"lerp_mode": "catmullrom"
						},
						"0.35": {
							"post": [1.7, -0.15, -0.96],
							"lerp_mode": "catmullrom"
						},
						"0.4": {
							"post": [3.5, 0.14, -1.31],
							"lerp_mode": "catmullrom"
						},
						"0.45": {
							"post": [1.3, 0.21, -1.39],
							"lerp_mode": "catmullrom"
						},
						"0.5": {
							"post": [1.25, 0.1875, -1.25],
							"lerp_mode": "catmullrom"
						},
						"0.55": {
							"post": [-1, 0.07, -0.8],
							"lerp_mode": "catmullrom"
						},
						"0.6": {
							"post": [0.22, -0.08, -0.26],
							"lerp_mode": "catmullrom"
						},
						"0.65": {
							"post": [-0.25, -0.1875, 0.1875],
							"lerp_mode": "catmullrom"
						},
						"0.85": {
							"post": [0.0625, 0, -0.0625],
							"lerp_mode": "catmullrom"
						},
						"1.05": {
							"post": [0, 0, 0],
							"lerp_mode": "catmullrom"
						}
					}
				},
				"Bolt3": {
					"rotation": {
						"0.2": [0, 0, 0],
						"0.25": [0, 0, 50],
						"0.55": [0, 0, 50],
						"0.65": [0, 0, 0]
					},
					"position": {
						"0.35": [0, 0, 0],
						"0.4": [0, 0, 4],
						"0.5": [0, 0, 4],
						"0.55": [0, 0, 0]
					}
				},
				"bullet_in_mag4": {
					"position": {
						"0.4": [0, -3, 0],
						"0.55": [0, -3, 0],
						"0.6": [0, 0, 0]
					},
					"scale": {
						"0.15": [0, 0, 0],
						"0.4": [1, 1, 1],
						"0.6": [0, 0, 0]
					}
				}
			},
			"sound_effects": {
				"0.2": {
					"effect": "emxmors:emx_longbow/p36_sn_boscar_rechamber_bolt_back"
				},
				"0.45": {
					"effect": "emxmors:emx_longbow/p36_sn_boscar_reload_boltcharge_forward_fast"
				}
			}
		},
		"inspect_empty": {
			"loop": "hold_on_last_frame",
			"animation_length": 7.7333,
			"bones": {
				"righthand": {
					"rotation": {
						"0.0": [100.03742, 4.92385, -179.12962],
						"3.2": [100.03742, 4.92385, -179.12962],
						"3.3667": [99.06076, -5.47299, -196.14145],
						"3.4333": [106.56, -5.47, -196.14],
						"3.5": [106.56, -5.47, -196.14],
						"3.6667": [103.77987, -10.75526, -176.64676],
						"3.8333": [123.79647, 11.10747, -171.31993],
						"4.6": [123.79647, 11.10747, -171.31993],
						"4.8333": [103.03254, 7.40742, -177.41488],
						"4.9333": [80.53, 7.41, -177.41],
						"5.0667": [80.53, 7.41, -177.41],
						"5.2": [100.03742, 4.92385, -179.12962]
					},
					"position": {
						"0.0": [-6.8, -14.2, 7.4],
						"3.2": [-6.8, -14.2, 7.4],
						"3.3667": [-8.805, -13.085, 4.945],
						"3.4667": [-8.8, -11.08, 4.95],
						"3.5333": [-8.8, -11.08, 4.95],
						"3.7": [-8.8, -10.13, 4.95],
						"3.8333": [-9.445, -10.13, 6.95],
						"4.1333": [-9.44, -10.13, 6.72],
						"4.4667": [-9.44, -10.13, 6.72],
						"4.7": [-9.445, -10.13, 6.95],
						"4.8": [-8.8, -10.13, 4.95],
						"4.9": [-8.8, -12.13, 4.95],
						"5.0333": [-8.8, -12.13, 4.95],
						"5.2": [-6.8, -14.2, 7.4]
					},
					"scale": [1, 1.5, 1]
				},
				"lefthand": {
					"rotation": {
						"0.0": [90.4533, -389.73135, -129.57361],
						"0.3": [113.14534, -397.33581, -164.72012],
						"0.4": [124.2487, -374.48971, -190.9453],
						"6.5": [124.2487, -374.48971, -190.9453],
						"6.7": [90.4533, -389.73135, -129.57361]
					},
					"position": {
						"0.0": [7.4, -13.62187, -7.46875],
						"0.2667": [7.94, -17.195, -1.435],
						"0.3667": [7.255, -17, 0.46],
						"6.5": [7.26, -17, 0.46],
						"6.7": [7.4, -13.62187, -7.46875]
					},
					"scale": {
						"0.0": [1, 1.5, 1],
						"6.7": [1, 1.5, 1]
					}
				},
				"constraint": {
					"rotation": [0.2, 0.2, 0.4],
					"position": [0.1, 0.1, 0.1]
				},
				"root": {
					"rotation": {
						"0.0": {
							"post": [0, 0, 0],
							"lerp_mode": "catmullrom"
						},
						"0.1": {
							"post": [1.685, -3.53, -6.4],
							"lerp_mode": "catmullrom"
						},
						"0.2": {
							"post": [-8.105, -6.88, -13.015],
							"lerp_mode": "catmullrom"
						},
						"0.3": {
							"post": [-19.33504, -11.36125, -18.46825],
							"lerp_mode": "catmullrom"
						},
						"0.3667": {
							"post": [-20.235, -11.18, -19.17],
							"lerp_mode": "catmullrom"
						},
						"0.4667": {
							"post": [-16.47805, -10.70023, -18.69523],
							"lerp_mode": "catmullrom"
						},
						"0.5667": {
							"post": [-14.55312, -12.83757, -25.04784],
							"lerp_mode": "catmullrom"
						},
						"0.6": {
							"post": [-12.72319, -13.94798, -28.53683],
							"lerp_mode": "catmullrom"
						},
						"0.6667": {
							"post": [-18.7589, -12.26037, -23.3517],
							"lerp_mode": "catmullrom"
						},
						"0.7667": {
							"post": [-18.42323, -13.38988, -26.55795],
							"lerp_mode": "catmullrom"
						},
						"0.8667": {
							"post": [-18.53403, -12.14782, -23.01023],
							"lerp_mode": "catmullrom"
						},
						"1.2333": {
							"post": [-19.95302, -11.6677, -21.60679],
							"lerp_mode": "catmullrom"
						},
						"1.5667": {
							"post": [-20.70731, -11.65363, -21.51656],
							"lerp_mode": "catmullrom"
						},
						"1.9333": {
							"post": [-16.78089, -10.50875, -20.77088],
							"lerp_mode": "catmullrom"
						},
						"2.1": {
							"post": [-16.39522, 2.36368, 18.07177],
							"lerp_mode": "catmullrom"
						},
						"2.2333": {
							"post": [-27.53159, 25.48139, 51.06994],
							"lerp_mode": "catmullrom"
						},
						"2.4": {
							"post": [-32.85105, 45.13006, 64.54397],
							"lerp_mode": "catmullrom"
						},
						"2.5667": {
							"post": [-30.1597, 44.68871, 67.01399],
							"lerp_mode": "catmullrom"
						},
						"2.8": {
							"post": [-31.91919, 43.30722, 65.4886],
							"lerp_mode": "catmullrom"
						},
						"3.0": {
							"post": [-32.85105, 41.53006, 64.54397],
							"lerp_mode": "catmullrom"
						},
						"3.1333": {
							"post": [-35.65588, 38.25313, 58.62216],
							"lerp_mode": "catmullrom"
						},
						"3.3": {
							"post": [-43.18649, 34.14971, 49.95519],
							"lerp_mode": "catmullrom"
						},
						"3.4333": {
							"post": [-46.93948, 34.18431, 47.54701],
							"lerp_mode": "catmullrom"
						},
						"3.7": {
							"post": [-48.56784, 36.4876, 46.70052],
							"lerp_mode": "catmullrom"
						},
						"3.8": {
							"post": [-45.41855, 41.78182, 50.55216],
							"lerp_mode": "catmullrom"
						},
						"3.9333": {
							"post": [-48.98, 40.11, 47.25],
							"lerp_mode": "catmullrom"
						},
						"4.0333": {
							"post": [-49.23489, 41.13121, 47.44389],
							"lerp_mode": "catmullrom"
						},
						"4.2": {
							"post": [-49.18711, 42.07983, 46.59303],
							"lerp_mode": "catmullrom"
						},
						"4.8333": {
							"post": [-50.29512, 42.88873, 42.11879],
							"lerp_mode": "catmullrom"
						},
						"4.9333": {
							"post": [-48.48914, 34.3985, 41.07692],
							"lerp_mode": "catmullrom"
						},
						"5.0333": {
							"post": [-43.26872, 29.49021, 38.73168],
							"lerp_mode": "catmullrom"
						},
						"5.2667": {
							"post": [-48.48914, 32.3985, 41.07692],
							"lerp_mode": "catmullrom"
						},
						"5.3667": {
							"post": [-43.26872, 27.49021, 38.73168],
							"lerp_mode": "catmullrom"
						},
						"5.4667": {
							"post": [-35.2055, 19.98685, 36.00341],
							"lerp_mode": "catmullrom"
						},
						"5.6": {
							"post": [-26.25268, -1.76537, 10.48099],
							"lerp_mode": "catmullrom"
						},
						"5.7333": {
							"post": [-22.06, -14.30818, -17.66847],
							"lerp_mode": "catmullrom"
						},
						"5.8667": {
							"post": [-20.10803, -14.90093, -24.36157],
							"lerp_mode": "catmullrom"
						},
						"6.0333": {
							"post": [-20.36562, -14.25062, -24.93336],
							"lerp_mode": "catmullrom"
						},
						"6.1667": {
							"post": [-20.74536, -12.32337, -24.02348],
							"lerp_mode": "catmullrom"
						},
						"6.2333": {
							"post": [-20.49437, -13.16317, -24.72873],
							"lerp_mode": "catmullrom"
						},
						"6.2667": {
							"post": [-15.83817, -14.81264, -34.84285],
							"lerp_mode": "catmullrom"
						},
						"6.3333": {
							"post": [-19.43505, -10.15957, -17.15869],
							"lerp_mode": "catmullrom"
						},
						"6.4333": {
							"post": [-16.2147, -10.95773, -20.90644],
							"lerp_mode": "catmullrom"
						},
						"6.5667": {
							"post": [-11.32508, -5.39898, -8.93252],
							"lerp_mode": "catmullrom"
						},
						"6.6667": {
							"post": [-2.90548, -4.30241, -5.32769],
							"lerp_mode": "catmullrom"
						},
						"6.8": {
							"post": [-5.44961, -3.54234, 2.67944],
							"lerp_mode": "catmullrom"
						},
						"6.9": {
							"post": [-5.34357, -3.12703, 2.57146],
							"lerp_mode": "catmullrom"
						},
						"7.0": {
							"post": [-3.39737, -2.42997, 5.13189],
							"lerp_mode": "catmullrom"
						},
						"7.1333": {
							"post": [-2.55, -0.79, -0.27],
							"lerp_mode": "catmullrom"
						},
						"7.2667": {
							"post": [-0.6, -0.32, 0.26],
							"lerp_mode": "catmullrom"
						},
						"7.3": {
							"post": [0, -0.5, -0.775],
							"lerp_mode": "catmullrom"
						},
						"7.3667": {
							"post": [-0.00945, -0.1664, 1.77501],
							"lerp_mode": "catmullrom"
						},
						"7.4333": {
							"post": [0, 0, -1.25],
							"lerp_mode": "catmullrom"
						},
						"7.5": {
							"post": [0, 0, 0],
							"lerp_mode": "catmullrom"
						},
						"7.6": {
							"post": [0, 0, 0],
							"lerp_mode": "catmullrom"
						}
					},
					"position": {
						"0.0": {
							"post": [0, 0, 0],
							"lerp_mode": "catmullrom"
						},
						"0.1": {
							"post": [0.13, -1.025, -1.075],
							"lerp_mode": "catmullrom"
						},
						"0.2": {
							"post": [0.25, -1.15, -0.975],
							"lerp_mode": "catmullrom"
						},
						"0.3": {
							"post": [0.25, 0.325, -0.1],
							"lerp_mode": "catmullrom"
						},
						"0.4": {
							"post": [0.19, 0.54, -0.05],
							"lerp_mode": "catmullrom"
						},
						"0.5333": {
							"post": [0.175, 0.395, -0.1],
							"lerp_mode": "catmullrom"
						},
						"0.6": {
							"post": [0.505, -0.88, -0.1],
							"lerp_mode": "catmullrom"
						},
						"0.7333": {
							"post": [0.335, -0.905, -0.1],
							"lerp_mode": "catmullrom"
						},
						"0.9": {
							"post": [0.115, -0.665, -0.09],
							"lerp_mode": "catmullrom"
						},
						"1.1667": {
							"post": [-0.17, -0.715, -0.08],
							"lerp_mode": "catmullrom"
						},
						"1.5": {
							"post": [-0.2, -0.55, -0.01],
							"lerp_mode": "catmullrom"
						},
						"1.9667": {
							"post": [-0.24, -0.63, -0.4],
							"lerp_mode": "catmullrom"
						},
						"2.1667": {
							"post": [-0.365, -1.47, -1.94],
							"lerp_mode": "catmullrom"
						},
						"2.3667": {
							"post": [-0.695, 0.545, -1.975],
							"lerp_mode": "catmullrom"
						},
						"2.5333": {
							"post": [-0.69, 0.25, -1.13],
							"lerp_mode": "catmullrom"
						},
						"2.6667": {
							"post": [-0.69, 0.48, -1.13],
							"lerp_mode": "catmullrom"
						},
						"2.8333": {
							"post": [-0.69, 0.44, -1.13],
							"lerp_mode": "catmullrom"
						},
						"3.0": {
							"post": [-0.69, 0.275, -1.13],
							"lerp_mode": "catmullrom"
						},
						"3.1333": {
							"post": [-1, -0.305, -1.355],
							"lerp_mode": "catmullrom"
						},
						"3.3": {
							"post": [-1.315, -1.27, -0.755],
							"lerp_mode": "catmullrom"
						},
						"3.4333": {
							"post": [-1.415, -1.465, -0.745],
							"lerp_mode": "catmullrom"
						},
						"3.6": {
							"post": [-1.415, -1.465, -0.745],
							"lerp_mode": "catmullrom"
						},
						"3.7333": {
							"post": [-1.56, -2.28, -0.93],
							"lerp_mode": "catmullrom"
						},
						"3.8333": {
							"post": [-1.6, -2.34, -0.97],
							"lerp_mode": "catmullrom"
						},
						"4.0": {
							"post": [-1.645, -2.24, -0.97],
							"lerp_mode": "catmullrom"
						},
						"4.2": {
							"post": [-1.655, -2.025, -0.79],
							"lerp_mode": "catmullrom"
						},
						"4.2667": {
							"post": [-1.64, -2.04, -0.78],
							"lerp_mode": "catmullrom"
						},
						"4.5667": {
							"post": [-1.79, -2.155, -0.72],
							"lerp_mode": "catmullrom"
						},
						"4.7667": {
							"post": [-1.79, -1.285, -0.66],
							"lerp_mode": "catmullrom"
						},
						"4.8667": {
							"post": [-1.765, -1.185, -0.67],
							"lerp_mode": "catmullrom"
						},
						"4.9333": {
							"post": [-1.55, -0.975, -1.02],
							"lerp_mode": "catmullrom"
						},
						"5.0333": {
							"post": [-1.31, -1.345, -0.53],
							"lerp_mode": "catmullrom"
						},
						"5.1667": {
							"post": [-1.27, -1.35, -0.53],
							"lerp_mode": "catmullrom"
						},
						"5.3": {
							"post": [-1.2, -1.89, -0.64],
							"lerp_mode": "catmullrom"
						},
						"5.4": {
							"post": [-0.87, -2.12, -1.275],
							"lerp_mode": "catmullrom"
						},
						"5.5333": {
							"post": [-0.87, -2.12, -1.275],
							"lerp_mode": "catmullrom"
						},
						"5.8": {
							"post": [-0.665, -0.645, 0.04],
							"lerp_mode": "catmullrom"
						},
						"5.9667": {
							"post": [-0.095, -0.225, 0.05],
							"lerp_mode": "catmullrom"
						},
						"6.0333": {
							"post": [-0.0425, -0.1125, 0.05],
							"lerp_mode": "catmullrom"
						},
						"6.1333": {
							"post": [-0.03625, -0.04125, 0.05],
							"lerp_mode": "catmullrom"
						},
						"6.2333": {
							"post": [0.025, 0.06, 0.05],
							"lerp_mode": "catmullrom"
						},
						"6.3": {
							"post": [0.25, -1.025, 0.05],
							"lerp_mode": "catmullrom"
						},
						"6.4333": {
							"post": [0.15, -0.745, -0.04],
							"lerp_mode": "catmullrom"
						},
						"6.5667": {
							"post": [0.14, -1.815, 0.325],
							"lerp_mode": "catmullrom"
						},
						"6.7667": {
							"post": [-0.11, -1.665, 0.49],
							"lerp_mode": "catmullrom"
						},
						"6.9": {
							"post": [-0.1, -1.385, 0.455],
							"lerp_mode": "catmullrom"
						},
						"7.0333": {
							"post": [-0.09, -1.13, 0.385],
							"lerp_mode": "catmullrom"
						},
						"7.2": {
							"post": [-0.11, -0.315, -0.685],
							"lerp_mode": "catmullrom"
						},
						"7.3667": {
							"post": [0, -0.3, 0.25],
							"lerp_mode": "catmullrom"
						},
						"7.4667": {
							"post": [0, 0, -0.1],
							"lerp_mode": "catmullrom"
						},
						"7.5667": {
							"post": [0, 0, 0.05],
							"lerp_mode": "catmullrom"
						},
						"7.6667": {
							"post": [0, 0, 0],
							"lerp_mode": "catmullrom"
						}
					}
				},
				"mag_and_lh": {
					"rotation": {
						"0.4333": {
							"pre": [0, 0, 0],
							"post": [0, 0, 0],
							"lerp_mode": "catmullrom"
						},
						"0.5": {
							"post": [-27, 0, 0],
							"lerp_mode": "catmullrom"
						},
						"0.5667": {
							"post": [-29.78, -2.96, -4.25],
							"lerp_mode": "catmullrom"
						},
						"0.6667": {
							"post": [-32.79558, -21.35651, -30.78829],
							"lerp_mode": "catmullrom"
						},
						"0.8": {
							"post": [-36.58149, -11.99113, -14.73318],
							"lerp_mode": "catmullrom"
						},
						"0.9667": {
							"post": [-28.33547, -5.8058, -5.7213],
							"lerp_mode": "catmullrom"
						},
						"1.1": [-27.03329, -5.69318, -5.93799],
						"1.4": [-27.06, -6.77, -5.84],
						"1.7667": [-27.37907, -5.75707, -2.34845],
						"1.9333": [-27.03329, -5.69318, -5.93799],
						"2.0333": [1.07814, -0.35648, -12.07068],
						"2.1333": [28.91025, 4.41364, 13.7931],
						"2.5": [28.91025, 4.41364, 13.7931],
						"5.4": [28.91025, 4.41364, 13.7931],
						"5.5667": [-0.26458, 8.70102, -46.38093],
						"5.9": [-25, 0, 0],
						"6.0": [-22, 0, 0],
						"6.1": [-23.415, 0, 0],
						"6.2": [-21.165, 0, 0],
						"6.2667": [0, 0, 0]
					},
					"position": {
						"0.4333": {
							"pre": [0, 0, 0],
							"post": [0, 0, 0],
							"lerp_mode": "catmullrom"
						},
						"0.5": {
							"post": [-0.19, -1.255, -2.285],
							"lerp_mode": "catmullrom"
						},
						"0.6": {
							"post": [0, -2, -3.175],
							"lerp_mode": "catmullrom"
						},
						"0.7": {
							"post": [2.43355, -7.06085, -5.34008],
							"lerp_mode": "catmullrom"
						},
						"0.9": {
							"post": [4.88187, -4.75458, -0.85469],
							"lerp_mode": "catmullrom"
						},
						"1.0333": {
							"post": [5.4778, -4.03004, 0.00331],
							"lerp_mode": "catmullrom"
						},
						"1.2": {
							"post": [5.54466, -3.84829, 0.07629],
							"lerp_mode": "catmullrom"
						},
						"1.5": {
							"post": [5.21596, -4.02085, 0.17246],
							"lerp_mode": "catmullrom"
						},
						"1.8667": {
							"post": [5.03569, -4.15038, 0.22115],
							"lerp_mode": "catmullrom"
						},
						"1.9333": [4.29266, -3.11871, 0.03464],
						"2.0333": [3.0953, -0.29915, 0.21733],
						"2.1333": [1.84, 3.69, -1.68],
						"2.5": [1.84, 3.69, -1.68],
						"5.4": [1.84, 3.69, -1.68],
						"5.5667": {
							"pre": [4.425, 2.76, -1.49],
							"post": [4.425, 2.76, -1.49],
							"lerp_mode": "catmullrom"
						},
						"5.7": {
							"post": [3.15151, -2.07426, -1.82701],
							"lerp_mode": "catmullrom"
						},
						"5.8": {
							"post": [0.48795, -2.83892, -2.26484],
							"lerp_mode": "catmullrom"
						},
						"5.9": [0, -2, -2.175],
						"6.0": [0, -1.8, -2],
						"6.1": [0, -1.43, -2.04],
						"6.2": [0, -1.25, -1.915],
						"6.2667": [0, 0, 0]
					}
				},
				"Bolt3": {
					"rotation": {
						"3.4": [0, 0, 0],
						"3.7": [0, 0, 50],
						"4.8": [0, 0, 50],
						"4.9333": [0, 0, 0]
					},
					"position": {
						"3.7": [0, 0, 0],
						"3.8": [0, 0, 2],
						"4.1333": [0, 0, 1.77],
						"4.4667": [0, 0, 1.77],
						"4.7": [0, 0, 2],
						"4.8": [0, 0, 0]
					}
				},
				"camera": {
					"rotation": {
						"0.0": {
							"post": [0, 0, 0],
							"lerp_mode": "catmullrom"
						},
						"0.2": {
							"post": [0.345, 0, 0],
							"lerp_mode": "catmullrom"
						},
						"0.3667": {
							"post": [1.425, 0, 0],
							"lerp_mode": "catmullrom"
						},
						"0.5333": {
							"post": [1.28, -0.17, -0.15],
							"lerp_mode": "catmullrom"
						},
						"0.6": {
							"post": [1.155, -0.55, -0.3],
							"lerp_mode": "catmullrom"
						},
						"0.6667": {
							"post": [4.31, -1.17, 1.27],
							"lerp_mode": "catmullrom"
						},
						"0.7667": {
							"post": [6.485, -2.37, -1.695],
							"lerp_mode": "catmullrom"
						},
						"0.9": {
							"post": [6.905, -3.95, -0.575],
							"lerp_mode": "catmullrom"
						},
						"1.0667": {
							"post": [5.58, -4.07, -1.55],
							"lerp_mode": "catmullrom"
						},
						"1.2667": {
							"post": [4.735, -4.05, -1.26],
							"lerp_mode": "catmullrom"
						},
						"1.6333": {
							"post": [6.115, -4.04, -1.2],
							"lerp_mode": "catmullrom"
						},
						"2.0333": {
							"post": [4.635, -3.65, -0.475],
							"lerp_mode": "catmullrom"
						},
						"2.4": {
							"post": [-0.22, -1.225, -0.3],
							"lerp_mode": "catmullrom"
						},
						"2.5333": {
							"post": [-1.975, -0.56, -0.47],
							"lerp_mode": "catmullrom"
						},
						"2.6667": {
							"post": [-1.435, -0.155, 0.155],
							"lerp_mode": "catmullrom"
						},
						"2.8667": {
							"post": [-2.075, 0.25, 0.9],
							"lerp_mode": "catmullrom"
						},
						"3.1": {
							"post": [-0.815, 0.325, 1.45],
							"lerp_mode": "catmullrom"
						},
						"3.4": {
							"post": [6.175, 0.325, 0.9],
							"lerp_mode": "catmullrom"
						},
						"3.6": {
							"post": [5.085, 0.33, 0.9],
							"lerp_mode": "catmullrom"
						},
						"3.7667": {
							"post": [7.61, 0.33, 0.9],
							"lerp_mode": "catmullrom"
						},
						"3.8": {
							"post": [9.5, 0.33, 0.9],
							"lerp_mode": "catmullrom"
						},
						"3.8333": {
							"post": [8.18, 0.33, 0.9],
							"lerp_mode": "catmullrom"
						},
						"4.6": {
							"post": [8.18, 0.33, 0.9],
							"lerp_mode": "catmullrom"
						},
						"4.8": {
							"post": [3.165, 0.33, 0.9],
							"lerp_mode": "catmullrom"
						},
						"4.8667": {
							"post": [3.62, 0.33, 0.9],
							"lerp_mode": "catmullrom"
						},
						"4.9333": {
							"post": [3.73, 0.33, 0.9],
							"lerp_mode": "catmullrom"
						},
						"5.0333": {
							"post": [2.805, 0.33, 0.9],
							"lerp_mode": "catmullrom"
						},
						"5.1333": {
							"post": [3.25, 0.33, 0.9],
							"lerp_mode": "catmullrom"
						},
						"5.4667": {
							"post": [3.33, 0.22, 0.84],
							"lerp_mode": "catmullrom"
						},
						"5.7333": {
							"post": [3.37, 0.12, -3.21],
							"lerp_mode": "catmullrom"
						},
						"6.1": {
							"post": [3.425, -0.01, -3.275],
							"lerp_mode": "catmullrom"
						},
						"6.2": {
							"post": [3.56, -0.01, -3.19],
							"lerp_mode": "catmullrom"
						},
						"6.2667": {
							"post": [2.5, -0.01, -2.32],
							"lerp_mode": "catmullrom"
						},
						"6.3667": {
							"post": [3.59, -0.01, -3.72],
							"lerp_mode": "catmullrom"
						},
						"6.4667": {
							"post": [3.32, 0, -3.065],
							"lerp_mode": "catmullrom"
						},
						"6.6667": {
							"post": [1.775, 0, -4.075],
							"lerp_mode": "catmullrom"
						},
						"7.0333": {
							"post": [-1.005, 0, -0.19],
							"lerp_mode": "catmullrom"
						},
						"7.3": {
							"post": [-0.525, 0, -0.125],
							"lerp_mode": "catmullrom"
						},
						"7.3667": {
							"post": [0.225, 0, 0.325],
							"lerp_mode": "catmullrom"
						},
						"7.4667": {
							"post": [-0.175, 0, -0.15],
							"lerp_mode": "catmullrom"
						},
						"7.5667": {
							"post": [0.1, 0, 0.05],
							"lerp_mode": "catmullrom"
						},
						"7.7": {
							"post": [0, 0, 0],
							"lerp_mode": "catmullrom"
						}
					}
				},
				"bullet_in_mag2": {
					"scale": 0
				}
			},
			"sound_effects": {
				"0.0": {
					"effect": "tacz:sks/sks_reload_raise"
				},
				"0.5333": {
					"effect": "tacz:sks/sks_reload_fast_magout"
				},
				"2.1": {
					"effect": "tacz:sks/sks_reload_empty_rotate"
				},
				"3.4667": {
					"effect": "emxmors:emx_longbow/p36_sn_boscar_rechamber_hvy_bolt_back"
				},
				"4.7333": {
					"effect": "emxmors:emx_longbow/p36_sn_boscar_rechamber_hvy_bolt_forward"
				},
				"5.8": {
					"effect": "tacz:sks/sks_reload_empty_magin"
				},
				"6.2": {
					"effect": "tacz:sks/sks_reload_empty_end"
				},
				"6.9667": {
					"effect": "tacz:sks/sks_reload_xmag_end"
				}
			}
		}
	}
}