{
	"format_version": "1.8.0",
	"animations": {
		"static_idle": {
			"animation_length": 0.1,
			"bones": {
				"lefthand": {
					"rotation": [107.69108, -32.75736, -156.00452],
					"position": [8.2, -13.66562, -3.65312],
					"scale": [1, 1.5, 1]
				},
				"righthand": {
					"rotation": [89.49625, 6.99973, -180.06139],
					"position": [-6.85, -14.95, 9.525],
					"scale": [1, 1.5, 1]
				},
				"refit_view": {
					"position": [0, -1, 11]
				},
				"constraint": {
					"rotation": [0.2, 0.1, 0.2],
					"position": [0.2, 0.2, 0.4]
				}
			}
		},
		"static_bolt_caught": {
			"loop": true,
			"bones": {
				"holdrelease": {
					"rotation": [0, 0, 15]
				},
				"bolt": {
					"position": [0, 0, 4.495]
				},
				"bullet": {
					"scale": 0
				},
				"bullet_in_mag": {
					"scale": 0
				},
				"1display_illuminated": {
					"scale": 0
				},
				"111displa1y_illuminated": {
					"scale": 0
				},
				"displa1y_illuminated": {
					"scale": 0
				},
				"bone11": {
					"scale": 0
				},
				"dis1play_illuminated": {
					"scale": 0
				},
				"o11t_illuminated": {
					"scale": 0
				},
				"bone29": {
					"scale": 1
				},
				"d4ispla1y_illuminated": {
					"scale": 0
				},
				"1115displa1y_illuminated": {
					"scale": 0
				},
				"1171displa1y_illuminated": {
					"scale": 0
				}
			}
		},
		"draw": {
			"animation_length": 0.7333,
			"bones": {
				"lefthand": {
					"rotation": [107.69108, -32.75736, -156.00452],
					"position": [8.2, -13.66562, -3.65312],
					"scale": [1, 1.5, 1]
				},
				"righthand": {
					"rotation": [89.49625, 6.99973, -180.06139],
					"position": [-6.85, -14.95, 9.525],
					"scale": [1, 1.5, 1]
				},
				"root": {
					"rotation": {
						"0.0": {
							"post": [0.811, -32.64455, 33.95463],
							"lerp_mode": "catmullrom"
						},
						"0.1": {
							"post": [5.88301, -29.75023, 5.08656],
							"lerp_mode": "catmullrom"
						},
						"0.2667": {
							"post": [0.28514, -4.44535, -0.52252],
							"lerp_mode": "catmullrom"
						},
						"0.3667": {
							"post": [-0.8526, -0.39013, -4.13439],
							"lerp_mode": "catmullrom"
						},
						"0.4333": {
							"post": [-0.01, -0.435, -0.76],
							"lerp_mode": "catmullrom"
						},
						"0.5": {
							"post": [1.01337, -0.38036, -1.29904],
							"lerp_mode": "catmullrom"
						},
						"0.6333": {
							"post": [0, 0.25, -1.25],
							"lerp_mode": "catmullrom"
						},
						"0.7333": {
							"post": [0, 0, 0],
							"lerp_mode": "catmullrom"
						}
					},
					"position": {
						"0.0": {
							"post": [-3.18, -5.58, 13.525],
							"lerp_mode": "catmullrom"
						},
						"0.1": {
							"post": [-0.9, -2.45, 2.7],
							"lerp_mode": "catmullrom"
						},
						"0.2333": {
							"post": [-0.25, -0.9425, -1.14],
							"lerp_mode": "catmullrom"
						},
						"0.3": {
							"post": [-0.03, -0.3025, -0.8],
							"lerp_mode": "catmullrom"
						},
						"0.4": {
							"post": [-0.03, -0.1475, -0.145],
							"lerp_mode": "catmullrom"
						},
						"0.5": {
							"post": [-0.01, -0.2, 0.065],
							"lerp_mode": "catmullrom"
						},
						"0.5667": {
							"post": [0, -0.08125, 0],
							"lerp_mode": "catmullrom"
						},
						"0.7333": {
							"post": [0, 0, 0],
							"lerp_mode": "catmullrom"
						}
					}
				},
				"camera": {
					"rotation": {
						"0.0": {
							"post": [0, 0, 0],
							"lerp_mode": "catmullrom"
						},
						"0.1667": {
							"post": [0.45, -0.175, 0.6],
							"lerp_mode": "catmullrom"
						},
						"0.4": {
							"post": [-0.1, 0.05, -0.175],
							"lerp_mode": "catmullrom"
						},
						"0.5": {
							"post": [0.05, 0, 0.05],
							"lerp_mode": "catmullrom"
						},
						"0.6667": {
							"post": [0, 0, 0],
							"lerp_mode": "catmullrom"
						}
					}
				}
			},
			"sound_effects": {
				"0.0667": {
					"effect": "tacz:scar_h/p05_ar_schotel_reload_raise"
				}
			}
		},
		"put_away": {
			"animation_length": 0.4333,
			"bones": {
				"lefthand": {
					"rotation": {
						"0.0": [107.69108, -32.75736, -156.00452],
						"0.1333": [169.13843, 3.15772, -219.72112],
						"0.2667": [168.76095, 1.2363, -229.54249]
					},
					"position": {
						"0.0": [8.2, -13.66562, -3.65312],
						"0.0667": [8.66185, -10.53957, -1.25509],
						"0.1333": [8.08317, -8.39052, 0.52034],
						"0.2667": [8.08317, -8.39052, 0.52034]
					},
					"scale": [1, 1.5, 1]
				},
				"righthand": {
					"rotation": [89.49625, 6.99973, -180.06139],
					"position": [-6.85, -14.95, 9.525],
					"scale": [1, 1.5, 1]
				},
				"root": {
					"rotation": {
						"0.0": {
							"post": [0, 0, 0],
							"lerp_mode": "catmullrom"
						},
						"0.0667": {
							"post": [-0.51171, -3.6801, -4.19401],
							"lerp_mode": "catmullrom"
						},
						"0.1667": {
							"post": [4.36882, -11.73179, -10.29382],
							"lerp_mode": "catmullrom"
						},
						"0.2333": {
							"post": [11.60471, -21.56305, -3.66288],
							"lerp_mode": "catmullrom"
						},
						"0.3333": {
							"post": [16.97, -33.62, 3.38],
							"lerp_mode": "catmullrom"
						},
						"0.4333": {
							"post": [34.73, -44.04, -3.09],
							"lerp_mode": "catmullrom"
						}
					},
					"position": {
						"0.0": {
							"post": [0, 0, 0],
							"lerp_mode": "catmullrom"
						},
						"0.0667": {
							"post": [0, -0.49, -0.02],
							"lerp_mode": "catmullrom"
						},
						"0.1667": {
							"post": [-0.52, -1.47, -0.56],
							"lerp_mode": "catmullrom"
						},
						"0.2333": {
							"post": [-0.36, -2.92, -0.84],
							"lerp_mode": "catmullrom"
						},
						"0.3333": {
							"post": [0.13, -5.86, -0.16],
							"lerp_mode": "catmullrom"
						},
						"0.4333": {
							"post": [1.72, -9.68, 0.16],
							"lerp_mode": "catmullrom"
						}
					}
				},
				"camera": {
					"rotation": {
						"0.0": {
							"post": [0, 0, 0],
							"lerp_mode": "catmullrom"
						},
						"0.1333": {
							"post": [0.35, 0.025, -0.225],
							"lerp_mode": "catmullrom"
						},
						"0.3": {
							"post": [0.1, 0.025, 0.075],
							"lerp_mode": "catmullrom"
						},
						"0.4333": {
							"post": [0, 0, 0],
							"lerp_mode": "catmullrom"
						}
					}
				}
			},
			"sound_effects": {
				"0.0333": {
					"effect": "tacz:scar_h/p05_ar_schotel_ubgl_drop_rattle"
				}
			}
		},
		"reload_tactical": {
			"loop": "hold_on_last_frame",
			"animation_length": 2.2333,
			"bones": {
				"lefthand": {
					"rotation": {
						"0.0": [107.69108, -32.75736, -156.00452],
						"0.0333": [101.5, -26.45, -142.36],
						"0.0667": [95.31, -20.14, -128.72],
						"0.1667": [89.12, -13.83, -115.08],
						"0.2333": [82.93, -7.52, -101.43],
						"0.2667": [79.84, -4.36, -94.61],
						"0.3333": [79.84, -4.36, -94.61],
						"0.4": [79.84, -4.36, -94.61],
						"0.4667": [79.84, -4.36, -94.61],
						"0.5333": [79.84, -4.36, -94.61],
						"0.5667": [79.84, -4.36, -94.61],
						"0.6333": [79.84, -4.36, -94.61],
						"0.7333": [79.84, -4.36, -94.61],
						"0.8333": [79.84, -4.36, -94.61],
						"0.9333": [79.84, -4.36, -94.61],
						"1.0": [79.84, -4.36, -94.61],
						"1.1": [79.84, -4.36, -94.61],
						"1.2": [79.84, -4.36, -94.61],
						"1.2333": [79.84, -4.36, -94.61],
						"1.3333": [108.59, -27.55, -135.68],
						"1.3667": [137.34, -50.75, -176.75],
						"1.4": [108.59, -27.56, -135.68],
						"1.4667": [79.84, -4.36, -94.61],
						"1.5667": [87.8, -12.47, -112.15],
						"1.6333": [95.75, -20.59, -129.69],
						"1.7": [103.71, -28.7, -147.23],
						"1.7333": [107.69108, -32.75736, -156.00452]
					},
					"position": {
						"0.0": [8.2, -13.66562, -3.65312],
						"0.0333": [7.76, -13.25, -1.23],
						"0.0667": [7.31, -14.6, -0.25],
						"0.1667": [6.87, -15.95, 0.72],
						"0.2333": [6.42, -17.3, 1.69],
						"0.2667": [6.2, -17.98, 2.18],
						"0.3333": [6.2, -17.98, 2.18],
						"0.4": [6.2, -17.98, 2.18],
						"0.4667": [6.2, -17.98, 2.18],
						"0.5333": [6.2, -17.98, 2.18],
						"0.5667": [6.2, -17.98, 2.18],
						"0.6333": [6.2, -17.98, 2.18],
						"0.7333": [6.2, -17.98, 2.18],
						"0.8333": [6.2, -17.98, 2.18],
						"0.9333": [6.2, -17.98, 2.18],
						"1.0": [6.2, -17.98, 2.18],
						"1.1": [6.2, -17.98, 2.18],
						"1.2": [6.2, -17.98, 2.18],
						"1.2333": [6.2, -17.98, 2.18],
						"1.3": [6.60625, -21.53, 2.20375],
						"1.4": [11.54954, -26.8681, 9.99255],
						"1.4667": [11.54954, -26.8681, 12.36755],
						"1.6": [13.9, -19.15, 5.08],
						"1.6667": [10.63, -12.75, -1.695],
						"1.7": [9.42, -12.33, -1.95],
						"1.7333": [8.2, -13.66562, -3.65312]
					},
					"scale": [1, 1.5, 1]
				},
				"righthand": {
					"rotation": [89.49625, 6.99973, -180.06139],
					"position": [-6.85, -14.95, 9.525],
					"scale": [1, 1.5, 1]
				},
				"root": {
					"rotation": {
						"0.0": {
							"post": [0, 0, 0],
							"lerp_mode": "catmullrom"
						},
						"0.1333": {
							"post": [-2.99197, -2.34076, -3.81083],
							"lerp_mode": "catmullrom"
						},
						"0.2": {
							"post": [-12.10904, -4.39175, -10.10819],
							"lerp_mode": "catmullrom"
						},
						"0.2667": {
							"post": [-17.51357, -9.66321, -23.07043],
							"lerp_mode": "catmullrom"
						},
						"0.3333": {
							"post": [-20.3588, -16.36981, -27.14874],
							"lerp_mode": "catmullrom"
						},
						"0.5": {
							"post": [-23.26716, -17.08215, -23.80346],
							"lerp_mode": "catmullrom"
						},
						"0.5667": {
							"post": [-22.36077, -18.03393, -25.78227],
							"lerp_mode": "catmullrom"
						},
						"0.6333": {
							"post": [-20.39921, -17.69747, -27.4484],
							"lerp_mode": "catmullrom"
						},
						"0.7333": {
							"post": [-24.45831, -16.97402, -26.10269],
							"lerp_mode": "catmullrom"
						},
						"0.8667": {
							"post": [-12.13794, -24.50182, -42.53876],
							"lerp_mode": "catmullrom"
						},
						"0.9667": {
							"post": [-14.97138, -22.13872, -42.07099],
							"lerp_mode": "catmullrom"
						},
						"1.0667": {
							"post": [-11.63483, -23.79224, -46.39816],
							"lerp_mode": "catmullrom"
						},
						"1.1333": {
							"post": [-14.44197, -21.04158, -38.09453],
							"lerp_mode": "catmullrom"
						},
						"1.2333": {
							"post": [-9.8835, -20.84489, -45.93793],
							"lerp_mode": "catmullrom"
						},
						"1.3667": {
							"post": [-16.37418, -18.52094, -36.68036],
							"lerp_mode": "catmullrom"
						},
						"1.5": {
							"post": [-21.83321, -13.69606, -25.00946],
							"lerp_mode": "catmullrom"
						},
						"1.6": {
							"post": [-14.77795, -5.04398, -12.78246],
							"lerp_mode": "catmullrom"
						},
						"1.6667": {
							"post": [-9.07234, -1.20567, 6.00913],
							"lerp_mode": "catmullrom"
						},
						"1.7333": {
							"post": [-2.94771, -1.4232, 3.47003],
							"lerp_mode": "catmullrom"
						},
						"1.7667": {
							"post": [0.57324, -1.68438, -0.35369],
							"lerp_mode": "catmullrom"
						},
						"1.8667": {
							"post": [0.96571, -0.96449, -1.20002],
							"lerp_mode": "catmullrom"
						},
						"1.9": {
							"post": [-0.68568, -0.5291, 0.73627],
							"lerp_mode": "catmullrom"
						},
						"1.9667": {
							"post": [-0.01374, 0.22505, -0.42508],
							"lerp_mode": "catmullrom"
						},
						"2.0333": {
							"post": [0, 0.375, -0.05],
							"lerp_mode": "catmullrom"
						},
						"2.1333": {
							"post": [0, 0, 0],
							"lerp_mode": "catmullrom"
						}
					},
					"position": {
						"0.0": {
							"post": [0, 0, 0],
							"lerp_mode": "catmullrom"
						},
						"0.1333": {
							"post": [-0.4, -0.6, 0.775],
							"lerp_mode": "catmullrom"
						},
						"0.2": {
							"post": [-0.595, -0.05, 0.74],
							"lerp_mode": "catmullrom"
						},
						"0.2667": {
							"post": [-0.79, 1.21, 0.53],
							"lerp_mode": "catmullrom"
						},
						"0.3333": {
							"post": [-0.8, 1.65, 0.38],
							"lerp_mode": "catmullrom"
						},
						"0.4333": {
							"post": [-0.67, 1.79, 0.365],
							"lerp_mode": "catmullrom"
						},
						"0.5": {
							"post": [-0.85, 1.325, 0.105],
							"lerp_mode": "catmullrom"
						},
						"0.5333": {
							"post": [-0.85, 1.3, 0.095],
							"lerp_mode": "catmullrom"
						},
						"0.5667": {
							"post": [-0.695, 1.055, 0.105],
							"lerp_mode": "catmullrom"
						},
						"0.6": {
							"post": [-0.95, 1.61, 0.205],
							"lerp_mode": "catmullrom"
						},
						"0.6333": {
							"post": [-1.04, 1.88, 0.365],
							"lerp_mode": "catmullrom"
						},
						"0.7333": {
							"post": [-1.12, 2.005, 0.255],
							"lerp_mode": "catmullrom"
						},
						"0.9": {
							"post": [-1.39, 1.33125, -0.265],
							"lerp_mode": "catmullrom"
						},
						"1.0": {
							"post": [-1.175, 1.4, -0.265],
							"lerp_mode": "catmullrom"
						},
						"1.0667": {
							"post": [-1.165, 1.37375, -0.265],
							"lerp_mode": "catmullrom"
						},
						"1.1": {
							"post": [-0.88, 0.59, -0.045],
							"lerp_mode": "catmullrom"
						},
						"1.1333": {
							"post": [-0.64, 0.375, 0.085],
							"lerp_mode": "catmullrom"
						},
						"1.2": {
							"post": [-0.92, 0.505, -0.315],
							"lerp_mode": "catmullrom"
						},
						"1.3": {
							"post": [-1.16, 0.37, -0.27],
							"lerp_mode": "catmullrom"
						},
						"1.3667": {
							"post": [-0.905, -0.05, -0.165],
							"lerp_mode": "catmullrom"
						},
						"1.5": {
							"post": [-0.995, -0.055, -0.05],
							"lerp_mode": "catmullrom"
						},
						"1.6": {
							"post": [-0.845, -0.05, -1.415],
							"lerp_mode": "catmullrom"
						},
						"1.7": {
							"post": [-0.69, -0.77, -1.325],
							"lerp_mode": "catmullrom"
						},
						"1.7333": {
							"post": [-0.265, -0.8, -1.135],
							"lerp_mode": "catmullrom"
						},
						"1.8": {
							"post": [0.11, -0.73, -0.325],
							"lerp_mode": "catmullrom"
						},
						"1.8667": {
							"post": [0.225, -0.25, 0.35],
							"lerp_mode": "catmullrom"
						},
						"1.9333": {
							"post": [0, 0.025, 0],
							"lerp_mode": "catmullrom"
						},
						"2.0333": {
							"post": [0, 0, 0.03125],
							"lerp_mode": "catmullrom"
						},
						"2.0667": {
							"post": [0, 0, 0],
							"lerp_mode": "catmullrom"
						}
					}
				},
				"mag_and_lh": {
					"rotation": {
						"0.0": [0, 0, 0],
						"0.3333": [-11.23326, 9.82763, -34.99669],
						"0.4": [-2.465, 8.74208, -9.88199],
						"0.4667": [1.50428, 7.94501, -0.60786],
						"0.5667": [1.50428, 7.94501, -0.60786],
						"0.8667": [-5.96737, -0.62604, -5.96737],
						"0.9333": [-3.99454, -0.20917, -2.99271],
						"0.9667": [-2.67, 0, 0],
						"1.0333": [-1.34, 0, 0],
						"1.0667": [0, 0, 0],
						"1.1333": [0, 0, 0]
					},
					"position": {
						"0.0": [0, 0, 0],
						"0.0667": [2.26, -1.28, 1.67],
						"0.1667": [12.975, -5.29, 4.17],
						"0.2333": [13.06, -5.31, 6.67],
						"0.3667": [4.09025, -0.29931, 1.88763],
						"0.4667": [1.525, 1.3, 0.05],
						"0.5667": [1.525, 1.3, 0.05],
						"0.6667": [1.18, -5.375, 0.53],
						"0.7333": [0.88, -6.14, -0.13],
						"0.8": [0.29, -4.555, -1.18],
						"0.8667": [0.35, -3.025, -0.85],
						"0.9333": [0.225, -2.725, -0.4],
						"0.9667": [0, -2.58, -0.27],
						"1.0333": [0, -2.44, -0.14],
						"1.0667": [0, -2.3, 0],
						"1.1333": [0, 0, 0]
					}
				},
				"mag_and_bullet": {
					"scale": {
						"0.0": [0, 0, 0],
						"0.2333": [0, 0, 0],
						"0.2667": [1, 1, 1]
					}
				},
				"additional_magazine": {
					"rotation": {
						"0.5667": [0, 0, 0],
						"0.6333": [0, 0, 0],
						"0.8": [-3.57, 0, 0],
						"0.8667": [-4.97275, -0.52199, -5.97733],
						"1.1333": [-4.97275, -0.52199, -5.97733],
						"1.2333": [0, 0, 0],
						"1.3333": [-9.35922, -0.99971, -29.79397],
						"1.3667": [-34.95125, -9.02338, -56.09321],
						"1.4": [-37.03883, -8.49957, -55.69095]
					},
					"position": {
						"0.5667": [0, 0, 0],
						"0.6333": [0.115, -4.455, 0],
						"0.6667": [-0.38875, -6.05, 0.53],
						"0.7333": [-0.68875, -6.815, -0.13],
						"0.8": [-1.27875, -5.23, -1.18],
						"0.8667": [-1.21875, -3.7, -0.85],
						"0.9333": [-1.34375, -3.4, -0.4],
						"0.9667": [-1.56875, -3.255, -0.27],
						"1.0333": [-1.56875, -3.115, -0.14],
						"1.0667": [-1.56875, -2.975, 0],
						"1.1333": [-1.56875, -0.675, 0],
						"1.2333": [-1.56875, -0.675, 0],
						"1.3": [-1.5, -4.805, -0.14],
						"1.3667": [1.35, -11.21, 6.47],
						"1.4": [3.29329, -10.9681, 9.2488]
					},
					"scale": 1
				},
				"constraint": {
					"rotation": {
						"0.0": [0.2, 0.1, 0.2],
						"0.2": [0.01, 0.01, 0.04],
						"1.5": [0.01, 0.01, 0.04],
						"1.8667": [0.2, 0.1, 0.2]
					},
					"position": {
						"0.0": [0.2, 0.2, 0.4],
						"0.2": [0.05, 0.05, 0.1],
						"1.5": [0.05, 0.05, 0.1],
						"1.8667": [0.2, 0.2, 0.4]
					}
				},
				"camera": {
					"rotation": {
						"0.0": {
							"post": [0, 0, 0],
							"lerp_mode": "catmullrom"
						},
						"0.1333": {
							"post": [-0.32, 0, -0.125],
							"lerp_mode": "catmullrom"
						},
						"0.3667": {
							"post": [2.1, 0.05, -0.8],
							"lerp_mode": "catmullrom"
						},
						"0.5667": {
							"post": [1.625, 0.1, -0.75],
							"lerp_mode": "catmullrom"
						},
						"0.6333": {
							"post": [2.45, 0.1, 0.04],
							"lerp_mode": "catmullrom"
						},
						"0.7": {
							"post": [2.64, 0.1, 0.175],
							"lerp_mode": "catmullrom"
						},
						"0.8333": {
							"post": [1.81, 0.21, -1.36],
							"lerp_mode": "catmullrom"
						},
						"0.9667": {
							"post": [2.225, 0.35, -0.82],
							"lerp_mode": "catmullrom"
						},
						"1.0667": {
							"post": [1.87, 0.475, -1.6],
							"lerp_mode": "catmullrom"
						},
						"1.1333": {
							"post": [3.06, 0.48, -0.62],
							"lerp_mode": "catmullrom"
						},
						"1.1667": {
							"post": [3.185, 0.475, -0.7],
							"lerp_mode": "catmullrom"
						},
						"1.3": {
							"post": [1.925, 0.44, -1.795],
							"lerp_mode": "catmullrom"
						},
						"1.4333": {
							"post": [2.655, 0.31, -0.975],
							"lerp_mode": "catmullrom"
						},
						"1.5667": {
							"post": [2.35, 0.175, -1.525],
							"lerp_mode": "catmullrom"
						},
						"1.8333": {
							"post": [-0.2, 0, 0.35],
							"lerp_mode": "catmullrom"
						},
						"1.9333": {
							"post": [0.3, 0, -0.375],
							"lerp_mode": "catmullrom"
						},
						"2.0333": {
							"post": [-0.05, 0, 0.1],
							"lerp_mode": "catmullrom"
						},
						"2.1": {
							"post": [0, 0, 0],
							"lerp_mode": "catmullrom"
						}
					}
				}
			},
			"sound_effects": {
				"0.0": {
					"effect": "tacz:scar_h/p05_ar_schotel_reload_raise"
				},
				"0.5": {
					"effect": "emxmors:emx_basb/p08_br_xmike5_branch_reload_maghit"
				},
				"0.8333": {
					"effect": "emxmors:emx_basb/rifle_clip_in_1"
				},
				"1.3333": {
					"effect": "tacz:scar_h/p05_ar_schotel_reload_end"
				}
			}
		},
		"reload_empty": {
			"loop": "hold_on_last_frame",
			"animation_length": 3.2,
			"bones": {
				"lefthand": {
					"rotation": {
						"0.0": [107.69108, -32.75736, -156.00452],
						"0.1667": [107.69, -32.76, -156],
						"0.2333": [101.5, -26.45, -142.36],
						"0.3667": [95.31, -20.14, -128.72],
						"0.4667": [89.12, -13.83, -115.08],
						"1.9": [89.12, -13.83, -115.08],
						"2.0333": [141.44126, -25.18258, -182.0373],
						"2.1667": [157.75978, 25.13273, -221.90065],
						"2.3333": {
							"pre": [155.48847, 34.31741, -226.46487],
							"post": [155.48847, 34.31741, -226.46487],
							"lerp_mode": "catmullrom"
						},
						"2.4333": {
							"post": [157.18613, 56.38833, -223.18503],
							"lerp_mode": "catmullrom"
						},
						"2.5": {
							"post": [179.75978, 25.13273, -221.90065],
							"lerp_mode": "catmullrom"
						},
						"2.5667": {
							"post": [137.13, -21.42, -219.99],
							"lerp_mode": "catmullrom"
						},
						"2.6333": {
							"post": [121.31242, -43.18487, -205.60127],
							"lerp_mode": "catmullrom"
						},
						"2.7": {
							"post": [113.51, -39.33, -179.9],
							"lerp_mode": "catmullrom"
						},
						"2.7667": [107.69108, -32.75736, -156.00452]
					},
					"position": {
						"0.0": [8.2, -13.66562, -3.65312],
						"0.1667": [8.2, -11.9, -2.2],
						"0.2333": [7.76, -13.25, -1.23],
						"0.3667": [9.31, -14.6, -0.25],
						"0.4667": [6.87, -15.95, 0.72],
						"1.9": [6.87, -15.95, 0.72],
						"2.0667": [10.21, -11.66, 2.02],
						"2.1667": [10.94063, -9.06875, 1.43938],
						"2.3": [10.94063, -9.06875, 1.43938],
						"2.3667": [10.94063, -9.06875, 6.2675],
						"2.4333": [11.4075, -8.6, 7.61],
						"2.5": {
							"pre": [9.705, -11.87, 8.885],
							"post": [9.705, -11.87, 8.885],
							"lerp_mode": "catmullrom"
						},
						"2.6333": {
							"post": [9.9, -15.175, 5.455],
							"lerp_mode": "catmullrom"
						},
						"2.7667": [8.2, -13.66562, -3.65312]
					},
					"scale": [1, 1.5, 1]
				},
				"righthand": {
					"rotation": [89.49625, 6.99973, -180.06139],
					"position": [-6.85, -14.95, 9.525],
					"scale": [1, 1.5, 1]
				},
				"refit_view": {
					"position": [0, -1, 11]
				},
				"constraint": {
					"rotation": [0.2, 0.1, 0.2],
					"position": [0.2, 0.2, 0.4]
				},
				"root": {
					"rotation": {
						"0.0": [0, 0, 0],
						"0.0667": [2.5, 0, 0],
						"0.3333": {
							"pre": [-18.03206, 19.07438, 54.11088],
							"post": [-18.03206, 19.07438, 54.11088],
							"lerp_mode": "catmullrom"
						},
						"0.4667": [-20.03206, 19.07438, 54.11088],
						"0.6": [-12.79018, 18.451, 57.87469],
						"0.7333": {
							"pre": [-17.63809, -19.43104, -37.29376],
							"post": [-17.63809, -19.43104, -37.29376],
							"lerp_mode": "catmullrom"
						},
						"0.8333": {
							"post": [-13.60349, -19.61843, -45.67858],
							"lerp_mode": "catmullrom"
						},
						"0.9": {
							"post": [-14.725, -11.125, -45.175],
							"lerp_mode": "catmullrom"
						},
						"1.0": {
							"post": [-16.7944, -11.5444, -48.72658],
							"lerp_mode": "catmullrom"
						},
						"1.1333": {
							"post": [-16.7944, -11.5444, -27.72658],
							"lerp_mode": "catmullrom"
						},
						"1.2333": {
							"post": [-19.96369, -10.48434, -17.09425],
							"lerp_mode": "catmullrom"
						},
						"1.4": {
							"post": [-19.37402, -15.30419, -19.57553],
							"lerp_mode": "catmullrom"
						},
						"1.5333": {
							"post": [-12.13794, -13.50182, -17.53876],
							"lerp_mode": "catmullrom"
						},
						"1.6333": {
							"post": [-14.97138, -11.13872, -17.07099],
							"lerp_mode": "catmullrom"
						},
						"1.7333": {
							"post": [-11.63483, -12.79224, -21.39816],
							"lerp_mode": "catmullrom"
						},
						"1.8": {
							"post": [-14.44197, -10.04158, -13.09453],
							"lerp_mode": "catmullrom"
						},
						"1.9": {
							"post": [-9.8835, -9.84489, -20.93793],
							"lerp_mode": "catmullrom"
						},
						"2.0333": {
							"post": [-9.37418, -7.52094, -21.68036],
							"lerp_mode": "catmullrom"
						},
						"2.1667": {
							"post": [-11.1908, -12.26892, -13.49657],
							"lerp_mode": "catmullrom"
						},
						"2.2667": {
							"post": [-11.61388, -5.41404, -8.51897],
							"lerp_mode": "catmullrom"
						},
						"2.3333": {
							"post": [-8.61, -3.465, -9.14],
							"lerp_mode": "catmullrom"
						},
						"2.4": {
							"post": [-8.44778, -2.97641, -5.48697],
							"lerp_mode": "catmullrom"
						},
						"2.4333": {
							"post": [-10.70316, -3.33396, -7.38726],
							"lerp_mode": "catmullrom"
						},
						"2.5": {
							"post": [-8.8364, -0.09288, -0.08099],
							"lerp_mode": "catmullrom"
						},
						"2.5333": {
							"post": [-4.85391, -0.71359, -4.61373],
							"lerp_mode": "catmullrom"
						},
						"2.6": {
							"post": [-1.92838, -2.00642, -10.00104],
							"lerp_mode": "catmullrom"
						},
						"2.7": {
							"post": [-2.86394, -2.24803, -6.49201],
							"lerp_mode": "catmullrom"
						},
						"2.8": {
							"post": [-1.17724, -0.52456, -3.81208],
							"lerp_mode": "catmullrom"
						},
						"2.9": {
							"post": [-1.53169, -1.64259, -5.70459],
							"lerp_mode": "catmullrom"
						},
						"3.0": {
							"post": [-0.27794, 0.48501, -1.00445],
							"lerp_mode": "catmullrom"
						},
						"3.1": {
							"post": [0, 0, 1.25],
							"lerp_mode": "catmullrom"
						},
						"3.2": {
							"post": [0, 0, 0],
							"lerp_mode": "catmullrom"
						}
					},
					"position": {
						"0.0": {
							"post": [0, 0, 0],
							"lerp_mode": "catmullrom"
						},
						"0.0667": {
							"post": [0, -0.555, 0],
							"lerp_mode": "catmullrom"
						},
						"0.2": {
							"post": [0, 2.44, 0],
							"lerp_mode": "catmullrom"
						},
						"0.3667": {
							"post": [-0.31, 2.185, 0.995],
							"lerp_mode": "catmullrom"
						},
						"0.5": {
							"post": [-0.365, 1.725, 1.19],
							"lerp_mode": "catmullrom"
						},
						"0.6333": {
							"post": [0, 1.845, 0.995],
							"lerp_mode": "catmullrom"
						},
						"0.7667": {
							"post": [1.255, 2.18, -1],
							"lerp_mode": "catmullrom"
						},
						"0.9667": {
							"post": [0.835, 1.745, -0.63],
							"lerp_mode": "catmullrom"
						},
						"1.2333": {
							"post": [0.325, 1.99, -0.52],
							"lerp_mode": "catmullrom"
						},
						"1.3667": {
							"post": [0.125, 2.135, -0.5],
							"lerp_mode": "catmullrom"
						},
						"1.5667": {
							"post": [0.085, 1.33125, -0.265],
							"lerp_mode": "catmullrom"
						},
						"1.6667": {
							"post": [0.3, 1.4, -0.265],
							"lerp_mode": "catmullrom"
						},
						"1.7333": {
							"post": [0.31, 1.37375, -0.265],
							"lerp_mode": "catmullrom"
						},
						"1.7667": {
							"post": [0.595, 1.59, -0.045],
							"lerp_mode": "catmullrom"
						},
						"1.8": {
							"post": [0.835, 1.375, 0.085],
							"lerp_mode": "catmullrom"
						},
						"1.8667": {
							"post": [0.555, 1.505, -0.315],
							"lerp_mode": "catmullrom"
						},
						"1.9667": {
							"post": [0.315, 1.37, -0.27],
							"lerp_mode": "catmullrom"
						},
						"2.1333": {
							"post": [0.185, 1.26, -0.34],
							"lerp_mode": "catmullrom"
						},
						"2.2667": {
							"post": [0.17, 0.815, -0.335],
							"lerp_mode": "catmullrom"
						},
						"2.3333": {
							"post": [0.1, 0.645, -0.14],
							"lerp_mode": "catmullrom"
						},
						"2.4": {
							"post": [0.105, 1.115, 0.65],
							"lerp_mode": "catmullrom"
						},
						"2.4333": {
							"post": [0.105, 1.24, 0.375],
							"lerp_mode": "catmullrom"
						},
						"2.5": {
							"post": [0.12, 1.445, -0.165],
							"lerp_mode": "catmullrom"
						},
						"2.5667": {
							"post": [0.14, 0.82, -0.375],
							"lerp_mode": "catmullrom"
						},
						"2.6667": {
							"post": [0.13, 0.32, -1.47],
							"lerp_mode": "catmullrom"
						},
						"2.7667": {
							"post": [-0.25, 0.27, -1.27],
							"lerp_mode": "catmullrom"
						},
						"2.9": {
							"post": [0.095, -0.15, -1.225],
							"lerp_mode": "catmullrom"
						},
						"3.0": {
							"post": [0, -0.175, 0.5],
							"lerp_mode": "catmullrom"
						},
						"3.1": {
							"post": [0, 0, -0.175],
							"lerp_mode": "catmullrom"
						},
						"3.2": {
							"post": [0, 0, 0],
							"lerp_mode": "catmullrom"
						}
					}
				},
				"mag_and_lh": {
					"rotation": {
						"0.0667": [0, 0, 0],
						"0.4": [-11.23326, 9.82763, -34.99669],
						"1.3333": [-11.23326, 9.82763, -34.99669],
						"1.4": [-2.465, 8.74208, -9.88199],
						"1.5": [-5.96737, -0.62604, -5.96737],
						"1.5667": [-3.99454, -0.20917, -2.99271],
						"1.6": [-2.67, 0, 0],
						"1.6667": [-1.34, 0, 0],
						"1.7": [0, 0, 0],
						"1.7667": [0, 0, 0]
					},
					"position": {
						"0.0667": [0, 0, 0],
						"0.1333": [2.26, -1.28, 1.67],
						"0.2333": [12.975, -5.29, 10.17],
						"1.2333": [13.06, -5.31, 12.67],
						"1.3667": [4.09025, -6.29931, 1.88763],
						"1.5": [0.35, -3.025, -0.85],
						"1.5667": [0.225, -2.725, -0.4],
						"1.6": [0, -2.58, -0.27],
						"1.6667": [0, -2.44, -0.14],
						"1.7": [0, -2.3, 0],
						"1.7667": [0, 0, 0]
					}
				},
				"mag_and_bullet": {
					"scale": {
						"0.0": [0, 0, 0],
						"1.0333": [0, 0, 0],
						"1.0667": [1, 1, 1]
					}
				},
				"bolt": {
					"position": {
						"2.3": [0, 0, 4.495],
						"2.3667": [0, 0, 5.17],
						"2.4333": [0, 0, 5.17],
						"2.4667": [0, 0, 0]
					}
				},
				"handle": {
					"rotation": {
						"2.1": [0, 0, 0],
						"2.2333": [0, -90, 0],
						"2.4333": [0, -90, 0],
						"2.4667": [0, 0, 0],
						"2.5333": [0, -15, 0],
						"2.6": [0, 0, 0],
						"2.6667": [0, -5, 0],
						"2.7333": [0, 0, 0]
					}
				},
				"additional_magazine": {
					"rotation": {
						"0.5": [0, 0, 0],
						"0.7333": [0, 0, 0],
						"0.7667": [0, 0, -16],
						"0.9667": [0, 0, -220]
					},
					"position": {
						"0.7333": [0, 0, 0],
						"0.8": [0.77725, -5.93073, -0.66049],
						"0.9": [6.77805, -16.90962, 2.51244],
						"1.0": [8.94083, -31.39223, 8.14017]
					}
				},
				"pull_handle": {
					"position": {
						"2.3": [0, 0, 0],
						"2.3667": [0, 0, 4.6],
						"2.4333": [0, 0, 4.6],
						"2.4667": [0, 0, 0]
					}
				},
				"camera": {
					"rotation": {
						"0.0": {
							"post": [0, 0, 0],
							"lerp_mode": "catmullrom"
						},
						"0.2": {
							"post": [0.07, 0.92, 0.97],
							"lerp_mode": "catmullrom"
						},
						"0.3333": {
							"post": [0.32, -0.31, -0.16],
							"lerp_mode": "catmullrom"
						},
						"0.4": {
							"post": [0.775, -0.375, -0.55],
							"lerp_mode": "catmullrom"
						},
						"0.6333": {
							"post": [-0.095, 0.85, 0.625],
							"lerp_mode": "catmullrom"
						},
						"0.7": {
							"post": [-1.215, 0.68, -1.8],
							"lerp_mode": "catmullrom"
						},
						"0.8": {
							"post": [1.44, -0.805, -0.705],
							"lerp_mode": "catmullrom"
						},
						"0.9": {
							"post": [1.575, -0.35, -0.45],
							"lerp_mode": "catmullrom"
						},
						"1.0333": {
							"post": [1.08, 0.475, -0.25],
							"lerp_mode": "catmullrom"
						},
						"1.2333": {
							"post": [1.33, 0.37, -0.67],
							"lerp_mode": "catmullrom"
						},
						"1.4": {
							"post": [1.585, 0.2, -0.6],
							"lerp_mode": "catmullrom"
						},
						"1.6": {
							"post": [2.225, 0.35, -0.82],
							"lerp_mode": "catmullrom"
						},
						"1.7": {
							"post": [1.87, 0.475, -1.6],
							"lerp_mode": "catmullrom"
						},
						"1.7667": {
							"post": [3.06, 0.48, -0.62],
							"lerp_mode": "catmullrom"
						},
						"1.8": {
							"post": [3.185, 0.475, -0.7],
							"lerp_mode": "catmullrom"
						},
						"1.9333": {
							"post": [1.925, 0.44, -1.795],
							"lerp_mode": "catmullrom"
						},
						"2.0667": {
							"post": [2.655, 0.31, -0.975],
							"lerp_mode": "catmullrom"
						},
						"2.2": {
							"post": [2.35, 0.175, -1.525],
							"lerp_mode": "catmullrom"
						},
						"2.4": {
							"post": [1.015, -0.025, -0.3],
							"lerp_mode": "catmullrom"
						},
						"2.4667": {
							"post": [0.99, -0.03, 0.3],
							"lerp_mode": "catmullrom"
						},
						"2.5333": {
							"post": [1.7025, -0.03, -0.735],
							"lerp_mode": "catmullrom"
						},
						"2.6333": {
							"post": [0.875, -0.02, -0.255],
							"lerp_mode": "catmullrom"
						},
						"2.7333": {
							"post": [0.97, -0.01, -0.35],
							"lerp_mode": "catmullrom"
						},
						"2.8": {
							"post": [0.835, 0, -0.25],
							"lerp_mode": "catmullrom"
						},
						"2.8667": {
							"post": [-0.14, 0, 0.2],
							"lerp_mode": "catmullrom"
						},
						"2.9333": {
							"post": [0.175, 0, -0.125],
							"lerp_mode": "catmullrom"
						},
						"3.0333": {
							"post": [-0.075, 0, 0.075],
							"lerp_mode": "catmullrom"
						},
						"3.1667": {
							"post": [0, 0, 0],
							"lerp_mode": "catmullrom"
						}
					}
				}
			},
			"sound_effects": {
				"0.0": {
					"effect": "tacz:scar_h/p05_ar_schotel_reload_raise"
				},
				"0.5333": {
					"effect": "emxmors:emx_basb/rifle_clip_out_1"
				},
				"1.4": {
					"effect": "emxmors:emx_basb/rifle_clip_in_1"
				},
				"2.0333": {
					"effect": "emxmors:emx_basb/rifle_deploy_1"
				},
				"2.9333": {
					"effect": "emxmors:emx_basb/p08_br_xmike5_inspect_empty_end"
				}
			}
		},
		"inspect": {
			"loop": "hold_on_last_frame",
			"animation_length": 6.4333,
			"bones": {
				"lefthand": {
					"rotation": {
						"0.0": [107.69108, -32.75736, -156.00452],
						"0.6667": [107.69, -32.76, -156],
						"0.7333": [128.08811, -40.1746, -185.27454],
						"0.8333": [105.8232, -25.08898, -188.48904],
						"1.5333": [105.8232, -25.08898, -188.48904],
						"1.6333": [105.26546, -11.2276, -175.69156],
						"2.3": [105.26546, -11.2276, -175.69156],
						"2.4": [85.91254, -29.12479, -146.38608],
						"2.5": [80.18215, -22.14489, -111.03692],
						"2.6": [80.18215, -22.14489, -111.03692],
						"2.8667": [80.18, -22.14, -111.04],
						"3.0": [107.69108, -32.75736, -156.00452],
						"3.2333": [93.93306, -36.57376, -132.06704],
						"3.5": [120.55215, 21.50497, -247.32376],
						"3.6667": [120.55215, 21.50497, -247.32376],
						"3.9": [136.67538, 49.4506, -220.67722],
						"4.0667": [127.66758, 48.33991, -229.02651],
						"4.2333": [142.66758, 48.33991, -229.02651],
						"4.3": [129.18, 49.45, -220.68],
						"4.4": {
							"pre": [129.18, 49.45, -220.68],
							"post": [129.18, 49.45, -220.68],
							"lerp_mode": "catmullrom"
						},
						"4.5333": {
							"post": [107.69108, -32.75736, -156.00452],
							"lerp_mode": "catmullrom"
						}
					},
					"position": {
						"0.0": [8.2, -13.66562, -3.65312],
						"0.6667": [8.2, -13.66562, -3.65312],
						"0.7667": [10.2, -11.9, 1.8],
						"0.9": [8.2, -15.9, 3.8],
						"1.5667": [8.2, -15.9, 3.8],
						"1.6667": [7.2, -16.9, 3.8],
						"2.3": [7.2, -16.9, 3.8],
						"2.4333": [8.2, -21.9, 1.8],
						"2.5333": [8.2, -21.9, 1.8],
						"2.6": [8.2, -18.9, 1.8],
						"2.8": [8.2, -18.9, 1.8],
						"2.9667": [10.2, -18.9, 1.8],
						"3.3": [8.09, -12.76, -0.15],
						"3.4667": [9.755, -9.9, 1.395],
						"3.6": [9.755, -9.9, 1.395],
						"3.8333": [9.755, -9.9, 3.395],
						"4.0333": [9.735, -9.9, 4.3],
						"4.2667": [9.735, -9.9, 3.8],
						"4.3": [11.735, -9.9, 6.8],
						"4.3667": [11.735, -9.9, 6.8],
						"4.4333": {
							"pre": [9.2, -14.9, 1.8],
							"post": [9.2, -14.9, 1.8],
							"lerp_mode": "catmullrom"
						},
						"4.5667": {
							"post": [8.2, -13.66562, -3.65312],
							"lerp_mode": "catmullrom"
						}
					},
					"scale": [1, 1.5, 1]
				},
				"righthand": {
					"rotation": {
						"0.0": [89.49625, 6.99973, -180.06139],
						"4.8": [89.49625, 6.99973, -180.06139],
						"4.9667": [96.17595, -12.94775, -86.66319],
						"5.0667": [96.17595, -12.94775, -86.66319],
						"5.2667": [96.17595, -12.94775, -86.66319],
						"5.4667": [89.49625, 6.99973, -180.06139]
					},
					"position": {
						"0.0": [-6.85, -14.95, 9.525],
						"4.8": [-6.85, -14.95, 9.525],
						"4.9667": [-9.02, -10.045, 10.38],
						"5.0667": [-9.02, -10.045, 10.38],
						"5.1": [-9.02, -10.05, 9.45],
						"5.2": [-9.02, -10.05, 9.45],
						"5.2667": [-9.02, -10.045, 10.205],
						"5.3": [-9.07, -10.33, 10.44],
						"5.3667": [-9.16875, -10.8925, 11.25],
						"5.4667": [-6.87, -13.82, 8.875],
						"5.5333": [-6.87, -13.82, 8.8],
						"5.6667": [-6.85, -14.95, 9.525]
					},
					"scale": {
						"0.0": [1, 1.5, 1],
						"4.8": [1, 1.5, 1]
					}
				},
				"refit_view": {
					"position": [0, -1, 11]
				},
				"constraint": {
					"rotation": [0.2, 0.1, 0.2],
					"position": [0.2, 0.2, 0.4]
				},
				"root": {
					"rotation": {
						"0.0": [0, 0, 0],
						"0.1": [3, 0, 0],
						"0.2333": [5, 0, 0],
						"0.4": {
							"pre": [-36, -4, 0],
							"post": [-36, -4, 0],
							"lerp_mode": "catmullrom"
						},
						"0.5667": {
							"post": [-54, -7, -2.195],
							"lerp_mode": "catmullrom"
						},
						"0.6667": {
							"post": [-55.36, -7.27, 0.305],
							"lerp_mode": "catmullrom"
						},
						"0.7667": {
							"post": [-55.09, -7.29, -2.175],
							"lerp_mode": "catmullrom"
						},
						"0.9333": {
							"post": [-54, -7, 0],
							"lerp_mode": "catmullrom"
						},
						"1.0": {
							"post": [-51.65387, -4.97537, 1.47472],
							"lerp_mode": "catmullrom"
						},
						"1.0667": {
							"post": [-51.27079, -8.89187, -1.66764],
							"lerp_mode": "catmullrom"
						},
						"1.1667": {
							"post": [-53.27, -8.89, -1.67],
							"lerp_mode": "catmullrom"
						},
						"1.2667": {
							"post": [-54, -7, 0],
							"lerp_mode": "catmullrom"
						},
						"1.5667": {
							"post": [-53.0387, -8.39669, 2.41871],
							"lerp_mode": "catmullrom"
						},
						"1.8333": {
							"post": [-54.04, -8.49, 0.24],
							"lerp_mode": "catmullrom"
						},
						"1.9": {
							"post": [-56.04, -8.47, 0.24],
							"lerp_mode": "catmullrom"
						},
						"2.1333": {
							"post": [-54, -7, 0],
							"lerp_mode": "catmullrom"
						},
						"2.1667": {
							"post": [-54.04, -8.4, 0.22],
							"lerp_mode": "catmullrom"
						},
						"2.2": {
							"post": [-51.65387, -4.97537, 1.47472],
							"lerp_mode": "catmullrom"
						},
						"2.2667": {
							"post": [-51.27079, -8.89187, -1.66764],
							"lerp_mode": "catmullrom"
						},
						"2.3667": {
							"post": [-53.27, -8.89, -1.67],
							"lerp_mode": "catmullrom"
						},
						"2.4667": {
							"post": [-54, -7, 0],
							"lerp_mode": "catmullrom"
						},
						"2.5333": {
							"post": [-54, -7, 0],
							"lerp_mode": "catmullrom"
						},
						"2.6": {
							"post": [-59, -7, 1.46],
							"lerp_mode": "catmullrom"
						},
						"2.7": {
							"post": [-56.955, -7, -1.97],
							"lerp_mode": "catmullrom"
						},
						"2.8": {
							"post": [-54.98, -7, 0],
							"lerp_mode": "catmullrom"
						},
						"2.9": {
							"post": [-53.5, -7, 0],
							"lerp_mode": "catmullrom"
						},
						"3.1333": {
							"post": [-53.5, -7, 0],
							"lerp_mode": "catmullrom"
						},
						"3.3667": {
							"post": [-25, 0, 0],
							"lerp_mode": "catmullrom"
						},
						"3.5": {
							"post": [-30, 3.845, 6],
							"lerp_mode": "catmullrom"
						},
						"3.6333": {
							"post": [-38.37001, 6.36814, 17.29463],
							"lerp_mode": "catmullrom"
						},
						"3.8333": {
							"post": [-36.7762, 5.26844, 51.45153],
							"lerp_mode": "catmullrom"
						},
						"4.0667": {
							"post": [-34.02433, 4.50875, 50.2693],
							"lerp_mode": "catmullrom"
						},
						"4.2333": {
							"post": [-33.415, 2.77, 50.54],
							"lerp_mode": "catmullrom"
						},
						"4.3": {
							"post": [-35.77791, 5.76813, 52.63377],
							"lerp_mode": "catmullrom"
						},
						"4.3333": {
							"post": [-29.02, 2.77, 50.07],
							"lerp_mode": "catmullrom"
						},
						"4.4": {
							"post": [-29.55, 2.77, 43.16],
							"lerp_mode": "catmullrom"
						},
						"4.4667": {
							"post": [-28.495, 2.77, 40],
							"lerp_mode": "catmullrom"
						},
						"4.5333": {
							"post": [-27.395, 2.77, 41.62],
							"lerp_mode": "catmullrom"
						},
						"4.6": {
							"post": [-29.02, 2.77, 40.54],
							"lerp_mode": "catmullrom"
						},
						"4.7333": {
							"post": [-27.05184, 5.53189, 37.81698],
							"lerp_mode": "catmullrom"
						},
						"5.0": {
							"post": [-27.59314, 8.76989, 40.44086],
							"lerp_mode": "catmullrom"
						},
						"5.0667": {
							"post": [-27.56818, 8.12712, 40.83541],
							"lerp_mode": "catmullrom"
						},
						"5.1": {
							"post": [-28.08726, 8.1961, 42.30351],
							"lerp_mode": "catmullrom"
						},
						"5.1667": {
							"post": [-28.05023, 8.86876, 41.80194],
							"lerp_mode": "catmullrom"
						},
						"5.2333": {
							"post": [-27.47548, 8.52896, 42.23046],
							"lerp_mode": "catmullrom"
						},
						"5.3667": {
							"post": [-24.84511, 7.85978, 46.72068],
							"lerp_mode": "catmullrom"
						},
						"5.4667": {
							"post": [-23.39383, 5.15097, 41.56594],
							"lerp_mode": "catmullrom"
						},
						"5.6333": {
							"post": [-5.23766, -3.13615, 7.81846],
							"lerp_mode": "catmullrom"
						},
						"5.7333": {
							"post": [1.99535, -0.85991, 0.99261],
							"lerp_mode": "catmullrom"
						},
						"5.8333": {
							"post": [1, -0.43, -2.52],
							"lerp_mode": "catmullrom"
						},
						"5.9": {
							"post": [0, 0, 2.525],
							"lerp_mode": "catmullrom"
						},
						"6.0": {
							"post": [0, 0, -0.7375],
							"lerp_mode": "catmullrom"
						},
						"6.1": {
							"post": [0, 0, -0.53125],
							"lerp_mode": "catmullrom"
						},
						"6.2333": {
							"post": [0, 0, 0],
							"lerp_mode": "catmullrom"
						}
					},
					"position": {
						"0.0": [0, 0, 0],
						"0.0667": [0, -0.805, 0.655],
						"0.2333": [0, -1.16, 0.955],
						"0.4333": {
							"pre": [-1, 6.245, 0.05],
							"post": [-1, 6.245, 0.05],
							"lerp_mode": "catmullrom"
						},
						"0.5667": {
							"post": [-2, 2.04, 2.44],
							"lerp_mode": "catmullrom"
						},
						"0.7333": [-2, 2.93, 2.41],
						"0.8667": {
							"pre": [-2, 2.67, 2.41],
							"post": [-2, 2.67, 2.41],
							"lerp_mode": "catmullrom"
						},
						"1.0": {
							"post": [-2, 2.73859, 2.73],
							"lerp_mode": "catmullrom"
						},
						"1.1333": {
							"post": [-2, 2.475, 2.41],
							"lerp_mode": "catmullrom"
						},
						"1.3": {
							"post": [-2, 2.67, 2.41],
							"lerp_mode": "catmullrom"
						},
						"1.5333": {
							"post": [-2, 2.615, 2.4],
							"lerp_mode": "catmullrom"
						},
						"1.8333": {
							"post": [-2, 2.67, 2.41],
							"lerp_mode": "catmullrom"
						},
						"1.9": {
							"post": [-2, 2.8, 2.605],
							"lerp_mode": "catmullrom"
						},
						"2.0": {
							"post": [-2, 2.54, 2.28],
							"lerp_mode": "catmullrom"
						},
						"2.1": {
							"post": [-2, 2.54, 2.28],
							"lerp_mode": "catmullrom"
						},
						"2.1667": {
							"post": [-2, 2.67, 2.28],
							"lerp_mode": "catmullrom"
						},
						"2.2667": {
							"post": [-2, 2.45, 2.28],
							"lerp_mode": "catmullrom"
						},
						"2.5333": {
							"post": [-2, 2.45, 2.28],
							"lerp_mode": "catmullrom"
						},
						"2.6": {
							"post": [-2, 2.635, 2.28],
							"lerp_mode": "catmullrom"
						},
						"2.7": {
							"post": [-2, 2.42, 2.28],
							"lerp_mode": "catmullrom"
						},
						"3.0": {
							"post": [-2, 2.42, 2.28],
							"lerp_mode": "catmullrom"
						},
						"3.1": {
							"post": [0, 1, 2.28],
							"lerp_mode": "catmullrom"
						},
						"3.3333": {
							"post": [2.53, -2.31, 1.83],
							"lerp_mode": "catmullrom"
						},
						"3.6": {
							"post": [4, 0.4, 1.48],
							"lerp_mode": "catmullrom"
						},
						"3.7333": {
							"post": [4, 0.4, 1],
							"lerp_mode": "catmullrom"
						},
						"3.9667": {
							"post": [3.87, 0.4, 1.715],
							"lerp_mode": "catmullrom"
						},
						"4.1333": {
							"post": [3.87, 0.4, 1.625],
							"lerp_mode": "catmullrom"
						},
						"4.2333": {
							"post": [3.87, 0.4, 1.715],
							"lerp_mode": "catmullrom"
						},
						"4.3": {
							"post": [4, 0.4, 0],
							"lerp_mode": "catmullrom"
						},
						"4.3667": {
							"post": [4, 0.4, 0.475],
							"lerp_mode": "catmullrom"
						},
						"4.4333": {
							"post": [4, 0.4, 0.125],
							"lerp_mode": "catmullrom"
						},
						"4.5": {
							"post": [4, 0.4, -0.14],
							"lerp_mode": "catmullrom"
						},
						"4.5667": {
							"post": [4, 0.4, 0],
							"lerp_mode": "catmullrom"
						},
						"4.7333": {
							"post": [4.06, 0.885, -0.255],
							"lerp_mode": "catmullrom"
						},
						"5.0": {
							"post": [3.925, 0.825, -0.525],
							"lerp_mode": "catmullrom"
						},
						"5.0667": {
							"post": [3.945, 0.755, -0.61],
							"lerp_mode": "catmullrom"
						},
						"5.1333": {
							"post": [4.005, 0.655, -0.93],
							"lerp_mode": "catmullrom"
						},
						"5.2333": {
							"post": [4.005, 0.625, -0.795],
							"lerp_mode": "catmullrom"
						},
						"5.4667": {
							"post": [3.95, 0.755, -1.33],
							"lerp_mode": "catmullrom"
						},
						"5.6333": {
							"post": [0.09, -0.95, -2.08],
							"lerp_mode": "catmullrom"
						},
						"5.7667": {
							"post": [0, -0.475, -1.7],
							"lerp_mode": "catmullrom"
						},
						"5.8667": {
							"post": [0, -0.10625, 0.15],
							"lerp_mode": "catmullrom"
						},
						"6.0": {
							"post": [0, 0, -0.11875],
							"lerp_mode": "catmullrom"
						},
						"6.1667": {
							"post": [0, 0, 0],
							"lerp_mode": "catmullrom"
						}
					}
				},
				"mag_and_lh": {
					"rotation": {
						"1.1333": [0, 0, 0],
						"1.2667": {
							"pre": [0, 0, 7.5],
							"post": [0, 0, 7.5],
							"lerp_mode": "catmullrom"
						},
						"1.6333": {
							"post": [0, 0, 5],
							"lerp_mode": "catmullrom"
						},
						"1.7667": [0, 0, 5],
						"1.9": [7.5, 0, 0],
						"1.9667": [2.5, 0, 0],
						"2.0": [2.5, 0, 0],
						"2.0667": [-5, 0, 0],
						"2.1": [0, 0, 0]
					},
					"position": {
						"1.0333": [0, 0, 0],
						"1.1333": {
							"pre": [0, -7, 0],
							"post": [0, -7, 0],
							"lerp_mode": "catmullrom"
						},
						"1.3667": [4, -1, 0],
						"1.5667": [4.3, -1.2, 0],
						"1.7333": {
							"pre": [4, -8, 0],
							"post": [4, -8, 0],
							"lerp_mode": "catmullrom"
						},
						"1.8333": [0, -5.56, 0],
						"1.9": [0, -2.56, 0],
						"1.9667": [0, -3.56, 0.095],
						"2.0333": [0, -3.05, 0.01],
						"2.1": [0, -2.52, -0.35],
						"2.1667": [0, 0, 0]
					}
				},
				"bolt": {
					"position": {
						"3.6": [0, 0, 0],
						"3.8333": [0, 0, 2],
						"4.0333": [0, 0, 2.5],
						"4.2667": [0, 0, 2],
						"4.3": [0, 0, 0],
						"4.3667": [0, 0, 0.305],
						"4.4333": [0, 0, 0],
						"4.5": [0, 0, 0.22],
						"4.5667": [0, 0, 0]
					}
				},
				"handle": {
					"rotation": {
						"3.4": [0, 0, 1],
						"3.6": [0, -90, 0],
						"4.2667": [0, -90, 0],
						"4.3": [0, 0, 0],
						"4.3667": [0, -15, 0],
						"4.4333": [0, 0, 0],
						"4.5": [0, -5, 0],
						"4.5667": [0, 0, 0]
					}
				},
				"pull_handle": {
					"position": {
						"3.6": [0, 0, 0],
						"3.8333": [0, 0, 2],
						"4.0333": [0, 0, 2.5],
						"4.2667": [0, 0, 2],
						"4.3": [0, 0, 0],
						"4.3667": [0, 0, 0.305],
						"4.4333": [0, 0, 0],
						"4.5": [0, 0, 0.22],
						"4.5667": [0, 0, 0]
					}
				},
				"camera": {
					"rotation": {
						"0.0": {
							"post": [0, 0, 0],
							"lerp_mode": "catmullrom"
						},
						"0.2667": {
							"post": [1.82477, -0.02618, 0.99966],
							"lerp_mode": "catmullrom"
						},
						"0.4667": {
							"post": [-7.18, -0.03, 1],
							"lerp_mode": "catmullrom"
						},
						"0.5333": {
							"post": [-9.18, -0.03, 1],
							"lerp_mode": "catmullrom"
						},
						"0.7": {
							"post": [-7.18, -0.03, 1],
							"lerp_mode": "catmullrom"
						},
						"0.9667": {
							"post": [-7.18, -0.03, 1],
							"lerp_mode": "catmullrom"
						},
						"1.1": {
							"post": [-5.18, -0.03, -1],
							"lerp_mode": "catmullrom"
						},
						"1.2333": {
							"post": [-7.875, -0.03, 0.61],
							"lerp_mode": "catmullrom"
						},
						"1.4": {
							"post": [-7.18, -0.03, 0],
							"lerp_mode": "catmullrom"
						},
						"1.8333": {
							"post": [-7.18, -0.03, 0],
							"lerp_mode": "catmullrom"
						},
						"1.9": {
							"post": [-9.18, -0.03, -2],
							"lerp_mode": "catmullrom"
						},
						"2.0": {
							"post": [-8.18, -0.03, -1],
							"lerp_mode": "catmullrom"
						},
						"2.1": {
							"post": [-9.18, -0.03, -2],
							"lerp_mode": "catmullrom"
						},
						"2.2": {
							"post": [-7.18, -0.03, 1],
							"lerp_mode": "catmullrom"
						},
						"2.3": {
							"post": [-8.18, -0.03, -1],
							"lerp_mode": "catmullrom"
						},
						"2.4": {
							"post": [-7.135, -0.03, 0.395],
							"lerp_mode": "catmullrom"
						},
						"2.5333": {
							"post": [-5.13, -0.03, 2.4],
							"lerp_mode": "catmullrom"
						},
						"2.6": {
							"post": [-7.13, -0.03, -0.6],
							"lerp_mode": "catmullrom"
						},
						"2.7": {
							"post": [-6.17, -0.03, 0.4],
							"lerp_mode": "catmullrom"
						},
						"2.8": {
							"post": [-6.795, -0.03, -0.49],
							"lerp_mode": "catmullrom"
						},
						"2.9333": {
							"post": [-5.79, -0.03, 0.51],
							"lerp_mode": "catmullrom"
						},
						"3.0667": {
							"post": [-1.79, -0.03, 1.51],
							"lerp_mode": "catmullrom"
						},
						"3.2": {
							"post": [6.21, -2.03, 3.51],
							"lerp_mode": "catmullrom"
						},
						"3.3667": {
							"post": [5.21, -2.03, 3.51],
							"lerp_mode": "catmullrom"
						},
						"3.5667": {
							"post": [1.43, 1.27, -0.61],
							"lerp_mode": "catmullrom"
						},
						"3.7": {
							"post": [0.06, 1.87, -0.22],
							"lerp_mode": "catmullrom"
						},
						"3.8": {
							"post": [1.89, 2.275, 0.85],
							"lerp_mode": "catmullrom"
						},
						"3.9667": {
							"post": [1.205, 2.06, 1.57],
							"lerp_mode": "catmullrom"
						},
						"4.1333": {
							"post": [-0.045, 2.05, 2.355],
							"lerp_mode": "catmullrom"
						},
						"4.3333": {
							"post": [1.2, 2.07, 1.91],
							"lerp_mode": "catmullrom"
						},
						"4.3667": {
							"post": [1.59, 2.1, 0.725],
							"lerp_mode": "catmullrom"
						},
						"4.4": {
							"post": [1.855, 2.12, 2.73],
							"lerp_mode": "catmullrom"
						},
						"4.5": {
							"post": [0.805, 2.19, 0.36],
							"lerp_mode": "catmullrom"
						},
						"4.6333": {
							"post": [1.28, 2.225, 1.2],
							"lerp_mode": "catmullrom"
						},
						"4.8": {
							"post": [1.105, 1.725, 1.15],
							"lerp_mode": "catmullrom"
						},
						"5.0667": {
							"post": [1.03, 1.43, 0.89],
							"lerp_mode": "catmullrom"
						},
						"5.1": {
							"post": [1.625, 1.4, 1.32],
							"lerp_mode": "catmullrom"
						},
						"5.1667": {
							"post": [0.75, 1.35, 0.6],
							"lerp_mode": "catmullrom"
						},
						"5.2333": {
							"post": [1, 1.29, 0.74],
							"lerp_mode": "catmullrom"
						},
						"5.5333": {
							"post": [0.88, 0.88, 0.3],
							"lerp_mode": "catmullrom"
						},
						"5.6667": {
							"post": [0.625, 0.25, -0.25],
							"lerp_mode": "catmullrom"
						},
						"5.8": {
							"post": [-0.225, 0, 0.425],
							"lerp_mode": "catmullrom"
						},
						"5.8667": {
							"post": [0.225, 0, -0.45],
							"lerp_mode": "catmullrom"
						},
						"5.9667": {
							"post": [-0.15, 0, 0.125],
							"lerp_mode": "catmullrom"
						},
						"6.1": {
							"post": [0, 0, 0],
							"lerp_mode": "catmullrom"
						}
					}
				}
			},
			"sound_effects": {
				"0.0": {
					"effect": "emxmors:emx_basb/xm7_inspect"
				}
			}
		},
		"inspect_empty": {
			"loop": "hold_on_last_frame",
			"animation_length": 4.5833,
			"bones": {
				"lefthand": {
					"rotation": {
						"0.0": [107.69108, -32.75736, -156.00452],
						"0.875": [107.69108, -32.75736, -156.00452],
						"1.25": [96.25158, -30.31773, -122.39148],
						"3.5": [96.25158, -30.31773, -122.39148],
						"3.7083": [101.85565, -31.6009, -145.88105],
						"3.8333": [107.69108, -32.75736, -156.00452]
					},
					"position": {
						"0.0": [8.2, -13.66562, -3.65312],
						"0.875": [8.2, -13.66562, -3.65312],
						"1.0417": [10.66, -14.49, 0.72],
						"1.25": [7.215, -16.64, 3.155],
						"3.5": [7.215, -16.64, 3.155],
						"3.7083": [9.17, -12.46, -0.62],
						"3.8333": [8.2, -13.66562, -3.65312]
					},
					"scale": [1, 1.5, 1]
				},
				"righthand": {
					"rotation": [89.49625, 6.99973, -180.06139],
					"position": [-6.85, -14.95, 9.525],
					"scale": [1, 1.5, 1]
				},
				"refit_view": {
					"position": [0, -1, 11]
				},
				"constraint": {
					"rotation": [0.2, 0.1, 0.2],
					"position": [0.2, 0.2, 0.4]
				},
				"root": {
					"rotation": {
						"0.0": [0, 0, 0],
						"0.2083": {
							"pre": [-12.845, 13.53875, 78.025],
							"post": [-12.845, 13.53875, 78.025],
							"lerp_mode": "catmullrom"
						},
						"0.375": {
							"post": [-12.56373, 14.96896, 80.57586],
							"lerp_mode": "catmullrom"
						},
						"0.5417": {
							"post": [-12.02324, 15.06323, 81.84474],
							"lerp_mode": "catmullrom"
						},
						"0.7917": {
							"post": [-12.76875, 11.75375, 74.295],
							"lerp_mode": "catmullrom"
						},
						"0.875": {
							"post": [-17.4, 4.74, 28.36],
							"lerp_mode": "catmullrom"
						},
						"1.0": {
							"post": [-22.46381, -9.54439, -20.54664],
							"lerp_mode": "catmullrom"
						},
						"1.125": {
							"post": [-21.24967, -13.86767, -28.13263],
							"lerp_mode": "catmullrom"
						},
						"1.2083": {
							"post": [-23.21543, -14.17989, -27.70465],
							"lerp_mode": "catmullrom"
						},
						"1.375": {
							"post": [-26.54069, -10.34474, -23.99245],
							"lerp_mode": "catmullrom"
						},
						"1.5": {
							"post": [-25.26, -12.73, -24.89],
							"lerp_mode": "catmullrom"
						},
						"1.625": {
							"post": [-24.12927, -13.41628, -26.45424],
							"lerp_mode": "catmullrom"
						},
						"1.7083": {
							"post": [-24.06, -14.85125, -30.6025],
							"lerp_mode": "catmullrom"
						},
						"1.7917": {
							"post": [-24.12927, -13.96628, -27.46674],
							"lerp_mode": "catmullrom"
						},
						"1.9167": {
							"post": [-24.13, -14.02, -29.91],
							"lerp_mode": "catmullrom"
						},
						"2.5": {
							"post": [-25.22, -15.115, -30.865],
							"lerp_mode": "catmullrom"
						},
						"3.1667": {
							"post": [-23.70727, -12.91563, -25.45236],
							"lerp_mode": "catmullrom"
						},
						"3.25": {
							"post": [-24.29, -17.34625, -31.2525],
							"lerp_mode": "catmullrom"
						},
						"3.2917": {
							"post": [-23.85154, -12.50636, -26.39656],
							"lerp_mode": "catmullrom"
						},
						"3.4167": {
							"post": [-20.81, -13.10125, -27.02625],
							"lerp_mode": "catmullrom"
						},
						"3.5417": {
							"post": [-20.58, -5.66, -11.65],
							"lerp_mode": "catmullrom"
						},
						"3.75": {
							"post": [-5.15505, -0.93208, 3.01761],
							"lerp_mode": "catmullrom"
						},
						"3.8333": {
							"post": [-3.63, 2.24125, -3.92],
							"lerp_mode": "catmullrom"
						},
						"3.9583": {
							"post": [-0.79712, 1.52875, -1.1995],
							"lerp_mode": "catmullrom"
						},
						"4.0": {
							"post": [0.595, 0.64, 2.28],
							"lerp_mode": "catmullrom"
						},
						"4.0417": {
							"post": [0.835, 0.19, -0.9525],
							"lerp_mode": "catmullrom"
						},
						"4.1667": {
							"post": [0, 0, 0.73125],
							"lerp_mode": "catmullrom"
						},
						"4.2917": {
							"post": [0, 0, 0],
							"lerp_mode": "catmullrom"
						}
					},
					"position": {
						"0.0": [0, 0, 0],
						"0.2083": {
							"pre": [-0.31, 0.6625, -1.19],
							"post": [-0.31, 0.6625, -1.19],
							"lerp_mode": "catmullrom"
						},
						"0.375": {
							"post": [-0.19, 1.195, -1.395],
							"lerp_mode": "catmullrom"
						},
						"0.5417": {
							"post": [-0.06, 1.3175, -1.48],
							"lerp_mode": "catmullrom"
						},
						"0.7083": {
							"post": [-0.06, 0.93, -1.42875],
							"lerp_mode": "catmullrom"
						},
						"0.875": {
							"post": [-0.49, -0.745, -0.8],
							"lerp_mode": "catmullrom"
						},
						"1.0417": {
							"post": [-0.52, -0.1, -0.19],
							"lerp_mode": "catmullrom"
						},
						"1.2917": {
							"post": [-0.55, -0.12, -0.15],
							"lerp_mode": "catmullrom"
						},
						"1.375": {
							"post": [-0.54, -0.1, -0.1575],
							"lerp_mode": "catmullrom"
						},
						"1.625": {
							"post": [-0.59, -0.01, -0.19],
							"lerp_mode": "catmullrom"
						},
						"1.6667": {
							"post": [-0.475, -0.36, -0.19],
							"lerp_mode": "catmullrom"
						},
						"1.75": {
							"post": [-0.61, -0.34, -0.2],
							"lerp_mode": "catmullrom"
						},
						"1.9583": {
							"post": [-0.69375, -0.14, -0.21],
							"lerp_mode": "catmullrom"
						},
						"3.1667": {
							"post": [-0.91, -0.1, -0.19],
							"lerp_mode": "catmullrom"
						},
						"3.2083": {
							"post": [-0.91, -0.75, -0.19],
							"lerp_mode": "catmullrom"
						},
						"3.25": {
							"post": [-0.92, -0.88, -0.17],
							"lerp_mode": "catmullrom"
						},
						"3.4167": {
							"post": [-0.91, -0.8, -0.19],
							"lerp_mode": "catmullrom"
						},
						"3.5": {
							"post": [-0.71, -1.71, -0.8],
							"lerp_mode": "catmullrom"
						},
						"3.75": {
							"post": [-0.07, -1.21, -1.71],
							"lerp_mode": "catmullrom"
						},
						"3.875": {
							"post": [0, -0.5, -1.75],
							"lerp_mode": "catmullrom"
						},
						"4.0": {
							"post": [0, 0, 0.5],
							"lerp_mode": "catmullrom"
						},
						"4.125": {
							"post": [0, 0, -0.10625],
							"lerp_mode": "catmullrom"
						},
						"4.25": {
							"post": [0, 0, 0.025],
							"lerp_mode": "catmullrom"
						},
						"4.375": {
							"post": [0, 0, 0],
							"lerp_mode": "catmullrom"
						}
					}
				},
				"mag_and_lh": {
					"rotation": {
						"1.5833": [0, 0, 0],
						"1.6667": [0, 0, 0],
						"1.875": {
							"pre": [-16.31807, -6.39323, 24.5888],
							"post": [-16.31807, -6.39323, 24.5888],
							"lerp_mode": "catmullrom"
						},
						"2.0": {
							"post": [-18.23927, -7.11526, 29.32601],
							"lerp_mode": "catmullrom"
						},
						"2.0833": [-18.37, -7.17, 29.65],
						"2.75": {
							"pre": [-18.37, -7.17, 29.65],
							"post": [-18.37, -7.17, 29.65],
							"lerp_mode": "catmullrom"
						},
						"2.8333": {
							"post": [4.96292, 0.60859, -6.97363],
							"lerp_mode": "catmullrom"
						},
						"2.9167": [1, 0, 0],
						"3.0": [0, 0, 0],
						"3.125": [0, 0, 0],
						"3.2083": [0, 0, 0]
					},
					"position": {
						"1.5833": [0, 0, 0],
						"1.6667": [0, -3, 0],
						"1.75": {
							"pre": [1.98, -5.27, -0.02],
							"post": [1.98, -5.27, -0.02],
							"lerp_mode": "catmullrom"
						},
						"1.875": {
							"post": [3.66159, -3.88317, 0.30066],
							"lerp_mode": "catmullrom"
						},
						"2.0": {
							"post": [4.16402, -3.68544, 0.47573],
							"lerp_mode": "catmullrom"
						},
						"2.0833": [4.2, -3.67, 0.49],
						"2.75": {
							"pre": [4.2, -3.67, 0.49],
							"post": [4.2, -3.67, 0.49],
							"lerp_mode": "catmullrom"
						},
						"2.8333": {
							"post": [0.675, -3.7, -0.225],
							"lerp_mode": "catmullrom"
						},
						"2.9167": [0, -3.7, -0.225],
						"3.0": [0, -3, 0],
						"3.125": [0, -3, 0],
						"3.2083": [0, 0, 0]
					}
				},
				"bolt": {
					"position": [0, 0, 4.495]
				},
				"bullet_in_mag": {
					"scale": 0
				},
				"camera": {
					"rotation": {
						"0.0": {
							"post": [0, 0, 0],
							"lerp_mode": "catmullrom"
						},
						"0.2083": {
							"post": [4.24, 0.05, -0.32],
							"lerp_mode": "catmullrom"
						},
						"0.2917": {
							"post": [4.545, 0.71, -0.365],
							"lerp_mode": "catmullrom"
						},
						"0.4167": {
							"post": [4.56, 1.125, -0.55],
							"lerp_mode": "catmullrom"
						},
						"0.8333": {
							"post": [3.82, 1.95, 0.255],
							"lerp_mode": "catmullrom"
						},
						"1.0833": {
							"post": [3.56, -0.115, 0.82],
							"lerp_mode": "catmullrom"
						},
						"1.1667": {
							"post": [3.56, 0.05, 0.71],
							"lerp_mode": "catmullrom"
						},
						"1.5833": {
							"post": [2.16, 0.35, -0.925],
							"lerp_mode": "catmullrom"
						},
						"1.6667": {
							"post": [3.415, -0.27, -0.125],
							"lerp_mode": "catmullrom"
						},
						"1.7917": {
							"post": [3.375, -1.03, -1.25],
							"lerp_mode": "catmullrom"
						},
						"1.9167": {
							"post": [3.66, -1.75, -0.625],
							"lerp_mode": "catmullrom"
						},
						"2.7917": {
							"post": [3.56, -1.115, 0.82],
							"lerp_mode": "catmullrom"
						},
						"2.875": {
							"post": [3.56, -0.95, 0.71],
							"lerp_mode": "catmullrom"
						},
						"2.9583": {
							"post": [3.62, -1.02, 1.09],
							"lerp_mode": "catmullrom"
						},
						"3.0417": {
							"post": [3.66, -1.14, 0.82],
							"lerp_mode": "catmullrom"
						},
						"3.2083": {
							"post": [3.535, -1.15, 0.975],
							"lerp_mode": "catmullrom"
						},
						"3.2917": {
							"post": [4.09, -1.25, 1.895],
							"lerp_mode": "catmullrom"
						},
						"3.375": {
							"post": [3.24, -1.43, 0.1],
							"lerp_mode": "catmullrom"
						},
						"3.5417": {
							"post": [3.86, -1.44, -0.64],
							"lerp_mode": "catmullrom"
						},
						"3.625": {
							"post": [1.75, -1.23, -0.75],
							"lerp_mode": "catmullrom"
						},
						"3.75": {
							"post": [0.75, -0.6, -0.5],
							"lerp_mode": "catmullrom"
						},
						"3.9583": {
							"post": [-0.125, 0, 0.275],
							"lerp_mode": "catmullrom"
						},
						"4.0417": {
							"post": [0.44, -0.04, -0.25],
							"lerp_mode": "catmullrom"
						},
						"4.1667": {
							"post": [-0.065, -0.02, 0.095],
							"lerp_mode": "catmullrom"
						},
						"4.375": {
							"post": [0, 0, 0],
							"lerp_mode": "catmullrom"
						}
					}
				}
			},
			"sound_effects": {
				"0.0": {
					"effect": "tacz:scar_h/p05_ar_schotel_reload_raise"
				},
				"0.875": {
					"effect": "emxmors:emx_basb/p08_br_xmike5_inspect_hands1"
				},
				"1.625": {
					"effect": "emxmors:emx_basb/rifle_clip_out_1"
				},
				"3.0833": {
					"effect": "emxmors:emx_basb/rifle_clip_in_1"
				},
				"3.75": {
					"effect": "tacz:scar_h/p05_ar_schotel_reload_end"
				}
			}
		},
		"shoot": {
			"animation_length": 0.6667,
			"bones": {
				"bolt": {
					"position": {
						"0.0": [0, 0, 0],
						"0.0333": [0, 0, 6],
						"0.1": [0, 0, 0],
						"0.1667": [0, 0, 0.45],
						"0.2333": [0, 0, 0],
						"0.3": [0, 0, 0.175],
						"0.3667": [0, 0, 0]
					}
				},
				"bullet_in_barrel": {
					"scale": {
						"0.0": [0, 0, 0],
						"0.1667": [0, 0, 0],
						"0.2": [1, 1, 1]
					}
				},
				"root": {
					"rotation": {
						"0.0": {
							"post": [0, 0, 0],
							"lerp_mode": "catmullrom"
						},
						"0.0333": {
							"post": [0.16986, -0.11208, 2.14881],
							"lerp_mode": "catmullrom"
						},
						"0.0667": {
							"post": [-0.96137, -0.23295, -1.21862],
							"lerp_mode": "catmullrom"
						},
						"0.1": {
							"post": [-0.99135, 0.12866, 1.12246],
							"lerp_mode": "catmullrom"
						},
						"0.1667": {
							"post": [0.77838, 0.0674, -0.52417],
							"lerp_mode": "catmullrom"
						},
						"0.2333": {
							"post": [0.27498, -0.0036, 0.17499],
							"lerp_mode": "catmullrom"
						},
						"0.3667": {
							"post": [0.425, -0.2, 0.525],
							"lerp_mode": "catmullrom"
						},
						"0.5": {
							"post": [-0.07, -0.075, -0.05],
							"lerp_mode": "catmullrom"
						},
						"0.6333": {
							"post": [0, 0, 0],
							"lerp_mode": "catmullrom"
						}
					},
					"position": {
						"0.0": {
							"post": [0, 0, 0],
							"lerp_mode": "catmullrom"
						},
						"0.0333": {
							"post": [0, -0.025, 1.7],
							"lerp_mode": "catmullrom"
						},
						"0.0667": {
							"post": [0, -0.075, 1.555],
							"lerp_mode": "catmullrom"
						},
						"0.1667": {
							"post": [0, -0.175, -0.12],
							"lerp_mode": "catmullrom"
						},
						"0.2667": {
							"post": [0, -0.025, 0.1],
							"lerp_mode": "catmullrom"
						},
						"0.3667": {
							"post": [0, 0, 0],
							"lerp_mode": "catmullrom"
						}
					}
				},
				"constraint": {
					"rotation": {
						"0.1667": [0.002, 0.05, 0.006],
						"0.3333": [0, 0, 0]
					},
					"position": {
						"0.1667": [0.01, 0.01, 0.25],
						"0.3333": [0, 0, 0]
					}
				},
				"camera": {
					"rotation": {
						"0.0": {
							"post": [0, 0, 0],
							"lerp_mode": "catmullrom"
						},
						"0.0333": {
							"post": [0, 0, 0.6],
							"lerp_mode": "catmullrom"
						},
						"0.0667": {
							"post": [0, 0, -0.4],
							"lerp_mode": "catmullrom"
						},
						"0.1333": {
							"post": [0, 0, 0.325],
							"lerp_mode": "catmullrom"
						},
						"0.2": {
							"post": [0, 0, -0.225],
							"lerp_mode": "catmullrom"
						},
						"0.2667": {
							"post": [0, 0, 0],
							"lerp_mode": "catmullrom"
						},
						"0.3667": {
							"post": [0, 0, 0],
							"lerp_mode": "catmullrom"
						}
					}
				}
			}
		}
	}
}