{
	"format_version": "1.8.0",
	"animations": {
		"static_idle": {
			"loop": true,
			"bones": {
				"lefthand": {
					"rotation": [83.10433, -35.71301, -143.28198],
					"position": [7.9749, -14.54447, -7],
					"scale": [1, 1.5, 1]
				},
				"righthand": {
					"rotation": [91.55289, 14.99474, -179.59812],
					"position": [-6.875, -14.08982, 6.2585],
					"scale": [1, 1.5, 1]
				},
				"constraint": {
					"rotation": [0.1, 0.1, 0.1],
					"position": [0.1, 0.1, 0.4]
				}
			}
		},
		"static_bolt_caught": {
			"animation_length": 0.45,
			"bones": {
				"bullet": {
					"scale": 0
				},
				"Bolt2": {
					"position": [0, 0, 2.3]
				}
			}
		},
		"reload_tactical": {
			"loop": "hold_on_last_frame",
			"animation_length": 2.2,
			"bones": {
				"lefthand": {
					"rotation": {
						"0.0": [83.10433, -35.71301, -143.28198],
						"0.2": [85.59676, -12.9287, -182.51667],
						"1.4": [85.6, -12.93, -182.52],
						"1.6333": [83.10433, -35.71301, -143.28198]
					},
					"position": {
						"0.0": [7.9749, -14.54447, -7],
						"0.2": [9.86423, -17.25593, 1.70664],
						"1.4": [9.86423, -17.25593, 1.70664],
						"1.5333": [10.05, -16.75, 0.26],
						"1.6333": [7.9749, -14.54447, -7]
					},
					"scale": [1, 1.5, 1]
				},
				"righthand": {
					"rotation": [91.55289, 14.99474, -179.59812],
					"position": [-6.875, -14.08982, 6.2585],
					"scale": [1, 1.5, 1]
				},
				"constraint": {
					"rotation": [0.1, 0.1, 0.1],
					"position": [0.1, 0.1, 0.4]
				},
				"root": {
					"rotation": {
						"0.0": {
							"post": [0, 0, 0],
							"lerp_mode": "catmullrom"
						},
						"0.1": {
							"post": [4.9997, 0.0349, -0.99939],
							"lerp_mode": "catmullrom"
						},
						"0.2667": {
							"post": [-5.95924, -0.70012, -7.96199],
							"lerp_mode": "catmullrom"
						},
						"0.4333": {
							"post": [-3.96, -0.7, -7.96],
							"lerp_mode": "catmullrom"
						},
						"0.6": {
							"post": [-12.96, -0.7, -7.96],
							"lerp_mode": "catmullrom"
						},
						"0.7": {
							"post": [-12.96, -0.7, -7.96],
							"lerp_mode": "catmullrom"
						},
						"0.7667": {
							"post": [-12.96271, 0.64693, -2.113],
							"lerp_mode": "catmullrom"
						},
						"0.8667": {
							"post": [-12.95762, -0.69667, -7.95706],
							"lerp_mode": "catmullrom"
						},
						"0.9333": {
							"post": [-12.95762, -2.14167, -7.95706],
							"lerp_mode": "catmullrom"
						},
						"1.2": {
							"post": [-15.30068, -9.43362, -17.94617],
							"lerp_mode": "catmullrom"
						},
						"1.2333": {
							"post": [-10.43001, -11.5455, -21.10394],
							"lerp_mode": "catmullrom"
						},
						"1.2667": {
							"post": [-11.26346, -10.47614, -13.11532],
							"lerp_mode": "catmullrom"
						},
						"1.3667": {
							"post": [-9.22256, -11.17191, -13.15064],
							"lerp_mode": "catmullrom"
						},
						"1.4667": {
							"post": [-4.45812, -8.58803, -12.20237],
							"lerp_mode": "catmullrom"
						},
						"1.5667": {
							"post": [-1.51688, -3.25192, -7.09751],
							"lerp_mode": "catmullrom"
						},
						"1.6667": {
							"post": [2.0003, -0.99939, -2.8349],
							"lerp_mode": "catmullrom"
						},
						"1.7333": {
							"post": [0.91765, 0.12214, 2.96963],
							"lerp_mode": "catmullrom"
						},
						"1.7667": {
							"post": [0, 0, -1],
							"lerp_mode": "catmullrom"
						},
						"1.8667": {
							"post": [-0.26875, 0, 1.75],
							"lerp_mode": "catmullrom"
						},
						"1.9667": {
							"post": [0, 0, 0],
							"lerp_mode": "catmullrom"
						},
						"2.0333": {
							"post": [0, 0, 0],
							"lerp_mode": "catmullrom"
						}
					},
					"position": {
						"0.0": {
							"post": [0, 0, 0],
							"lerp_mode": "catmullrom"
						},
						"0.1": {
							"post": [0, -0.5, 0.285],
							"lerp_mode": "catmullrom"
						},
						"0.2": {
							"post": [0, -0.17, -1.37],
							"lerp_mode": "catmullrom"
						},
						"0.2667": {
							"post": [0, -0.5, -0.29],
							"lerp_mode": "catmullrom"
						},
						"0.3667": {
							"post": [0, -0.5, -0.415],
							"lerp_mode": "catmullrom"
						},
						"0.5667": {
							"post": [0, -0.13, -0.125],
							"lerp_mode": "catmullrom"
						},
						"0.7": {
							"post": [0, -0.56, -0.12],
							"lerp_mode": "catmullrom"
						},
						"0.7333": {
							"post": [0, -1.09, -0.12],
							"lerp_mode": "catmullrom"
						},
						"0.8": {
							"post": [0, -0.7, -0.125],
							"lerp_mode": "catmullrom"
						},
						"0.9": {
							"post": [0, -0.7, -0.125],
							"lerp_mode": "catmullrom"
						},
						"1.1667": {
							"post": [-0.77, -0.445, -0.605],
							"lerp_mode": "catmullrom"
						},
						"1.2": {
							"post": [-0.69, -0.445, -0.605],
							"lerp_mode": "catmullrom"
						},
						"1.2333": {
							"post": [-0.8, -0.615, -0.605],
							"lerp_mode": "catmullrom"
						},
						"1.2667": {
							"post": [-0.535, -1.43, -0.65],
							"lerp_mode": "catmullrom"
						},
						"1.3667": {
							"post": [-0.235, -0.85, -0.83],
							"lerp_mode": "catmullrom"
						},
						"1.4667": {
							"post": [-0.495, -0.805, -0.595],
							"lerp_mode": "catmullrom"
						},
						"1.6": {
							"post": [-0.335, -1.5, -1.65],
							"lerp_mode": "catmullrom"
						},
						"1.7667": {
							"post": [0, -0.175, 0.1],
							"lerp_mode": "catmullrom"
						},
						"1.8667": {
							"post": [-0.08125, -0.01, -0.08],
							"lerp_mode": "catmullrom"
						},
						"1.9667": {
							"post": [0, 0, 0.075],
							"lerp_mode": "catmullrom"
						},
						"2.1": {
							"post": [0, 0, 0],
							"lerp_mode": "catmullrom"
						}
					}
				},
				"lefthand_and_mag": {
					"rotation": {
						"0.0": [0, 0, 0],
						"0.2": [-10, 0, -35],
						"0.3333": [-10, 0, -35],
						"0.6333": [-27.15468, 8.86042, 27.13918],
						"0.7333": [-9.65, 8.86, 27.14],
						"0.9": [-13.05561, 0.6602, -12.18617],
						"1.0333": [-12.74825, -2.93536, -27.78647],
						"1.1667": [-12.75, -2.94, 0],
						"1.2333": [-12.75, -2.94, 0],
						"1.2667": [0, 0, 0]
					},
					"position": {
						"0.0": [0, 0, 0],
						"0.2": [0, -14, 10],
						"0.3333": [0, -14, 10],
						"0.6": [6, 4, 5],
						"0.7": [6, 1, 2],
						"0.8667": [4.06, -6, 2],
						"1.0": [1.655, -1.305, 0.555],
						"1.1333": [0, -1, 0],
						"1.2": [0, -1, 0],
						"1.2667": [0, 0, 0]
					}
				},
				"mag_and_bullet": {
					"scale": {
						"0.1667": [0, 0, 0],
						"0.2": [1, 1, 1]
					}
				},
				"additional_magazine": {
					"rotation": {
						"0.7667": [0, 0, 0],
						"0.9333": [125.28664, 20.20435, -26.01349]
					},
					"position": {
						"0.7": [0, 0, 0],
						"0.9": [-11, -18, 0]
					}
				},
				"camera": {
					"rotation": {
						"0.0": {
							"post": [0, 0, 0],
							"lerp_mode": "catmullrom"
						},
						"0.1": {
							"post": [0, 0, 1.2],
							"lerp_mode": "catmullrom"
						},
						"0.3": {
							"post": [0, 0, -0.4],
							"lerp_mode": "catmullrom"
						},
						"0.4333": {
							"post": [0, 0, -0.2],
							"lerp_mode": "catmullrom"
						},
						"0.7": {
							"post": [-1.1, 0, 1],
							"lerp_mode": "catmullrom"
						},
						"0.7333": {
							"post": [-0.7, 0, 0.3],
							"lerp_mode": "catmullrom"
						},
						"0.8333": {
							"post": [-1.3, 0, 1.1],
							"lerp_mode": "catmullrom"
						},
						"0.9": {
							"post": [-0.71, 0, 0.76],
							"lerp_mode": "catmullrom"
						},
						"1.0333": {
							"post": [-0.5, 0, -0.6],
							"lerp_mode": "catmullrom"
						},
						"1.2": {
							"post": [-0.5, 0, -0.6],
							"lerp_mode": "catmullrom"
						},
						"1.2667": {
							"post": [-1.2, 0, 0.2],
							"lerp_mode": "catmullrom"
						},
						"1.3667": {
							"post": [-1.2, 0, -0.9],
							"lerp_mode": "catmullrom"
						},
						"1.4333": {
							"post": [-1.2, 0, -0.5],
							"lerp_mode": "catmullrom"
						},
						"1.6333": {
							"post": [0.4, 0, 0.6],
							"lerp_mode": "catmullrom"
						},
						"1.8": {
							"post": [-0.3, 0, -0.2],
							"lerp_mode": "catmullrom"
						},
						"1.9": {
							"post": [0.1, 0, 0.1],
							"lerp_mode": "catmullrom"
						},
						"2.0": {
							"post": [0, 0, 0],
							"lerp_mode": "catmullrom"
						}
					}
				}
			},
			"sound_effects": {
				"0.0": {
					"effect": "emxmors:emx_h12/aa12_reload_tactical"
				},
				"0.7": {
					"effect": "emxmors:emx_h12/aa12_reload_tactical1"
				},
				"1.0": {
					"effect": "emxmors:emx_h12/aa12_reload_tactical3"
				},
				"1.6": {
					"effect": "emxmors:emx_h12/aa12_reload_tactica4l"
				}
			}
		},
		"reload_empty": {
			"loop": "hold_on_last_frame",
			"animation_length": 2.9667,
			"bones": {
				"lefthand": {
					"rotation": {
						"0.0": [83.10433, -35.71301, -143.28198],
						"0.2": [85.59676, -12.9287, -182.51667],
						"1.3667": [85.6, -12.93, -182.52],
						"1.6333": [56.44334, -40.94771, -36.32076],
						"1.7": [77.98357, -51.98988, -66.13478],
						"1.8333": [74.30306, -61.70529, -61.75456],
						"2.2333": [83.10433, -35.71301, -143.28198]
					},
					"position": {
						"0.0": [7.9749, -14.54447, -7],
						"0.2": [9.86423, -16.75, 0.26],
						"1.3667": [9.86423, -17.25593, 1.70664],
						"1.5": [6.05, -20.75, 0.26],
						"1.6667": [2.46, -10.75, 1.065],
						"1.7667": [2.46, -10.75, 0.26],
						"1.8333": [2.46, -10.75, 5.26],
						"1.9": [3.66787, -14.56098, 5.34885],
						"1.9667": [6.58101, -24.02268, 0.89922],
						"2.1": [-2, -24.02, 0.9],
						"2.2333": [7.9749, -14.54447, -7]
					},
					"scale": [1, 1.5, 1]
				},
				"righthand": {
					"rotation": [91.55289, 14.99474, -179.59812],
					"position": [-6.875, -14.08982, 6.2585],
					"scale": [1, 1.5, 1]
				},
				"constraint": {
					"rotation": [0.1, 0.1, 0.1],
					"position": [0.1, 0.1, 0.4]
				},
				"root": {
					"rotation": {
						"0.0": {
							"post": [0, 0, 0],
							"lerp_mode": "catmullrom"
						},
						"0.1": {
							"post": [4.9997, 0.0349, -0.99939],
							"lerp_mode": "catmullrom"
						},
						"0.2667": {
							"post": [-5.95924, -0.70012, -7.96199],
							"lerp_mode": "catmullrom"
						},
						"0.4333": {
							"post": [-3.96, -0.7, -7.96],
							"lerp_mode": "catmullrom"
						},
						"0.6": {
							"post": [-12.96, -0.7, -7.96],
							"lerp_mode": "catmullrom"
						},
						"0.7": {
							"post": [-12.96, -0.7, -7.96],
							"lerp_mode": "catmullrom"
						},
						"0.7667": {
							"post": [-12.96271, 0.64693, -2.113],
							"lerp_mode": "catmullrom"
						},
						"0.8667": {
							"post": [-12.95762, -0.69667, -7.95706],
							"lerp_mode": "catmullrom"
						},
						"0.9333": {
							"post": [-12.95762, -2.14167, -7.95706],
							"lerp_mode": "catmullrom"
						},
						"1.2": {
							"post": [-15.30068, -9.43362, -17.94617],
							"lerp_mode": "catmullrom"
						},
						"1.2333": {
							"post": [-10.43001, -11.5455, -21.10394],
							"lerp_mode": "catmullrom"
						},
						"1.2667": {
							"post": [-11.26346, -10.47614, -13.11532],
							"lerp_mode": "catmullrom"
						},
						"1.3667": {
							"post": [-9.22256, -11.17191, -13.15064],
							"lerp_mode": "catmullrom"
						},
						"1.5333": {
							"post": [-14.22, 1.37, -24.52],
							"lerp_mode": "catmullrom"
						},
						"1.7": {
							"post": [-15.38, 3.04, -21.91],
							"lerp_mode": "catmullrom"
						},
						"1.7333": [-13.97737, 2.37892, -23.07505],
						"1.8333": [-16.17177, 8.35411, -12.24955],
						"1.9333": [-11.29416, 0.39432, -28.24096],
						"2.0": [-9.49712, 5.8788, -20.18862],
						"2.0333": [-4.29, 4.86, -27.28],
						"2.1333": [-7.08, 1.62, -7.06],
						"2.2333": [3.32, 0.02, 0.25],
						"2.3333": [0.54897, 0.03925, -2.99974],
						"2.4": [-0.47058, -0.0434, 0.36929],
						"2.4333": [-0.68804, -0.01635, -0.25033],
						"2.5333": [0, 0, 0]
					},
					"position": {
						"0.0": {
							"post": [0, 0, 0],
							"lerp_mode": "catmullrom"
						},
						"0.1": {
							"post": [0, -0.5, 0.285],
							"lerp_mode": "catmullrom"
						},
						"0.2": {
							"post": [0, -0.17, -1.37],
							"lerp_mode": "catmullrom"
						},
						"0.2667": {
							"post": [0, -0.5, -0.29],
							"lerp_mode": "catmullrom"
						},
						"0.3667": {
							"post": [0, -0.5, -0.415],
							"lerp_mode": "catmullrom"
						},
						"0.5667": {
							"post": [0, -0.13, -0.125],
							"lerp_mode": "catmullrom"
						},
						"0.7": {
							"post": [0, -0.56, -0.12],
							"lerp_mode": "catmullrom"
						},
						"0.7333": {
							"post": [0, -1.09, -0.12],
							"lerp_mode": "catmullrom"
						},
						"0.8": {
							"post": [0, -0.7, -0.125],
							"lerp_mode": "catmullrom"
						},
						"0.9": {
							"post": [0, -0.7, -0.125],
							"lerp_mode": "catmullrom"
						},
						"1.1667": {
							"post": [-0.77, -0.445, -0.605],
							"lerp_mode": "catmullrom"
						},
						"1.2": {
							"post": [-0.69, -0.445, -0.605],
							"lerp_mode": "catmullrom"
						},
						"1.2333": {
							"post": [-0.8, -0.615, -0.605],
							"lerp_mode": "catmullrom"
						},
						"1.2667": {
							"post": [-0.535, -1.43, -0.65],
							"lerp_mode": "catmullrom"
						},
						"1.3667": {
							"post": [-0.235, -0.85, -0.83],
							"lerp_mode": "catmullrom"
						},
						"1.5333": [-0.455, 0.25, 0.37],
						"1.7": [-0.105, 0.4, 0.27],
						"1.7333": [-0.245, 0.07, -0.11],
						"1.8333": {
							"pre": [-0.505, -1.6, -0.33],
							"post": [-0.505, -1.6, -0.33],
							"lerp_mode": "catmullrom"
						},
						"1.9": {
							"post": [-0.505, -1.2, -1.43],
							"lerp_mode": "catmullrom"
						},
						"1.9333": {
							"post": [-0.575, -0.07, -1.06],
							"lerp_mode": "catmullrom"
						},
						"2.0333": {
							"post": [-0.295, 0, -1.3],
							"lerp_mode": "catmullrom"
						},
						"2.1333": {
							"post": [-0.1, -0.9, -1.5],
							"lerp_mode": "catmullrom"
						},
						"2.2333": {
							"post": [-0.02, -1.265, -1.685],
							"lerp_mode": "catmullrom"
						},
						"2.3": {
							"post": [0, -0.375, 0.25],
							"lerp_mode": "catmullrom"
						},
						"2.3333": {
							"post": [0, -0.075, 0.45],
							"lerp_mode": "catmullrom"
						},
						"2.4333": {
							"post": [0, 0, -0.2125],
							"lerp_mode": "catmullrom"
						},
						"2.5333": {
							"post": [0, 0, 0.05],
							"lerp_mode": "catmullrom"
						},
						"2.6333": {
							"post": [0, 0, 0],
							"lerp_mode": "catmullrom"
						}
					}
				},
				"lefthand_and_mag": {
					"rotation": {
						"0.0": [0, 0, 0],
						"0.2": [-10, 0, -35],
						"0.3333": [-10, 0, -35],
						"0.6333": [-27.15468, 8.86042, 27.13918],
						"0.7333": [-9.65, 8.86, 27.14],
						"0.9": [-13.05561, 0.6602, -12.18617],
						"1.0333": [-12.74825, -2.93536, -27.78647],
						"1.1667": [-12.75, -2.94, 0],
						"1.2333": [-12.75, -2.94, 0],
						"1.2667": [0, 0, 0]
					},
					"position": {
						"0.0": [0, 0, 0],
						"0.2": [0, -14, 10],
						"0.3333": [0, -14, 10],
						"0.6": [6, 4, 5],
						"0.7": [6, 1, 2],
						"0.8667": [4.06, -6, 2],
						"1.0": [1.655, -1.305, 0.555],
						"1.1333": [0, -1, 0],
						"1.2": [0, -1, 0],
						"1.2667": [0, 0, 0]
					}
				},
				"mag_and_bullet": {
					"scale": {
						"0.1667": [0, 0, 0],
						"0.2": [1, 1, 1]
					}
				},
				"additional_magazine": {
					"rotation": {
						"0.7667": [0, 0, 0],
						"0.9333": [125.28664, 20.20435, -26.01349]
					},
					"position": {
						"0.7": [0, 0, 0],
						"0.9": [-11, -18, 0]
					}
				},
				"Bolt2": {
					"position": {
						"1.7667": [0, 0, 2.3],
						"1.8667": [0, 0, 2.5],
						"1.9333": [0, 0, 0],
						"1.9667": [0, 0, 0.1],
						"2.0667": [0, 0, 0]
					}
				},
				"camera": {
					"rotation": {
						"0.0": {
							"post": [0, 0, 0],
							"lerp_mode": "catmullrom"
						},
						"0.1": {
							"post": [0, 0, 1.2],
							"lerp_mode": "catmullrom"
						},
						"0.3": {
							"post": [0, 0, -0.4],
							"lerp_mode": "catmullrom"
						},
						"0.4333": {
							"post": [0, 0, -0.2],
							"lerp_mode": "catmullrom"
						},
						"0.7": {
							"post": [-1.1, 0, 1],
							"lerp_mode": "catmullrom"
						},
						"0.7333": {
							"post": [0.1, 0, -0.3],
							"lerp_mode": "catmullrom"
						},
						"0.8333": {
							"post": [-1.3, 0, 1.1],
							"lerp_mode": "catmullrom"
						},
						"0.9": {
							"post": [-0.31, 0, 0.36],
							"lerp_mode": "catmullrom"
						},
						"1.0333": {
							"post": [-0.5, 0, -0.6],
							"lerp_mode": "catmullrom"
						},
						"1.2": {
							"post": [-0.5, 0, -0.6],
							"lerp_mode": "catmullrom"
						},
						"1.2667": {
							"post": [-1.2, 0, 0.2],
							"lerp_mode": "catmullrom"
						},
						"1.3667": {
							"post": [-1.2, 0, -0.9],
							"lerp_mode": "catmullrom"
						},
						"1.4333": {
							"post": [-1.2, 0, -0.5],
							"lerp_mode": "catmullrom"
						},
						"1.7": {
							"post": [0.4, 0, 1.5],
							"lerp_mode": "catmullrom"
						},
						"1.8667": {
							"post": [-0.7, 0, -0.42],
							"lerp_mode": "catmullrom"
						},
						"1.9333": {
							"post": [0.28, 0, 0.32],
							"lerp_mode": "catmullrom"
						},
						"2.0333": {
							"post": [-0.23, 0, -0.3],
							"lerp_mode": "catmullrom"
						},
						"2.1667": {
							"post": [0.21, 0, 0.17],
							"lerp_mode": "catmullrom"
						},
						"2.3333": {
							"post": [-0.3, 0, -0.2],
							"lerp_mode": "catmullrom"
						},
						"2.4333": {
							"post": [0.1, 0, 0.1],
							"lerp_mode": "catmullrom"
						},
						"2.5333": {
							"post": [0, 0, 0],
							"lerp_mode": "catmullrom"
						}
					}
				}
			},
			"sound_effects": {
				"0.0": {
					"effect": "emxmors:emx_h12/aa12_reload_tactical"
				},
				"0.7": {
					"effect": "emxmors:emx_h12/aa12_reload_tactical1"
				},
				"1.0": {
					"effect": "emxmors:emx_h12/aa12_reload_tactical3"
				},
				"1.6667": {
					"effect": "emxmors:emx_h12/sks_reload_empty_fast_charge"
				},
				"2.3333": {
					"effect": "emxmors:emx_h12/aa12_reload_tactica4l"
				}
			}
		},
		"inspect": {
			"loop": "hold_on_last_frame",
			"animation_length": 5.9,
			"bones": {
				"mag_and_lefthand": {
					"rotation": {
						"0.4667": {
							"pre": [0, 0, 0],
							"post": [0, 0, 0],
							"lerp_mode": "catmullrom"
						},
						"0.5333": {
							"post": [-27, 0, 0],
							"lerp_mode": "catmullrom"
						},
						"0.6": {
							"post": [-29.78, -2.96, -4.25],
							"lerp_mode": "catmullrom"
						},
						"0.7": {
							"post": [-32.79558, -21.35651, -30.78829],
							"lerp_mode": "catmullrom"
						},
						"0.8333": {
							"post": [-37.05244, -10.19307, -12.28589],
							"lerp_mode": "catmullrom"
						},
						"1.0": {
							"post": [-28.21779, -6.39798, -6.82841],
							"lerp_mode": "catmullrom"
						},
						"1.1333": {
							"post": [-27.03329, -5.69318, -5.93799],
							"lerp_mode": "catmullrom"
						},
						"1.3667": {
							"post": [-22.665, -3.06, -4.05],
							"lerp_mode": "catmullrom"
						},
						"1.4667": {
							"post": [-23.15793, -1.03965, -16.16991],
							"lerp_mode": "catmullrom"
						},
						"1.5667": {
							"post": [-35.58629, 4.26018, -10.53212],
							"lerp_mode": "catmullrom"
						},
						"1.6667": {
							"post": [-21.603, -6.55814, -19.93633],
							"lerp_mode": "catmullrom"
						},
						"1.7667": {
							"post": [-23.2288, -8.52445, -26.23131],
							"lerp_mode": "catmullrom"
						},
						"1.9": [-25, 0, 0],
						"1.9667": [-22, 0, 0],
						"2.0667": [-35, 0, 0],
						"2.1667": [-32.75, 0, 0],
						"2.2333": [0, 0, 0]
					},
					"position": {
						"0.4667": {
							"pre": [0, 0, 0],
							"post": [0, 0, 0],
							"lerp_mode": "catmullrom"
						},
						"0.5333": {
							"post": [-0.19, -1.255, -1.285],
							"lerp_mode": "catmullrom"
						},
						"0.6333": {
							"post": [0, -2, -2.175],
							"lerp_mode": "catmullrom"
						},
						"0.7333": {
							"post": [2.43355, -7.06085, -4.34008],
							"lerp_mode": "catmullrom"
						},
						"0.9333": {
							"post": [4.88187, -4.75458, -0.85469],
							"lerp_mode": "catmullrom"
						},
						"1.0667": {
							"post": [5.4778, -4.03004, 0.00331],
							"lerp_mode": "catmullrom"
						},
						"1.2333": {
							"post": [5.54466, -3.84829, 0.07629],
							"lerp_mode": "catmullrom"
						},
						"1.3667": {
							"post": [5.5694, -3.90504, 0.1175],
							"lerp_mode": "catmullrom"
						},
						"1.4667": {
							"post": [5.40216, -4.31371, 0.3549],
							"lerp_mode": "catmullrom"
						},
						"1.6": {
							"post": [5.30526, -3.15082, -0.25021],
							"lerp_mode": "catmullrom"
						},
						"1.6667": {
							"post": [4.34537, -4.40834, 0.48379],
							"lerp_mode": "catmullrom"
						},
						"1.7667": {
							"post": [1.98789, -5.82832, 0.89525],
							"lerp_mode": "catmullrom"
						},
						"1.9": [0, -2, -1.175],
						"1.9667": [0, -1.8, -1],
						"2.0667": [0, -2.225, -1.725],
						"2.1667": [0, -2.1, -1.6],
						"2.2333": [0, 0, 0]
					}
				},
				"bolt": {
					"position": {
						"3.9333": [0, 0, 0],
						"4.1": [0, 0, 1.8],
						"4.7": [0, 0, 1.8],
						"4.7333": [0, 0, 0]
					}
				},
				"magrelease": {
					"rotation": {
						"0.2667": [0, 0, 0],
						"0.4333": [-35, 0, 0],
						"0.7": [-35, 0, 0],
						"0.8": [0, 0, 0],
						"2.2": [0, 0, 0],
						"2.2667": [-35, 0, 0],
						"2.3": [-35, 0, 0],
						"2.3667": [0, 0, 0]
					}
				},
				"gun_and_righthand": {
					"rotation": {
						"0.6333": {
							"pre": [0, 0, 0],
							"post": [0, 0, 0],
							"lerp_mode": "catmullrom"
						},
						"0.7333": {
							"post": [2.7501, 0.49942, 0.02399],
							"lerp_mode": "catmullrom"
						},
						"0.9333": {
							"post": [0.05867, 0.46466, 0.02232],
							"lerp_mode": "catmullrom"
						},
						"1.2": {
							"post": [0.55327, 0.34247, 0.76678],
							"lerp_mode": "catmullrom"
						},
						"1.8667": {
							"post": [0, 0, 0],
							"lerp_mode": "catmullrom"
						}
					},
					"position": {
						"0.6333": {
							"pre": [0, 0, 0],
							"post": [0, 0, 0],
							"lerp_mode": "catmullrom"
						},
						"0.7333": {
							"post": [-0.00886, 0.76732, -0.27264],
							"lerp_mode": "catmullrom"
						},
						"0.9": {
							"post": [-0.22369, 0.83168, -0.22112],
							"lerp_mode": "catmullrom"
						},
						"1.1333": {
							"post": [-0.20445, 0.41337, 0.07483],
							"lerp_mode": "catmullrom"
						},
						"1.4": {
							"post": [-0.02936, 0.22863, 0.01016],
							"lerp_mode": "catmullrom"
						},
						"1.6667": {
							"post": [-0.09899, 0.08433, 0.09439],
							"lerp_mode": "catmullrom"
						},
						"1.8667": {
							"post": [0, 0, 0],
							"lerp_mode": "catmullrom"
						}
					}
				},
				"root": {
					"rotation": {
						"0.0": {
							"post": [0, 0, 0],
							"lerp_mode": "catmullrom"
						},
						"0.1": {
							"post": [1.685, -3.53, -6.4],
							"lerp_mode": "catmullrom"
						},
						"0.2": {
							"post": [-8.105, -6.88, -13.015],
							"lerp_mode": "catmullrom"
						},
						"0.3": {
							"post": [-19.33504, -11.36125, -18.46825],
							"lerp_mode": "catmullrom"
						},
						"0.4": {
							"post": [-20.235, -11.18, -19.17],
							"lerp_mode": "catmullrom"
						},
						"0.5": {
							"post": [-16.47805, -10.70023, -18.69523],
							"lerp_mode": "catmullrom"
						},
						"0.6": {
							"post": [-14.55312, -12.83757, -25.04784],
							"lerp_mode": "catmullrom"
						},
						"0.6333": {
							"post": [-12.72319, -13.94798, -28.53683],
							"lerp_mode": "catmullrom"
						},
						"0.7": {
							"post": [-18.7589, -12.26037, -23.3517],
							"lerp_mode": "catmullrom"
						},
						"0.8": {
							"post": [-18.42323, -13.38988, -26.55795],
							"lerp_mode": "catmullrom"
						},
						"0.9": {
							"post": [-18.53403, -12.14782, -23.01023],
							"lerp_mode": "catmullrom"
						},
						"1.2667": {
							"post": [-19.95302, -11.6677, -21.60679],
							"lerp_mode": "catmullrom"
						},
						"1.6": {
							"post": [-20.8971, -11.29848, -20.56268],
							"lerp_mode": "catmullrom"
						},
						"1.8": {
							"post": [-22.06, -14.30818, -22.51847],
							"lerp_mode": "catmullrom"
						},
						"1.9": {
							"post": [-19.85494, -15.24265, -25.33485],
							"lerp_mode": "catmullrom"
						},
						"2.0": {
							"post": [-20.36562, -14.25062, -24.93336],
							"lerp_mode": "catmullrom"
						},
						"2.1333": {
							"post": [-20.74536, -12.32337, -24.02348],
							"lerp_mode": "catmullrom"
						},
						"2.2": {
							"post": [-20.49437, -13.16317, -24.72873],
							"lerp_mode": "catmullrom"
						},
						"2.2333": {
							"post": [-15.83817, -14.81264, -34.84285],
							"lerp_mode": "catmullrom"
						},
						"2.3": {
							"post": [-19.43505, -10.15957, -17.15869],
							"lerp_mode": "catmullrom"
						},
						"2.4333": {
							"post": [-16.78089, -12.68375, -24.37088],
							"lerp_mode": "catmullrom"
						},
						"2.6": {
							"post": [-16.39522, 2.36368, 18.07177],
							"lerp_mode": "catmullrom"
						},
						"2.7333": {
							"post": [-27.53159, 25.48139, 51.06994],
							"lerp_mode": "catmullrom"
						},
						"2.9": {
							"post": [-32.85105, 45.13006, 64.54397],
							"lerp_mode": "catmullrom"
						},
						"3.0667": {
							"post": [-30.1597, 44.68871, 67.01399],
							"lerp_mode": "catmullrom"
						},
						"3.3": {
							"post": [-31.91919, 43.30722, 64.1136],
							"lerp_mode": "catmullrom"
						},
						"3.5": {
							"post": [-32.85105, 43.68006, 63.36897],
							"lerp_mode": "catmullrom"
						},
						"3.6667": {
							"post": [-35.00594, 38.83145, 61.10897],
							"lerp_mode": "catmullrom"
						},
						"3.8": {
							"post": [-43.18649, 34.14971, 49.95519],
							"lerp_mode": "catmullrom"
						},
						"3.9333": {
							"post": [-49.18948, 39.23431, 47.54701],
							"lerp_mode": "catmullrom"
						},
						"4.0667": {
							"post": [-54.98121, 44.08652, 43.41541],
							"lerp_mode": "catmullrom"
						},
						"4.2333": {
							"post": [-52.5336, 43.3197, 45.53296],
							"lerp_mode": "catmullrom"
						},
						"4.4333": {
							"post": [-52.28627, 42.25294, 46.63345],
							"lerp_mode": "catmullrom"
						},
						"4.7": {
							"post": [-52.28629, 42.16418, 45.25809],
							"lerp_mode": "catmullrom"
						},
						"4.7333": {
							"post": [-51.81258, 34.78108, 43.16269],
							"lerp_mode": "catmullrom"
						},
						"4.8": {
							"post": [-44.48512, 40.88873, 49.99879],
							"lerp_mode": "catmullrom"
						},
						"4.9": {
							"post": [-48.48914, 32.3985, 41.07692],
							"lerp_mode": "catmullrom"
						},
						"5.1": {
							"post": [-19.41003, 3.54248, 29.74843],
							"lerp_mode": "catmullrom"
						},
						"5.2333": {
							"post": [-5.13312, -1.93407, 5.57088],
							"lerp_mode": "catmullrom"
						},
						"5.3333": {
							"post": [-2.55, -0.79, -0.27],
							"lerp_mode": "catmullrom"
						},
						"5.4": {
							"post": [-1.81116, -0.97475, 0.78066],
							"lerp_mode": "catmullrom"
						},
						"5.4667": {
							"post": [-0.6, -0.32, 0.26],
							"lerp_mode": "catmullrom"
						},
						"5.5": {
							"post": [0, -0.5, -1.5],
							"lerp_mode": "catmullrom"
						},
						"5.5667": {
							"post": [-0.00945, -0.1664, 2.75001],
							"lerp_mode": "catmullrom"
						},
						"5.6333": {
							"post": [0, 0, -1.25],
							"lerp_mode": "catmullrom"
						},
						"5.7": {
							"post": [0, 0, 0],
							"lerp_mode": "catmullrom"
						},
						"5.8": {
							"post": [0, 0, 0],
							"lerp_mode": "catmullrom"
						}
					},
					"position": {
						"0.0": {
							"post": [0, 0, 0],
							"lerp_mode": "catmullrom"
						},
						"0.1": {
							"post": [0.13, -1.05, -1.075],
							"lerp_mode": "catmullrom"
						},
						"0.2": {
							"post": [0.25, -1.15, -0.975],
							"lerp_mode": "catmullrom"
						},
						"0.3": {
							"post": [0.25, 0.2, -0.1],
							"lerp_mode": "catmullrom"
						},
						"0.4333": {
							"post": [0.19, 0.415, -0.05],
							"lerp_mode": "catmullrom"
						},
						"0.5667": {
							"post": [0.175, 0.445, -0.1],
							"lerp_mode": "catmullrom"
						},
						"0.6333": {
							"post": [0.505, -0.705, -0.1],
							"lerp_mode": "catmullrom"
						},
						"0.7667": {
							"post": [0.335, -0.83, -0.1],
							"lerp_mode": "catmullrom"
						},
						"0.9333": {
							"post": [0.115, -0.665, -0.09],
							"lerp_mode": "catmullrom"
						},
						"1.2": {
							"post": [-0.17, -0.59, -0.08],
							"lerp_mode": "catmullrom"
						},
						"1.5333": {
							"post": [-0.2, -0.225, -0.01],
							"lerp_mode": "catmullrom"
						},
						"1.7667": {
							"post": [0.035, 0.23, 0.04],
							"lerp_mode": "catmullrom"
						},
						"1.9333": {
							"post": [0.08, -0.05, 0.05],
							"lerp_mode": "catmullrom"
						},
						"2.0": {
							"post": [0.1325, 0.0625, 0.05],
							"lerp_mode": "catmullrom"
						},
						"2.1": {
							"post": [-0.03625, 0.13375, 0.05],
							"lerp_mode": "catmullrom"
						},
						"2.2": {
							"post": [0.025, 0.135, 0.05],
							"lerp_mode": "catmullrom"
						},
						"2.2667": {
							"post": [0.25, -0.85, 0.05],
							"lerp_mode": "catmullrom"
						},
						"2.4333": {
							"post": [0.285, -0.805, -0.4],
							"lerp_mode": "catmullrom"
						},
						"2.6667": {
							"post": [-0.365, -1.245, -1.54],
							"lerp_mode": "catmullrom"
						},
						"2.8667": {
							"post": [-0.695, 1.52, -1.825],
							"lerp_mode": "catmullrom"
						},
						"3.0333": {
							"post": [-0.69, 0.575, -1.13],
							"lerp_mode": "catmullrom"
						},
						"3.1667": {
							"post": [-0.69, 0.305, -1.13],
							"lerp_mode": "catmullrom"
						},
						"3.3333": {
							"post": [-0.69, 0.44, -1.13],
							"lerp_mode": "catmullrom"
						},
						"3.5333": {
							"post": [-0.69, 0.55, -1.13],
							"lerp_mode": "catmullrom"
						},
						"3.6667": {
							"post": [-1, -0.08, -1.355],
							"lerp_mode": "catmullrom"
						},
						"3.8": {
							"post": [-1.315, -1.37, -0.53],
							"lerp_mode": "catmullrom"
						},
						"3.9333": {
							"post": [-1.415, -1.64, -0.745],
							"lerp_mode": "catmullrom"
						},
						"4.0667": {
							"post": [-1.56, -2.28, -0.93],
							"lerp_mode": "catmullrom"
						},
						"4.3": {
							"post": [-1.645, -2.09, -0.97],
							"lerp_mode": "catmullrom"
						},
						"4.5333": {
							"post": [-1.655, -2.025, -0.79],
							"lerp_mode": "catmullrom"
						},
						"4.7": {
							"post": [-1.44, -2.19, -0.67],
							"lerp_mode": "catmullrom"
						},
						"4.7667": {
							"post": [-1.4, -0.155, -1.02],
							"lerp_mode": "catmullrom"
						},
						"4.8667": {
							"post": [-1.31, -1.075, -0.53],
							"lerp_mode": "catmullrom"
						},
						"5.0": {
							"post": [-1.2, -1.87, -0.64],
							"lerp_mode": "catmullrom"
						},
						"5.1": {
							"post": [-0.87, -2.65, -0.95],
							"lerp_mode": "catmullrom"
						},
						"5.2333": {
							"post": [-0.44, -1.155, -0.56],
							"lerp_mode": "catmullrom"
						},
						"5.3333": {
							"post": [-0.11, -0.315, -0.81],
							"lerp_mode": "catmullrom"
						},
						"5.4": {
							"post": [0, -0.025, -0.9],
							"lerp_mode": "catmullrom"
						},
						"5.5": {
							"post": [0, -0.225, 0.725],
							"lerp_mode": "catmullrom"
						},
						"5.6": {
							"post": [0, 0, -0.1],
							"lerp_mode": "catmullrom"
						},
						"5.7": {
							"post": [0, 0, 0.05],
							"lerp_mode": "catmullrom"
						},
						"5.8": {
							"post": [0, 0, 0],
							"lerp_mode": "catmullrom"
						}
					}
				},
				"lefthand_and_mag": {
					"rotation": {
						"0.4667": {
							"pre": [0, 0, 0],
							"post": [0, 0, 0],
							"lerp_mode": "catmullrom"
						},
						"0.5333": {
							"post": [0, 0, 0],
							"lerp_mode": "catmullrom"
						},
						"0.6": {
							"post": [0, -2.96, -4.25],
							"lerp_mode": "catmullrom"
						},
						"0.7": {
							"post": [0, -21.35651, -30.78829],
							"lerp_mode": "catmullrom"
						},
						"0.8333": {
							"post": [-37.05244, -10.19307, -12.28589],
							"lerp_mode": "catmullrom"
						},
						"1.0": {
							"post": [-28.21779, -6.39798, -6.82841],
							"lerp_mode": "catmullrom"
						},
						"1.1333": {
							"post": [-27.03329, -5.69318, -5.93799],
							"lerp_mode": "catmullrom"
						},
						"1.3667": {
							"post": [-22.665, -3.06, -4.05],
							"lerp_mode": "catmullrom"
						},
						"1.4667": {
							"post": [-23.15793, -1.03965, -16.16991],
							"lerp_mode": "catmullrom"
						},
						"1.5667": {
							"post": [-35.58629, 4.26018, -10.53212],
							"lerp_mode": "catmullrom"
						},
						"1.6667": {
							"post": [-21.603, -6.55814, -19.93633],
							"lerp_mode": "catmullrom"
						},
						"1.7667": {
							"post": [-23.2288, -8.52445, -26.23131],
							"lerp_mode": "catmullrom"
						},
						"1.9": [-8, 0, 0],
						"1.9667": [-5, 0, 0],
						"2.0667": [0, 0, 0],
						"2.1667": [0, 0, 0],
						"2.2333": [0, 0, 0]
					},
					"position": {
						"0.4667": {
							"pre": [0, 0, 0],
							"post": [0, 0, 0],
							"lerp_mode": "catmullrom"
						},
						"0.5333": {
							"post": [0, -1.255, 0],
							"lerp_mode": "catmullrom"
						},
						"0.6333": {
							"post": [0, -2, 0],
							"lerp_mode": "catmullrom"
						},
						"0.7333": {
							"post": [2.43355, -7.06085, -4.34008],
							"lerp_mode": "catmullrom"
						},
						"0.9333": {
							"post": [4.88187, -4.75458, -0.85469],
							"lerp_mode": "catmullrom"
						},
						"1.0667": {
							"post": [5.4778, -4.03004, 0.00331],
							"lerp_mode": "catmullrom"
						},
						"1.2333": {
							"post": [5.54466, -3.84829, 0.07629],
							"lerp_mode": "catmullrom"
						},
						"1.3667": {
							"post": [5.5694, -3.90504, 0.1175],
							"lerp_mode": "catmullrom"
						},
						"1.4667": {
							"post": [5.40216, -4.31371, 0.3549],
							"lerp_mode": "catmullrom"
						},
						"1.6": {
							"post": [5.30526, -3.15082, -0.25021],
							"lerp_mode": "catmullrom"
						},
						"1.6667": {
							"post": [4.34537, -4.40834, 0.48379],
							"lerp_mode": "catmullrom"
						},
						"1.7667": {
							"post": [1.98789, -5.82832, 0.89525],
							"lerp_mode": "catmullrom"
						},
						"1.9": [0, -2, -0.575],
						"1.9667": [0, -1.8, -0.4],
						"2.0667": [0, -2.225, -1.125],
						"2.1667": [0, -2.1, -1],
						"2.2333": [0, 0, 0]
					}
				},
				"bullet": {
					"position": {
						"3.9": [0, 0, 0],
						"3.9667": [-0.6087, 1.78656, -0.7747],
						"4.1": [-0.61, 1.79, -0.1534],
						"4.8333": [-0.61, 1.79, -0.1534],
						"4.9333": [0, 0, 0]
					}
				},
				"lefthand": {
					"rotation": {
						"0.0": [83.10433, -35.71301, -143.28198],
						"0.2": [105.21, -25.38, -150.16],
						"0.2667": [113.14534, -16.33581, -164.72012],
						"0.3667": [124.2487, 6.51029, -190.9453],
						"1.5": [124.2487, 6.51029, -190.9453],
						"1.6333": [134.45855, 5.09938, -188.87079],
						"2.2": [134.45855, 5.09938, -188.87079],
						"2.2333": [134.45855, 5.09938, -188.87079],
						"2.3667": [134.45855, 5.09938, -188.87079],
						"2.5667": [97.71, -25.38, -150.16],
						"2.7": [88.6258, -29.45643, -169.35366],
						"5.0333": [88.63, -29.46, -169.35],
						"5.2": [83.10433, -35.71301, -143.28198]
					},
					"position": {
						"0.0": [7.9749, -14.54447, -7],
						"0.2": [8.03, -15.15, -4.57],
						"0.2667": [7.94, -17.195, -1.435],
						"0.3667": [9.86423, -16.75, 0.26],
						"1.5": [9.86423, -16.75, 0.26],
						"1.5667": [9.86423, -16.75, 1.15328],
						"1.6333": [9.86423, -16.75, 1.16119],
						"2.3667": [9.86423, -16.75, 0.26],
						"2.5667": [8.03, -15.15, -4.57],
						"2.7": [8.03, -14.25, -1.62],
						"5.0333": [8.03, -14.25, -1.62],
						"5.2": [7.9749, -14.54447, -7]
					},
					"scale": [1, 1.5, 1]
				},
				"additional_magazine": {
					"scale": {
						"0.0": [0, 0, 0],
						"5.5": {
							"pre": [0, 0, 0],
							"post": [1, 1, 1]
						}
					}
				},
				"Bolt2": {
					"position": {
						"3.9333": [0, 0, 0],
						"4.1": [0, 0, 1.8],
						"4.7": [0, 0, 1.8],
						"4.7333": [0, 0, 0]
					}
				},
				"righthand": {
					"rotation": {
						"0.0": [91.55289, 14.99474, -179.59812],
						"3.5": [91.55289, 14.99474, -179.59812],
						"3.7333": [99.00517, 3.00002, -179.81264],
						"3.9333": [99.00517, 3.00002, -179.81264],
						"4.7": [99.00517, 3.00002, -179.81264],
						"4.7667": [99.02702, 4.97531, -179.49847],
						"4.8333": [99.02702, 4.97531, -179.49847],
						"4.9667": [91.55289, 14.99474, -179.59812]
					},
					"position": {
						"0.0": [-6.875, -14.08982, 6.2585],
						"3.5": [-6.875, -14.08982, 6.2585],
						"3.7333": [-9.19289, -11.76415, 0.97424],
						"3.9333": [-9.19289, -11.76415, 0.97424],
						"4.1": [-9.1929, -11.7642, 2.89],
						"4.7": [-9.1929, -11.7642, 2.89],
						"4.7667": [-9.1929, -11.7642, 6.62],
						"4.8333": [-9.1929, -11.7642, 7.545],
						"4.9667": [-6.875, -14.08982, 6.2585]
					},
					"scale": [1, 1.5, 1]
				},
				"camera": {
					"rotation": {
						"0.0": {
							"post": [0, 0, 0],
							"lerp_mode": "catmullrom"
						},
						"0.2": {
							"post": [0.345, 0, 0],
							"lerp_mode": "catmullrom"
						},
						"0.3667": {
							"post": [1.425, 0, 0],
							"lerp_mode": "catmullrom"
						},
						"0.5333": {
							"post": [1.28, -0.17, -0.15],
							"lerp_mode": "catmullrom"
						},
						"0.6": {
							"post": [1.155, -0.55, -0.3],
							"lerp_mode": "catmullrom"
						},
						"0.6667": {
							"post": [4.31, -1.17, 1.27],
							"lerp_mode": "catmullrom"
						},
						"0.7667": {
							"post": [6.485, -2.37, -1.695],
							"lerp_mode": "catmullrom"
						},
						"0.9": {
							"post": [6.905, -3.95, -0.575],
							"lerp_mode": "catmullrom"
						},
						"1.0667": {
							"post": [5.58, -4.07, -1.55],
							"lerp_mode": "catmullrom"
						},
						"1.2667": {
							"post": [5.785, -4.05, -1.26],
							"lerp_mode": "catmullrom"
						},
						"1.5333": {
							"post": [6.535, -3.65, -1.075],
							"lerp_mode": "catmullrom"
						},
						"1.8333": {
							"post": [1.03, -0.7, -1],
							"lerp_mode": "catmullrom"
						},
						"2.1": {
							"post": [-0.385, -0.43, -1.07],
							"lerp_mode": "catmullrom"
						},
						"2.2": {
							"post": [-0.3, -0.43, -1.11],
							"lerp_mode": "catmullrom"
						},
						"2.2667": {
							"post": [1.48, -0.45, 0.785],
							"lerp_mode": "catmullrom"
						},
						"2.3667": {
							"post": [-0.365, -0.5, -1.8],
							"lerp_mode": "catmullrom"
						},
						"2.5": {
							"post": [-0.37, -0.4, -0.75],
							"lerp_mode": "catmullrom"
						},
						"2.6667": {
							"post": [-2.68, 0.23, -0.735],
							"lerp_mode": "catmullrom"
						},
						"2.8333": {
							"post": [-5.17, 0.85, 0.55],
							"lerp_mode": "catmullrom"
						},
						"3.0333": {
							"post": [-6.555, 0.85, 1.025],
							"lerp_mode": "catmullrom"
						},
						"3.5333": {
							"post": [-5.625, 0.85, 1.45],
							"lerp_mode": "catmullrom"
						},
						"3.7667": {
							"post": [-4.94, 0.85, 1.45],
							"lerp_mode": "catmullrom"
						},
						"4.0667": {
							"post": [1.925, 0.85, 0.9],
							"lerp_mode": "catmullrom"
						},
						"4.3667": {
							"post": [3.7, 0.625, 0.7],
							"lerp_mode": "catmullrom"
						},
						"4.6667": {
							"post": [3.44, 0.66, 0.6],
							"lerp_mode": "catmullrom"
						},
						"4.7333": {
							"post": [5.375, 0.625, 1.85],
							"lerp_mode": "catmullrom"
						},
						"4.8333": {
							"post": [3.65, 0.41, -0.44],
							"lerp_mode": "catmullrom"
						},
						"4.9667": {
							"post": [4.625, 0, 0.45],
							"lerp_mode": "catmullrom"
						},
						"5.1333": {
							"post": [2.93, -0.03, -0.03],
							"lerp_mode": "catmullrom"
						},
						"5.3": {
							"post": [-1.275, 0, 0],
							"lerp_mode": "catmullrom"
						},
						"5.5": {
							"post": [-0.85, 0, -0.125],
							"lerp_mode": "catmullrom"
						},
						"5.5667": {
							"post": [0.675, 0, 0.45],
							"lerp_mode": "catmullrom"
						},
						"5.6667": {
							"post": [-0.375, 0, -0.275],
							"lerp_mode": "catmullrom"
						},
						"5.7667": {
							"post": [0.2, 0, 0.15],
							"lerp_mode": "catmullrom"
						},
						"5.9": {
							"post": [0, 0, 0],
							"lerp_mode": "catmullrom"
						}
					}
				}
			},
			"sound_effects": {
				"0.0": {
					"effect": "tacz:sks/sks_reload_raise"
				},
				"0.5333": {
					"effect": "tacz:sks/sks_reload_fast_magout"
				},
				"1.7667": {
					"effect": "tacz:sks/sks_reload_xmag_magin"
				},
				"2.5": {
					"effect": "tacz:sks/sks_reload_empty_rotate"
				},
				"3.9667": {
					"effect": "tacz:sks/sks_charge_01"
				},
				"4.7": {
					"effect": "tacz:sks/sks_charge_02"
				},
				"4.9667": {
					"effect": "tacz:sks/sks_reload_xmag_end"
				},
				"5.4333": {
					"effect": "emxmors:emx_h12/aa12_reload_tactica4l"
				}
			}
		},
		"inspect_empty": {
			"loop": "hold_on_last_frame",
			"animation_length": 7.8667,
			"bones": {
				"mag_and_lefthand": {
					"rotation": {
						"0.4333": {
							"pre": [0, 0, 0],
							"post": [0, 0, 0],
							"lerp_mode": "catmullrom"
						},
						"0.5": {
							"post": [-27, 0, 0],
							"lerp_mode": "catmullrom"
						},
						"0.5667": {
							"post": [-29.78, -2.96, -4.25],
							"lerp_mode": "catmullrom"
						},
						"0.6667": {
							"post": [-32.79558, -21.35651, -30.78829],
							"lerp_mode": "catmullrom"
						},
						"0.8": {
							"post": [-36.58149, -11.99113, -14.73318],
							"lerp_mode": "catmullrom"
						},
						"0.9667": {
							"post": [-28.33547, -5.8058, -5.7213],
							"lerp_mode": "catmullrom"
						},
						"1.1": [-27.03329, -5.69318, -5.93799],
						"1.4": [-27.06, -6.77, -5.84],
						"1.7667": [-27.37907, -5.75707, -2.34845],
						"1.9333": [-27.03329, -5.69318, -5.93799],
						"2.0333": [1.07814, -0.35648, -12.07068],
						"2.1333": [28.91025, 4.41364, 13.7931],
						"2.5": [28.91025, 4.41364, 13.7931],
						"5.1": [28.91025, 4.41364, 13.7931],
						"5.2667": [-0.26458, 8.70102, -46.38093],
						"5.6": [-25, 0, 0],
						"5.7": [-22, 0, 0],
						"5.8": [-35, 0, 0],
						"5.9": [-32.75, 0, 0],
						"5.9667": [0, 0, 0]
					},
					"position": {
						"0.4333": {
							"pre": [0, 0, 0],
							"post": [0, 0, 0],
							"lerp_mode": "catmullrom"
						},
						"0.5": {
							"post": [-0.19, -1.255, -1.285],
							"lerp_mode": "catmullrom"
						},
						"0.6": {
							"post": [0, -2, -2.175],
							"lerp_mode": "catmullrom"
						},
						"0.7": {
							"post": [2.43355, -7.06085, -4.34008],
							"lerp_mode": "catmullrom"
						},
						"0.9": {
							"post": [4.88187, -4.75458, -0.85469],
							"lerp_mode": "catmullrom"
						},
						"1.0333": {
							"post": [5.4778, -4.03004, 0.00331],
							"lerp_mode": "catmullrom"
						},
						"1.2": {
							"post": [5.54466, -3.84829, 0.07629],
							"lerp_mode": "catmullrom"
						},
						"1.5": {
							"post": [5.21596, -4.02085, 0.17246],
							"lerp_mode": "catmullrom"
						},
						"1.8667": {
							"post": [5.03569, -4.15038, 0.22115],
							"lerp_mode": "catmullrom"
						},
						"1.9333": [4.29266, -3.11871, 0.03464],
						"2.0333": [3.0953, -0.29915, 0.21733],
						"2.1333": [1.84, 3.69, -1.68],
						"2.5": [1.84, 3.69, -1.68],
						"5.1": [1.84, 3.69, -1.68],
						"5.2667": {
							"pre": [4.425, 2.76, -0.49],
							"post": [4.425, 2.76, -0.49],
							"lerp_mode": "catmullrom"
						},
						"5.4": {
							"post": [3.15151, -2.07426, -0.82701],
							"lerp_mode": "catmullrom"
						},
						"5.5": {
							"post": [0.48795, -2.83892, -1.26484],
							"lerp_mode": "catmullrom"
						},
						"5.6": [0, -2, -1.175],
						"5.7": [0, -1.8, -1],
						"5.8": [0, -2.225, -1.725],
						"5.9": [0, -2.1, -1.6],
						"5.9667": [0, 0, 0]
					}
				},
				"bolt": {
					"position": {
						"3.4333": [0, 0, 4],
						"3.5333": [0, 0, 4.75],
						"3.5667": [0, 0, 4.75],
						"3.6333": [0, 0, 0],
						"4.0667": [0, 0, 0],
						"4.1333": [0, 0, 4],
						"4.7333": [0, 0, 4],
						"4.8": [0, 0, 0],
						"6.7": [0, 0, 0],
						"6.8": [0, 0, 4.75],
						"6.9667": [0, 0, 4.75],
						"7.0333": [0, 0, 4]
					}
				},
				"magrelease": {
					"rotation": {
						"0.3333": [0, 0, 0],
						"0.4": [-35, 0, 0],
						"0.6667": [-35, 0, 0],
						"0.7667": [0, 0, 0],
						"5.9": [0, 0, 0],
						"5.9667": [-35, 0, 0],
						"6.0": [-35, 0, 0],
						"6.0667": [0, 0, 0]
					}
				},
				"gun_and_righthand": {
					"rotation": {
						"0.6": {
							"pre": [0, 0, 0],
							"post": [0, 0, 0],
							"lerp_mode": "catmullrom"
						},
						"0.7": {
							"post": [2.7501, 0.49942, 0.02399],
							"lerp_mode": "catmullrom"
						},
						"0.9": {
							"post": [0.05867, 0.46466, 0.02232],
							"lerp_mode": "catmullrom"
						},
						"1.1667": {
							"post": [0.55327, 0.34247, 0.76678],
							"lerp_mode": "catmullrom"
						},
						"1.8333": {
							"post": [0, 0, 0],
							"lerp_mode": "catmullrom"
						}
					},
					"position": {
						"0.6": {
							"pre": [0, 0, 0],
							"post": [0, 0, 0],
							"lerp_mode": "catmullrom"
						},
						"0.7": {
							"post": [-0.00886, 0.76732, -0.27264],
							"lerp_mode": "catmullrom"
						},
						"0.8667": {
							"post": [-0.22369, 0.83168, -0.22112],
							"lerp_mode": "catmullrom"
						},
						"1.1": {
							"post": [-0.20445, 0.41337, -0.00017],
							"lerp_mode": "catmullrom"
						},
						"1.3667": {
							"post": [-0.02936, 0.22863, 0.01016],
							"lerp_mode": "catmullrom"
						},
						"1.6333": {
							"post": [-0.09899, 0.08433, 0.04439],
							"lerp_mode": "catmullrom"
						},
						"1.8333": {
							"post": [0, 0, 0],
							"lerp_mode": "catmullrom"
						}
					}
				},
				"root": {
					"rotation": {
						"0.0": {
							"post": [0, 0, 0],
							"lerp_mode": "catmullrom"
						},
						"0.1": {
							"post": [1.685, -3.53, -6.4],
							"lerp_mode": "catmullrom"
						},
						"0.2": {
							"post": [-8.105, -6.88, -13.015],
							"lerp_mode": "catmullrom"
						},
						"0.3": {
							"post": [-19.33504, -11.36125, -18.46825],
							"lerp_mode": "catmullrom"
						},
						"0.3667": {
							"post": [-20.235, -11.18, -19.17],
							"lerp_mode": "catmullrom"
						},
						"0.4667": {
							"post": [-16.47805, -10.70023, -18.69523],
							"lerp_mode": "catmullrom"
						},
						"0.5667": {
							"post": [-14.55312, -12.83757, -25.04784],
							"lerp_mode": "catmullrom"
						},
						"0.6": {
							"post": [-12.72319, -13.94798, -28.53683],
							"lerp_mode": "catmullrom"
						},
						"0.6667": {
							"post": [-18.7589, -12.26037, -23.3517],
							"lerp_mode": "catmullrom"
						},
						"0.7667": {
							"post": [-18.42323, -13.38988, -26.55795],
							"lerp_mode": "catmullrom"
						},
						"0.8667": {
							"post": [-18.53403, -12.14782, -23.01023],
							"lerp_mode": "catmullrom"
						},
						"1.2333": {
							"post": [-19.95302, -11.6677, -21.60679],
							"lerp_mode": "catmullrom"
						},
						"1.5667": {
							"post": [-20.70731, -11.65363, -21.51656],
							"lerp_mode": "catmullrom"
						},
						"1.9333": {
							"post": [-16.78089, -10.50875, -20.77088],
							"lerp_mode": "catmullrom"
						},
						"2.1": {
							"post": [-16.39522, 2.36368, 18.07177],
							"lerp_mode": "catmullrom"
						},
						"2.2333": {
							"post": [-27.53159, 25.48139, 51.06994],
							"lerp_mode": "catmullrom"
						},
						"2.4": {
							"post": [-32.85105, 45.13006, 64.54397],
							"lerp_mode": "catmullrom"
						},
						"2.5667": {
							"post": [-30.1597, 44.68871, 67.01399],
							"lerp_mode": "catmullrom"
						},
						"2.8": {
							"post": [-31.91919, 43.30722, 65.4886],
							"lerp_mode": "catmullrom"
						},
						"3.0": {
							"post": [-32.85105, 41.53006, 64.54397],
							"lerp_mode": "catmullrom"
						},
						"3.1333": {
							"post": [-35.65588, 38.25313, 58.62216],
							"lerp_mode": "catmullrom"
						},
						"3.3": {
							"post": [-43.18649, 34.14971, 49.95519],
							"lerp_mode": "catmullrom"
						},
						"3.4333": {
							"post": [-46.93948, 34.18431, 47.54701],
							"lerp_mode": "catmullrom"
						},
						"3.5333": {
							"post": [-48.75621, 38.31152, 46.01541],
							"lerp_mode": "catmullrom"
						},
						"3.6": {
							"post": [-47.92633, 37.23534, 48.40637],
							"lerp_mode": "catmullrom"
						},
						"3.6667": {
							"post": [-46.43835, 32.58487, 47.92599],
							"lerp_mode": "catmullrom"
						},
						"3.7667": {
							"post": [-44.79967, 36.68411, 52.08987],
							"lerp_mode": "catmullrom"
						},
						"3.9": {
							"post": [-47.84078, 34.72639, 48.63438],
							"lerp_mode": "catmullrom"
						},
						"4.0667": {
							"post": [-48.56784, 36.4876, 46.70052],
							"lerp_mode": "catmullrom"
						},
						"4.1667": {
							"post": [-45.41855, 41.78182, 50.55216],
							"lerp_mode": "catmullrom"
						},
						"4.2333": {
							"post": [-45.81556, 42.74038, 51.04951],
							"lerp_mode": "catmullrom"
						},
						"4.3": {
							"post": [-48.98, 40.11, 47.25],
							"lerp_mode": "catmullrom"
						},
						"4.4": {
							"post": [-49.23489, 41.13121, 47.44389],
							"lerp_mode": "catmullrom"
						},
						"4.5667": {
							"post": [-49.18711, 42.07983, 46.59303],
							"lerp_mode": "catmullrom"
						},
						"4.7667": {
							"post": [-50.23629, 42.16418, 45.25809],
							"lerp_mode": "catmullrom"
						},
						"4.8": {
							"post": [-49.76258, 34.78108, 43.16269],
							"lerp_mode": "catmullrom"
						},
						"4.8667": {
							"post": [-42.43512, 40.88873, 49.99879],
							"lerp_mode": "catmullrom"
						},
						"4.9667": {
							"post": [-48.48914, 32.3985, 41.07692],
							"lerp_mode": "catmullrom"
						},
						"5.0667": {
							"post": [-43.26872, 27.49021, 38.73168],
							"lerp_mode": "catmullrom"
						},
						"5.1667": {
							"post": [-35.2055, 19.98685, 36.00341],
							"lerp_mode": "catmullrom"
						},
						"5.3": {
							"post": [-26.25268, -1.76537, 10.48099],
							"lerp_mode": "catmullrom"
						},
						"5.4333": {
							"post": [-22.06, -14.30818, -17.66847],
							"lerp_mode": "catmullrom"
						},
						"5.5667": {
							"post": [-20.10803, -14.90093, -24.36157],
							"lerp_mode": "catmullrom"
						},
						"5.7333": {
							"post": [-20.36562, -14.25062, -24.93336],
							"lerp_mode": "catmullrom"
						},
						"5.8667": {
							"post": [-20.74536, -12.32337, -24.02348],
							"lerp_mode": "catmullrom"
						},
						"5.9333": {
							"post": [-20.49437, -13.16317, -24.72873],
							"lerp_mode": "catmullrom"
						},
						"5.9667": {
							"post": [-15.83817, -14.81264, -34.84285],
							"lerp_mode": "catmullrom"
						},
						"6.0333": {
							"post": [-19.43505, -10.15957, -17.15869],
							"lerp_mode": "catmullrom"
						},
						"6.1333": {
							"post": [-16.2147, -10.95773, -20.90644],
							"lerp_mode": "catmullrom"
						},
						"6.2667": {
							"post": [-11.32508, -5.39898, -8.93252],
							"lerp_mode": "catmullrom"
						},
						"6.3667": {
							"post": [-2.90548, -4.30241, -5.32769],
							"lerp_mode": "catmullrom"
						},
						"6.5": {
							"post": [-4.99621, -4.2794, 1.75805],
							"lerp_mode": "catmullrom"
						},
						"6.6333": {
							"post": [-6.16614, -4.16766, 5.74532],
							"lerp_mode": "catmullrom"
						},
						"6.7333": {
							"post": [-5.25703, -2.79591, 6.22114],
							"lerp_mode": "catmullrom"
						},
						"6.8": {
							"post": [-3.51262, -3.17465, 1.03847],
							"lerp_mode": "catmullrom"
						},
						"6.9": {
							"post": [-5.44961, -3.54234, 2.67944],
							"lerp_mode": "catmullrom"
						},
						"7.0": {
							"post": [-5.34357, -3.12703, 2.57146],
							"lerp_mode": "catmullrom"
						},
						"7.1": {
							"post": [-3.39737, -2.42997, 5.13189],
							"lerp_mode": "catmullrom"
						},
						"7.2333": {
							"post": [-2.55, -0.79, -0.27],
							"lerp_mode": "catmullrom"
						},
						"7.3667": {
							"post": [-0.6, -0.32, 0.26],
							"lerp_mode": "catmullrom"
						},
						"7.4": {
							"post": [0, -0.5, -0.775],
							"lerp_mode": "catmullrom"
						},
						"7.4667": {
							"post": [-0.00945, -0.1664, 1.77501],
							"lerp_mode": "catmullrom"
						},
						"7.5333": {
							"post": [0, 0, -1.25],
							"lerp_mode": "catmullrom"
						},
						"7.6": {
							"post": [0, 0, 0],
							"lerp_mode": "catmullrom"
						},
						"7.7": {
							"post": [0, 0, 0],
							"lerp_mode": "catmullrom"
						}
					},
					"position": {
						"0.0": {
							"post": [0, 0, 0],
							"lerp_mode": "catmullrom"
						},
						"0.1": {
							"post": [0.13, -1.025, -1.075],
							"lerp_mode": "catmullrom"
						},
						"0.2": {
							"post": [0.25, -1.15, -0.975],
							"lerp_mode": "catmullrom"
						},
						"0.3": {
							"post": [0.25, 0.325, -0.1],
							"lerp_mode": "catmullrom"
						},
						"0.4": {
							"post": [0.19, 0.54, -0.05],
							"lerp_mode": "catmullrom"
						},
						"0.5333": {
							"post": [0.175, 0.395, -0.1],
							"lerp_mode": "catmullrom"
						},
						"0.6": {
							"post": [0.505, -0.88, -0.1],
							"lerp_mode": "catmullrom"
						},
						"0.7333": {
							"post": [0.335, -0.905, -0.1],
							"lerp_mode": "catmullrom"
						},
						"0.9": {
							"post": [0.115, -0.665, -0.09],
							"lerp_mode": "catmullrom"
						},
						"1.1667": {
							"post": [-0.17, -0.715, -0.08],
							"lerp_mode": "catmullrom"
						},
						"1.5": {
							"post": [-0.2, -0.55, -0.01],
							"lerp_mode": "catmullrom"
						},
						"1.9667": {
							"post": [-0.24, -0.63, -0.4],
							"lerp_mode": "catmullrom"
						},
						"2.1667": {
							"post": [-0.365, -1.47, -1.94],
							"lerp_mode": "catmullrom"
						},
						"2.3667": {
							"post": [-0.695, 0.545, -1.975],
							"lerp_mode": "catmullrom"
						},
						"2.5333": {
							"post": [-0.69, 0.25, -1.13],
							"lerp_mode": "catmullrom"
						},
						"2.6667": {
							"post": [-0.69, 0.48, -1.13],
							"lerp_mode": "catmullrom"
						},
						"2.8333": {
							"post": [-0.69, 0.44, -1.13],
							"lerp_mode": "catmullrom"
						},
						"3.0": {
							"post": [-0.69, 0.275, -1.13],
							"lerp_mode": "catmullrom"
						},
						"3.1333": {
							"post": [-1, -0.305, -1.355],
							"lerp_mode": "catmullrom"
						},
						"3.3": {
							"post": [-1.315, -1.27, -0.755],
							"lerp_mode": "catmullrom"
						},
						"3.4333": {
							"post": [-1.415, -1.465, -0.745],
							"lerp_mode": "catmullrom"
						},
						"3.5667": {
							"post": [-1.56, -2.28, -0.93],
							"lerp_mode": "catmullrom"
						},
						"3.6667": {
							"post": [-1.6, -1.85, -0.97],
							"lerp_mode": "catmullrom"
						},
						"3.8333": {
							"post": [-1.645, -2.24, -0.97],
							"lerp_mode": "catmullrom"
						},
						"4.0333": {
							"post": [-1.655, -2.025, -0.79],
							"lerp_mode": "catmullrom"
						},
						"4.1": {
							"post": [-1.64, -2.04, -0.78],
							"lerp_mode": "catmullrom"
						},
						"4.2333": {
							"post": [-1.77, -2.455, -0.76],
							"lerp_mode": "catmullrom"
						},
						"4.4": {
							"post": [-1.79, -2.33, -0.72],
							"lerp_mode": "catmullrom"
						},
						"4.7667": {
							"post": [-1.765, -2.415, -0.67],
							"lerp_mode": "catmullrom"
						},
						"4.8333": {
							"post": [-1.55, -1.205, -1.02],
							"lerp_mode": "catmullrom"
						},
						"4.9333": {
							"post": [-1.31, -1.575, -0.53],
							"lerp_mode": "catmullrom"
						},
						"5.0667": {
							"post": [-1.27, -1.58, -0.53],
							"lerp_mode": "catmullrom"
						},
						"5.2": {
							"post": [-1.2, -2.12, -0.64],
							"lerp_mode": "catmullrom"
						},
						"5.3": {
							"post": [-0.87, -3.35, -1.275],
							"lerp_mode": "catmullrom"
						},
						"5.5": {
							"post": [-0.665, -0.645, 0.04],
							"lerp_mode": "catmullrom"
						},
						"5.6667": {
							"post": [-0.095, -0.225, 0.05],
							"lerp_mode": "catmullrom"
						},
						"5.7333": {
							"post": [-0.0425, -0.1125, 0.05],
							"lerp_mode": "catmullrom"
						},
						"5.8333": {
							"post": [-0.03625, -0.04125, 0.05],
							"lerp_mode": "catmullrom"
						},
						"5.9333": {
							"post": [0.025, 0.06, 0.05],
							"lerp_mode": "catmullrom"
						},
						"6.0": {
							"post": [0.25, -1.025, 0.05],
							"lerp_mode": "catmullrom"
						},
						"6.1333": {
							"post": [0.15, -0.745, -0.04],
							"lerp_mode": "catmullrom"
						},
						"6.2667": {
							"post": [0.14, -1.815, 0.325],
							"lerp_mode": "catmullrom"
						},
						"6.4333": {
							"post": [0.1, -0.8, 0.395],
							"lerp_mode": "catmullrom"
						},
						"6.5667": {
							"post": [-0.19, -0.805, 0.165],
							"lerp_mode": "catmullrom"
						},
						"6.7333": {
							"post": [-0.14, -0.97, 0.28],
							"lerp_mode": "catmullrom"
						},
						"6.8": {
							"post": [-0.11, -1.665, 0.49],
							"lerp_mode": "catmullrom"
						},
						"6.9333": {
							"post": [-0.1, -1.385, 0.455],
							"lerp_mode": "catmullrom"
						},
						"7.0667": {
							"post": [-0.09, -1.13, 0.385],
							"lerp_mode": "catmullrom"
						},
						"7.2333": {
							"post": [-0.11, -0.315, -0.685],
							"lerp_mode": "catmullrom"
						},
						"7.4": {
							"post": [0, -0.3, 0.25],
							"lerp_mode": "catmullrom"
						},
						"7.5": {
							"post": [0, 0, -0.1],
							"lerp_mode": "catmullrom"
						},
						"7.6": {
							"post": [0, 0, 0.05],
							"lerp_mode": "catmullrom"
						},
						"7.7": {
							"post": [0, 0, 0],
							"lerp_mode": "catmullrom"
						}
					}
				},
				"lefthand_and_mag": {
					"rotation": {
						"0.4333": {
							"pre": [0, 0, 0],
							"post": [0, 0, 0],
							"lerp_mode": "catmullrom"
						},
						"0.5": {
							"post": [0, 0, 0],
							"lerp_mode": "catmullrom"
						},
						"0.5667": {
							"post": [0, -2.96, -4.25],
							"lerp_mode": "catmullrom"
						},
						"0.6667": {
							"post": [0, -21.35651, -30.78829],
							"lerp_mode": "catmullrom"
						},
						"0.8": {
							"post": [-36.58149, -11.99113, -14.73318],
							"lerp_mode": "catmullrom"
						},
						"0.9667": {
							"post": [-28.33547, -5.8058, -5.7213],
							"lerp_mode": "catmullrom"
						},
						"1.1": [-27.03329, -5.69318, -5.93799],
						"1.4": [-27.06, -6.77, -5.84],
						"1.7667": [-27.37907, -5.75707, -2.34845],
						"1.9333": [-27.03329, -5.69318, -5.93799],
						"2.0333": [1.07814, -0.35648, -12.07068],
						"2.1333": [22.54549, 19.09042, -16.50582],
						"2.5": [22.54549, 19.09042, -16.50582],
						"5.1": [22.54549, 19.09042, -16.50582],
						"5.2667": [-0.26458, 8.70102, -46.38093],
						"5.6": [-9, 0, 0],
						"5.7": [-6, 0, 0],
						"5.8": [0, 0, 0],
						"5.9": [0, 0, 0],
						"5.9667": [0, 0, 0]
					},
					"position": {
						"0.4333": {
							"pre": [0, 0, 0],
							"post": [0, 0, 0],
							"lerp_mode": "catmullrom"
						},
						"0.5": {
							"post": [-0.19, -1.255, 0],
							"lerp_mode": "catmullrom"
						},
						"0.6": {
							"post": [0, -2, 0],
							"lerp_mode": "catmullrom"
						},
						"0.7": {
							"post": [2.43355, -7.06085, -4.34008],
							"lerp_mode": "catmullrom"
						},
						"0.9": {
							"post": [4.88187, -4.75458, -0.85469],
							"lerp_mode": "catmullrom"
						},
						"1.0333": {
							"post": [5.4778, -4.03004, 0.00331],
							"lerp_mode": "catmullrom"
						},
						"1.2": {
							"post": [5.54466, -3.84829, 0.07629],
							"lerp_mode": "catmullrom"
						},
						"1.5": {
							"post": [5.21596, -4.02085, 0.17246],
							"lerp_mode": "catmullrom"
						},
						"1.8667": {
							"post": [5.03569, -4.15038, 0.22115],
							"lerp_mode": "catmullrom"
						},
						"1.9333": [4.29266, -3.11871, 0.03464],
						"2.0333": [3.0953, -0.29915, 0.21733],
						"2.1333": [1.84, 3.69, -1.68],
						"2.5": [1.84, 3.69, -1.68],
						"5.1": [1.84, 3.69, -1.68],
						"5.2667": {
							"pre": [4.425, 2.76, -0.49],
							"post": [4.425, 2.76, -0.49],
							"lerp_mode": "catmullrom"
						},
						"5.4": {
							"post": [3.15151, -2.07426, -0.82701],
							"lerp_mode": "catmullrom"
						},
						"5.5": {
							"post": [0.48795, -2.83892, -1.26484],
							"lerp_mode": "catmullrom"
						},
						"5.6": [0, -2, -1.175],
						"5.7": [0, -1.8, -1],
						"5.8": [0, -1.225, -0.225],
						"5.9": [0, -1.1, -0.1],
						"5.9667": [0, 0, 0]
					}
				},
				"bullet": {
					"scale": 0
				},
				"lefthand": {
					"rotation": {
						"0.0": [83.10433, -35.71301, -143.28198],
						"0.1667": [105.21, -25.38, -150.16],
						"0.2333": [113.14534, -16.33581, -164.72012],
						"0.3333": [124.2487, 6.51029, -190.9453],
						"1.4667": [124.2487, 6.51029, -190.9453],
						"1.7333": [124.2487, 6.51029, -190.9453],
						"2.0": [124.2487, 6.51029, -190.9453],
						"5.0667": [124.2487, 6.51029, -190.9453],
						"6.1": [124.2487, 6.51029, -190.9453],
						"6.3": [83.10433, -35.71301, -143.28198]
					},
					"position": {
						"0.0": [7.9749, -14.54447, -7],
						"0.1667": [8.03, -15.15, -4.57],
						"0.2333": [7.94, -17.195, -1.435],
						"0.3333": [7.255, -17, 0.46],
						"1.4667": [7.26, -17, 0.46],
						"1.7333": [7.26, -17, 0.46],
						"2.0": [7.26, -17, 0.46],
						"2.1333": [8.135, -17, 0.46],
						"5.0667": [7.26, -17, 0.46],
						"5.2667": [8.135, -17, 0.46],
						"5.4333": [7.26, -17, 0.46],
						"6.1": [7.26, -17, 0.46],
						"6.3": [7.9749, -14.54447, -7]
					},
					"scale": [1, 1.5, 1]
				},
				"additional_magazine": {
					"scale": {
						"0.0": [0, 0, 0],
						"7.6667": {
							"pre": [0, 0, 0],
							"post": [1, 1, 1]
						}
					}
				},
				"Bolt2": {
					"position": {
						"3.4333": [0, 0, 2.3],
						"3.5333": [0, 0, 2.75],
						"3.5667": [0, 0, 2.75],
						"3.6333": [0, 0, 0],
						"4.0667": [0, 0, 0],
						"4.1333": [0, 0, 2.3],
						"4.7333": [0, 0, 2.3],
						"4.8": [0, 0, 0],
						"6.7": [0, 0, 0],
						"6.8": [0, 0, 2.75],
						"6.9667": [0, 0, 2.75],
						"7.0333": [0, 0, 2.3]
					}
				},
				"righthand": {
					"rotation": {
						"0.0": [91.55289, 14.99474, -179.59812],
						"3.2": [91.55289, 14.99474, -179.59812],
						"3.3667": [97.98089, 24.10343, -176.94065],
						"3.4333": [97.98089, 24.10343, -176.94065],
						"3.5333": [97.98089, 24.10343, -176.94065],
						"3.5667": [97.98089, 24.10343, -176.94065],
						"3.7667": [97.31672, -5.64199, -180.94081],
						"3.9333": [97.98089, 24.10343, -176.94065],
						"4.0": [97.98089, 24.10343, -176.94065],
						"4.0667": [97.98089, 24.10343, -176.94065],
						"4.2": [97.98089, 24.10343, -176.94065],
						"4.7333": [97.98089, 24.10343, -176.94065],
						"4.8333": [93.79, -2.87, -131.59],
						"4.9": [93.79, -2.87, -131.59],
						"5.0": [91.55289, 14.99474, -179.59812],
						"6.4": [91.55289, 14.99474, -179.59812],
						"6.5667": [97.98089, 24.10343, -176.94065],
						"6.7": [97.98089, 24.10343, -176.94065],
						"6.8": [107.98089, 24.10343, -176.94065],
						"6.8667": [93.79, -2.87, -131.59],
						"6.9333": [93.79, -2.87, -131.59]
					},
					"position": {
						"0.0": [-6.875, -14.08982, 6.2585],
						"3.2": [-6.875, -14.08982, 6.2585],
						"3.3667": [-9.44152, -11.66998, 3.34816],
						"3.4333": [-9.44152, -11.66998, 3.34816],
						"3.5333": [-9.44152, -11.66998, 4],
						"3.5667": [-9.44152, -11.66998, 6],
						"3.7333": [-9.4415, -11.67, 9.395],
						"3.8": [-9.34, -13.9, 7.415],
						"3.9333": [-9.235, -11.67, 1.225],
						"4.0": [-9.235, -11.67, 1.225],
						"4.0667": [-9.235, -11.67, 1.225],
						"4.2": [-9.44152, -11.66998, 3.34816],
						"4.7333": [-9.44152, -11.66998, 3.34816],
						"4.8333": [-8.77, -13.3, 6.715],
						"4.9": [-8.16, -14.57, 7.955],
						"5.0": [-6.875, -14.08982, 6.2585],
						"6.4": [-6.875, -14.08982, 6.2585],
						"6.5667": [-9.44152, -11.66998, 0],
						"6.7": [-9.44152, -11.66998, 0],
						"6.8": [-9.44152, -11.66998, 3],
						"6.8667": [-8.77, -13.3, 6.715],
						"6.9333": [-8.16, -14.57, 7.955]
					},
					"scale": [1, 1.5, 1]
				},
				"camera": {
					"rotation": {
						"0.0": {
							"post": [0, 0, 0],
							"lerp_mode": "catmullrom"
						},
						"0.2": {
							"post": [0.345, 0, 0],
							"lerp_mode": "catmullrom"
						},
						"0.3667": {
							"post": [1.425, 0, 0],
							"lerp_mode": "catmullrom"
						},
						"0.5333": {
							"post": [1.28, -0.17, -0.15],
							"lerp_mode": "catmullrom"
						},
						"0.6": {
							"post": [1.155, -0.55, -0.3],
							"lerp_mode": "catmullrom"
						},
						"0.6667": {
							"post": [4.31, -1.17, 1.27],
							"lerp_mode": "catmullrom"
						},
						"0.7667": {
							"post": [6.485, -2.37, -1.695],
							"lerp_mode": "catmullrom"
						},
						"0.9": {
							"post": [6.905, -3.95, -0.575],
							"lerp_mode": "catmullrom"
						},
						"1.0667": {
							"post": [5.58, -4.07, -1.55],
							"lerp_mode": "catmullrom"
						},
						"1.2667": {
							"post": [4.735, -4.05, -1.26],
							"lerp_mode": "catmullrom"
						},
						"1.6333": {
							"post": [6.115, -4.04, -1.2],
							"lerp_mode": "catmullrom"
						},
						"2.0333": {
							"post": [4.635, -3.65, -0.475],
							"lerp_mode": "catmullrom"
						},
						"2.4": {
							"post": [-0.22, -1.225, -0.3],
							"lerp_mode": "catmullrom"
						},
						"2.5333": {
							"post": [-1.975, -0.56, -0.47],
							"lerp_mode": "catmullrom"
						},
						"2.6667": {
							"post": [-1.435, -0.155, 0.155],
							"lerp_mode": "catmullrom"
						},
						"2.8667": {
							"post": [-2.075, 0.25, 0.9],
							"lerp_mode": "catmullrom"
						},
						"3.1": {
							"post": [-0.815, 0.325, 1.45],
							"lerp_mode": "catmullrom"
						},
						"3.4": {
							"post": [6.175, 0.325, 0.9],
							"lerp_mode": "catmullrom"
						},
						"3.5667": {
							"post": [7.63, 0.19, 0.76],
							"lerp_mode": "catmullrom"
						},
						"3.6333": {
							"post": [9.19, 0.13, 1.755],
							"lerp_mode": "catmullrom"
						},
						"3.7333": {
							"post": [7.375, 0.1, -0.1],
							"lerp_mode": "catmullrom"
						},
						"3.8667": {
							"post": [8.025, 0.14, 1.045],
							"lerp_mode": "catmullrom"
						},
						"4.0333": {
							"post": [7.085, 0.24, 0.62],
							"lerp_mode": "catmullrom"
						},
						"4.1333": {
							"post": [6.95, 0.29, 1.015],
							"lerp_mode": "catmullrom"
						},
						"4.2333": {
							"post": [7.895, 0.35, 0.41],
							"lerp_mode": "catmullrom"
						},
						"4.4": {
							"post": [6.84, 0.51, 0.81],
							"lerp_mode": "catmullrom"
						},
						"4.6": {
							"post": [7.685, 0.6, 0.47],
							"lerp_mode": "catmullrom"
						},
						"4.7667": {
							"post": [8.29, 0.66, 0.6],
							"lerp_mode": "catmullrom"
						},
						"4.8333": {
							"post": [10.225, 0.625, 1.85],
							"lerp_mode": "catmullrom"
						},
						"4.9333": {
							"post": [8.5, 0.41, -0.44],
							"lerp_mode": "catmullrom"
						},
						"5.0667": {
							"post": [9.475, 0, 0.45],
							"lerp_mode": "catmullrom"
						},
						"5.2333": {
							"post": [7.78, -0.03, -0.03],
							"lerp_mode": "catmullrom"
						},
						"5.6333": {
							"post": [2.84, -0.03, -0.65],
							"lerp_mode": "catmullrom"
						},
						"5.7667": {
							"post": [2.36, -0.03, -0.75],
							"lerp_mode": "catmullrom"
						},
						"5.9": {
							"post": [1.98, -0.03, -0.76],
							"lerp_mode": "catmullrom"
						},
						"5.9667": {
							"post": [3.21, -0.03, 0.29],
							"lerp_mode": "catmullrom"
						},
						"6.0667": {
							"post": [1.34, -0.03, -1.445],
							"lerp_mode": "catmullrom"
						},
						"6.2": {
							"post": [2.08, -0.02, -0.315],
							"lerp_mode": "catmullrom"
						},
						"6.3667": {
							"post": [1.83, -0.02, -0.37],
							"lerp_mode": "catmullrom"
						},
						"6.6": {
							"post": [3.425, -0.01, 0.725],
							"lerp_mode": "catmullrom"
						},
						"6.7": {
							"post": [3.56, -0.01, 0.81],
							"lerp_mode": "catmullrom"
						},
						"6.7667": {
							"post": [2.5, -0.01, 1.68],
							"lerp_mode": "catmullrom"
						},
						"6.8667": {
							"post": [3.59, -0.01, 0.28],
							"lerp_mode": "catmullrom"
						},
						"6.9667": {
							"post": [3.32, 0, 0.935],
							"lerp_mode": "catmullrom"
						},
						"7.1667": {
							"post": [1.775, 0, -0.075],
							"lerp_mode": "catmullrom"
						},
						"7.3667": {
							"post": [-0.525, 0, -0.125],
							"lerp_mode": "catmullrom"
						},
						"7.4333": {
							"post": [0.225, 0, 0.325],
							"lerp_mode": "catmullrom"
						},
						"7.5333": {
							"post": [-0.175, 0, -0.15],
							"lerp_mode": "catmullrom"
						},
						"7.6333": {
							"post": [0.1, 0, 0.05],
							"lerp_mode": "catmullrom"
						},
						"7.7667": {
							"post": [0, 0, 0],
							"lerp_mode": "catmullrom"
						}
					}
				}
			},
			"sound_effects": {
				"0.0": {
					"effect": "tacz:sks/sks_reload_raise"
				},
				"0.5333": {
					"effect": "tacz:sks/sks_reload_fast_magout"
				},
				"2.1": {
					"effect": "tacz:sks/sks_reload_empty_rotate"
				},
				"3.4667": {
					"effect": "tacz:sks/sks_charge_01"
				},
				"3.6": {
					"effect": "tacz:sks/sks_charge_02"
				},
				"4.0667": {
					"effect": "tacz:sks/sks_charge_01"
				},
				"4.7333": {
					"effect": "tacz:sks/sks_charge_02"
				},
				"5.5": {
					"effect": "tacz:sks/sks_reload_xmag_magin"
				},
				"6.7333": {
					"effect": "tacz:sks/sks_charge_01"
				},
				"6.9": {
					"effect": "tacz:sks/sks_reload_xmag_end"
				}
			}
		},
		"shoot": {
			"loop": true,
			"animation_length": 0.6833,
			"bones": {
				"bolt": {
					"position": {
						"0.0": [0, 0, 0],
						"0.0333": [0, 0, -3.425],
						"0.1": [0, 0, 0]
					}
				},
				"charge_handle": {
					"position": {
						"0.0": [0, 0, 0],
						"0.0333": [0, 0, 0.5],
						"0.0833": [0, 0, 0]
					}
				},
				"charge_l": {
					"rotation": {
						"0.0167": [0, 0, 0],
						"0.0667": [0, -17, 0],
						"0.1167": [0, 0, 0],
						"0.1833": [0, 0, 0],
						"0.25": [0, -8, 0],
						"0.3167": [0, 0, 0]
					}
				},
				"charge_r": {
					"rotation": {
						"0.0": [0, 0, 0],
						"0.05": [0, 10.65, 0],
						"0.1": [0, 0, 0],
						"0.1667": [0, 0, 0],
						"0.2333": [0, 7.05, 0],
						"0.3": [0, 0, 0]
					}
				},
				"root": {
					"rotation": {
						"0.0": {
							"post": [0, 0, 0],
							"lerp_mode": "catmullrom"
						},
						"0.0167": {
							"post": [1.43203, 0, -1.63828],
							"lerp_mode": "catmullrom"
						},
						"0.0333": {
							"post": [-1.99297, 0, 1.55703],
							"lerp_mode": "catmullrom"
						},
						"0.1": {
							"post": [-2.28203, 0, -0.76719],
							"lerp_mode": "catmullrom"
						},
						"0.1667": {
							"post": [-2.17265, 0, 0.825],
							"lerp_mode": "catmullrom"
						},
						"0.3": {
							"post": [-0.09766, 0, 0.50938],
							"lerp_mode": "catmullrom"
						},
						"0.3667": {
							"post": [0.2275, 0.05859, 0.10891],
							"lerp_mode": "catmullrom"
						},
						"0.4333": {
							"post": [-0.11328, 0.11328, 0],
							"lerp_mode": "catmullrom"
						},
						"0.55": {
							"post": [-0.0625, -0.05859, 0],
							"lerp_mode": "catmullrom"
						},
						"0.6833": {
							"post": [0, 0, 0],
							"lerp_mode": "catmullrom"
						}
					},
					"position": {
						"0.0": {
							"post": [0, 0, 0],
							"lerp_mode": "catmullrom"
						},
						"0.0167": {
							"post": [0, -0.22656, 1.95156],
							"lerp_mode": "catmullrom"
						},
						"0.0833": {
							"post": [0, -0.28516, 1.58844],
							"lerp_mode": "catmullrom"
						},
						"0.15": {
							"post": [0, -0.28516, 0.08828],
							"lerp_mode": "catmullrom"
						},
						"0.2": {
							"post": [0, 0, -0.40391],
							"lerp_mode": "catmullrom"
						},
						"0.25": {
							"post": [0, 0, -0.36719],
							"lerp_mode": "catmullrom"
						},
						"0.3167": {
							"post": [0, 0, 0.05469],
							"lerp_mode": "catmullrom"
						},
						"0.3667": {
							"post": [0, 0, 0.19922],
							"lerp_mode": "catmullrom"
						},
						"0.4333": {
							"post": [0, -0.10547, 0],
							"lerp_mode": "catmullrom"
						},
						"0.5": {
							"post": [0, -0.10547, -0.08031],
							"lerp_mode": "catmullrom"
						},
						"0.6": {
							"post": [0, -0.03516, -0.07031],
							"lerp_mode": "catmullrom"
						},
						"0.7333": {
							"post": [0, 0, 0],
							"lerp_mode": "catmullrom"
						}
					}
				},
				"Bolt2": {
					"position": {
						"0.0": [0, 0, 0],
						"0.0333": [0, 0, 2.725],
						"0.0667": [0, 0, 0]
					}
				},
				"camera": {
					"rotation": {
						"0.0": [0, 0, 0],
						"0.0167": [0, 0, 1.55],
						"0.05": [0, 0, -1.275],
						"0.0833": [0, 0, 0.995],
						"0.1167": [0, 0, -0.58],
						"0.15": [0, 0, 0.47],
						"0.1833": [0, 0, 0]
					}
				}
			}
		}
	}
}