{
	"format_version": "1.8.0",
	"animations": {
		"static_idle": {
			"animation_length": 2.2917,
			"bones": {
				"lefthand": {
					"rotation": [118.8492, 8.77489, 104.65279],
					"position": [14, -9.104, -11.92],
					"scale": [1, 2, 1]
				},
				"righthand": {
					"rotation": [90, -22.5, 0],
					"position": [-6, -11, 1],
					"scale": [1, 1.5, 1]
				}
			}
		},
		"shoot": {
			"animation_length": 2,
			"bones": {
				"root": {
					"rotation": {
						"0.0": {
							"post": [0, 0, 0],
							"lerp_mode": "catmullrom"
						},
						"0.0333": {
							"post": [0.24839, 0.0283, -2.4999],
							"lerp_mode": "catmullrom"
						},
						"0.0667": {
							"post": [-2.75049, 0.00873, 1.9994],
							"lerp_mode": "catmullrom"
						},
						"0.1": {
							"post": [-2.16351, -0.12391, -1.41431],
							"lerp_mode": "catmullrom"
						},
						"0.1667": {
							"post": [-0.9984, 0.06651, 0.74977],
							"lerp_mode": "catmullrom"
						},
						"0.2667": {
							"post": [0.37499, -0.00327, 0.24998],
							"lerp_mode": "catmullrom"
						},
						"0.4": {
							"post": [-0.135, 0, -0.18],
							"lerp_mode": "catmullrom"
						},
						"0.5333": {
							"post": [0.125, 0, 0],
							"lerp_mode": "catmullrom"
						},
						"0.6667": {
							"post": [0, 0, 0],
							"lerp_mode": "catmullrom"
						}
					},
					"position": {
						"0.0": {
							"post": [0, 0, 0],
							"lerp_mode": "catmullrom"
						},
						"0.0333": {
							"post": [0, -0.3, 1.65],
							"lerp_mode": "catmullrom"
						},
						"0.0667": {
							"post": [0, 0.075, 1.455],
							"lerp_mode": "catmullrom"
						},
						"0.1333": {
							"post": [0, 0.0375, -0.325],
							"lerp_mode": "catmullrom"
						},
						"0.2333": {
							"post": [0, -0.0625, -0.075],
							"lerp_mode": "catmullrom"
						},
						"0.3667": {
							"post": [0, -0.0625, 0.03125],
							"lerp_mode": "catmullrom"
						},
						"0.5333": {
							"post": [0, 0, 0],
							"lerp_mode": "catmullrom"
						},
						"0.6667": {
							"post": [0, 0, 0],
							"lerp_mode": "catmullrom"
						}
					}
				},
				"camera": {
					"rotation": {
						"0.0": [0, 0, 0],
						"0.0333": [0, 0, 1.27],
						"0.0667": [0, 0, -1.02],
						"0.1": [0, 0, -0.27],
						"0.1333": [0, 0, 0.65],
						"0.1667": [0, 0, 0.28],
						"0.2": [0, 0, -0.25],
						"0.2333": [0, 0, -0.08],
						"0.2667": [0, 0, 0.18],
						"0.3": [0, 0, 0.15],
						"0.3333": [0, 0, 0.07],
						"0.3667": [0, 0, 0]
					}
				},
				"barrel": {
					"rotation": {
						"0.0": [0, 0, 0],
						"0.3": [0, 0, -360],
						"1.2": [0, 0, -720]
					}
				}
			}
		},
		"inspect_empty": {
			"animation_length": 7.2,
			"bones": {
				"root": {
					"rotation": {
						"0.0": {
							"post": [0, 0, 0],
							"lerp_mode": "catmullrom"
						},
						"0.1667": {
							"post": [-1.38509, -1.24434, 4.29497],
							"lerp_mode": "catmullrom"
						},
						"0.2667": {
							"post": [-1.39, -1.24, 4.29],
							"lerp_mode": "catmullrom"
						},
						"0.4": {
							"post": [-3.91, -4.41, -2.02],
							"lerp_mode": "catmullrom"
						},
						"0.6667": {
							"post": [-10.80252, -12.68944, -19.80615],
							"lerp_mode": "catmullrom"
						},
						"0.8667": {
							"post": [-11.67934, -12.73253, -20.88586],
							"lerp_mode": "catmullrom"
						},
						"1.0": {
							"post": [-10.42561, -13.0448, -21.82949],
							"lerp_mode": "catmullrom"
						},
						"1.2": {
							"post": [-10.56428, -12.85979, -20.82188],
							"lerp_mode": "catmullrom"
						},
						"1.8667": {
							"post": [-10.39, -12.99, -21.57],
							"lerp_mode": "catmullrom"
						},
						"2.0333": {
							"post": [-10.9146, -13.35759, -23.13092],
							"lerp_mode": "catmullrom"
						},
						"2.3": {
							"post": [-10.25634, -13.50926, -24.0715],
							"lerp_mode": "catmullrom"
						},
						"2.6667": {
							"post": [-10.31, -13.4275, -24.0075],
							"lerp_mode": "catmullrom"
						},
						"2.7667": {
							"post": [-10.01823, -12.01652, -22.39677],
							"lerp_mode": "catmullrom"
						},
						"3.0": {
							"post": [-6.0733, -2.55567, -8.68449],
							"lerp_mode": "catmullrom"
						},
						"3.1667": {
							"post": [-3.30816, -6.55161, -3.15758],
							"lerp_mode": "catmullrom"
						},
						"3.3": {
							"post": [-11.99539, -6.2465, 14.78107],
							"lerp_mode": "catmullrom"
						},
						"3.4": {
							"post": [-24.07317, -0.97391, 28.22222],
							"lerp_mode": "catmullrom"
						},
						"3.6": {
							"post": [-32.28365, 5.59754, 44.62545],
							"lerp_mode": "catmullrom"
						},
						"3.7": {
							"post": [-32.44664, 5.36815, 46.1821],
							"lerp_mode": "catmullrom"
						},
						"3.7667": {
							"post": [-31.38661, 6.16105, 47.33802],
							"lerp_mode": "catmullrom"
						},
						"3.9": {
							"post": [-31.60382, 7.93459, 52.29084],
							"lerp_mode": "catmullrom"
						},
						"4.7333": {
							"post": [-32.04707, 7.50249, 48.73097],
							"lerp_mode": "catmullrom"
						},
						"5.0667": {
							"post": [-32.4996, 5.69075, 45.69734],
							"lerp_mode": "catmullrom"
						},
						"5.3667": {
							"post": [-32.4996, 5.69075, 45.69734],
							"lerp_mode": "catmullrom"
						},
						"6.3": {
							"post": [-2.77467, -6.47288, 5.91111],
							"lerp_mode": "catmullrom"
						},
						"6.3667": {
							"post": [-1.20016, -5.6579, 3.74312],
							"lerp_mode": "catmullrom"
						},
						"6.5": {
							"post": [1.76605, -3.2563, 4.9369],
							"lerp_mode": "catmullrom"
						},
						"6.5667": {
							"post": [1.78811, -2.65564, 4.66491],
							"lerp_mode": "catmullrom"
						},
						"6.6667": {
							"post": [0.8, -0.92, 3.05],
							"lerp_mode": "catmullrom"
						},
						"6.7333": {
							"post": [-0.30298, 0.34027, -1.56498],
							"lerp_mode": "catmullrom"
						},
						"6.8667": {
							"post": [0.2321, 0.0577, 2.25602],
							"lerp_mode": "catmullrom"
						},
						"7.0667": {
							"post": [0, 0, 0],
							"lerp_mode": "catmullrom"
						}
					},
					"position": {
						"0.0": {
							"post": [0, 0, 0],
							"lerp_mode": "catmullrom"
						},
						"0.1667": {
							"post": [-0.2, -0.31, 0],
							"lerp_mode": "catmullrom"
						},
						"0.3": {
							"post": [-0.2, -0.81, 0],
							"lerp_mode": "catmullrom"
						},
						"0.4": {
							"post": [-0.18, -0.4, 0],
							"lerp_mode": "catmullrom"
						},
						"0.5": {
							"post": [-0.14, 0.42, 0],
							"lerp_mode": "catmullrom"
						},
						"0.6667": {
							"post": [0, 2.8, 0],
							"lerp_mode": "catmullrom"
						},
						"0.7667": {
							"post": [0, 3.3, 0],
							"lerp_mode": "catmullrom"
						},
						"0.9667": {
							"post": [0, 3, 0],
							"lerp_mode": "catmullrom"
						},
						"1.2667": {
							"post": [0, 3.1, 0],
							"lerp_mode": "catmullrom"
						},
						"1.8667": {
							"post": [0, 3.17, 0],
							"lerp_mode": "catmullrom"
						},
						"2.0": {
							"post": [-0.1, 3.37, 0],
							"lerp_mode": "catmullrom"
						},
						"2.6": {
							"post": [-0.14, 3.53, -0.02],
							"lerp_mode": "catmullrom"
						},
						"2.7667": {
							"post": [-0.1, 3.345, 0],
							"lerp_mode": "catmullrom"
						},
						"2.8667": {
							"post": [0.4, 2.38, 0.23],
							"lerp_mode": "catmullrom"
						},
						"3.0": {
							"post": [1.875, -0.58, -0.855],
							"lerp_mode": "catmullrom"
						},
						"3.1667": {
							"post": [3.25, -1.13, -1.83],
							"lerp_mode": "catmullrom"
						},
						"3.4": {
							"post": [5.905, 3.385, -3.895],
							"lerp_mode": "catmullrom"
						},
						"3.5": {
							"post": [7.58, 4.975, -5.215],
							"lerp_mode": "catmullrom"
						},
						"3.6": {
							"post": [8.74, 4.71, -5.795],
							"lerp_mode": "catmullrom"
						},
						"3.7": {
							"post": [8.8, 3.5, -6.125],
							"lerp_mode": "catmullrom"
						},
						"3.8333": {
							"post": [8.8, 3.4, -6.4],
							"lerp_mode": "catmullrom"
						},
						"3.9667": {
							"post": [8.925, 3.975, -6.65],
							"lerp_mode": "catmullrom"
						},
						"4.8333": {
							"post": [8.585, 3.88125, -6.685],
							"lerp_mode": "catmullrom"
						},
						"5.0667": {
							"post": [8.6, 3.875, -6.65],
							"lerp_mode": "catmullrom"
						},
						"5.3333": {
							"post": [8.8, 4.275, -6.65],
							"lerp_mode": "catmullrom"
						},
						"5.4": {
							"post": [8.35, 3.77, -6.645],
							"lerp_mode": "catmullrom"
						},
						"5.5333": {
							"post": [8.55, 3.52, -6.645],
							"lerp_mode": "catmullrom"
						},
						"5.7333": {
							"post": [8.55, 3.55, -6.65],
							"lerp_mode": "catmullrom"
						},
						"5.8667": {
							"post": [7.93, 2.62, -6.015],
							"lerp_mode": "catmullrom"
						},
						"6.0333": {
							"post": [5.525, -1.04, -4.065],
							"lerp_mode": "catmullrom"
						},
						"6.1667": {
							"post": [3.235, -5.1, -4.215],
							"lerp_mode": "catmullrom"
						},
						"6.3333": {
							"post": [2.36, -4.48, -4.4],
							"lerp_mode": "catmullrom"
						},
						"6.5": {
							"post": [1.305, -1.125, -4.24],
							"lerp_mode": "catmullrom"
						},
						"6.6333": {
							"post": [0.79, 0.215, -2.5],
							"lerp_mode": "catmullrom"
						},
						"6.8": {
							"post": [0.125, -0.575, 0.275],
							"lerp_mode": "catmullrom"
						},
						"6.9": {
							"post": [0, -0.32875, -0.44],
							"lerp_mode": "catmullrom"
						},
						"7.0333": {
							"post": [0, -0.02, 0.17],
							"lerp_mode": "catmullrom"
						},
						"7.2": {
							"post": [0, 0, 0],
							"lerp_mode": "catmullrom"
						}
					}
				},
				"chain_anim": {
					"scale": 0
				},
				"lefthand": {
					"rotation": {
						"0.0": [118.8492, 8.77489, 104.65279],
						"0.1": [118.8492, 8.77489, 104.65279],
						"0.2": [118.8492, 8.77489, 104.65279],
						"2.7667": [118.8492, 8.77489, 104.65279],
						"2.9667": [120.04898, 42.18993, 80.591],
						"3.2667": [120.04898, -7.81007, 73.591],
						"6.0": [120.04898, -7.81007, 73.591],
						"6.3": [118.8492, 8.77489, 104.65279]
					},
					"position": {
						"0.0": [14, -9.104, -11.92],
						"0.0667": [14, -9.104, -11.92],
						"0.1667": [14, -9.104, -11.92]
					},
					"scale": [1, 2, 1]
				},
				"righthand": {
					"rotation": {
						"0.0": [90, -22.5, 0],
						"0.1333": [109.36918, -16.59607, -7.52545],
						"3.3": [109.36918, -16.59607, -7.52545],
						"3.5667": [108.599, -4.77074, -3.39471],
						"3.9333": [108.599, -4.77074, -3.39471],
						"5.7333": [108.599, -4.77074, -3.39471],
						"6.0667": [109.36918, -16.59607, -7.52545],
						"6.3": [90, -22.5, 0]
					},
					"position": {
						"0.0": [-6, -11, 1],
						"0.1333": [-6, -11, 1],
						"3.3": [-6, -11, 1],
						"3.9333": [-6, -11, 1],
						"5.7333": [-6, -11, 1],
						"6.0667": [-6, -11, 1],
						"6.3": [-6, -11, 1]
					},
					"scale": [1, 1.5, 1]
				},
				"camera": {
					"rotation": {
						"0.0": {
							"post": [0, 0, 0],
							"lerp_mode": "catmullrom"
						},
						"0.2667": {
							"post": [0.55, 0, 0],
							"lerp_mode": "catmullrom"
						},
						"0.6667": {
							"post": [-2.425, -0.25, -0.85],
							"lerp_mode": "catmullrom"
						},
						"0.8": {
							"post": [-2.21, -0.31, -0.65],
							"lerp_mode": "catmullrom"
						},
						"1.0": {
							"post": [-2.895, -0.38, -0.86],
							"lerp_mode": "catmullrom"
						},
						"1.3667": {
							"post": [-2.455, -0.25, -0.85],
							"lerp_mode": "catmullrom"
						},
						"1.7333": {
							"post": [4.925, 3.15, -1.425],
							"lerp_mode": "catmullrom"
						},
						"2.1": {
							"post": [6.075, 3.65, -1.425],
							"lerp_mode": "catmullrom"
						},
						"2.7333": {
							"post": [6.075, 3.85, -1.35],
							"lerp_mode": "catmullrom"
						},
						"3.1333": {
							"post": [1.525, 0, 0],
							"lerp_mode": "catmullrom"
						},
						"3.4": {
							"post": [0.955, -1.9, 1.35],
							"lerp_mode": "catmullrom"
						},
						"3.6333": {
							"post": [1.64, -1.97, 1.74],
							"lerp_mode": "catmullrom"
						},
						"3.7333": {
							"post": [2.11, -1.9, 2.025],
							"lerp_mode": "catmullrom"
						},
						"3.8667": {
							"post": [1.665, -1.83, 1.515],
							"lerp_mode": "catmullrom"
						},
						"4.0667": {
							"post": [2.14, -1.975, 1.85],
							"lerp_mode": "catmullrom"
						},
						"4.2333": {
							"post": [3.62, -2.97, 2.02],
							"lerp_mode": "catmullrom"
						},
						"4.3333": {
							"post": [4.83, -3.62, 2.94],
							"lerp_mode": "catmullrom"
						},
						"4.4333": {
							"post": [4.55, -3.96, 1.625],
							"lerp_mode": "catmullrom"
						},
						"4.5667": {
							"post": [5.36, -3.99, 2.385],
							"lerp_mode": "catmullrom"
						},
						"4.7333": {
							"post": [5.21, -4.01, 2.22],
							"lerp_mode": "catmullrom"
						},
						"4.9333": {
							"post": [5.24, -4.05, 1.775],
							"lerp_mode": "catmullrom"
						},
						"5.1667": {
							"post": [5.35, -4.09, 2.26],
							"lerp_mode": "catmullrom"
						},
						"5.2667": {
							"post": [5.81, -4.11, 3.08],
							"lerp_mode": "catmullrom"
						},
						"5.3667": {
							"post": [4.475, -4.13, 1.715],
							"lerp_mode": "catmullrom"
						},
						"5.4667": {
							"post": [4.405, -4.01, 2.065],
							"lerp_mode": "catmullrom"
						},
						"5.6": {
							"post": [2.415, -3.88, 1.75],
							"lerp_mode": "catmullrom"
						},
						"5.7667": {
							"post": [1.46, -3.3, 1.675],
							"lerp_mode": "catmullrom"
						},
						"6.1": {
							"post": [1.11, 0, 0],
							"lerp_mode": "catmullrom"
						},
						"6.4": {
							"post": [-1.3, 0, -0.775],
							"lerp_mode": "catmullrom"
						},
						"6.6333": {
							"post": [-1.3, 0, 0],
							"lerp_mode": "catmullrom"
						},
						"6.7667": {
							"post": [-0.15, 0, 0.15],
							"lerp_mode": "catmullrom"
						},
						"6.8667": {
							"post": [0.48, 0, 0.6],
							"lerp_mode": "catmullrom"
						},
						"7.0": {
							"post": [-0.22, 0, -0.525],
							"lerp_mode": "catmullrom"
						},
						"7.1667": {
							"post": [0, 0, 0],
							"lerp_mode": "catmullrom"
						}
					}
				}
			},
			"sound_effects": {
				"0.0667": {
					"effect": "tacz:m95/m95_inspect_raise"
				},
				"1.8333": {
					"effect": "tacz:m95/m95_inspect_rattle"
				},
				"2.8": {
					"effect": "tacz:m95/m95_inspect_rotate"
				},
				"3.2667": {
					"effect": "tacz:m95/m95_inspect_shoulder"
				},
				"5.4667": {
					"effect": "tacz:m95/m95_inspect_lower"
				},
				"6.3": {
					"effect": "tacz:m95/m95_inspect_end"
				}
			}
		},
		"reload_tactical": {
			"loop": "hold_on_last_frame",
			"animation_length": 5.6667,
			"bones": {
				"lefthand": {
					"rotation": {
						"0.0": [118.8492, 8.77489, 104.65279],
						"0.0833": [118.8492, 8.77489, 104.65279],
						"0.2083": [140.23551, 13.62126, 153.25747],
						"0.375": [140.23551, 13.62126, 153.25747],
						"0.4167": [140.23551, 13.62126, 153.25747],
						"0.5833": [145.81718, 25.43605, 169.7645],
						"0.7917": [91.91, 18.34, 159.33],
						"1.6667": [91.91, 18.34, 159.33],
						"1.7917": [91.88, 3.35, 158.84],
						"1.8333": [91.85106, -11.64457, 158.35507],
						"1.9583": [91.85, -11.64, 158.36],
						"2.2083": [91.85, -11.64, 158.36],
						"2.5417": [119.68615, -38.13786, 216.85163],
						"2.75": [108.73284, -35.05014, 201.7435],
						"2.9167": [108.73284, -35.05014, 201.7435],
						"3.2917": [93.71333, -69.10916, 227.20312],
						"3.3333": [78.71333, -69.10916, 227.20312],
						"3.4583": [93.71333, -69.10916, 227.20312],
						"3.7083": [93.71333, -69.10916, 227.20312],
						"4.0417": [118.8492, 8.77489, 104.65279]
					},
					"position": {
						"0.0": [14, -9.104, -11.92],
						"0.0833": [14, -8, -9],
						"0.2083": [16, -8, -2],
						"0.375": [11, -8, -2],
						"0.4167": [11, -8, -2],
						"0.5833": [13, -8, -2],
						"0.7917": [11, -19, -4],
						"1.6667": [11, -19, -4],
						"1.7917": [11, -19, -4],
						"1.8333": [11, -19, -4],
						"1.9583": [11, -19, -4],
						"2.2083": [11, -19, -4],
						"2.5417": [14, -13, -4],
						"2.75": [11, -11.4, -4],
						"2.9167": [11, -11.4, -4],
						"3.2917": [13, -4.4, -4],
						"3.3333": [11, -9.4, -4],
						"3.4583": [13, -10.7, -3],
						"3.7083": [13, -6.4, -4],
						"4.0417": [14, -9.104, -11.92]
					},
					"scale": {
						"0.0": [1, 2, 1],
						"4.0417": [1, 2, 1]
					}
				},
				"righthand": {
					"rotation": [90, -22.5, 0],
					"position": [-6, -11, 1],
					"scale": [1, 1.5, 1]
				},
				"root": {
					"rotation": {
						"0.0": [0, 0, 0],
						"0.2083": {
							"pre": [11.50151, -0.00494, 0.00372],
							"post": [11.50151, -0.00494, 0.00372],
							"lerp_mode": "catmullrom"
						},
						"0.375": {
							"post": [10.35831, 0.19696, -0.98041],
							"lerp_mode": "catmullrom"
						},
						"0.4167": {
							"post": [10.25, 0.2, -0.98],
							"lerp_mode": "catmullrom"
						},
						"0.5": {
							"post": [7.84022, 0.64615, -3.4398],
							"lerp_mode": "catmullrom"
						},
						"0.625": {
							"post": [7.84022, 0.64615, -3.4398],
							"lerp_mode": "catmullrom"
						},
						"0.8333": {
							"post": [11.50151, -0.00494, 0.00372],
							"lerp_mode": "catmullrom"
						},
						"1.25": {
							"post": [-15, 0, -25],
							"lerp_mode": "catmullrom"
						},
						"1.375": {
							"post": [-15.1801, 0.14193, -26.3446],
							"lerp_mode": "catmullrom"
						},
						"1.5417": {
							"post": [-15, 0, -25],
							"lerp_mode": "catmullrom"
						},
						"1.75": {
							"post": [-12.48848, -0.54094, -27.44081],
							"lerp_mode": "catmullrom"
						},
						"1.8333": {
							"post": [-12.5, 0, -25],
							"lerp_mode": "catmullrom"
						},
						"1.9583": {
							"post": [-12.5, 0, -25],
							"lerp_mode": "catmullrom"
						},
						"2.0417": {
							"post": [-14.96804, -0.8579, -27.36337],
							"lerp_mode": "catmullrom"
						},
						"2.1667": {
							"post": [-12.13505, -1.55392, -30.24117],
							"lerp_mode": "catmullrom"
						},
						"2.2917": {
							"post": [-14.96804, -0.8579, -27.36337],
							"lerp_mode": "catmullrom"
						},
						"2.4167": {
							"post": [-12.13505, -1.55392, -30.24117],
							"lerp_mode": "catmullrom"
						},
						"2.7917": {
							"post": [-12.13505, -1.55392, -30.24117],
							"lerp_mode": "catmullrom"
						},
						"3.2917": {
							"post": [-12.5, 0, -25],
							"lerp_mode": "catmullrom"
						},
						"3.4167": {
							"post": [-7.49294, 0.32621, -22.52136],
							"lerp_mode": "catmullrom"
						},
						"3.5417": {
							"post": [-8.73956, -2.99073, -27.70224],
							"lerp_mode": "catmullrom"
						},
						"3.625": {
							"post": [-12.5, 0, -25],
							"lerp_mode": "catmullrom"
						},
						"3.7083": {
							"post": [-14.99294, 0.32621, -22.52136],
							"lerp_mode": "catmullrom"
						},
						"3.9583": {
							"post": [-12.5, 0, -25],
							"lerp_mode": "catmullrom"
						},
						"4.5417": {
							"post": [-1.20016, -5.6579, 3.74312],
							"lerp_mode": "catmullrom"
						},
						"4.6667": {
							"post": [1.76605, -3.2563, 4.9369],
							"lerp_mode": "catmullrom"
						},
						"4.75": {
							"post": [1.78811, -2.65564, 4.66491],
							"lerp_mode": "catmullrom"
						},
						"4.8333": {
							"post": [0.8, -0.92, 3.05],
							"lerp_mode": "catmullrom"
						},
						"4.9167": {
							"post": [-0.30298, 0.34027, -1.56498],
							"lerp_mode": "catmullrom"
						},
						"5.0417": {
							"post": [0.2321, 0.0577, 2.25602],
							"lerp_mode": "catmullrom"
						},
						"5.25": {
							"post": [0, 0, 0],
							"lerp_mode": "catmullrom"
						}
					},
					"position": {
						"0.0": [0, 0, 0],
						"0.2083": {
							"pre": [0, -3, 0],
							"post": [0, -3, 0],
							"lerp_mode": "catmullrom"
						},
						"0.375": {
							"post": [0, -2.96, 0],
							"lerp_mode": "catmullrom"
						},
						"0.4167": {
							"post": [0, -2.93, 0],
							"lerp_mode": "catmullrom"
						},
						"0.5": {
							"post": [0, -2.96, 0],
							"lerp_mode": "catmullrom"
						},
						"0.625": {
							"post": [0, -2.96, 0],
							"lerp_mode": "catmullrom"
						},
						"0.8333": {
							"post": [0, -3, 0],
							"lerp_mode": "catmullrom"
						},
						"1.2917": {
							"post": [0, 0, -6],
							"lerp_mode": "catmullrom"
						},
						"1.5833": {
							"post": [0, 0, -6],
							"lerp_mode": "catmullrom"
						},
						"2.0417": {
							"post": [0, 0, -6],
							"lerp_mode": "catmullrom"
						},
						"2.2917": {
							"post": [0, 0, -6],
							"lerp_mode": "catmullrom"
						},
						"2.4167": {
							"post": [0, 0, -6],
							"lerp_mode": "catmullrom"
						},
						"2.7917": {
							"post": [0, 0, -6],
							"lerp_mode": "catmullrom"
						},
						"3.2917": {
							"post": [0, 0, -6],
							"lerp_mode": "catmullrom"
						},
						"3.4167": {
							"post": [0, 0, -6],
							"lerp_mode": "catmullrom"
						},
						"3.625": {
							"post": [0, 0, -6],
							"lerp_mode": "catmullrom"
						},
						"3.7083": {
							"post": [-0.08, 0.12, -6.04],
							"lerp_mode": "catmullrom"
						},
						"3.7917": {
							"post": [0, 0, -6],
							"lerp_mode": "catmullrom"
						},
						"4.125": {
							"post": [0, 0, -6],
							"lerp_mode": "catmullrom"
						},
						"4.3333": {
							"post": [3.235, -5.1, -4.215],
							"lerp_mode": "catmullrom"
						},
						"4.5": {
							"post": [2.36, -4.48, -4.4],
							"lerp_mode": "catmullrom"
						},
						"4.6667": {
							"post": [1.305, -1.125, -4.24],
							"lerp_mode": "catmullrom"
						},
						"4.7917": {
							"post": [0.79, 0.215, -2.5],
							"lerp_mode": "catmullrom"
						},
						"4.9583": {
							"post": [0.125, -0.575, 0.275],
							"lerp_mode": "catmullrom"
						},
						"5.0833": {
							"post": [0, -0.32875, -0.44],
							"lerp_mode": "catmullrom"
						},
						"5.2083": {
							"post": [0, -0.02, 0.17],
							"lerp_mode": "catmullrom"
						},
						"5.375": {
							"post": [0, 0, 0],
							"lerp_mode": "catmullrom"
						}
					}
				},
				"chain_anim": {
					"rotation": {
						"1.0": [0, 0, 0],
						"1.0417": [0, 0, 60],
						"1.6667": [0, 0, 60],
						"1.7083": [0, 0, 52.5],
						"1.7917": [0, 0, 60.75],
						"1.9167": [0, 0, 70.71],
						"2.0": [0, 0, 55],
						"2.0833": [0, 0, 63.21],
						"2.1667": [0, 0, 56.61],
						"2.25": [0, 0, 60],
						"2.5417": [0, 0, 77.5],
						"2.75": [0, 0, 0]
					},
					"position": {
						"1.0": [0, 0, 0],
						"1.0417": [0, 0, 0],
						"2.5417": [0, 0, 0],
						"2.75": [0, 0, 0]
					}
				},
				"camera": {
					"rotation": {
						"0.0": {
							"post": [0, 0, 0],
							"lerp_mode": "catmullrom"
						},
						"0.2083": {
							"post": [5, 0, 0],
							"lerp_mode": "catmullrom"
						},
						"0.375": {
							"post": [5, 0, 0],
							"lerp_mode": "catmullrom"
						},
						"0.4583": {
							"post": [7.49527, 0.21782, -2.4905],
							"lerp_mode": "catmullrom"
						},
						"0.7917": {
							"post": [7.48862, -0.42612, 2.46867],
							"lerp_mode": "catmullrom"
						},
						"0.9167": {
							"post": [4.99898, 0.22256, -2.48727],
							"lerp_mode": "catmullrom"
						},
						"1.0417": {
							"post": [5.00482, 0.00197, 0.00048],
							"lerp_mode": "catmullrom"
						},
						"1.1667": {
							"post": [5, 0, 0],
							"lerp_mode": "catmullrom"
						},
						"1.4167": {
							"post": [0, 0, 0],
							"lerp_mode": "catmullrom"
						},
						"1.625": {
							"post": [0, 0, 0],
							"lerp_mode": "catmullrom"
						},
						"1.7083": {
							"post": [-1.3, 0, 0],
							"lerp_mode": "catmullrom"
						},
						"1.7917": {
							"post": [0.7, 0, 0],
							"lerp_mode": "catmullrom"
						},
						"1.875": {
							"post": [-0.4, 0, -0.1],
							"lerp_mode": "catmullrom"
						},
						"2.0": {
							"post": [0.7, 0, -2.9],
							"lerp_mode": "catmullrom"
						},
						"2.0833": {
							"post": [0, 0, 0.1],
							"lerp_mode": "catmullrom"
						},
						"2.1667": {
							"post": [-0.9, 0, 1.3],
							"lerp_mode": "catmullrom"
						},
						"2.25": {
							"post": [0, 0, 0],
							"lerp_mode": "catmullrom"
						},
						"2.5833": {
							"post": [0.04, 0, -0.06],
							"lerp_mode": "catmullrom"
						},
						"2.7917": {
							"post": [0, 1.1, 0],
							"lerp_mode": "catmullrom"
						},
						"3.0417": {
							"post": [0.04, 1.15, 0],
							"lerp_mode": "catmullrom"
						},
						"3.2917": {
							"post": [-1.7, 1.1, 0],
							"lerp_mode": "catmullrom"
						},
						"3.3333": {
							"post": [1, 1.1, 0],
							"lerp_mode": "catmullrom"
						},
						"3.4167": {
							"post": [-0.5, 1.1, 0],
							"lerp_mode": "catmullrom"
						},
						"3.5": {
							"post": [0.6, 1.1, 0],
							"lerp_mode": "catmullrom"
						},
						"3.5833": {
							"post": [0, 1.1, 0],
							"lerp_mode": "catmullrom"
						},
						"3.75": {
							"post": [0, 1.1, 0],
							"lerp_mode": "catmullrom"
						},
						"3.9583": {
							"post": [0, 1.1, 0],
							"lerp_mode": "catmullrom"
						},
						"4.4167": {
							"post": [1.11, 0, 0],
							"lerp_mode": "catmullrom"
						},
						"4.7083": {
							"post": [-1.3, 0, -0.775],
							"lerp_mode": "catmullrom"
						},
						"4.9583": {
							"post": [-1.3, 0, 0],
							"lerp_mode": "catmullrom"
						},
						"5.0833": {
							"post": [-0.15, 0, 0.15],
							"lerp_mode": "catmullrom"
						},
						"5.1667": {
							"post": [0.48, 0, 0.6],
							"lerp_mode": "catmullrom"
						},
						"5.3333": {
							"post": [-0.22, 0, -0.525],
							"lerp_mode": "catmullrom"
						},
						"5.5": {
							"post": [0, 0, 0],
							"lerp_mode": "catmullrom"
						}
					}
				},
				"mag_and_lefthand": {
					"rotation": {
						"0.0": [0, 0, 0],
						"0.7917": [0, 0, 0],
						"1.0": [0, 0, 0],
						"1.1667": [0, 0, -2],
						"1.4167": [0, 0, 0],
						"1.6667": [0, 0, 0],
						"1.75": [0, 0, -2.6],
						"1.8333": [0, 0, 0],
						"1.9583": [0, 0, 0]
					},
					"position": {
						"0.7917": [0, 0, 0],
						"1.0": [0, -22, 0],
						"1.4167": [0, -22, 0],
						"1.6667": [5, 0, 0],
						"1.8333": [5, 0, 0],
						"1.9583": [0, 0, 0]
					}
				},
				"chain_cover": {
					"rotation": {
						"0.4167": [0, 0, 0],
						"0.5833": [0, 0, -65],
						"0.6667": [0, 0, -47.5],
						"0.7917": [0, 0, -65],
						"1.2917": [0, 0, -72.5],
						"1.375": [0, 0, -57.5],
						"1.4583": [0, 0, -65],
						"1.5417": [0, 0, -62.5],
						"1.625": [0, 0, -65],
						"1.6667": [0, 0, -72.5],
						"1.7083": [0, 0, -64.38],
						"1.7917": [0, 0, -69.49],
						"1.9583": [0, 0, -59.72],
						"2.0": [0, 0, -53.28],
						"2.0833": [0, 0, -70.39],
						"2.1667": [0, 0, -60],
						"2.25": [0, 0, -65.37],
						"2.7917": [0, 0, -65.37],
						"2.875": [0, 0, -62.84],
						"2.9583": [0, 0, -65.54],
						"3.0417": [0, 0, -63.93],
						"3.125": [0, 0, -65.54],
						"3.2917": [0, 0, -65],
						"3.3333": [0, 0, 0]
					}
				}
			},
			"sound_effects": {
				"0.0": {
					"effect": "emxmors:emx_sf10/reload_tactical"
				}
			}
		},
		"static_bolt_caught": {
			"animation_length": 0.75,
			"bones": {
				"lefthand": {
					"rotation": [118.8492, 8.77489, 104.65279],
					"position": [14, -9.104, -11.92],
					"scale": [1, 2, 1]
				},
				"righthand": {
					"rotation": [90, -22.5, 0],
					"position": [-6, -11, 1],
					"scale": [1, 1.5, 1]
				},
				"chain_anim": {
					"scale": 0
				}
			}
		},
		"draw": {
			"animation_length": 1.2333,
			"bones": {
				"root": {
					"rotation": {
						"0.0": [-106.51189, -22.48392, 9.41779],
						"0.2333": [-52.59389, -13.40941, -2.66565],
						"0.3333": [-35.13359, -5.12707, 0.31771],
						"0.4333": [-12.90997, -6.50028, -7.19254],
						"0.5": [-4.36769, -5.14555, 0.4584],
						"0.5333": [-3.78864, -5.08234, -2.86114],
						"0.6333": {
							"pre": [-0.94724, -3.20987, 0.9386],
							"post": [-0.94724, -3.20987, 0.9386],
							"lerp_mode": "catmullrom"
						},
						"0.8667": {
							"post": [-1.95, -0.44, -1.31],
							"lerp_mode": "catmullrom"
						},
						"0.9333": {
							"post": [-2.0016, 0.01741, -1.49817],
							"lerp_mode": "catmullrom"
						},
						"1.0333": {
							"post": [0.3296, -0.02576, 2.32998],
							"lerp_mode": "catmullrom"
						},
						"1.1333": {
							"post": [0, 0, 2],
							"lerp_mode": "catmullrom"
						},
						"1.3": {
							"post": [0, 0, 0],
							"lerp_mode": "catmullrom"
						}
					},
					"position": {
						"0.0": [-17, -31, 15],
						"0.2": [-6.05, -11.1, 4.67],
						"0.3333": {
							"pre": [-0.5, -2.7, 1.9],
							"post": [-0.5, -2.7, 1.9],
							"lerp_mode": "catmullrom"
						},
						"0.5": {
							"post": [0.01, -3.42, -0.41],
							"lerp_mode": "catmullrom"
						},
						"0.5333": {
							"post": [-0.04, -3.95, 0.36],
							"lerp_mode": "catmullrom"
						},
						"0.6333": {
							"post": [-0.02, -3.15, 1.76],
							"lerp_mode": "catmullrom"
						},
						"0.8667": {
							"post": [0, -1.01, -0.25],
							"lerp_mode": "catmullrom"
						},
						"0.9333": {
							"post": [0, -0.6, -0.5],
							"lerp_mode": "catmullrom"
						},
						"1.0333": {
							"post": [0, -0.08, 1.26],
							"lerp_mode": "catmullrom"
						},
						"1.1": {
							"post": [0, -0.19, 0.51],
							"lerp_mode": "catmullrom"
						},
						"1.2333": {
							"post": [0, 0, 0],
							"lerp_mode": "catmullrom"
						}
					}
				},
				"lefthand": {
					"rotation": [118.8492, 8.77489, 104.65279],
					"position": [14, -9.104, -11.92],
					"scale": [1, 2, 1]
				},
				"righthand": {
					"rotation": [90, -22.5, 0],
					"position": [-6, -11, 1],
					"scale": [1, 1.5, 1]
				},
				"camera": {
					"rotation": {
						"0.0": {
							"post": [0, 0, 0],
							"lerp_mode": "catmullrom"
						},
						"0.3": {
							"post": [-1.175, 0.325, -0.7],
							"lerp_mode": "catmullrom"
						},
						"0.5333": {
							"post": [0.88, -0.025, -0.925],
							"lerp_mode": "catmullrom"
						},
						"0.8333": {
							"post": [-0.245, 0.025, 0.175],
							"lerp_mode": "catmullrom"
						},
						"0.9333": {
							"post": [0.15, 0, -0.2],
							"lerp_mode": "catmullrom"
						},
						"1.0": {
							"post": [0.02, 0, -0.08],
							"lerp_mode": "catmullrom"
						},
						"1.0667": {
							"post": [-0.15, 0, 0.3],
							"lerp_mode": "catmullrom"
						},
						"1.1667": {
							"post": [-0.06, 0, -0.205],
							"lerp_mode": "catmullrom"
						},
						"1.2667": {
							"post": [0, 0, 0],
							"lerp_mode": "catmullrom"
						}
					}
				},
				"gun_and_righthand": {
					"rotation": {
						"0.0": [0, 0, 0],
						"0.3": [0, 0, 0]
					},
					"position": {
						"0.0": [0, 0, 0],
						"0.3": [0, 0, 0]
					}
				},
				"shield_left": {
					"position": {
						"0.4": [-5, 0, 0],
						"1.0": [0, 0, 0]
					},
					"scale": {
						"0.4": [0, 0, 0],
						"0.6": [1, 1, 1]
					}
				},
				"shield_right": {
					"position": {
						"0.4": [5, 0, 0],
						"1.0": [0, 0, 0]
					},
					"scale": {
						"0.4": [0, 0, 0],
						"0.6": [1, 1, 1]
					}
				},
				"shield_top": {
					"position": {
						"0.4": [0, -2.5, 0],
						"0.8": [0, 0, 0]
					},
					"scale": {
						"0.4": [0, 0, 0],
						"0.6": [1, 1, 1]
					}
				},
				"shield_down": {
					"position": {
						"0.4": [0, 2.5, 0],
						"0.8": [0, 0, 0]
					},
					"scale": {
						"0.4": [0, 0, 0],
						"0.6": [1, 1, 1]
					}
				}
			},
			"sound_effects": {
				"0.0": {
					"effect": "tacz:m95/m95_raise_arm"
				},
				"0.3": {
					"effect": "tacz:m95/m95_raise_01"
				},
				"0.3333": {
					"effect": "tacz:m95/m95_raise_end"
				}
			}
		},
		"put_away": {
			"animation_length": 0.8667,
			"bones": {
				"root": {
					"rotation": {
						"0.0": {
							"post": [0, 0, 0],
							"lerp_mode": "catmullrom"
						},
						"0.1667": {
							"post": [-4.53, -1.25, -1.42],
							"lerp_mode": "catmullrom"
						},
						"0.3333": {
							"post": [-27.15, -7.52, -8.53],
							"lerp_mode": "catmullrom"
						},
						"0.4333": {
							"post": [-40.73045, -11.28181, -12.80042],
							"lerp_mode": "catmullrom"
						},
						"0.5333": {
							"post": [-51.25268, -7.98916, -16.98839],
							"lerp_mode": "catmullrom"
						},
						"0.6667": {
							"post": [-59.1046, 20.10068, 0.608],
							"lerp_mode": "catmullrom"
						},
						"0.7667": {
							"post": [-67.12, 33.68, 8.77],
							"lerp_mode": "catmullrom"
						},
						"0.8667": {
							"post": [-74.38, 35.33, 10.02],
							"lerp_mode": "catmullrom"
						}
					},
					"position": {
						"0.0": {
							"post": [0, 0, 0],
							"lerp_mode": "catmullrom"
						},
						"0.1667": {
							"post": [-0.38, -0.89, 0.09],
							"lerp_mode": "catmullrom"
						},
						"0.3333": {
							"post": [-1.325, -1.5, 0.28],
							"lerp_mode": "catmullrom"
						},
						"0.4333": {
							"post": [-1.95, -2.9, 1.95],
							"lerp_mode": "catmullrom"
						},
						"0.5333": {
							"post": [-2.2, -4.555, 4.37],
							"lerp_mode": "catmullrom"
						},
						"0.7": {
							"post": [-4.7, -8.48, 7.94],
							"lerp_mode": "catmullrom"
						},
						"0.8667": {
							"post": [-7.59, -13.82, 14.07],
							"lerp_mode": "catmullrom"
						},
						"0.9667": {
							"post": [-7.59, -20.82, 14.07],
							"lerp_mode": "catmullrom"
						}
					}
				},
				"lefthand": {
					"rotation": [118.8492, 8.77489, 104.65279],
					"position": [14, -9.104, -11.92],
					"scale": [1, 2, 1]
				},
				"righthand": {
					"rotation": {
						"0.0": [90, -22.5, 0],
						"0.1": [109.36918, -16.59607, -7.52545],
						"0.3": [73.49988, -16.9416, 2.90115],
						"0.4667": [73.49988, -16.9416, 2.90115],
						"0.5667": [73.49988, -16.9416, 2.90115],
						"0.6667": [73.49988, -16.9416, 2.90115],
						"0.8667": [73.49988, -16.9416, 2.90115]
					},
					"position": {
						"0.0": [-6, -11, 1],
						"0.1": [-6, -10, 1],
						"0.3": [-6, -7, 1],
						"0.3667": [-6, -8, 3],
						"0.4667": [-2.14866, -7.06411, 1.38744],
						"0.5667": [-2.36662, -9.54845, -4.43353],
						"0.6667": [-3.50353, -7.0548, -5.75069],
						"0.8667": [-3.34854, -8.15579, -8.65617]
					},
					"scale": [1, 1.5, 1]
				},
				"camera": {
					"rotation": {
						"0.0": {
							"post": [0, 0, 0],
							"lerp_mode": "catmullrom"
						},
						"0.1333": {
							"post": [-0.225, 0, -0.125],
							"lerp_mode": "catmullrom"
						},
						"0.3667": {
							"post": [0.725, 0, 0.175],
							"lerp_mode": "catmullrom"
						},
						"0.5": {
							"post": [1.125, 0, 1.575],
							"lerp_mode": "catmullrom"
						},
						"0.7333": {
							"post": [0.275, 0, 1.5],
							"lerp_mode": "catmullrom"
						},
						"0.8667": {
							"post": [0, 0, 0],
							"lerp_mode": "catmullrom"
						}
					}
				},
				"shield_left": {
					"position": {
						"0.0": [0, 0, 0],
						"0.4": [-5, 0, 0]
					},
					"scale": {
						"0.2": [1, 1, 1],
						"0.4": [0, 0, 0]
					}
				},
				"shield_right": {
					"position": {
						"0.0": [0, 0, 0],
						"0.4": [5, 0, 0]
					},
					"scale": {
						"0.2": [1, 1, 1],
						"0.4": [0, 0, 0]
					}
				},
				"shield_top": {
					"position": {
						"0.2": [0, 0, 0],
						"0.6": [0, -2.5, 0]
					},
					"scale": {
						"0.2": [1, 1, 1],
						"0.4": [0, 0, 0]
					}
				},
				"shield_down": {
					"position": {
						"0.2": [0, 0, 0],
						"0.6": [0, 2.5, 0]
					},
					"scale": {
						"0.2": [1, 1, 1],
						"0.4": [0, 0, 0]
					}
				}
			},
			"sound_effects": {
				"0.0": {
					"effect": "tacz:m95/m95_put_away"
				}
			}
		},
		"inspect": {
			"animation_length": 7.2,
			"bones": {
				"root": {
					"rotation": {
						"0.0": {
							"post": [0, 0, 0],
							"lerp_mode": "catmullrom"
						},
						"0.1667": {
							"post": [-1.38509, -1.24434, 4.29497],
							"lerp_mode": "catmullrom"
						},
						"0.2667": {
							"post": [-1.39, -1.24, 4.29],
							"lerp_mode": "catmullrom"
						},
						"0.4": {
							"post": [-3.91, -4.41, -2.02],
							"lerp_mode": "catmullrom"
						},
						"0.6667": {
							"post": [-10.80252, -12.68944, -19.80615],
							"lerp_mode": "catmullrom"
						},
						"0.8667": {
							"post": [-11.67934, -12.73253, -20.88586],
							"lerp_mode": "catmullrom"
						},
						"1.0": {
							"post": [-10.42561, -13.0448, -21.82949],
							"lerp_mode": "catmullrom"
						},
						"1.2": {
							"post": [-10.56428, -12.85979, -20.82188],
							"lerp_mode": "catmullrom"
						},
						"1.8667": {
							"post": [-10.39, -12.99, -21.57],
							"lerp_mode": "catmullrom"
						},
						"2.0333": {
							"post": [-10.9146, -13.35759, -23.13092],
							"lerp_mode": "catmullrom"
						},
						"2.3": {
							"post": [-10.25634, -13.50926, -24.0715],
							"lerp_mode": "catmullrom"
						},
						"2.6667": {
							"post": [-10.31, -13.4275, -24.0075],
							"lerp_mode": "catmullrom"
						},
						"2.7667": {
							"post": [-10.01823, -12.01652, -22.39677],
							"lerp_mode": "catmullrom"
						},
						"3.0": {
							"post": [-6.0733, -2.55567, -8.68449],
							"lerp_mode": "catmullrom"
						},
						"3.1667": {
							"post": [-3.30816, -6.55161, -3.15758],
							"lerp_mode": "catmullrom"
						},
						"3.3": {
							"post": [-11.99539, -6.2465, 14.78107],
							"lerp_mode": "catmullrom"
						},
						"3.4": {
							"post": [-24.07317, -0.97391, 28.22222],
							"lerp_mode": "catmullrom"
						},
						"3.6": {
							"post": [-32.28365, 5.59754, 44.62545],
							"lerp_mode": "catmullrom"
						},
						"3.7": {
							"post": [-32.44664, 5.36815, 46.1821],
							"lerp_mode": "catmullrom"
						},
						"3.7667": {
							"post": [-31.38661, 6.16105, 47.33802],
							"lerp_mode": "catmullrom"
						},
						"3.9": {
							"post": [-31.60382, 7.93459, 52.29084],
							"lerp_mode": "catmullrom"
						},
						"4.7333": {
							"post": [-32.04707, 7.50249, 48.73097],
							"lerp_mode": "catmullrom"
						},
						"5.0667": {
							"post": [-32.4996, 5.69075, 45.69734],
							"lerp_mode": "catmullrom"
						},
						"5.3667": {
							"post": [-32.4996, 5.69075, 45.69734],
							"lerp_mode": "catmullrom"
						},
						"6.3": {
							"post": [-2.77467, -6.47288, 5.91111],
							"lerp_mode": "catmullrom"
						},
						"6.3667": {
							"post": [-1.20016, -5.6579, 3.74312],
							"lerp_mode": "catmullrom"
						},
						"6.5": {
							"post": [1.76605, -3.2563, 4.9369],
							"lerp_mode": "catmullrom"
						},
						"6.5667": {
							"post": [1.78811, -2.65564, 4.66491],
							"lerp_mode": "catmullrom"
						},
						"6.6667": {
							"post": [0.8, -0.92, 3.05],
							"lerp_mode": "catmullrom"
						},
						"6.7333": {
							"post": [-0.30298, 0.34027, -1.56498],
							"lerp_mode": "catmullrom"
						},
						"6.8667": {
							"post": [0.2321, 0.0577, 2.25602],
							"lerp_mode": "catmullrom"
						},
						"7.0667": {
							"post": [0, 0, 0],
							"lerp_mode": "catmullrom"
						}
					},
					"position": {
						"0.0": {
							"post": [0, 0, 0],
							"lerp_mode": "catmullrom"
						},
						"0.1667": {
							"post": [-0.2, -0.31, 0],
							"lerp_mode": "catmullrom"
						},
						"0.3": {
							"post": [-0.2, -0.81, 0],
							"lerp_mode": "catmullrom"
						},
						"0.4": {
							"post": [-0.18, -0.4, 0],
							"lerp_mode": "catmullrom"
						},
						"0.5": {
							"post": [-0.14, 0.42, 0],
							"lerp_mode": "catmullrom"
						},
						"0.6667": {
							"post": [0, 2.8, 0],
							"lerp_mode": "catmullrom"
						},
						"0.7667": {
							"post": [0, 3.3, 0],
							"lerp_mode": "catmullrom"
						},
						"0.9667": {
							"post": [0, 3, 0],
							"lerp_mode": "catmullrom"
						},
						"1.2667": {
							"post": [0, 3.1, 0],
							"lerp_mode": "catmullrom"
						},
						"1.8667": {
							"post": [0, 3.17, 0],
							"lerp_mode": "catmullrom"
						},
						"2.0": {
							"post": [-0.1, 3.37, 0],
							"lerp_mode": "catmullrom"
						},
						"2.6": {
							"post": [-0.14, 3.53, -0.02],
							"lerp_mode": "catmullrom"
						},
						"2.7667": {
							"post": [-0.1, 3.345, 0],
							"lerp_mode": "catmullrom"
						},
						"2.8667": {
							"post": [0.4, 2.38, 0.23],
							"lerp_mode": "catmullrom"
						},
						"3.0": {
							"post": [1.875, -0.58, -0.855],
							"lerp_mode": "catmullrom"
						},
						"3.1667": {
							"post": [3.25, -1.13, -1.83],
							"lerp_mode": "catmullrom"
						},
						"3.4": {
							"post": [5.905, 3.385, -3.895],
							"lerp_mode": "catmullrom"
						},
						"3.5": {
							"post": [7.58, 4.975, -5.215],
							"lerp_mode": "catmullrom"
						},
						"3.6": {
							"post": [8.74, 4.71, -5.795],
							"lerp_mode": "catmullrom"
						},
						"3.7": {
							"post": [8.8, 3.5, -6.125],
							"lerp_mode": "catmullrom"
						},
						"3.8333": {
							"post": [8.8, 3.4, -6.4],
							"lerp_mode": "catmullrom"
						},
						"3.9667": {
							"post": [8.925, 3.975, -6.65],
							"lerp_mode": "catmullrom"
						},
						"4.8333": {
							"post": [8.585, 3.88125, -6.685],
							"lerp_mode": "catmullrom"
						},
						"5.0667": {
							"post": [8.6, 3.875, -6.65],
							"lerp_mode": "catmullrom"
						},
						"5.3333": {
							"post": [8.8, 4.275, -6.65],
							"lerp_mode": "catmullrom"
						},
						"5.4": {
							"post": [8.35, 3.77, -6.645],
							"lerp_mode": "catmullrom"
						},
						"5.5333": {
							"post": [8.55, 3.52, -6.645],
							"lerp_mode": "catmullrom"
						},
						"5.7333": {
							"post": [8.55, 3.55, -6.65],
							"lerp_mode": "catmullrom"
						},
						"5.8667": {
							"post": [7.93, 2.62, -6.015],
							"lerp_mode": "catmullrom"
						},
						"6.0333": {
							"post": [5.525, -1.04, -4.065],
							"lerp_mode": "catmullrom"
						},
						"6.1667": {
							"post": [3.235, -5.1, -4.215],
							"lerp_mode": "catmullrom"
						},
						"6.3333": {
							"post": [2.36, -4.48, -4.4],
							"lerp_mode": "catmullrom"
						},
						"6.5": {
							"post": [1.305, -1.125, -4.24],
							"lerp_mode": "catmullrom"
						},
						"6.6333": {
							"post": [0.79, 0.215, -2.5],
							"lerp_mode": "catmullrom"
						},
						"6.8": {
							"post": [0.125, -0.575, 0.275],
							"lerp_mode": "catmullrom"
						},
						"6.9": {
							"post": [0, -0.32875, -0.44],
							"lerp_mode": "catmullrom"
						},
						"7.0333": {
							"post": [0, -0.02, 0.17],
							"lerp_mode": "catmullrom"
						},
						"7.2": {
							"post": [0, 0, 0],
							"lerp_mode": "catmullrom"
						}
					}
				},
				"lefthand": {
					"rotation": {
						"0.0": [118.8492, 8.77489, 104.65279],
						"0.1": [118.8492, 8.77489, 104.65279],
						"0.2": [118.8492, 8.77489, 104.65279],
						"2.7667": [118.8492, 8.77489, 104.65279],
						"2.9667": [120.04898, 42.18993, 80.591],
						"3.2667": [120.04898, -7.81007, 73.591],
						"6.0": [120.04898, -7.81007, 73.591],
						"6.3": [118.8492, 8.77489, 104.65279]
					},
					"position": [14, -9.104, -11.92],
					"scale": [1, 2, 1]
				},
				"righthand": {
					"rotation": {
						"0.0": [90, -22.5, 0],
						"0.1333": [109.36918, -16.59607, -7.52545],
						"3.3": [109.36918, -16.59607, -7.52545],
						"3.5667": [108.599, -4.77074, -3.39471],
						"3.9333": [108.599, -4.77074, -3.39471],
						"5.7333": [108.599, -4.77074, -3.39471],
						"6.0667": [109.36918, -16.59607, -7.52545],
						"6.3": [90, -22.5, 0]
					},
					"position": {
						"0.0": [-6, -11, 1],
						"0.1333": [-6, -11, 1],
						"3.3": [-6, -11, 1],
						"3.9333": [-6, -11, 1],
						"5.7333": [-6, -11, 1],
						"6.0667": [-6, -11, 1],
						"6.3": [-6, -11, 1]
					},
					"scale": [1, 1.5, 1]
				},
				"camera": {
					"rotation": {
						"0.0": {
							"post": [0, 0, 0],
							"lerp_mode": "catmullrom"
						},
						"0.2667": {
							"post": [0.55, 0, 0],
							"lerp_mode": "catmullrom"
						},
						"0.6667": {
							"post": [-2.425, -0.25, -0.85],
							"lerp_mode": "catmullrom"
						},
						"0.8": {
							"post": [-2.21, -0.31, -0.65],
							"lerp_mode": "catmullrom"
						},
						"1.0": {
							"post": [-2.895, -0.38, -0.86],
							"lerp_mode": "catmullrom"
						},
						"1.3667": {
							"post": [-2.455, -0.25, -0.85],
							"lerp_mode": "catmullrom"
						},
						"1.7333": {
							"post": [4.925, 3.15, -1.425],
							"lerp_mode": "catmullrom"
						},
						"2.1": {
							"post": [6.075, 3.65, -1.425],
							"lerp_mode": "catmullrom"
						},
						"2.7333": {
							"post": [6.075, 3.85, -1.35],
							"lerp_mode": "catmullrom"
						},
						"3.1333": {
							"post": [1.525, 0, 0],
							"lerp_mode": "catmullrom"
						},
						"3.4": {
							"post": [0.955, -1.9, 1.35],
							"lerp_mode": "catmullrom"
						},
						"3.6333": {
							"post": [1.64, -1.97, 1.74],
							"lerp_mode": "catmullrom"
						},
						"3.7333": {
							"post": [2.11, -1.9, 2.025],
							"lerp_mode": "catmullrom"
						},
						"3.8667": {
							"post": [1.665, -1.83, 1.515],
							"lerp_mode": "catmullrom"
						},
						"4.0667": {
							"post": [2.14, -1.975, 1.85],
							"lerp_mode": "catmullrom"
						},
						"4.2333": {
							"post": [3.62, -2.97, 2.02],
							"lerp_mode": "catmullrom"
						},
						"4.3333": {
							"post": [4.83, -3.62, 2.94],
							"lerp_mode": "catmullrom"
						},
						"4.4333": {
							"post": [4.55, -3.96, 1.625],
							"lerp_mode": "catmullrom"
						},
						"4.5667": {
							"post": [5.36, -3.99, 2.385],
							"lerp_mode": "catmullrom"
						},
						"4.7333": {
							"post": [5.21, -4.01, 2.22],
							"lerp_mode": "catmullrom"
						},
						"4.9333": {
							"post": [5.24, -4.05, 1.775],
							"lerp_mode": "catmullrom"
						},
						"5.1667": {
							"post": [5.35, -4.09, 2.26],
							"lerp_mode": "catmullrom"
						},
						"5.2667": {
							"post": [5.81, -4.11, 3.08],
							"lerp_mode": "catmullrom"
						},
						"5.3667": {
							"post": [4.475, -4.13, 1.715],
							"lerp_mode": "catmullrom"
						},
						"5.4667": {
							"post": [4.405, -4.01, 2.065],
							"lerp_mode": "catmullrom"
						},
						"5.6": {
							"post": [2.415, -3.88, 1.75],
							"lerp_mode": "catmullrom"
						},
						"5.7667": {
							"post": [1.46, -3.3, 1.675],
							"lerp_mode": "catmullrom"
						},
						"6.1": {
							"post": [1.11, 0, 0],
							"lerp_mode": "catmullrom"
						},
						"6.4": {
							"post": [-1.3, 0, -0.775],
							"lerp_mode": "catmullrom"
						},
						"6.6333": {
							"post": [-1.3, 0, 0],
							"lerp_mode": "catmullrom"
						},
						"6.7667": {
							"post": [-0.15, 0, 0.15],
							"lerp_mode": "catmullrom"
						},
						"6.8667": {
							"post": [0.48, 0, 0.6],
							"lerp_mode": "catmullrom"
						},
						"7.0": {
							"post": [-0.22, 0, -0.525],
							"lerp_mode": "catmullrom"
						},
						"7.1667": {
							"post": [0, 0, 0],
							"lerp_mode": "catmullrom"
						}
					}
				}
			},
			"sound_effects": {
				"0.0667": {
					"effect": "tacz:m95/m95_inspect_raise"
				},
				"1.8333": {
					"effect": "tacz:m95/m95_inspect_rattle"
				},
				"2.8": {
					"effect": "tacz:m95/m95_inspect_rotate"
				},
				"3.2667": {
					"effect": "tacz:m95/m95_inspect_shoulder"
				},
				"5.4667": {
					"effect": "tacz:m95/m95_inspect_lower"
				},
				"6.3": {
					"effect": "tacz:m95/m95_inspect_end"
				}
			}
		},
		"reload_empty": {
			"loop": "hold_on_last_frame",
			"animation_length": 5.6667,
			"bones": {
				"sight_folded": {
					"position": [0, 0, 0]
				},
				"root": {
					"rotation": {
						"0.0": [0, 0, 0],
						"0.2083": {
							"pre": [11.50151, -0.00494, 0.00372],
							"post": [11.50151, -0.00494, 0.00372],
							"lerp_mode": "catmullrom"
						},
						"0.375": {
							"post": [10.35831, 0.19696, -0.98041],
							"lerp_mode": "catmullrom"
						},
						"0.4167": {
							"post": [10.25, 0.2, -0.98],
							"lerp_mode": "catmullrom"
						},
						"0.5": {
							"post": [7.84022, 0.64615, -3.4398],
							"lerp_mode": "catmullrom"
						},
						"0.625": {
							"post": [7.84022, 0.64615, -3.4398],
							"lerp_mode": "catmullrom"
						},
						"0.8333": {
							"post": [11.50151, -0.00494, 0.00372],
							"lerp_mode": "catmullrom"
						},
						"1.25": {
							"post": [-15, 0, -25],
							"lerp_mode": "catmullrom"
						},
						"1.375": {
							"post": [-15.1801, 0.14193, -26.3446],
							"lerp_mode": "catmullrom"
						},
						"1.5417": {
							"post": [-15, 0, -25],
							"lerp_mode": "catmullrom"
						},
						"1.75": {
							"post": [-12.48848, -0.54094, -27.44081],
							"lerp_mode": "catmullrom"
						},
						"1.8333": {
							"post": [-12.5, 0, -25],
							"lerp_mode": "catmullrom"
						},
						"1.9583": {
							"post": [-12.5, 0, -25],
							"lerp_mode": "catmullrom"
						},
						"2.0417": {
							"post": [-14.96804, -0.8579, -27.36337],
							"lerp_mode": "catmullrom"
						},
						"2.1667": {
							"post": [-12.13505, -1.55392, -30.24117],
							"lerp_mode": "catmullrom"
						},
						"2.2917": {
							"post": [-14.96804, -0.8579, -27.36337],
							"lerp_mode": "catmullrom"
						},
						"2.4167": {
							"post": [-12.13505, -1.55392, -30.24117],
							"lerp_mode": "catmullrom"
						},
						"2.7917": {
							"post": [-12.13505, -1.55392, -30.24117],
							"lerp_mode": "catmullrom"
						},
						"3.2917": {
							"post": [-12.5, 0, -25],
							"lerp_mode": "catmullrom"
						},
						"3.4167": {
							"post": [-7.49294, 0.32621, -22.52136],
							"lerp_mode": "catmullrom"
						},
						"3.5417": {
							"post": [-8.73956, -2.99073, -27.70224],
							"lerp_mode": "catmullrom"
						},
						"3.625": {
							"post": [-12.5, 0, -25],
							"lerp_mode": "catmullrom"
						},
						"3.7083": {
							"post": [-14.99294, 0.32621, -22.52136],
							"lerp_mode": "catmullrom"
						},
						"3.9583": {
							"post": [-12.5, 0, -25],
							"lerp_mode": "catmullrom"
						},
						"4.5417": {
							"post": [-1.20016, -5.6579, 3.74312],
							"lerp_mode": "catmullrom"
						},
						"4.6667": {
							"post": [1.76605, -3.2563, 4.9369],
							"lerp_mode": "catmullrom"
						},
						"4.75": {
							"post": [1.78811, -2.65564, 4.66491],
							"lerp_mode": "catmullrom"
						},
						"4.8333": {
							"post": [0.8, -0.92, 3.05],
							"lerp_mode": "catmullrom"
						},
						"4.9167": {
							"post": [-0.30298, 0.34027, -1.56498],
							"lerp_mode": "catmullrom"
						},
						"5.0417": {
							"post": [0.2321, 0.0577, 2.25602],
							"lerp_mode": "catmullrom"
						},
						"5.25": {
							"post": [0, 0, 0],
							"lerp_mode": "catmullrom"
						}
					},
					"position": {
						"0.0": [0, 0, 0],
						"0.2083": {
							"pre": [0, -3, 0],
							"post": [0, -3, 0],
							"lerp_mode": "catmullrom"
						},
						"0.375": {
							"post": [0, -2.96, 0],
							"lerp_mode": "catmullrom"
						},
						"0.4167": {
							"post": [0, -2.93, 0],
							"lerp_mode": "catmullrom"
						},
						"0.5": {
							"post": [0, -2.96, 0],
							"lerp_mode": "catmullrom"
						},
						"0.625": {
							"post": [0, -2.96, 0],
							"lerp_mode": "catmullrom"
						},
						"0.8333": {
							"post": [0, -3, 0],
							"lerp_mode": "catmullrom"
						},
						"1.2917": {
							"post": [0, 0, -6],
							"lerp_mode": "catmullrom"
						},
						"1.5833": {
							"post": [0, 0, -6],
							"lerp_mode": "catmullrom"
						},
						"2.0417": {
							"post": [0, 0, -6],
							"lerp_mode": "catmullrom"
						},
						"2.2917": {
							"post": [0, 0, -6],
							"lerp_mode": "catmullrom"
						},
						"2.4167": {
							"post": [0, 0, -6],
							"lerp_mode": "catmullrom"
						},
						"2.7917": {
							"post": [0, 0, -6],
							"lerp_mode": "catmullrom"
						},
						"3.2917": {
							"post": [0, 0, -6],
							"lerp_mode": "catmullrom"
						},
						"3.4167": {
							"post": [0, 0, -6],
							"lerp_mode": "catmullrom"
						},
						"3.625": {
							"post": [0, 0, -6],
							"lerp_mode": "catmullrom"
						},
						"3.7083": {
							"post": [-0.08, 0.12, -6.04],
							"lerp_mode": "catmullrom"
						},
						"3.7917": {
							"post": [0, 0, -6],
							"lerp_mode": "catmullrom"
						},
						"4.125": {
							"post": [0, 0, -6],
							"lerp_mode": "catmullrom"
						},
						"4.3333": {
							"post": [3.235, -5.1, -4.215],
							"lerp_mode": "catmullrom"
						},
						"4.5": {
							"post": [2.36, -4.48, -4.4],
							"lerp_mode": "catmullrom"
						},
						"4.6667": {
							"post": [1.305, -1.125, -4.24],
							"lerp_mode": "catmullrom"
						},
						"4.7917": {
							"post": [0.79, 0.215, -2.5],
							"lerp_mode": "catmullrom"
						},
						"4.9583": {
							"post": [0.125, -0.575, 0.275],
							"lerp_mode": "catmullrom"
						},
						"5.0833": {
							"post": [0, -0.32875, -0.44],
							"lerp_mode": "catmullrom"
						},
						"5.2083": {
							"post": [0, -0.02, 0.17],
							"lerp_mode": "catmullrom"
						},
						"5.375": {
							"post": [0, 0, 0],
							"lerp_mode": "catmullrom"
						}
					}
				},
				"mag_and_lefthand": {
					"rotation": {
						"0.0": [0, 0, 0],
						"0.7917": [0, 0, 0],
						"1.0": [0, 0, 0],
						"1.1667": [0, 0, -2],
						"1.4167": [0, 0, 0],
						"1.6667": [0, 0, 0],
						"1.75": [0, 0, -2.6],
						"1.8333": [0, 0, 0],
						"1.9583": [0, 0, 0]
					},
					"position": {
						"0.7917": [0, 0, 0],
						"1.0": [0, -22, 0],
						"1.4167": [0, -22, 0],
						"1.6667": [5, 0, 0],
						"1.8333": [5, 0, 0],
						"1.9583": [0, 0, 0]
					}
				},
				"chain_anim": {
					"rotation": {
						"1.0": [0, 0, 0],
						"1.0417": [0, 0, 60],
						"1.6667": [0, 0, 60],
						"1.7083": [0, 0, 52.5],
						"1.7917": [0, 0, 60.75],
						"1.9167": [0, 0, 70.71],
						"2.0": [0, 0, 55],
						"2.0833": [0, 0, 63.21],
						"2.1667": [0, 0, 56.61],
						"2.25": [0, 0, 60],
						"2.5417": [0, 0, 77.5],
						"2.75": [0, 0, 0]
					},
					"position": {
						"1.0": [0, 0, 0],
						"1.0417": [0, 0, 0],
						"2.5417": [0, 0, 0],
						"2.75": [0, 0, 0]
					},
					"scale": {
						"0.0": [0, 0, 0],
						"1.375": [0, 0, 0],
						"1.4167": [1, 1, 1]
					}
				},
				"lefthand": {
					"rotation": {
						"0.0": [118.8492, 8.77489, 104.65279],
						"0.0833": [118.8492, 8.77489, 104.65279],
						"0.2083": [140.23551, 13.62126, 153.25747],
						"0.375": [140.23551, 13.62126, 153.25747],
						"0.4167": [140.23551, 13.62126, 153.25747],
						"0.5833": [145.81718, 25.43605, 169.7645],
						"0.7917": [91.91, 18.34, 159.33],
						"1.6667": [91.91, 18.34, 159.33],
						"1.7917": [91.88, 3.35, 158.84],
						"1.8333": [91.85106, -11.64457, 158.35507],
						"1.9583": [91.85, -11.64, 158.36],
						"2.2083": [91.85, -11.64, 158.36],
						"2.5417": [119.68615, -38.13786, 216.85163],
						"2.75": [108.73284, -35.05014, 201.7435],
						"2.9167": [108.73284, -35.05014, 201.7435],
						"3.2917": [93.71333, -69.10916, 227.20312],
						"3.3333": [78.71333, -69.10916, 227.20312],
						"3.4583": [93.71333, -69.10916, 227.20312],
						"3.7083": [93.71333, -69.10916, 227.20312],
						"4.0417": [118.8492, 8.77489, 104.65279]
					},
					"position": {
						"0.0": [14, -9.104, -11.92],
						"0.0833": [14, -8, -9],
						"0.2083": [16, -8, -2],
						"0.375": [11, -8, -2],
						"0.4167": [11, -8, -2],
						"0.5833": [13, -8, -2],
						"0.7917": [11, -19, -4],
						"1.6667": [11, -19, -4],
						"1.7917": [11, -19, -4],
						"1.8333": [11, -19, -4],
						"1.9583": [11, -19, -4],
						"2.2083": [11, -19, -4],
						"2.5417": [14, -13, -4],
						"2.75": [11, -11.4, -4],
						"2.9167": [11, -11.4, -4],
						"3.2917": [13, -4.4, -4],
						"3.3333": [11, -9.4, -4],
						"3.4583": [13, -10.7, -3],
						"3.7083": [13, -6.4, -4],
						"4.0417": [14, -9.104, -11.92]
					},
					"scale": {
						"0.0": [1, 2, 1],
						"4.0417": [1, 2, 1]
					}
				},
				"righthand": {
					"rotation": [90, -22.5, 0],
					"position": [-6, -11, 1],
					"scale": [1, 1.5, 1]
				},
				"chain_cover": {
					"rotation": {
						"0.4167": [0, 0, 0],
						"0.5833": [0, 0, -65],
						"0.6667": [0, 0, -47.5],
						"0.7917": [0, 0, -65],
						"1.2917": [0, 0, -72.5],
						"1.375": [0, 0, -57.5],
						"1.4583": [0, 0, -65],
						"1.5417": [0, 0, -62.5],
						"1.625": [0, 0, -65],
						"1.6667": [0, 0, -72.5],
						"1.7083": [0, 0, -64.38],
						"1.7917": [0, 0, -69.49],
						"1.9583": [0, 0, -59.72],
						"2.0": [0, 0, -53.28],
						"2.0833": [0, 0, -70.39],
						"2.1667": [0, 0, -60],
						"2.25": [0, 0, -65.37],
						"2.7917": [0, 0, -65.37],
						"2.875": [0, 0, -62.84],
						"2.9583": [0, 0, -65.54],
						"3.0417": [0, 0, -63.93],
						"3.125": [0, 0, -65.54],
						"3.2917": [0, 0, -65],
						"3.3333": [0, 0, 0]
					}
				},
				"barrel": {
					"rotation": [0, 0, 0]
				},
				"camera": {
					"rotation": {
						"0.0": {
							"post": [0, 0, 0],
							"lerp_mode": "catmullrom"
						},
						"0.2083": {
							"post": [5, 0, 0],
							"lerp_mode": "catmullrom"
						},
						"0.375": {
							"post": [5, 0, 0],
							"lerp_mode": "catmullrom"
						},
						"0.4583": {
							"post": [7.49527, 0.21782, -2.4905],
							"lerp_mode": "catmullrom"
						},
						"0.7917": {
							"post": [7.48862, -0.42612, 2.46867],
							"lerp_mode": "catmullrom"
						},
						"0.9167": {
							"post": [4.99898, 0.22256, -2.48727],
							"lerp_mode": "catmullrom"
						},
						"1.0417": {
							"post": [5.00482, 0.00197, 0.00048],
							"lerp_mode": "catmullrom"
						},
						"1.1667": {
							"post": [5, 0, 0],
							"lerp_mode": "catmullrom"
						},
						"1.4167": {
							"post": [0, 0, 0],
							"lerp_mode": "catmullrom"
						},
						"1.625": {
							"post": [0, 0, 0],
							"lerp_mode": "catmullrom"
						},
						"1.7083": {
							"post": [-1.3, 0, 0],
							"lerp_mode": "catmullrom"
						},
						"1.7917": {
							"post": [0.7, 0, 0],
							"lerp_mode": "catmullrom"
						},
						"1.875": {
							"post": [-0.4, 0, -0.1],
							"lerp_mode": "catmullrom"
						},
						"2.0": {
							"post": [0.7, 0, -2.9],
							"lerp_mode": "catmullrom"
						},
						"2.0833": {
							"post": [0, 0, 0.1],
							"lerp_mode": "catmullrom"
						},
						"2.1667": {
							"post": [-0.9, 0, 1.3],
							"lerp_mode": "catmullrom"
						},
						"2.25": {
							"post": [0, 0, 0],
							"lerp_mode": "catmullrom"
						},
						"2.5833": {
							"post": [0.04, 0, -0.06],
							"lerp_mode": "catmullrom"
						},
						"2.7917": {
							"post": [0, 1.1, 0],
							"lerp_mode": "catmullrom"
						},
						"3.0417": {
							"post": [0.04, 1.15, 0],
							"lerp_mode": "catmullrom"
						},
						"3.2917": {
							"post": [-1.7, 1.1, 0],
							"lerp_mode": "catmullrom"
						},
						"3.3333": {
							"post": [1, 1.1, 0],
							"lerp_mode": "catmullrom"
						},
						"3.4167": {
							"post": [-0.5, 1.1, 0],
							"lerp_mode": "catmullrom"
						},
						"3.5": {
							"post": [0.6, 1.1, 0],
							"lerp_mode": "catmullrom"
						},
						"3.5833": {
							"post": [0, 1.1, 0],
							"lerp_mode": "catmullrom"
						},
						"3.75": {
							"post": [0, 1.1, 0],
							"lerp_mode": "catmullrom"
						},
						"3.9583": {
							"post": [0, 1.1, 0],
							"lerp_mode": "catmullrom"
						},
						"4.4167": {
							"post": [1.11, 0, 0],
							"lerp_mode": "catmullrom"
						},
						"4.7083": {
							"post": [-1.3, 0, -0.775],
							"lerp_mode": "catmullrom"
						},
						"4.9583": {
							"post": [-1.3, 0, 0],
							"lerp_mode": "catmullrom"
						},
						"5.0833": {
							"post": [-0.15, 0, 0.15],
							"lerp_mode": "catmullrom"
						},
						"5.1667": {
							"post": [0.48, 0, 0.6],
							"lerp_mode": "catmullrom"
						},
						"5.3333": {
							"post": [-0.22, 0, -0.525],
							"lerp_mode": "catmullrom"
						},
						"5.5": {
							"post": [0, 0, 0],
							"lerp_mode": "catmullrom"
						}
					}
				}
			},
			"sound_effects": {
				"0.0": {
					"effect": "emxmors:emx_sf10/reload_tactical"
				}
			}
		}
	}
}