{
	"format_version": "1.8.0",
	"animations": {
		"static_idle": {
			"animation_length": 0.1,
			"bones": {
				"righthand": {
					"rotation": [101.2139, -323.71163, -174.99863],
					"position": [-6.85, -15.24687, 9.99375],
					"scale": [1, 1.5, 1]
				},
				"refit_view": {
					"position": [0, -1, 11]
				},
				"constraint": {
					"rotation": [0.2, 0.2, 0.2],
					"position": [0.2, 0.2, 0.2]
				},
				"lefthand": {
					"rotation": [107.69108, -32.75736, -156.00452],
					"position": [8.2, -13.65, -4.45],
					"scale": [1, 1.5, 1]
				}
			}
		},
		"static_bolt_caught": {
			"loop": true,
			"bones": {
				"bullet": {
					"scale": 0
				},
				"bullet_in_mag": {
					"scale": 0
				},
				"Bolt": {
					"position": [0, 0, 5]
				},
				"mag_and_bullet": {
					"scale": 0
				},
				"Ammo": {
					"scale": 0
				}
			}
		},
		"draw": {
			"loop": "hold_on_last_frame",
			"animation_length": 1.875,
			"bones": {
				"righthand": {
					"rotation": [101.2139, -323.71163, -174.99863],
					"position": [-6.85, -15.24687, 9.99375],
					"scale": [1, 1.5, 1]
				},
				"refit_view": {
					"position": [0, -1, 11]
				},
				"constraint": {
					"rotation": [0.2, 0.2, 0.2],
					"position": [0.2, 0.2, 0.2]
				},
				"lefthand": {
					"rotation": [107.69108, -32.75736, -156.00452],
					"position": [8.2, -13.65, -4.45],
					"scale": [1, 1.5, 1]
				},
				"root": {
					"rotation": {
						"0.0": [67.5, 0, 20],
						"0.2917": [13.25, 0, 28.43],
						"0.4167": [-11.9, 0, 35.8],
						"0.5417": [-10.78171, 1.86183, 44.37336],
						"0.7083": [-9.38, 1.86, 44.37],
						"0.75": [-7.34002, 1.6055, 42.38535],
						"0.8333": [-9.24669, 1.98643, 45.36253],
						"0.9167": [-7.28, 1.86, 44.37],
						"1.0": {
							"pre": [-7.28, 1.86, 37.97],
							"post": [-7.28, 1.86, 37.97],
							"lerp_mode": "catmullrom"
						},
						"1.375": {
							"post": [0, 0, 7.4],
							"lerp_mode": "catmullrom"
						},
						"1.4583": {
							"post": [0, 0, 0.1],
							"lerp_mode": "catmullrom"
						},
						"1.5833": [0, 0, 0]
					},
					"position": {
						"0.0": [0, -18, 20],
						"0.4167": [0, -2.3, 1.3],
						"0.5417": [0, -0.4, -1.5],
						"0.625": {
							"pre": [0, -0.42, -1.44],
							"post": [0, -0.42, -1.44],
							"lerp_mode": "catmullrom"
						},
						"0.7083": {
							"post": [0, -0.4, 0.8],
							"lerp_mode": "catmullrom"
						},
						"0.75": {
							"post": [0, -0.4, -2.4],
							"lerp_mode": "catmullrom"
						},
						"0.8333": {
							"post": [0, -0.4, -2.1],
							"lerp_mode": "catmullrom"
						},
						"0.9167": {
							"post": [0, -0.4, -2.4],
							"lerp_mode": "catmullrom"
						},
						"1.0417": {
							"post": [0, -0.4, -2.4],
							"lerp_mode": "catmullrom"
						},
						"1.2083": {
							"post": [0, -1.4, 1.5],
							"lerp_mode": "catmullrom"
						},
						"1.375": {
							"post": [0, 0.4, -0.6],
							"lerp_mode": "catmullrom"
						},
						"1.5": {
							"post": [0, 0, 0.7],
							"lerp_mode": "catmullrom"
						},
						"1.625": {
							"post": [0, 0, 0],
							"lerp_mode": "catmullrom"
						}
					}
				},
				"Bolt": {
					"position": {
						"0.0": [0, 0, 5],
						"0.7083": [0, 0, 5],
						"0.75": [0, 0, 0]
					}
				},
				"mag_and_bullet": {
					"position": {
						"0.7083": [0, 0, 4.17188],
						"0.75": [0, 0, 0]
					}
				},
				"camera": {
					"rotation": {
						"0.0": [0, 0, 0],
						"0.4167": {
							"pre": [2, 2, 0],
							"post": [2, 2, 0],
							"lerp_mode": "catmullrom"
						},
						"0.5833": {
							"post": [2, 2, 0],
							"lerp_mode": "catmullrom"
						},
						"0.7083": {
							"post": [1, 0.4, 0],
							"lerp_mode": "catmullrom"
						},
						"0.75": {
							"post": [-2, 0.48, 0],
							"lerp_mode": "catmullrom"
						},
						"0.7917": {
							"post": [1.4, 1, 0],
							"lerp_mode": "catmullrom"
						},
						"0.9167": {
							"post": [1, 0.5, 0],
							"lerp_mode": "catmullrom"
						},
						"1.0417": {
							"post": [1.3, 0.4, 0],
							"lerp_mode": "catmullrom"
						},
						"1.2083": {
							"post": [1, 0.4, 0],
							"lerp_mode": "catmullrom"
						},
						"1.375": {
							"post": [0, -0.4, 0],
							"lerp_mode": "catmullrom"
						},
						"1.5": {
							"post": [0.3, 0.2, 0],
							"lerp_mode": "catmullrom"
						},
						"1.625": {
							"post": [0, 0, 0],
							"lerp_mode": "catmullrom"
						},
						"1.75": {
							"post": [0, 0, 0],
							"lerp_mode": "catmullrom"
						}
					}
				},
				"Ammo": {
					"position": {
						"0.7083": [0, 0, 4.17188],
						"0.75": [0, 0, 0]
					}
				}
			},
			"sound_effects": {
				"0.0": {
					"effect": "emxmors:emx_morsmk1/p35_sn_moscar_inspect_mvmt_01"
				},
				"0.6667": {
					"effect": "emxmors:emx_morsmk1/p35_sn_moscar_raise_first_boltclose_01"
				}
			}
		},
		"put_away": {
			"animation_length": 0.9,
			"bones": {
				"righthand": {
					"rotation": {
						"0.0": [101.2139, -323.71163, -174.99863],
						"0.1": [101.2139, -323.71163, -174.99863],
						"0.3": [99.92205, -324.96551, -168.50279],
						"0.5667": [101.48941, -375.72158, -1.01416],
						"0.6667": [134.2185, -345.09581, -33.36169],
						"0.8667": [131.93942, -347.49859, -38.54941]
					},
					"position": {
						"0.0": [-6.85, -15.24687, 9.99375],
						"0.1": [-6.4, -14.425, 2],
						"0.3": [-9.38656, -8.07425, 7.05538],
						"0.3667": [-4.83735, -3.87436, 7.75939],
						"0.4667": [-2.14866, -7.06411, 1.38744],
						"0.5667": [-2.36662, -9.54845, -4.43353],
						"0.6667": [-3.50353, -7.0548, -5.75069],
						"0.8667": [-3.34854, -8.15579, -8.65617]
					},
					"scale": [1, 1.5, 1]
				},
				"root": {
					"rotation": {
						"0.0": {
							"post": [0, 0, 0],
							"lerp_mode": "catmullrom"
						},
						"0.1667": {
							"post": [-4.53, -1.25, -1.42],
							"lerp_mode": "catmullrom"
						},
						"0.3333": {
							"post": [-27.15, -7.52, -8.53],
							"lerp_mode": "catmullrom"
						},
						"0.4333": {
							"post": [-40.73045, -11.28181, -12.80042],
							"lerp_mode": "catmullrom"
						},
						"0.5333": {
							"post": [-51.25268, -7.98916, -16.98839],
							"lerp_mode": "catmullrom"
						},
						"0.6667": {
							"post": [-59.1046, 20.10068, 0.608],
							"lerp_mode": "catmullrom"
						},
						"0.7667": {
							"post": [-67.12, 33.68, 8.77],
							"lerp_mode": "catmullrom"
						},
						"0.8667": {
							"post": [-74.38, 35.33, 10.02],
							"lerp_mode": "catmullrom"
						}
					},
					"position": {
						"0.0": {
							"post": [0, 0, 0],
							"lerp_mode": "catmullrom"
						},
						"0.1667": {
							"post": [-0.38, -0.89, 0.09],
							"lerp_mode": "catmullrom"
						},
						"0.3333": {
							"post": [-1.325, -1.5, 0.28],
							"lerp_mode": "catmullrom"
						},
						"0.4333": {
							"post": [-1.95, -2.9, 1.95],
							"lerp_mode": "catmullrom"
						},
						"0.5333": {
							"post": [-2.2, -4.555, 4.37],
							"lerp_mode": "catmullrom"
						},
						"0.7": {
							"post": [-4.7, -8.48, 7.94],
							"lerp_mode": "catmullrom"
						},
						"0.8667": {
							"post": [-7.59, -13.82, 14.07],
							"lerp_mode": "catmullrom"
						}
					}
				},
				"camera": {
					"rotation": {
						"0.0": {
							"post": [0, 0, 0],
							"lerp_mode": "catmullrom"
						},
						"0.1333": {
							"post": [0.35, 0.025, -0.225],
							"lerp_mode": "catmullrom"
						},
						"0.3": {
							"post": [0.1, 0.025, 0.075],
							"lerp_mode": "catmullrom"
						},
						"0.4333": {
							"post": [0, 0, 0],
							"lerp_mode": "catmullrom"
						}
					}
				},
				"lefthand": {
					"rotation": {
						"0.0": [107.69108, -32.75736, -156.00452],
						"0.1333": [169.13843, 3.15772, -219.72112],
						"0.2667": [168.76095, 1.2363, -229.54249]
					},
					"position": {
						"0.0": [8.2, -13.65, -4.45],
						"0.0667": [8.66185, -10.53957, -1.25509],
						"0.1333": [8.08317, -8.39052, 0.52034],
						"0.2667": [8.08317, -8.39052, 0.52034]
					},
					"scale": [1, 1.5, 1]
				}
			},
			"sound_effects": {
				"0.0": {
					"effect": "emxarms:emx_pmg90/p05_ar_schotel_ubgl_drop_rattle"
				}
			}
		},
		"shoot": {
			"animation_length": 1.2333,
			"bones": {
				"root": {
					"rotation": {
						"0.0": {
							"post": [0, 0, 0],
							"lerp_mode": "catmullrom"
						},
						"0.0333": {
							"post": [1.24069, 0.15232, -6.99835],
							"lerp_mode": "catmullrom"
						},
						"0.0667": {
							"post": [-5.82024, 1.33042, 5.79388],
							"lerp_mode": "catmullrom"
						},
						"0.1333": {
							"post": [-6.38564, -0.61289, -1.91761],
							"lerp_mode": "catmullrom"
						},
						"0.2": {
							"post": [-6.0138, -0.64862, -3.1926],
							"lerp_mode": "catmullrom"
						},
						"0.3": {
							"post": [-3.22698, -0.95049, 1.89646],
							"lerp_mode": "catmullrom"
						},
						"0.4667": {
							"post": [-0.42425, 0.27786, 0.43549],
							"lerp_mode": "catmullrom"
						},
						"0.7": {
							"post": [0.23068, -0.21405, -0.46178],
							"lerp_mode": "catmullrom"
						},
						"0.9": {
							"post": [-0.09988, 0.076, 0.12379],
							"lerp_mode": "catmullrom"
						},
						"1.0667": {
							"post": [0.04509, 0.01634, -0.04605],
							"lerp_mode": "catmullrom"
						},
						"1.2333": {
							"post": [0, 0, 0],
							"lerp_mode": "catmullrom"
						}
					},
					"position": {
						"0.0": {
							"post": [0, 0, 0],
							"lerp_mode": "catmullrom"
						},
						"0.0333": {
							"post": [0, -0.75, 4.7],
							"lerp_mode": "catmullrom"
						},
						"0.0667": {
							"post": [0, 0.675, 5.205],
							"lerp_mode": "catmullrom"
						},
						"0.1667": {
							"post": [-0.125, 1.18, 2.775],
							"lerp_mode": "catmullrom"
						},
						"0.2333": {
							"post": [-0.11, 0.94, 0.66],
							"lerp_mode": "catmullrom"
						},
						"0.3": {
							"post": [-0.075, 0.51, -0.005],
							"lerp_mode": "catmullrom"
						},
						"0.4333": {
							"post": [0, -0.47, -0.485],
							"lerp_mode": "catmullrom"
						},
						"0.5667": {
							"post": [0, -0.78, -0.095],
							"lerp_mode": "catmullrom"
						},
						"0.7333": {
							"post": [0, -0.415, 0.06],
							"lerp_mode": "catmullrom"
						},
						"0.9": {
							"post": [0, -0.15, 0.1],
							"lerp_mode": "catmullrom"
						},
						"1.0667": {
							"post": [0.03125, -0.17, -0.03],
							"lerp_mode": "catmullrom"
						},
						"1.2333": {
							"post": [0, 0, 0],
							"lerp_mode": "catmullrom"
						}
					}
				},
				"camera": {
					"rotation": {
						"0.0": {
							"post": [0, 0, 0],
							"lerp_mode": "catmullrom"
						},
						"0.0333": {
							"post": [0, 0, 3.4],
							"lerp_mode": "catmullrom"
						},
						"0.0667": {
							"post": [0, 0, -2.875],
							"lerp_mode": "catmullrom"
						},
						"0.1": {
							"post": [0, 0, 2.445],
							"lerp_mode": "catmullrom"
						},
						"0.1667": {
							"post": [0, 0, -2.055],
							"lerp_mode": "catmullrom"
						},
						"0.2333": {
							"post": [0, 0, 1.37],
							"lerp_mode": "catmullrom"
						},
						"0.3": {
							"post": [0, 0, -0.85],
							"lerp_mode": "catmullrom"
						},
						"0.3667": {
							"post": [0, 0, 0.525],
							"lerp_mode": "catmullrom"
						},
						"0.4333": {
							"post": [0, 0, -0.125],
							"lerp_mode": "catmullrom"
						},
						"0.5333": {
							"post": [0, 0, 0],
							"lerp_mode": "catmullrom"
						}
					}
				},
				"constraint": {
					"rotation": [0.2, 0.2, 0.2],
					"position": [0.2, 0.2, 0.2]
				},
				"octagon5": {
					"rotation": {
						"0.0": [0, 0, 0],
						"0.0667": [0, 0, 120],
						"0.6": [0, 0, 120],
						"0.6667": [0, 0, 0]
					}
				},
				"octagon6": {
					"rotation": {
						"0.0": [0, 0, 0],
						"0.0667": [0, 0, -120],
						"1.1333": [0, 0, -120],
						"1.2": [0, 0, 0]
					}
				},
				"octagon8": {
					"rotation": {
						"0.0": [0, 0, 0],
						"0.0667": [0, 0, -120],
						"0.8667": [0, 0, -120],
						"0.9333": [0, 0, 0]
					}
				},
				"octagon9": {
					"rotation": {
						"0.0": [0, 0, 0],
						"0.0667": [0, 0, -120],
						"0.7333": [0, 0, -120],
						"0.8": [0, 0, 0]
					}
				},
				"octagon11": {
					"rotation": {
						"0.0": [0, 0, 0],
						"0.0667": [0, 0, 120],
						"0.7333": [0, 0, 120],
						"0.8": [0, 0, 0]
					}
				},
				"octagon12": {
					"rotation": {
						"0.0": [0, 0, 0],
						"0.0667": [0, 0, 120],
						"0.8667": [0, 0, 120],
						"0.9333": [0, 0, 0]
					}
				},
				"octagon13": {
					"rotation": {
						"0.0": [0, 0, 0],
						"0.0667": [0, 0, 120],
						"1.0": [0, 0, 120],
						"1.0667": [0, 0, 0]
					}
				},
				"octagon15": {
					"rotation": {
						"0.0": [0, 0, 0],
						"0.0667": [0, 0, 120],
						"1.1333": [0, 0, 120],
						"1.2": [0, 0, 0]
					}
				},
				"octagon1": {
					"rotation": {
						"0.0": [0, 0, 0],
						"0.0667": [0, 0, 120],
						"1.1333": [0, 0, 120],
						"1.2": [0, 0, 0]
					}
				},
				"octagon7": {
					"rotation": {
						"0.0": [0, 0, 0],
						"0.0667": [0, 0, -120],
						"1.0": [0, 0, -120],
						"1.0667": [0, 0, 0]
					}
				},
				"octagon10": {
					"rotation": {
						"0.0": [0, 0, 0],
						"0.0667": [0, 0, -120],
						"0.6": [0, 0, -120],
						"0.6667": [0, 0, 0]
					}
				},
				"mag_and_bullet": {
					"scale": 0
				},
				"octagon2": {
					"rotation": {
						"0.0": [0, 0, 0],
						"0.0667": [0, 0, 120],
						"1.0": [0, 0, 120],
						"1.0667": [0, 0, 0]
					}
				},
				"octagon3": {
					"rotation": {
						"0.0": [0, 0, 0],
						"0.0667": [0, 0, 120],
						"0.8667": [0, 0, 120],
						"0.9333": [0, 0, 0]
					}
				},
				"octagon4": {
					"rotation": {
						"0.0": [0, 0, 0],
						"0.0667": [0, 0, 120],
						"0.7333": [0, 0, 120],
						"0.8": [0, 0, 0]
					}
				}
			}
		},
		"reload_tactical": {
			"loop": "hold_on_last_frame",
			"animation_length": 1.2083,
			"bones": {
				"righthand": {
					"rotation": {
						"0.25": [101.2139, -326.71163, -174.99863],
						"0.3333": [64.67437, -334.01208, -237.83229],
						"0.5": [128.8144, -377.32104, -105.52362],
						"0.5833": [130.29171, -383.10678, -110.51768],
						"0.6667": [128.65569, -363.67695, -110.6172],
						"0.75": [103.24859, -341.80014, -162.99355],
						"0.8333": [101.2139, -326.71163, -174.99863]
					},
					"position": {
						"0.25": [-6.85, -15.24687, 9.99375],
						"0.3333": [-12.85, -15.25, 16.99],
						"0.5": [-8.70937, -6.60937, 14.58375],
						"0.5833": [-8.85, -7.25, 13.99],
						"0.6667": [-8.85, -7.75, 13.89],
						"0.75": [-9.85, -10.75, 13.89],
						"0.8333": [-6.85, -15.24687, 9.99375]
					},
					"scale": [1, 1.5, 1]
				},
				"refit_view": {
					"position": [0, -1, 11]
				},
				"constraint": {
					"rotation": [0.2, 0.2, 0.2],
					"position": [0.2, 0.2, 0.2]
				},
				"lefthand": {
					"rotation": [107.69108, -32.75736, -156.00452],
					"position": [8.2, -13.65, -4.45],
					"scale": [1, 1.5, 1]
				},
				"root": {
					"rotation": {
						"0.0": {
							"post": [0, 0, 0],
							"lerp_mode": "catmullrom"
						},
						"0.0417": {
							"post": [2.03, 0, 0],
							"lerp_mode": "catmullrom"
						},
						"0.0833": {
							"post": [-2.11, 0, 0],
							"lerp_mode": "catmullrom"
						},
						"0.25": {
							"post": [0, 0, 0],
							"lerp_mode": "catmullrom"
						},
						"0.5": {
							"post": [-2.5, 0, 0],
							"lerp_mode": "catmullrom"
						},
						"0.5833": {
							"post": [-2.5, 0, 0],
							"lerp_mode": "catmullrom"
						},
						"0.6667": {
							"post": [-4.5, 0, 0],
							"lerp_mode": "catmullrom"
						},
						"0.75": {
							"post": [-2.5, 0, 0],
							"lerp_mode": "catmullrom"
						},
						"0.8333": {
							"post": [-2.5, 0, 0],
							"lerp_mode": "catmullrom"
						},
						"0.875": {
							"post": [0, 0, 2.5],
							"lerp_mode": "catmullrom"
						},
						"0.9583": {
							"post": [-0.89271, -0.20917, -0.69454],
							"lerp_mode": "catmullrom"
						},
						"1.0417": {
							"post": [0.40395, -0.5042, 0.55954],
							"lerp_mode": "catmullrom"
						},
						"1.125": {
							"post": [-0.4, 0, 0],
							"lerp_mode": "catmullrom"
						},
						"1.375": {
							"post": [0, 0, 0],
							"lerp_mode": "catmullrom"
						}
					},
					"position": {
						"0.0": {
							"post": [0, 0, 0],
							"lerp_mode": "catmullrom"
						},
						"0.0417": {
							"post": [0, 0, -0.01],
							"lerp_mode": "catmullrom"
						},
						"0.25": {
							"post": [0, 0, 0],
							"lerp_mode": "catmullrom"
						},
						"0.375": {
							"post": [0, 0, 1],
							"lerp_mode": "catmullrom"
						},
						"0.8333": {
							"post": [0, 0, 1],
							"lerp_mode": "catmullrom"
						},
						"0.875": {
							"post": [0, 0, -0.2],
							"lerp_mode": "catmullrom"
						},
						"0.9583": {
							"post": [0, 0, 0.15],
							"lerp_mode": "catmullrom"
						},
						"1.0417": {
							"post": [0, 0, -0.1],
							"lerp_mode": "catmullrom"
						},
						"1.125": {
							"post": [0, 0, 0.05],
							"lerp_mode": "catmullrom"
						},
						"1.2083": {
							"post": [0, 0, 0],
							"lerp_mode": "catmullrom"
						}
					}
				},
				"Bolt": {
					"position": {
						"0.0": [0, 0, 0],
						"0.0417": [0, 0, 0],
						"0.0833": [0, 0, 5],
						"0.8333": [0, 0, 5],
						"0.875": [0, 0, 0]
					}
				},
				"camera": {
					"rotation": {
						"0.0": {
							"post": [0, 0, 0],
							"lerp_mode": "catmullrom"
						},
						"0.0417": {
							"post": [-0.3, -0.01, 0],
							"lerp_mode": "catmullrom"
						},
						"0.0833": {
							"post": [2.5, -0.03, 0],
							"lerp_mode": "catmullrom"
						},
						"0.125": {
							"post": [0, -0.05, 0],
							"lerp_mode": "catmullrom"
						},
						"0.25": {
							"post": [0, 0, 0],
							"lerp_mode": "catmullrom"
						},
						"0.4167": {
							"post": [2, 1, 0],
							"lerp_mode": "catmullrom"
						},
						"0.5833": {
							"post": [2, 1, 0],
							"lerp_mode": "catmullrom"
						},
						"0.7083": {
							"post": [2, 1, 0],
							"lerp_mode": "catmullrom"
						},
						"0.8333": {
							"post": [2, 1, 0],
							"lerp_mode": "catmullrom"
						},
						"0.875": {
							"post": [-0.4, 0, 0],
							"lerp_mode": "catmullrom"
						},
						"0.9583": {
							"post": [0.2, 0, 0],
							"lerp_mode": "catmullrom"
						},
						"1.0417": {
							"post": [-0.1, 0, 0],
							"lerp_mode": "catmullrom"
						},
						"1.125": {
							"post": [0, 0, 0],
							"lerp_mode": "catmullrom"
						}
					}
				},
				"Ammo": {
					"rotation": {
						"0.0833": [0, 0, 0],
						"0.2083": [-6.43, 360, 0],
						"0.375": [-15, 0, 0],
						"0.4167": [-15, 0, 0],
						"0.4583": [-15, 0, 0],
						"0.5": [-15, 0, 0],
						"0.5833": [-22.5, 0, 0],
						"0.6667": [0, 0, 0]
					},
					"position": {
						"0.0": [0, 0, 0],
						"0.0417": [0, 0, 0],
						"0.0833": [0, 0, 5],
						"0.2083": [-14, 4, 1],
						"0.25": [-1, -5, 0],
						"0.3333": [-6, -3, 8],
						"0.375": [-4.3, -1.4, 6],
						"0.4167": [-1.97, -0.73, 5.33],
						"0.4583": [-1.13, 0.24, 3.77],
						"0.5": [-0.3, 1.2, 4.21875],
						"0.5833": [-0.3, 0.2, 5],
						"0.6667": [0, 0, 5],
						"0.8333": [0, 0, 5],
						"0.875": [0, 0, 0]
					},
					"scale": {
						"0.0": [1, 1, 1],
						"0.2083": [0, 0, 0],
						"0.2917": [0, 0, 0],
						"0.3333": [1, 0.8, 1],
						"0.6667": [1, 0.8, 1],
						"0.7083": [1, 1, 1]
					}
				}
			},
			"sound_effects": {
				"0.0": {
					"effect": "emxmors:emx_morsmk1/p35_sn_moscar_raise_first_boltclose_01"
				},
				"0.625": {
					"effect": "emxmors:emx_morsmk1/ammo_clipin"
				},
				"0.875": {
					"effect": "emxmors:emx_morsmk1/p35_sn_moscar_reload_bolt_close_02"
				}
			}
		},
		"reload_empty": {
			"animation_length": 1.25,
			"bones": {
				"righthand": {
					"rotation": {
						"0.0": [101.2139, -323.71163, -174.99863],
						"0.0833": [64.67437, -331.01208, -237.83229],
						"0.25": [128.8144, -374.32104, -105.52362],
						"0.3333": [130.29171, -380.10678, -110.51768],
						"0.4167": [128.65569, -360.67695, -110.6172],
						"0.5": [103.24859, -338.80014, -162.99355],
						"0.5833": [101.2139, -323.71163, -174.99863]
					},
					"position": {
						"0.0": [-6.85, -15.24687, 9.99375],
						"0.0833": [-12.85, -15.25, 16.99],
						"0.25": [-8.7094, -6.6875, 14.5838],
						"0.3333": [-8.85, -7.25, 13.99],
						"0.4167": [-8.85, -7.75, 15.89],
						"0.5": [-9.85, -10.75, 13.89],
						"0.5833": [-6.85, -15.24687, 9.99375]
					},
					"scale": [1, 1.5, 1]
				},
				"refit_view": {
					"position": [0, -1, 11]
				},
				"constraint": {
					"rotation": [0.2, 0.2, 0.2],
					"position": [0.2, 0.2, 0.2]
				},
				"lefthand": {
					"rotation": [107.69108, -32.75736, -156.00452],
					"position": [8.2, -13.65, -4.45],
					"scale": [1, 1.5, 1]
				},
				"root": {
					"rotation": {
						"0.0": {
							"post": [0, 0, 0],
							"lerp_mode": "catmullrom"
						},
						"0.25": {
							"post": [-2.5, 0, 0],
							"lerp_mode": "catmullrom"
						},
						"0.3333": {
							"post": [-2.5, 0, 0],
							"lerp_mode": "catmullrom"
						},
						"0.4167": {
							"post": [-4.5, 0, 0],
							"lerp_mode": "catmullrom"
						},
						"0.5": {
							"post": [-2.5, 0, 0],
							"lerp_mode": "catmullrom"
						},
						"0.5833": {
							"post": [-2.5, 0, 0],
							"lerp_mode": "catmullrom"
						},
						"0.625": {
							"post": [0, 0, 2.5],
							"lerp_mode": "catmullrom"
						},
						"0.7083": {
							"post": [-0.89271, -0.20917, -0.69454],
							"lerp_mode": "catmullrom"
						},
						"0.7917": {
							"post": [0.40395, -0.5042, 0.55954],
							"lerp_mode": "catmullrom"
						},
						"0.875": {
							"post": [-0.4, 0, 0],
							"lerp_mode": "catmullrom"
						},
						"1.125": {
							"post": [0, 0, 0],
							"lerp_mode": "catmullrom"
						}
					},
					"position": {
						"0.0": {
							"post": [0, 0, 0],
							"lerp_mode": "catmullrom"
						},
						"0.125": {
							"post": [0, 0, 1],
							"lerp_mode": "catmullrom"
						},
						"0.5833": {
							"post": [0, 0, 1],
							"lerp_mode": "catmullrom"
						},
						"0.625": {
							"post": [0, 0, -0.2],
							"lerp_mode": "catmullrom"
						},
						"0.7083": {
							"post": [0, 0, 0.15],
							"lerp_mode": "catmullrom"
						},
						"0.7917": {
							"post": [0, 0, -0.1],
							"lerp_mode": "catmullrom"
						},
						"0.875": {
							"post": [0, 0, 0.05],
							"lerp_mode": "catmullrom"
						},
						"0.9583": {
							"post": [0, 0, 0],
							"lerp_mode": "catmullrom"
						}
					}
				},
				"Bolt": {
					"position": {
						"0.0": [0, 0, 5],
						"0.5833": [0, 0, 5],
						"0.625": [0, 0, 0]
					}
				},
				"camera": {
					"rotation": {
						"0.0": {
							"post": [0, 0, 0],
							"lerp_mode": "catmullrom"
						},
						"0.1667": {
							"post": [2, 1, 0],
							"lerp_mode": "catmullrom"
						},
						"0.3333": {
							"post": [2, 1, 0],
							"lerp_mode": "catmullrom"
						},
						"0.375": {
							"post": [3.5, 1, 0],
							"lerp_mode": "catmullrom"
						},
						"0.4167": {
							"post": [2, 1, 0],
							"lerp_mode": "catmullrom"
						},
						"0.4583": {
							"post": [2, 1, 0],
							"lerp_mode": "catmullrom"
						},
						"0.5833": {
							"post": [2, 1, 0],
							"lerp_mode": "catmullrom"
						},
						"0.625": {
							"post": [-0.4, 0, 0],
							"lerp_mode": "catmullrom"
						},
						"0.7083": {
							"post": [0.2, 0, 0],
							"lerp_mode": "catmullrom"
						},
						"0.7917": {
							"post": [-0.1, 0, 0],
							"lerp_mode": "catmullrom"
						},
						"0.875": {
							"post": [0, 0, 0],
							"lerp_mode": "catmullrom"
						}
					}
				},
				"Ammo": {
					"rotation": {
						"0.125": [-15, 0, 0],
						"0.1667": [-15, 0, 0],
						"0.2083": [-15, 0, 0],
						"0.25": [-15, 0, 0],
						"0.3333": [-22.5, 0, 0],
						"0.4167": [0, 0, 0]
					},
					"position": {
						"0.0": [-1, -5, 0],
						"0.0833": [-6, -3, 8],
						"0.125": [-4.3, -1.4, 6],
						"0.1667": [-1.97, -0.73, 5.33],
						"0.2083": [-1.13, 0.24, 3.77],
						"0.25": [-0.3, 1.2, 4.1],
						"0.3333": [-0.3, 0.2, 5],
						"0.4167": [0, 0, 5],
						"0.5833": [0, 0, 5],
						"0.625": [0, 0, 0]
					},
					"scale": {
						"0.0": [0, 0, 0],
						"0.0833": [1, 1, 0.5],
						"0.1667": [1, 0.8, 1],
						"0.4167": [1, 0.8, 1],
						"0.4583": [1, 1, 1]
					}
				}
			},
			"sound_effects": {
				"0.375": {
					"effect": "emxmors:emx_morsmk1/ammo_clipin"
				},
				"0.625": {
					"effect": "emxmors:emx_morsmk1/p35_sn_moscar_reload_bolt_close_02"
				}
			}
		},
		"inspect": {
			"animation_length": 8.125,
			"bones": {
				"righthand": {
					"rotation": {
						"0.0": [101.2139, -323.71163, -174.99863],
						"3.8333": [101.21, -323.71, -175],
						"3.9167": [131.21, -323.71, -175],
						"4.0": [131.21, -323.71, -175],
						"4.125": [122.62892, -350.01596, -196.06503],
						"4.2917": [121.99625, -372.04004, -162.46167],
						"4.3333": [121.99625, -372.04004, -162.46167],
						"4.4583": [122.20311, -360.78531, -137.91477],
						"4.5833": [121.73208, -354.14831, -148.5236],
						"4.6667": {
							"pre": [121.73208, -354.14831, -148.5236],
							"post": [121.73208, -354.14831, -148.5236],
							"lerp_mode": "catmullrom"
						},
						"4.875": [70.32043, -309.16578, -264.87689],
						"5.5": [70.32043, -309.16578, -264.87689],
						"5.7917": [128.8144, -374.32104, -105.52362],
						"5.875": [130.29171, -380.10678, -110.51768],
						"6.0": [128.65569, -360.67695, -110.6172],
						"6.125": [103.24859, -338.80014, -162.99355],
						"6.2083": [101.2139, -323.71163, -174.99863]
					},
					"position": {
						"0.0": [-6.85, -15.24687, 9.99375],
						"3.8333": [-6.85, -15.25, 9.99],
						"3.9167": [-6.85, -14.25, 9.99],
						"4.0": [-6.85, -14.25, 9.99],
						"4.125": [-15.85, -24.25, 9.99],
						"4.2917": [-14.85, -14.25, 13.99],
						"4.3333": [-14.85, -14.25, 13.99],
						"4.4583": [-10.85, -14.25, 13.99],
						"4.5833": [-9.85, -14.25, 13.99],
						"4.6667": {
							"pre": [-9.85, -14.25, 13.99],
							"post": [-9.85, -14.25, 13.99],
							"lerp_mode": "catmullrom"
						},
						"4.875": [-10.85, -11.25, 13.99],
						"5.5": [-10.85, -11.25, 13.99],
						"5.7917": [-7.85, -6.25, 12.99],
						"5.875": [-7.85, -7.25, 12.99],
						"6.0": [-7.85, -7.75, 13.89],
						"6.125": [-9.85, -10.75, 13.89],
						"6.2083": [-6.85, -15.24687, 9.99375]
					},
					"scale": [1, 1.5, 1]
				},
				"refit_view": {
					"position": [0, -1, 11]
				},
				"constraint": {
					"rotation": [0.2, 0.2, 0.2],
					"position": [0.2, 0.2, 0.2]
				},
				"lefthand": {
					"rotation": {
						"0.0": [107.69108, -32.75736, -156.00452],
						"0.25": [107.69108, -32.75736, -156.00452],
						"0.4167": [126.98641, -40.98024, -163.13634],
						"2.75": [126.98641, -40.98024, -163.13634],
						"3.0": [126.98641, -40.98024, -163.13634],
						"3.125": [110.94479, -42.52199, -181.08148],
						"6.4583": [110.94479, -42.52199, -181.08148],
						"6.7917": [107.69108, -32.75736, -156.00452]
					},
					"position": {
						"0.0": [8.2, -13.65, -4.45],
						"0.25": [8.2, -13.65, -0.45],
						"0.4167": [8.2, -13.65, -0.45],
						"2.75": [8.2, -13.65, -0.45],
						"3.0": [8.2, -13.65, -0.45],
						"3.125": [8.2, -13.65, -0.45],
						"6.4583": [8.2, -13.65, -0.45],
						"6.7917": [8.2, -13.65, -4.45]
					},
					"scale": [1, 1.5, 1]
				},
				"root": {
					"rotation": {
						"0.0": {
							"post": [0, 0, 0],
							"lerp_mode": "catmullrom"
						},
						"0.1667": {
							"post": [-1.38509, -1.24434, 4.29497],
							"lerp_mode": "catmullrom"
						},
						"0.25": {
							"post": [-1.39, -1.24, 4.29],
							"lerp_mode": "catmullrom"
						},
						"0.4167": {
							"post": [-3.91, -4.41, -2.02],
							"lerp_mode": "catmullrom"
						},
						"0.6667": {
							"post": [-10.80252, -12.68944, -19.80615],
							"lerp_mode": "catmullrom"
						},
						"0.875": {
							"post": [-11.67934, -12.73253, -20.88586],
							"lerp_mode": "catmullrom"
						},
						"1.0": {
							"post": [-10.42561, -13.0448, -21.82949],
							"lerp_mode": "catmullrom"
						},
						"1.2083": {
							"post": [-10.56428, -12.85979, -20.82188],
							"lerp_mode": "catmullrom"
						},
						"1.875": {
							"post": [-10.39, -12.99, -21.57],
							"lerp_mode": "catmullrom"
						},
						"2.0417": {
							"post": [-10.9146, -13.35759, -23.13092],
							"lerp_mode": "catmullrom"
						},
						"2.2917": {
							"post": [-10.25634, -13.50926, -24.0715],
							"lerp_mode": "catmullrom"
						},
						"2.6667": {
							"post": [-10.31, -13.4275, -24.0075],
							"lerp_mode": "catmullrom"
						},
						"2.75": {
							"post": [-10.01823, -12.01652, -22.39677],
							"lerp_mode": "catmullrom"
						},
						"3.0": {
							"post": [-6.0733, -2.55567, -8.68449],
							"lerp_mode": "catmullrom"
						},
						"3.1667": {
							"post": [-3.30816, -6.55161, -3.15758],
							"lerp_mode": "catmullrom"
						},
						"3.2917": {
							"post": [-11.99539, -6.2465, 14.78107],
							"lerp_mode": "catmullrom"
						},
						"3.4167": {
							"post": [-24.07317, -0.97391, 28.22222],
							"lerp_mode": "catmullrom"
						},
						"3.5833": {
							"post": [-32.28365, 5.59754, 44.62545],
							"lerp_mode": "catmullrom"
						},
						"3.7083": {
							"post": [-32.44664, 5.36815, 46.1821],
							"lerp_mode": "catmullrom"
						},
						"3.75": {
							"post": [-31.38661, 6.16105, 47.33802],
							"lerp_mode": "catmullrom"
						},
						"3.9167": {
							"post": [-31.60382, 7.93459, 52.29084],
							"lerp_mode": "catmullrom"
						},
						"4.0": {
							"post": [-34.14, 7.99, 52.33],
							"lerp_mode": "catmullrom"
						},
						"4.125": {
							"post": [-31.80789, 9.10999, 51.06287],
							"lerp_mode": "catmullrom"
						},
						"4.2917": {
							"post": [-33.34556, 7.01589, 47.88054],
							"lerp_mode": "catmullrom"
						},
						"4.5417": {
							"post": [-32.04707, 7.50249, 48.73097],
							"lerp_mode": "catmullrom"
						},
						"4.9583": {
							"post": [-32.07382, 11.23673, 49.39599],
							"lerp_mode": "catmullrom"
						},
						"5.4583": {
							"post": [-32.4, 7.88, 44.8],
							"lerp_mode": "catmullrom"
						},
						"5.7917": {
							"post": [-32.66, 7.68, 48.17],
							"lerp_mode": "catmullrom"
						},
						"5.875": {
							"post": [-33.25196, 5.19352, 46.24503],
							"lerp_mode": "catmullrom"
						},
						"6.0417": {
							"post": [-33.10702, 8.53837, 48.81576],
							"lerp_mode": "catmullrom"
						},
						"6.1667": {
							"post": [-33.8104, 8.07258, 46.85565],
							"lerp_mode": "catmullrom"
						},
						"6.4167": {
							"post": [-32.7588, 8.96748, 49.78305],
							"lerp_mode": "catmullrom"
						},
						"6.5833": {
							"post": [-21.80021, -1.92924, 39.7835],
							"lerp_mode": "catmullrom"
						},
						"6.7083": {
							"post": [-11.32385, -8.47574, 19.6574],
							"lerp_mode": "catmullrom"
						},
						"6.875": {
							"post": [-2.77467, -6.47288, 5.91111],
							"lerp_mode": "catmullrom"
						},
						"6.9583": {
							"post": [-1.20016, -5.6579, 3.74312],
							"lerp_mode": "catmullrom"
						},
						"7.0833": {
							"post": [1.76605, -3.2563, 4.9369],
							"lerp_mode": "catmullrom"
						},
						"7.1667": {
							"post": [1.78811, -2.65564, 4.66491],
							"lerp_mode": "catmullrom"
						},
						"7.25": {
							"post": [0.8, -0.92, 3.05],
							"lerp_mode": "catmullrom"
						},
						"7.3333": {
							"post": [-0.30298, 0.34027, -1.56498],
							"lerp_mode": "catmullrom"
						},
						"7.4583": {
							"post": [0.2321, 0.0577, 2.25602],
							"lerp_mode": "catmullrom"
						},
						"7.6667": {
							"post": [0, 0, 0],
							"lerp_mode": "catmullrom"
						}
					},
					"position": {
						"0.0": {
							"post": [0, 0, 0],
							"lerp_mode": "catmullrom"
						},
						"0.1667": {
							"post": [-0.2, -0.31, 0],
							"lerp_mode": "catmullrom"
						},
						"0.2917": {
							"post": [-0.2, -0.81, 0],
							"lerp_mode": "catmullrom"
						},
						"0.4167": {
							"post": [-0.18, -0.4, 0],
							"lerp_mode": "catmullrom"
						},
						"0.5": {
							"post": [-0.14, 0.42, 0],
							"lerp_mode": "catmullrom"
						},
						"0.6667": {
							"post": [0, 2.8, 0],
							"lerp_mode": "catmullrom"
						},
						"0.75": {
							"post": [0, 3.3, 0],
							"lerp_mode": "catmullrom"
						},
						"0.9583": {
							"post": [0, 3, 0],
							"lerp_mode": "catmullrom"
						},
						"1.25": {
							"post": [0, 3.1, 0],
							"lerp_mode": "catmullrom"
						},
						"1.875": {
							"post": [0, 3.17, 0],
							"lerp_mode": "catmullrom"
						},
						"2.0": {
							"post": [-0.1, 3.37, 0],
							"lerp_mode": "catmullrom"
						},
						"2.5833": {
							"post": [-0.14, 3.53, -0.02],
							"lerp_mode": "catmullrom"
						},
						"2.75": {
							"post": [-0.1, 3.345, 0],
							"lerp_mode": "catmullrom"
						},
						"2.875": {
							"post": [0.4, 2.38, 0.23],
							"lerp_mode": "catmullrom"
						},
						"3.0": {
							"post": [1.875, -0.58, -0.855],
							"lerp_mode": "catmullrom"
						},
						"3.1667": {
							"post": [3.25, -1.13, -1.83],
							"lerp_mode": "catmullrom"
						},
						"3.4167": {
							"post": [5.905, 3.385, -1.83],
							"lerp_mode": "catmullrom"
						},
						"3.5": {
							"post": [7.58, 4.975, -1.83],
							"lerp_mode": "catmullrom"
						},
						"3.5833": {
							"post": [8.74, 4.71, -1.83],
							"lerp_mode": "catmullrom"
						},
						"3.7083": {
							"post": [8.8, 3.5, -1.83],
							"lerp_mode": "catmullrom"
						},
						"3.8333": {
							"post": [8.8, 3.4, -1.83],
							"lerp_mode": "catmullrom"
						},
						"3.9583": {
							"post": [8.925, 3.975, -1.83],
							"lerp_mode": "catmullrom"
						},
						"4.0417": {
							"post": [8.78, 4.07, -1.83],
							"lerp_mode": "catmullrom"
						},
						"4.2083": {
							"post": [8.85625, 4.0125, -1.83],
							"lerp_mode": "catmullrom"
						},
						"4.3333": {
							"post": [8.7175, 3.995, -1.83],
							"lerp_mode": "catmullrom"
						},
						"4.625": {
							"post": [8.585, 3.88125, -1.83],
							"lerp_mode": "catmullrom"
						},
						"5.9583": {
							"post": [8.8, 4.275, -1.83],
							"lerp_mode": "catmullrom"
						},
						"6.0417": {
							"post": [8.35, 3.77, -1.83],
							"lerp_mode": "catmullrom"
						},
						"6.1667": {
							"post": [8.55, 3.52, -1.83],
							"lerp_mode": "catmullrom"
						},
						"6.2083": {
							"post": [8.59, 3.6, -1.82],
							"lerp_mode": "catmullrom"
						},
						"6.25": {
							"post": [8.57, 3.89, -2.33],
							"lerp_mode": "catmullrom"
						},
						"6.3333": {
							"post": [8.59, 3.6, -1.82],
							"lerp_mode": "catmullrom"
						},
						"6.4583": {
							"post": [7.93, 2.62, -1.83],
							"lerp_mode": "catmullrom"
						},
						"6.625": {
							"post": [5.525, -1.04, -1.83],
							"lerp_mode": "catmullrom"
						},
						"6.75": {
							"post": [3.235, -5.1, -1.83],
							"lerp_mode": "catmullrom"
						},
						"6.9167": {
							"post": [2.36, -4.48, -1.83],
							"lerp_mode": "catmullrom"
						},
						"7.0833": {
							"post": [1.305, -1.125, -1.83],
							"lerp_mode": "catmullrom"
						},
						"7.2083": {
							"post": [0.79, 0.215, -1.83],
							"lerp_mode": "catmullrom"
						},
						"7.375": {
							"post": [0.125, -0.575, 0.275],
							"lerp_mode": "catmullrom"
						},
						"7.5": {
							"post": [0, -0.32875, -0.44],
							"lerp_mode": "catmullrom"
						},
						"7.625": {
							"post": [0, -0.02, 0.17],
							"lerp_mode": "catmullrom"
						},
						"7.7917": {
							"post": [0, 0, 0],
							"lerp_mode": "catmullrom"
						}
					}
				},
				"Bolt": {
					"position": {
						"3.9167": [0, 0, 0],
						"3.9583": {
							"pre": [0, 0, 5],
							"post": [0, 0, 5],
							"lerp_mode": "catmullrom"
						},
						"4.0": {
							"post": [0, 0, 4],
							"lerp_mode": "catmullrom"
						},
						"4.0417": [0, 0, 5],
						"6.2917": [0, 0, 5],
						"6.3333": [0, 0, 0]
					}
				},
				"hand_and_ammo": {
					"rotation": {
						"4.875": {
							"pre": [0, 0, 0],
							"post": [0, 0, 0],
							"lerp_mode": "catmullrom"
						},
						"5.2083": {
							"post": [-2.5, -2.5, 0],
							"lerp_mode": "catmullrom"
						},
						"5.5": {
							"post": [0, 0, 0],
							"lerp_mode": "catmullrom"
						}
					},
					"position": {
						"4.875": {
							"pre": [0, 0, 0],
							"post": [0, 0, 0],
							"lerp_mode": "catmullrom"
						},
						"5.2083": {
							"post": [0, 0.9, 0],
							"lerp_mode": "catmullrom"
						},
						"5.5": {
							"post": [0, 0, 0],
							"lerp_mode": "catmullrom"
						}
					}
				},
				"camera": {
					"rotation": {
						"0.0": {
							"post": [0, 0, 0],
							"lerp_mode": "catmullrom"
						},
						"0.25": {
							"post": [0.55, 0, 0],
							"lerp_mode": "catmullrom"
						},
						"0.6667": {
							"post": [-2.425, -0.25, -0.85],
							"lerp_mode": "catmullrom"
						},
						"0.7917": {
							"post": [-2.21, -0.31, -0.65],
							"lerp_mode": "catmullrom"
						},
						"1.0": {
							"post": [-2.895, -0.38, -0.86],
							"lerp_mode": "catmullrom"
						},
						"1.375": {
							"post": [-2.455, -0.25, -0.85],
							"lerp_mode": "catmullrom"
						},
						"1.75": {
							"post": [4.925, 3.15, -1.425],
							"lerp_mode": "catmullrom"
						},
						"2.0833": {
							"post": [6.075, 3.65, -1.425],
							"lerp_mode": "catmullrom"
						},
						"2.75": {
							"post": [6.075, 3.85, -1.35],
							"lerp_mode": "catmullrom"
						},
						"3.125": {
							"post": [1.525, 0, 0],
							"lerp_mode": "catmullrom"
						},
						"3.4167": {
							"post": [0.955, -1.9, 1.35],
							"lerp_mode": "catmullrom"
						},
						"3.625": {
							"post": [1.64, -1.97, 1.74],
							"lerp_mode": "catmullrom"
						},
						"3.75": {
							"post": [2.11, -1.9, 2.025],
							"lerp_mode": "catmullrom"
						},
						"3.875": {
							"post": [1.665, -1.83, 1.515],
							"lerp_mode": "catmullrom"
						},
						"3.9583": {
							"post": [4, -1.83, 1.51],
							"lerp_mode": "catmullrom"
						},
						"4.0": {
							"post": [8, -1.38, 1.52],
							"lerp_mode": "catmullrom"
						},
						"4.0417": {
							"post": [1, -0.73, 1.53],
							"lerp_mode": "catmullrom"
						},
						"4.125": {
							"post": [3, 0.86, 1.55],
							"lerp_mode": "catmullrom"
						},
						"4.2917": {
							"post": [2.91, 2.16, 1.61],
							"lerp_mode": "catmullrom"
						},
						"4.3333": {
							"post": [2.91, -2, 1.61],
							"lerp_mode": "catmullrom"
						},
						"4.375": {
							"post": [2.77, -0.29, 1.64],
							"lerp_mode": "catmullrom"
						},
						"4.4583": {
							"post": [2.59, -3.08, 1.69],
							"lerp_mode": "catmullrom"
						},
						"4.625": {
							"post": [2.14, -4.475, 1.85],
							"lerp_mode": "catmullrom"
						},
						"4.75": {
							"post": [2.14, -3.275, 1.85],
							"lerp_mode": "catmullrom"
						},
						"4.9167": {
							"post": [3.62, 0.03, 2.02],
							"lerp_mode": "catmullrom"
						},
						"5.875": {
							"post": [4.475, 0.37, 1.715],
							"lerp_mode": "catmullrom"
						},
						"5.9167": {
							"post": [5, 0.49, 2.065],
							"lerp_mode": "catmullrom"
						},
						"5.9583": {
							"post": [3.85, 0.68, 2],
							"lerp_mode": "catmullrom"
						},
						"6.0417": {
							"post": [2.415, 0.62, 1.75],
							"lerp_mode": "catmullrom"
						},
						"6.2083": {
							"post": [1.46, -3.3, 1.675],
							"lerp_mode": "catmullrom"
						},
						"6.2917": {
							"post": [3.38, -2.91, 1.35],
							"lerp_mode": "catmullrom"
						},
						"6.3333": {
							"post": [-1, -2.91, 1.35],
							"lerp_mode": "catmullrom"
						},
						"6.375": {
							"post": [3.38, -2.91, 1.35],
							"lerp_mode": "catmullrom"
						},
						"6.875": {
							"post": [-1.3, 0, -0.775],
							"lerp_mode": "catmullrom"
						},
						"7.0833": {
							"post": [-1.3, 0, 0],
							"lerp_mode": "catmullrom"
						},
						"7.2083": {
							"post": [-0.15, 0, 0.15],
							"lerp_mode": "catmullrom"
						},
						"7.3333": {
							"post": [0.48, 0, 0.6],
							"lerp_mode": "catmullrom"
						},
						"7.4583": {
							"post": [-0.22, 0, -0.525],
							"lerp_mode": "catmullrom"
						},
						"7.625": {
							"post": [0, 0, 0],
							"lerp_mode": "catmullrom"
						}
					}
				},
				"mag_and_lh": {
					"rotation": {
						"4.875": {
							"pre": [0, 0, 0],
							"post": [0, 0, 0],
							"lerp_mode": "catmullrom"
						},
						"5.2083": {
							"post": [-2.5, -2.5, 0],
							"lerp_mode": "catmullrom"
						},
						"5.5": {
							"post": [0, 0, 0],
							"lerp_mode": "catmullrom"
						}
					},
					"position": {
						"4.875": {
							"pre": [0, 0, 0],
							"post": [0, 0, 0],
							"lerp_mode": "catmullrom"
						},
						"5.2083": {
							"post": [0, 0.9, 0],
							"lerp_mode": "catmullrom"
						},
						"5.5": {
							"post": [0, 0, 0],
							"lerp_mode": "catmullrom"
						}
					}
				},
				"mag_and_bullet": {
					"rotation": {
						"3.9583": [0, 0, 0],
						"4.0": [0, 40, 0],
						"4.375": [0, 393, 0],
						"4.4167": [0, 390, 0],
						"4.5833": [0, 390, 0],
						"4.6667": [0, 379.29, 0],
						"4.7917": [0, 363.22, 0],
						"4.875": [0, 352.5, 0],
						"5.5": [0, 352.5, 0],
						"5.7917": [-15, 360, 0],
						"5.8333": [-15, 360, 0],
						"5.9167": [-22.5, 360, 0],
						"6.0": [0, 360, 0]
					},
					"position": {
						"3.9167": [0, 0, 0],
						"3.9583": [0, 0, 5],
						"4.0": [-4, 0, 5],
						"4.2917": [-6, -6, 5],
						"4.4167": [-6, -6, 5],
						"4.5833": [-3, -5, 4.7],
						"4.6667": [-3.57, -5.17, 5.19],
						"4.7917": [-3.43, -2.07, 4.48],
						"4.875": [-5, 0.5, 4],
						"5.5": [-5, 0.5, 4],
						"5.7917": [-1.13, 0.24, 3.77],
						"5.8333": [-0.3, 1.2, 4],
						"5.9167": [-0.3, 0.2, 4],
						"6.0": [0, 0, 5],
						"6.1667": [0, 0, 5],
						"6.2083": [0, 0, 0]
					}
				},
				"Ammo": {
					"rotation": {
						"3.9583": [0, 0, 0],
						"4.0": [0, 40, 0],
						"4.375": [0, 393, 0],
						"4.4167": [0, 390, 0],
						"4.5833": [0, 390, 0],
						"4.6667": [0, 379.29, 0],
						"4.7917": [0, 363.22, 0],
						"4.875": [0, 352.5, 0],
						"5.5": [0, 352.5, 0],
						"5.7917": [-15, 360, 0],
						"5.8333": [-15, 360, 0],
						"5.9167": [-22.5, 360, 0],
						"6.0": [0, 360, 0]
					},
					"position": {
						"3.9167": [0, 0, 0],
						"3.9583": [0, 0, 5],
						"4.0": [-4, 0, 5],
						"4.2917": [-6, -6, 5],
						"4.4167": [-6, -6, 5],
						"4.5833": [-3, -5, 4.7],
						"4.6667": [-3.57, -5.17, 5.19],
						"4.7917": [-3.43, -2.07, 4.48],
						"4.875": [-5, 0.5, 4],
						"5.5": [-5, 0.5, 4],
						"5.7917": [-1.13, 0.24, 3.77],
						"5.8333": [-0.3, 1.2, 4],
						"5.9167": [-0.3, 0.2, 4],
						"6.0": [0, 0, 5],
						"6.2917": [0, 0, 5],
						"6.3333": [0, 0, 0]
					}
				}
			},
			"sound_effects": {
				"0.0833": {
					"effect": "emxmors:emx_morsmk1/p35_sn_moscar_inspect_mvmt_01"
				},
				"2.9167": {
					"effect": "emxmors:emx_morsmk1/p35_sn_moscar_inspect_mvmt_02"
				},
				"3.875": {
					"effect": "emxmors:emx_morsmk1/p35_sn_moscar_raise_first_boltclose_01"
				},
				"4.3333": {
					"effect": "emxmors:emx_morsmk1/p35_sn_moscar_inspect_shoulder_01"
				},
				"5.8333": {
					"effect": "emxmors:emx_morsmk1/ammo_clipin"
				},
				"6.25": {
					"effect": "emxmors:emx_morsmk1/p35_sn_moscar_reload_bolt_close_02"
				},
				"6.875": {
					"effect": "emxmors:emx_morsmk1/p35_sn_moscar_inspect_mvmt_06"
				}
			}
		},
		"inspect_empty": {
			"animation_length": 6.875,
			"bones": {
				"righthand": {
					"rotation": [101.2139, -323.71163, -174.99863],
					"position": [-6.85, -15.24687, 9.99375],
					"scale": [1, 1.5, 1]
				},
				"refit_view": {
					"position": [0, -1, 11]
				},
				"constraint": {
					"rotation": [0.2, 0.2, 0.2],
					"position": [0.2, 0.2, 0.2]
				},
				"lefthand": {
					"rotation": {
						"0.0": [107.69108, -32.75736, -156.00452],
						"0.25": [107.69108, -32.75736, -156.00452],
						"0.4167": [126.98641, -40.98024, -163.13634],
						"2.75": [126.98641, -40.98024, -163.13634],
						"3.0": [126.98641, -40.98024, -163.13634],
						"3.125": [110.94479, -42.52199, -181.08148],
						"4.8333": [110.94479, -42.52199, -181.08148],
						"5.1667": [107.69108, -32.75736, -156.00452]
					},
					"position": {
						"0.0": [8.2, -13.65, -4.45],
						"0.25": [8.2, -13.65, -0.45],
						"0.4167": [8.2, -13.65, -0.45],
						"2.75": [8.2, -13.65, -0.45],
						"3.0": [8.2, -13.65, -0.45],
						"3.125": [8.2, -13.65, -0.45],
						"4.8333": [8.2, -13.65, -0.45],
						"5.1667": [8.2, -13.65, -4.45]
					},
					"scale": [1, 1.5, 1]
				},
				"root": {
					"rotation": {
						"0.0": {
							"post": [0, 0, 0],
							"lerp_mode": "catmullrom"
						},
						"0.1667": {
							"post": [-1.38509, -1.24434, 4.29497],
							"lerp_mode": "catmullrom"
						},
						"0.25": {
							"post": [-1.39, -1.24, 4.29],
							"lerp_mode": "catmullrom"
						},
						"0.4167": {
							"post": [-3.91, -4.41, -2.02],
							"lerp_mode": "catmullrom"
						},
						"0.6667": {
							"post": [-10.80252, -12.68944, -19.80615],
							"lerp_mode": "catmullrom"
						},
						"0.875": {
							"post": [-11.67934, -12.73253, -20.88586],
							"lerp_mode": "catmullrom"
						},
						"1.0": {
							"post": [-10.42561, -13.0448, -21.82949],
							"lerp_mode": "catmullrom"
						},
						"1.2083": {
							"post": [-10.56428, -12.85979, -20.82188],
							"lerp_mode": "catmullrom"
						},
						"1.875": {
							"post": [-10.39, -12.99, -21.57],
							"lerp_mode": "catmullrom"
						},
						"2.0417": {
							"post": [-10.9146, -13.35759, -23.13092],
							"lerp_mode": "catmullrom"
						},
						"2.2917": {
							"post": [-10.25634, -13.50926, -24.0715],
							"lerp_mode": "catmullrom"
						},
						"2.6667": {
							"post": [-10.31, -13.4275, -24.0075],
							"lerp_mode": "catmullrom"
						},
						"2.75": {
							"post": [-10.01823, -12.01652, -22.39677],
							"lerp_mode": "catmullrom"
						},
						"3.0": {
							"post": [-6.0733, -2.55567, -8.68449],
							"lerp_mode": "catmullrom"
						},
						"3.1667": {
							"post": [-3.30816, -6.55161, -3.15758],
							"lerp_mode": "catmullrom"
						},
						"3.2917": {
							"post": [-11.99539, -6.2465, 14.78107],
							"lerp_mode": "catmullrom"
						},
						"3.4167": {
							"post": [-24.07317, -0.97391, 28.22222],
							"lerp_mode": "catmullrom"
						},
						"3.5833": {
							"post": [-32.28365, 5.59754, 44.62545],
							"lerp_mode": "catmullrom"
						},
						"3.7083": {
							"post": [-32.44664, 5.36815, 46.1821],
							"lerp_mode": "catmullrom"
						},
						"3.75": {
							"post": [-31.38661, 6.16105, 47.33802],
							"lerp_mode": "catmullrom"
						},
						"3.9167": {
							"post": [-31.60382, 7.93459, 52.29084],
							"lerp_mode": "catmullrom"
						},
						"4.8333": {
							"post": [-32.7588, 8.96748, 49.78305],
							"lerp_mode": "catmullrom"
						},
						"5.0": {
							"post": [-21.80021, -1.92924, 39.7835],
							"lerp_mode": "catmullrom"
						},
						"5.125": {
							"post": [-11.32385, -8.47574, 19.6574],
							"lerp_mode": "catmullrom"
						},
						"5.2917": {
							"post": [-2.77467, -6.47288, 5.91111],
							"lerp_mode": "catmullrom"
						},
						"5.375": {
							"post": [-1.20016, -5.6579, 3.74312],
							"lerp_mode": "catmullrom"
						},
						"5.5": {
							"post": [1.76605, -3.2563, 4.9369],
							"lerp_mode": "catmullrom"
						},
						"5.5833": {
							"post": [1.78811, -2.65564, 4.66491],
							"lerp_mode": "catmullrom"
						},
						"5.6667": {
							"post": [0.8, -0.92, 3.05],
							"lerp_mode": "catmullrom"
						},
						"5.75": {
							"post": [-0.30298, 0.34027, -1.56498],
							"lerp_mode": "catmullrom"
						},
						"5.875": {
							"post": [0.2321, 0.0577, 2.25602],
							"lerp_mode": "catmullrom"
						},
						"6.0833": {
							"post": [0, 0, 0],
							"lerp_mode": "catmullrom"
						}
					},
					"position": {
						"0.0": {
							"post": [0, 0, 0],
							"lerp_mode": "catmullrom"
						},
						"0.1667": {
							"post": [-0.2, -0.31, 0],
							"lerp_mode": "catmullrom"
						},
						"0.2917": {
							"post": [-0.2, -0.81, 0],
							"lerp_mode": "catmullrom"
						},
						"0.4167": {
							"post": [-0.18, -0.4, 0],
							"lerp_mode": "catmullrom"
						},
						"0.5": {
							"post": [-0.14, 0.42, 0],
							"lerp_mode": "catmullrom"
						},
						"0.6667": {
							"post": [0, 2.8, 0],
							"lerp_mode": "catmullrom"
						},
						"0.75": {
							"post": [0, 3.3, 0],
							"lerp_mode": "catmullrom"
						},
						"0.9583": {
							"post": [0, 3, 0],
							"lerp_mode": "catmullrom"
						},
						"1.25": {
							"post": [0, 3.1, 0],
							"lerp_mode": "catmullrom"
						},
						"1.875": {
							"post": [0, 3.17, 0],
							"lerp_mode": "catmullrom"
						},
						"2.0": {
							"post": [-0.1, 3.37, 0],
							"lerp_mode": "catmullrom"
						},
						"2.5833": {
							"post": [-0.14, 3.53, -0.02],
							"lerp_mode": "catmullrom"
						},
						"2.75": {
							"post": [-0.1, 3.345, 0],
							"lerp_mode": "catmullrom"
						},
						"2.875": {
							"post": [0.4, 2.38, 0.23],
							"lerp_mode": "catmullrom"
						},
						"3.0": {
							"post": [1.875, -0.58, -0.855],
							"lerp_mode": "catmullrom"
						},
						"3.1667": {
							"post": [3.25, -1.13, -1.83],
							"lerp_mode": "catmullrom"
						},
						"3.4167": {
							"post": [5.905, 3.385, -1.83],
							"lerp_mode": "catmullrom"
						},
						"3.5": {
							"post": [7.58, 4.975, -1.83],
							"lerp_mode": "catmullrom"
						},
						"3.5833": {
							"post": [8.74, 4.71, -1.83],
							"lerp_mode": "catmullrom"
						},
						"3.7083": {
							"post": [8.8, 3.5, -1.83],
							"lerp_mode": "catmullrom"
						},
						"3.8333": {
							"post": [8.8, 3.4, -1.83],
							"lerp_mode": "catmullrom"
						},
						"3.9583": {
							"post": [8.925, 3.975, -1.83],
							"lerp_mode": "catmullrom"
						},
						"4.75": {
							"post": [8.55, 3.55, -1.83],
							"lerp_mode": "catmullrom"
						},
						"4.875": {
							"post": [7.93, 2.62, -1.83],
							"lerp_mode": "catmullrom"
						},
						"5.0417": {
							"post": [5.525, -1.04, -1.83],
							"lerp_mode": "catmullrom"
						},
						"5.1667": {
							"post": [3.235, -5.1, -1.83],
							"lerp_mode": "catmullrom"
						},
						"5.3333": {
							"post": [2.36, -4.48, -1.83],
							"lerp_mode": "catmullrom"
						},
						"5.5": {
							"post": [1.305, -1.125, -1.83],
							"lerp_mode": "catmullrom"
						},
						"5.625": {
							"post": [0.79, 0.215, -1.83],
							"lerp_mode": "catmullrom"
						},
						"5.7917": {
							"post": [0.125, -0.575, 0.275],
							"lerp_mode": "catmullrom"
						},
						"5.9167": {
							"post": [0, -0.32875, -0.44],
							"lerp_mode": "catmullrom"
						},
						"6.0417": {
							"post": [0, -0.02, 0.17],
							"lerp_mode": "catmullrom"
						},
						"6.2083": {
							"post": [0, 0, 0],
							"lerp_mode": "catmullrom"
						}
					}
				},
				"Bolt": {
					"position": [0, 0, 5]
				},
				"camera": {
					"rotation": {
						"0.0": {
							"post": [0, 0, 0],
							"lerp_mode": "catmullrom"
						},
						"0.25": {
							"post": [0.55, 0, 0],
							"lerp_mode": "catmullrom"
						},
						"0.6667": {
							"post": [-2.425, -0.25, -0.85],
							"lerp_mode": "catmullrom"
						},
						"0.7917": {
							"post": [-2.21, -0.31, -0.65],
							"lerp_mode": "catmullrom"
						},
						"1.0": {
							"post": [-2.895, -0.38, -0.86],
							"lerp_mode": "catmullrom"
						},
						"1.375": {
							"post": [-2.455, -0.25, -0.85],
							"lerp_mode": "catmullrom"
						},
						"1.75": {
							"post": [4.925, 3.15, -1.425],
							"lerp_mode": "catmullrom"
						},
						"2.0833": {
							"post": [6.075, 3.65, -1.425],
							"lerp_mode": "catmullrom"
						},
						"2.75": {
							"post": [6.075, 3.85, -1.35],
							"lerp_mode": "catmullrom"
						},
						"3.125": {
							"post": [1.525, 0, 0],
							"lerp_mode": "catmullrom"
						},
						"3.4167": {
							"post": [0.955, -1.9, 1.35],
							"lerp_mode": "catmullrom"
						},
						"3.625": {
							"post": [1.64, -1.97, 1.74],
							"lerp_mode": "catmullrom"
						},
						"3.75": {
							"post": [2.11, -1.9, 2.025],
							"lerp_mode": "catmullrom"
						},
						"3.875": {
							"post": [1.665, -1.83, 1.515],
							"lerp_mode": "catmullrom"
						},
						"4.0833": {
							"post": [2.14, -1.975, 1.85],
							"lerp_mode": "catmullrom"
						},
						"4.25": {
							"post": [3.62, -2.97, 2.02],
							"lerp_mode": "catmullrom"
						},
						"4.4583": {
							"post": [4.475, -4.13, 1.715],
							"lerp_mode": "catmullrom"
						},
						"4.5417": {
							"post": [4.405, -4.01, 2.065],
							"lerp_mode": "catmullrom"
						},
						"4.6667": {
							"post": [2.415, -3.88, 1.75],
							"lerp_mode": "catmullrom"
						},
						"4.8333": {
							"post": [1.46, -3.3, 1.675],
							"lerp_mode": "catmullrom"
						},
						"5.1667": {
							"post": [1.11, 0, 0],
							"lerp_mode": "catmullrom"
						},
						"5.5": {
							"post": [-1.3, 0, -0.775],
							"lerp_mode": "catmullrom"
						},
						"5.7083": {
							"post": [-1.3, 0, 0],
							"lerp_mode": "catmullrom"
						},
						"5.8333": {
							"post": [-0.15, 0, 0.15],
							"lerp_mode": "catmullrom"
						},
						"5.9583": {
							"post": [0.48, 0, 0.6],
							"lerp_mode": "catmullrom"
						},
						"6.0833": {
							"post": [-0.22, 0, -0.525],
							"lerp_mode": "catmullrom"
						},
						"6.25": {
							"post": [0, 0, 0],
							"lerp_mode": "catmullrom"
						}
					}
				},
				"mag_and_bullet": {
					"scale": 0
				},
				"Ammo": {
					"scale": 0
				}
			},
			"sound_effects": {
				"0.0833": {
					"effect": "emxmors:emx_morsmk1/p35_sn_moscar_inspect_mvmt_01"
				},
				"2.9167": {
					"effect": "emxmors:emx_morsmk1/p35_sn_moscar_inspect_mvmt_02"
				},
				"5.2917": {
					"effect": "emxmors:emx_morsmk1/p35_sn_moscar_inspect_mvmt_06"
				}
			}
		}
	}
}