{
	"format_version": "1.8.0",
	"animations": {
		"static_idle": {
			"animation_length": 0.1,
			"bones": {
				"lefthand": {
					"rotation": [107.69108, -32.75736, -156.00452],
					"position": [8.2, -13.65, -4.45],
					"scale": [1, 1.5, 1]
				},
				"righthand": {
					"rotation": [89.49625, 6.99973, -180.06139],
					"position": [-6.85, -14.075, 8.775],
					"scale": [1, 1.5, 1]
				},
				"refit_view": {
					"position": [0, -1, 11]
				},
				"constraint": {
					"rotation": [0.2, 0.2, 0.2],
					"position": [0.2, 0.2, 0.2]
				}
			}
		},
		"static_bolt_caught": {
			"loop": true,
			"bones": {
				"bolt": {
					"position": [0, 0, 0]
				},
				"bullet": {
					"scale": 0
				}
			}
		},
		"draw": {
			"animation_length": 1.3667,
			"bones": {
				"lefthand": {
					"rotation": [107.69108, -32.75736, -156.00452],
					"position": [8.2, -13.65, -4.45],
					"scale": [1, 1.5, 1]
				},
				"righthand": {
					"rotation": [89.49625, 6.99973, -180.06139],
					"position": [-6.85, -14.075, 8.775],
					"scale": [1, 1.5, 1]
				},
				"root": {
					"rotation": {
						"0.0": [-106.51189, -22.48392, 9.41779],
						"0.2333": [-52.59389, -13.40941, -2.66565],
						"0.3333": [-35.13359, -5.12707, 0.31771],
						"0.4333": [-12.90997, -6.50028, -7.19254],
						"0.5": [-4.36769, -5.14555, 0.4584],
						"0.5333": [-3.78864, -5.08234, -2.86114],
						"0.6333": {
							"pre": [-0.94724, -3.20987, 0.9386],
							"post": [-0.94724, -3.20987, 0.9386],
							"lerp_mode": "catmullrom"
						},
						"0.8667": {
							"post": [-1.95, -0.44, -1.31],
							"lerp_mode": "catmullrom"
						},
						"0.9333": {
							"post": [-2.0016, 0.01741, -1.49817],
							"lerp_mode": "catmullrom"
						},
						"1.0333": {
							"post": [0.3296, -0.02576, 2.32998],
							"lerp_mode": "catmullrom"
						},
						"1.1333": {
							"post": [0, 0, 2],
							"lerp_mode": "catmullrom"
						},
						"1.3": {
							"post": [0, 0, 0],
							"lerp_mode": "catmullrom"
						},
						"1.3667": {
							"post": [0, 0, 0],
							"lerp_mode": "catmullrom"
						}
					},
					"position": {
						"0.0": [-17, -31, 15],
						"0.2": [-6.05, -11.1, 4.67],
						"0.3333": {
							"pre": [-0.5, -2.7, 1.9],
							"post": [-0.5, -2.7, 1.9],
							"lerp_mode": "catmullrom"
						},
						"0.5": {
							"post": [0.01, -3.42, -0.41],
							"lerp_mode": "catmullrom"
						},
						"0.5333": {
							"post": [-0.04, -3.95, 0.36],
							"lerp_mode": "catmullrom"
						},
						"0.6333": {
							"post": [-0.02, -3.15, 1.76],
							"lerp_mode": "catmullrom"
						},
						"0.8667": {
							"post": [0, -1.01, -0.25],
							"lerp_mode": "catmullrom"
						},
						"0.9333": {
							"post": [0, -0.6, -0.5],
							"lerp_mode": "catmullrom"
						},
						"1.0333": {
							"post": [0, -0.08, 1.26],
							"lerp_mode": "catmullrom"
						},
						"1.1": {
							"post": [0, -0.19, 0.51],
							"lerp_mode": "catmullrom"
						},
						"1.2333": {
							"post": [0, 0, 0],
							"lerp_mode": "catmullrom"
						},
						"1.3667": {
							"post": [0, 0, 0],
							"lerp_mode": "catmullrom"
						}
					}
				},
				"camera": {
					"rotation": {
						"0.0": {
							"post": [0, 0, 0],
							"lerp_mode": "catmullrom"
						},
						"0.1667": {
							"post": [0.45, -0.175, 0.6],
							"lerp_mode": "catmullrom"
						},
						"0.4": {
							"post": [-0.1, 0.05, -0.175],
							"lerp_mode": "catmullrom"
						},
						"0.5": {
							"post": [0.05, 0, 0.05],
							"lerp_mode": "catmullrom"
						},
						"0.6667": {
							"post": [0, 0, 0],
							"lerp_mode": "catmullrom"
						}
					}
				}
			},
			"sound_effects": {
				"0.0667": {
					"effect": "emxarms:emx_pmg90/p05_ar_schotel_reload_raise"
				}
			}
		},
		"put_away": {
			"animation_length": 0.9,
			"bones": {
				"lefthand": {
					"rotation": {
						"0.0": [107.69108, -32.75736, -156.00452],
						"0.1333": [169.13843, 3.15772, -219.72112],
						"0.2667": [168.76095, 1.2363, -229.54249]
					},
					"position": {
						"0.0": [8.2, -13.65, -4.45],
						"0.0667": [8.66185, -10.53957, -1.25509],
						"0.1333": [8.08317, -8.39052, 0.52034],
						"0.2667": [8.08317, -8.39052, 0.52034]
					},
					"scale": [1, 1.5, 1]
				},
				"righthand": {
					"rotation": {
						"0.0": [89.49625, -323.7116, -174.9986],
						"0.1": [101.2139, -323.71163, -174.99863],
						"0.3": [99.92205, -324.96551, -168.50279],
						"0.5667": [101.48941, -375.72158, -1.01416],
						"0.6667": [134.2185, -345.09581, -33.36169],
						"0.8667": [131.93942, -347.49859, -38.54941]
					},
					"position": {
						"0.0": [-6.85, -14.075, 8.775],
						"0.1": [-6.4, -14.425, 2],
						"0.3": [-9.38656, -8.07425, 7.05538],
						"0.3667": [-4.83735, -3.87436, 7.75939],
						"0.4667": [-2.14866, -7.06411, 1.38744],
						"0.5667": [-2.36662, -9.54845, -4.43353],
						"0.6667": [-3.50353, -7.0548, -5.75069],
						"0.8667": [-3.34854, -8.15579, -8.65617]
					},
					"scale": [1, 1.5, 1]
				},
				"root": {
					"rotation": {
						"0.0": {
							"post": [0, 0, 0],
							"lerp_mode": "catmullrom"
						},
						"0.1667": {
							"post": [-4.53, -1.25, -1.42],
							"lerp_mode": "catmullrom"
						},
						"0.3333": {
							"post": [-27.15, -7.52, -8.53],
							"lerp_mode": "catmullrom"
						},
						"0.4333": {
							"post": [-40.73045, -11.28181, -12.80042],
							"lerp_mode": "catmullrom"
						},
						"0.5333": {
							"post": [-51.25268, -7.98916, -16.98839],
							"lerp_mode": "catmullrom"
						},
						"0.6667": {
							"post": [-59.1046, 20.10068, 0.608],
							"lerp_mode": "catmullrom"
						},
						"0.7667": {
							"post": [-67.12, 33.68, 8.77],
							"lerp_mode": "catmullrom"
						},
						"0.8667": {
							"post": [-74.38, 35.33, 10.02],
							"lerp_mode": "catmullrom"
						}
					},
					"position": {
						"0.0": {
							"post": [0, 0, 0],
							"lerp_mode": "catmullrom"
						},
						"0.1667": {
							"post": [-0.38, -0.89, 0.09],
							"lerp_mode": "catmullrom"
						},
						"0.3333": {
							"post": [-1.325, -1.5, 0.28],
							"lerp_mode": "catmullrom"
						},
						"0.4333": {
							"post": [-1.95, -2.9, 1.95],
							"lerp_mode": "catmullrom"
						},
						"0.5333": {
							"post": [-2.2, -4.555, 4.37],
							"lerp_mode": "catmullrom"
						},
						"0.7": {
							"post": [-4.7, -8.48, 7.94],
							"lerp_mode": "catmullrom"
						},
						"0.8667": {
							"post": [-7.59, -13.82, 14.07],
							"lerp_mode": "catmullrom"
						}
					}
				},
				"camera": {
					"rotation": {
						"0.0": {
							"post": [0, 0, 0],
							"lerp_mode": "catmullrom"
						},
						"0.1333": {
							"post": [0.35, 0.025, -0.225],
							"lerp_mode": "catmullrom"
						},
						"0.3": {
							"post": [0.1, 0.025, 0.075],
							"lerp_mode": "catmullrom"
						},
						"0.4333": {
							"post": [0, 0, 0],
							"lerp_mode": "catmullrom"
						}
					}
				}
			},
			"sound_effects": {
				"0.0": {
					"effect": "emxarms:emx_pmg90/p05_ar_schotel_ubgl_drop_rattle"
				}
			}
		},
		"reload_tactical": {
			"animation_length": 1.5417,
			"bones": {
				"root": {
					"rotation": {
						"0.0": [0, 0, 0],
						"0.2917": {
							"pre": [5, 0, 0],
							"post": [5, 0, 0],
							"lerp_mode": "catmullrom"
						},
						"0.375": {
							"post": [5, 0, 0],
							"lerp_mode": "catmullrom"
						},
						"0.4583": {
							"post": [-1, 0, 0],
							"lerp_mode": "catmullrom"
						},
						"0.625": {
							"post": [-15.00596, -5.12539, -21.93804],
							"lerp_mode": "catmullrom"
						},
						"0.7917": {
							"post": [-15.11368, -7.5677, -21.40056],
							"lerp_mode": "catmullrom"
						},
						"0.875": {
							"post": [-15.11368, -7.5677, -21.40056],
							"lerp_mode": "catmullrom"
						},
						"1.0": {
							"post": [-15.11368, -7.5677, -21.40056],
							"lerp_mode": "catmullrom"
						},
						"1.1667": {
							"post": [-12.61368, -7.5677, -21.40056],
							"lerp_mode": "catmullrom"
						},
						"1.2083": {
							"post": [-12.51, -5.13, -21.94],
							"lerp_mode": "catmullrom"
						},
						"1.4583": {
							"post": [0, 0, 0],
							"lerp_mode": "catmullrom"
						}
					},
					"position": {
						"0.0": [0, 0, 0],
						"0.2917": {
							"pre": [0, 2, 0],
							"post": [0, 2, 0],
							"lerp_mode": "catmullrom"
						},
						"0.375": {
							"post": [0, -1, 0],
							"lerp_mode": "catmullrom"
						},
						"0.4583": {
							"post": [0, 0, 0],
							"lerp_mode": "catmullrom"
						},
						"0.625": {
							"post": [0, 2, 0],
							"lerp_mode": "catmullrom"
						},
						"0.6667": {
							"post": [0, 2.06, 0],
							"lerp_mode": "catmullrom"
						},
						"0.7917": {
							"post": [0, 2, 0],
							"lerp_mode": "catmullrom"
						},
						"0.875": {
							"post": [0, 2, 0],
							"lerp_mode": "catmullrom"
						},
						"1.0": {
							"post": [0, 2, 0],
							"lerp_mode": "catmullrom"
						},
						"1.1667": {
							"post": [0, 2, 0],
							"lerp_mode": "catmullrom"
						},
						"1.2083": {
							"post": [0, 2.5, 0],
							"lerp_mode": "catmullrom"
						},
						"1.2917": {
							"post": [0, 2, 0],
							"lerp_mode": "catmullrom"
						},
						"1.4583": {
							"post": [0, 0, 0],
							"lerp_mode": "catmullrom"
						}
					},
					"scale": {
						"0.0": [1, 1, 1],
						"1.4583": {
							"pre": [1, 1, 1],
							"post": [1, 1, 1],
							"lerp_mode": "catmullrom"
						}
					}
				},
				"lefthand": {
					"rotation": {
						"0.0": [107.69108, -32.75736, -156.00452],
						"0.125": [107.69108, -32.75736, -156.00452],
						"0.2917": [160.19108, -32.75736, -156.00452],
						"0.5417": [160.19108, -32.75736, -156.00452],
						"0.875": {
							"pre": [83.05507, -17.9289, -126.70761],
							"post": [83.05507, -17.9289, -126.70761],
							"lerp_mode": "catmullrom"
						},
						"0.9167": {
							"post": [78.06, -17.93, -126.71],
							"lerp_mode": "catmullrom"
						},
						"0.9583": {
							"post": [77.06, -17.93, -126.71],
							"lerp_mode": "catmullrom"
						},
						"1.0": {
							"post": [104.59182, -13.93111, -205.74501],
							"lerp_mode": "catmullrom"
						},
						"1.0417": {
							"post": [94.73193, -5.0213, -198.2485],
							"lerp_mode": "catmullrom"
						},
						"1.0833": {
							"post": [95.11629, -0.84083, -186.07455],
							"lerp_mode": "catmullrom"
						},
						"1.1667": {
							"post": [95.13093, -3.82801, -186.3382],
							"lerp_mode": "catmullrom"
						},
						"1.25": {
							"post": [95.11671, 1.15457, -185.89016],
							"lerp_mode": "catmullrom"
						},
						"1.5417": [107.69108, -32.75736, -156.00452]
					},
					"position": {
						"0.0": [8.2, -13.65, -4.45],
						"0.125": [8.2, -13.65, -4.45],
						"0.2917": [12.2, -18.65, 5.55],
						"0.5417": [9.2, -28.65, 2.55],
						"0.875": {
							"pre": [8.2, -33.65, 0.55],
							"post": [8.2, -33.65, 0.55],
							"lerp_mode": "catmullrom"
						},
						"0.9167": {
							"post": [8.2, -31.65, 0.55],
							"lerp_mode": "catmullrom"
						},
						"0.9583": {
							"post": [7.6375, -29.65, 0.55],
							"lerp_mode": "catmullrom"
						},
						"1.0": {
							"post": [7.64, -26.65, 0.55],
							"lerp_mode": "catmullrom"
						},
						"1.0417": {
							"post": [7.64, -23.9, 2.675],
							"lerp_mode": "catmullrom"
						},
						"1.0833": {
							"post": [6.89, -21.7125, 1.3675],
							"lerp_mode": "catmullrom"
						},
						"1.125": {
							"post": [6.89, -20.3975, 1.37],
							"lerp_mode": "catmullrom"
						},
						"1.1667": {
							"post": [6.89, -18.9, 1.37],
							"lerp_mode": "catmullrom"
						},
						"1.25": {
							"post": [6.89, -17.775, 1.37],
							"lerp_mode": "catmullrom"
						},
						"1.3333": {
							"post": [7.02, -21.31, 0.79],
							"lerp_mode": "catmullrom"
						},
						"1.4167": {
							"post": [8.47, -18.99, -1.22],
							"lerp_mode": "catmullrom"
						},
						"1.5417": {
							"post": [8.2, -13.65, -4.45],
							"lerp_mode": "catmullrom"
						}
					},
					"scale": {
						"0.0": [1, 1.5, 1],
						"1.5417": {
							"pre": [1, 1.5, 1],
							"post": [1, 1.5, 1],
							"lerp_mode": "catmullrom"
						}
					}
				},
				"mag_and_bullet": {
					"rotation": {
						"0.0": [0, 0, 0],
						"0.2917": [0, 0, 0],
						"0.5": [0, 0, 0],
						"0.875": [0, 0, 0],
						"0.9583": [0, 0, 0],
						"1.0833": {
							"pre": [0, 0, 0],
							"post": [0, 0, 0],
							"lerp_mode": "catmullrom"
						},
						"1.125": {
							"post": [-5.5236, -1.71158, -2.68009],
							"lerp_mode": "catmullrom"
						},
						"1.1667": {
							"post": [0, 0, 0],
							"lerp_mode": "catmullrom"
						},
						"1.2917": [0, 0, 0]
					},
					"position": {
						"0.0": [0, 0, 0],
						"0.2917": [0, 0, 0],
						"0.375": [0, -7, 0],
						"0.4583": [0, -17, 0],
						"0.875": [0, -17, 0],
						"1.0": {
							"pre": [0, -10, 0],
							"post": [0, -10, 0],
							"lerp_mode": "catmullrom"
						},
						"1.0417": {
							"post": [0, -7, 0],
							"lerp_mode": "catmullrom"
						},
						"1.0833": {
							"post": [0, -4, 0],
							"lerp_mode": "catmullrom"
						},
						"1.1667": {
							"post": [0, -1, -0.75],
							"lerp_mode": "catmullrom"
						},
						"1.2917": [0, 0, 0]
					}
				},
				"gun_and_rh": {
					"rotation": {
						"0.0": [0, 0, 0],
						"0.4167": [0, 0, 0],
						"0.5417": {
							"pre": [0, 0, -2.5],
							"post": [0, 0, -2.5],
							"lerp_mode": "catmullrom"
						},
						"0.625": {
							"post": [0, 0, 0],
							"lerp_mode": "catmullrom"
						},
						"0.7917": {
							"post": [0, 0, 0],
							"lerp_mode": "catmullrom"
						},
						"0.9583": {
							"post": [0, 0, 0],
							"lerp_mode": "catmullrom"
						},
						"1.2083": {
							"post": [0, 0, 0],
							"lerp_mode": "catmullrom"
						}
					},
					"position": {
						"0.0": [0, 0, 0],
						"0.4167": [0, 0, 0],
						"0.5417": {
							"pre": [-1.5, 0.62, 0],
							"post": [-1.5, 0.62, 0],
							"lerp_mode": "catmullrom"
						},
						"0.625": {
							"post": [-2, 1, 0],
							"lerp_mode": "catmullrom"
						},
						"0.7917": {
							"post": [-2, 1, 0],
							"lerp_mode": "catmullrom"
						},
						"0.9583": {
							"post": [-1.5, 0.5, 0],
							"lerp_mode": "catmullrom"
						},
						"1.2083": {
							"post": [0, 0, 0],
							"lerp_mode": "catmullrom"
						}
					}
				},
				"righthand": {
					"rotation": [89.49625, 6.99973, -180.06139],
					"position": [-6.85, -14.075, 8.775],
					"scale": [1, 1.5, 1]
				},
				"constraint": {
					"rotation": {
						"0.2083": [0.002, 0.05, 0.006],
						"0.375": [0, 0, 0]
					},
					"position": {
						"0.2083": [0.01, 0.01, 0.25],
						"0.375": [0, 0, 0]
					}
				},
				"camera": {
					"rotation": {
						"0.0": [0, 0, 0],
						"0.2917": [0, 0, 0],
						"0.3333": {
							"pre": [2, 0, 0],
							"post": [2, 0, 0],
							"lerp_mode": "catmullrom"
						},
						"0.5": {
							"post": [0, 1, 0],
							"lerp_mode": "catmullrom"
						},
						"0.8333": {
							"post": [0, 1.5, -1.06131],
							"lerp_mode": "catmullrom"
						},
						"1.125": [0, 2, 0.04358],
						"1.1667": {
							"pre": [1, 2, 0.04],
							"post": [1, 2, 0.04],
							"lerp_mode": "catmullrom"
						},
						"1.2083": {
							"post": [0, 2, 0.04],
							"lerp_mode": "catmullrom"
						},
						"1.5": {
							"post": [0, 0, 0],
							"lerp_mode": "catmullrom"
						}
					}
				}
			},
			"sound_effects": {
				"0.2917": {
					"effect": "emxmors:emx_locus/mag_clipout"
				},
				"1.125": {
					"effect": "emxmors:emx_locus/mag_clipin"
				}
			}
		},
		"reload_empty": {
			"animation_length": 2.7083,
			"bones": {
				"root": {
					"rotation": {
						"0.0": [0, 0, 0],
						"0.25": [0, 0, 0],
						"0.2917": {
							"pre": [-8.17, 0, 0],
							"post": [-8.17, 0, 0],
							"lerp_mode": "catmullrom"
						},
						"0.5417": [0, 0, 0],
						"0.7083": [-8.69421, -19.60618, -42.74156],
						"1.125": [-8.69421, -19.60618, -42.74156],
						"1.7083": [-8.69421, -19.60618, -42.74156],
						"1.7917": [-14.94612, -15.4629, -22.20608],
						"1.9167": [-14.94612, -15.4629, -22.20608],
						"2.0417": [0, 0, 0],
						"2.2083": {
							"pre": [0, 0, 0],
							"post": [0, 0, 0],
							"lerp_mode": "catmullrom"
						},
						"2.2917": {
							"post": [1, 0, 0],
							"lerp_mode": "catmullrom"
						},
						"2.4583": [0, 0, 0]
					},
					"position": {
						"0.0": [0, 0, 0],
						"0.25": [0, 0, 0],
						"0.2917": {
							"pre": [0, 0, 1.3175],
							"post": [0, 0, 1.3175],
							"lerp_mode": "catmullrom"
						},
						"0.5417": [0, 0, 0],
						"0.7083": [-3.31, 3.16, 0],
						"1.125": {
							"pre": [-6.27, 3.3, 0],
							"post": [-6.27, 3.3, 0],
							"lerp_mode": "catmullrom"
						},
						"1.625": [-3.27, 1, 0],
						"1.8333": [-4, 2, 0],
						"1.9167": [-3, 3, 0],
						"2.0417": [0, 0, 0],
						"2.2083": [0, 0, 0],
						"2.2917": {
							"pre": [0, 0, -1],
							"post": [0, 0, -1],
							"lerp_mode": "catmullrom"
						},
						"2.4583": [0, 0, 0]
					}
				},
				"lefthand": {
					"rotation": {
						"0.0": [107.69108, -32.75736, -156.00452],
						"0.5417": [107.69108, -32.75736, -156.00452],
						"0.6667": [124.56526, -13.3645, -196.93745],
						"0.9583": [130.97381, -8.83523, -204.96305],
						"1.0": [131.57786, -4.07045, -210.42372],
						"1.0833": [131.4263, 4.94617, -220.56355],
						"1.375": {
							"pre": [102.35667, 67.79448, -288.11997],
							"post": [102.35667, 67.79448, -288.11997],
							"lerp_mode": "catmullrom"
						},
						"1.4167": {
							"post": [92.36, 67.79, -288.12],
							"lerp_mode": "catmullrom"
						},
						"1.4583": {
							"post": [62.36, 67.79, -288.12],
							"lerp_mode": "catmullrom"
						},
						"1.5": {
							"post": [23.36, 67.79, -288.12],
							"lerp_mode": "catmullrom"
						},
						"1.5417": {
							"post": [62.85643, 40.47981, -241.53893],
							"lerp_mode": "catmullrom"
						},
						"1.5833": {
							"post": [75.34509, 25.4244, -212.81138],
							"lerp_mode": "catmullrom"
						},
						"1.625": {
							"post": [95.50977, -15.75493, -186.45549],
							"lerp_mode": "catmullrom"
						},
						"1.7083": [95.44798, -13.26635, -186.20894],
						"1.7917": [95.31106, -3.31016, -185.26272],
						"1.9167": [107.69108, -32.75736, -156.00452]
					},
					"position": {
						"0.0": [8.2, -13.65, -4.45],
						"0.5417": [8.2, -13.65, -4.45],
						"0.6667": [10.2, -16.65, -1.78],
						"0.7083": [7.39, -17.12, 1.11],
						"0.75": [6.575, -17.5875, 0],
						"0.7917": [6.87, -16.94, 0.79],
						"0.875": [7.45, -21.65, 2.375],
						"0.9583": [14.6375, -21.525, 0.38],
						"1.0": {
							"pre": [18.45, -33.65, 1.38],
							"post": [18.45, -33.65, 1.38],
							"lerp_mode": "catmullrom"
						},
						"1.0417": {
							"post": [17.96, -34.72, 1.43],
							"lerp_mode": "catmullrom"
						},
						"1.0833": {
							"post": [17.19, -35.26, 1.43],
							"lerp_mode": "catmullrom"
						},
						"1.125": {
							"post": [16.34, -35.82, 1.42],
							"lerp_mode": "catmullrom"
						},
						"1.1667": {
							"post": [15.4, -36.45, 1.41],
							"lerp_mode": "catmullrom"
						},
						"1.2083": {
							"post": [14.34, -37.19, 1.4],
							"lerp_mode": "catmullrom"
						},
						"1.25": {
							"post": [13.13, -38.07, 1.39],
							"lerp_mode": "catmullrom"
						},
						"1.2917": {
							"post": [11.75, -39.07, 1.38],
							"lerp_mode": "catmullrom"
						},
						"1.3333": {
							"post": [10.45, -38.65, 1.38],
							"lerp_mode": "catmullrom"
						},
						"1.375": {
							"post": [9.95, -28.15, 1.38],
							"lerp_mode": "catmullrom"
						},
						"1.4167": {
							"post": [10.45, -21.65, 1.38],
							"lerp_mode": "catmullrom"
						},
						"1.4583": {
							"post": [11.45, -22.65, 1.38],
							"lerp_mode": "catmullrom"
						},
						"1.5": {
							"post": [11.45, -25.275, 2.38],
							"lerp_mode": "catmullrom"
						},
						"1.5417": {
							"post": [9.45, -24.395, 3.6925],
							"lerp_mode": "catmullrom"
						},
						"1.5833": {
							"post": [9.45, -23.39, 1.69],
							"lerp_mode": "catmullrom"
						},
						"1.625": {
							"post": [7.45, -21.39, 1.69],
							"lerp_mode": "catmullrom"
						},
						"1.6667": [6.33, -19.26, 1.69],
						"1.7083": [7.45, -17.39, 1.69],
						"1.7917": [7.45, -17.39, 1.69],
						"1.9167": [8.2, -13.65, -4.45]
					},
					"scale": {
						"0.0": [1, 1.5, 1],
						"0.9583": [1, 1.5, 1],
						"1.0833": [0, 0, 0],
						"1.375": {
							"pre": [0, 0, 0],
							"post": [1, 1, 1]
						},
						"1.9167": {
							"pre": [1, 1, 1],
							"post": [1, 1.5, 1]
						}
					}
				},
				"mag_and_bullet": {
					"rotation": {
						"0.0": [0, 0, 0],
						"0.75": [0, 0, 0],
						"0.875": [0, 0, 0],
						"1.0417": [0, 0, -45.67],
						"1.3333": [0, 0, -45.67],
						"1.375": [-17.00703, -68.90942, -94.67703],
						"1.5": [58.49, -68.91, -94.68],
						"1.625": [0, 0, 0]
					},
					"position": {
						"0.0": [0, 0, 0],
						"0.75": [0, 0, 0],
						"0.7917": {
							"pre": [0, 0, 0],
							"post": [0, 0, 0],
							"lerp_mode": "catmullrom"
						},
						"0.875": [0, -4, 0],
						"0.9583": {
							"pre": [6.95, -5.21, -0.65],
							"post": [6.95, -5.21, -0.65],
							"lerp_mode": "catmullrom"
						},
						"1.0": {
							"post": [10.04, -7.53, -0.99],
							"lerp_mode": "catmullrom"
						},
						"1.0417": [13.04, -9.78, -1.33],
						"1.0833": [17.375, -13.0125, -1.625],
						"1.1667": [31.1925, -23.26, -1.62],
						"1.3333": {
							"pre": [1.19, -23.26, -1.62],
							"post": [1.19, -23.26, -1.62],
							"lerp_mode": "catmullrom"
						},
						"1.375": {
							"post": [4.185, -10.9525, -1.61],
							"lerp_mode": "catmullrom"
						},
						"1.4167": {
							"post": [5.69, -5.6875, -1.62],
							"lerp_mode": "catmullrom"
						},
						"1.4583": {
							"post": [1.26, -9.8, -1.72],
							"lerp_mode": "catmullrom"
						},
						"1.5": {
							"post": [1.19, -10, -1.62],
							"lerp_mode": "catmullrom"
						},
						"1.7083": [0, 0, 0]
					},
					"scale": {
						"0.0": [1, 1, 1],
						"1.125": {
							"pre": [1, 1, 1],
							"post": [0, 0, 0]
						},
						"1.3333": {
							"pre": [0, 0, 0],
							"post": [1, 1, 1]
						},
						"1.7083": [1, 1, 1]
					}
				},
				"gun_and_rh": {
					"rotation": {
						"0.0": [0, 0, 0],
						"0.75": [0, 0, 0],
						"0.875": [-6, -13.5, 5.86555],
						"1.0": {
							"pre": [-7.5, -12.83, 5.82],
							"post": [-7.5, -12.83, 5.82],
							"lerp_mode": "catmullrom"
						},
						"1.125": [-8.5, -8.78, 4.44],
						"1.25": {
							"pre": [-9.5, -4.95, 3.01],
							"post": [-9.5, -4.95, 3.01],
							"lerp_mode": "catmullrom"
						},
						"1.375": {
							"post": [-11.28, -2.65, 2.02],
							"lerp_mode": "catmullrom"
						},
						"1.5833": {
							"post": [0, 0, 0],
							"lerp_mode": "catmullrom"
						}
					},
					"position": {
						"0.0": [0, 0, 0],
						"0.75": [0, 0, 0],
						"1.5833": {
							"pre": [0, 0, 0],
							"post": [0, 0, 0],
							"lerp_mode": "catmullrom"
						}
					}
				},
				"righthand": {
					"rotation": {
						"0.0": [89.49625, 6.99973, -180.06139],
						"0.25": {
							"pre": [70.28913, 10.82689, -220.17861],
							"post": [70.28913, 10.82689, -220.17861],
							"lerp_mode": "catmullrom"
						},
						"0.375": {
							"post": [70.28913, 10.82689, -220.17861],
							"lerp_mode": "catmullrom"
						},
						"0.4167": [108.74343, 17.64412, -129.37631],
						"0.5417": [89.49625, 6.99973, -180.06139],
						"1.9167": [89.49625, 6.99973, -180.06139],
						"2.125": [97.74343, 17.64412, -129.37631],
						"2.375": [108.74343, 17.64412, -129.37631],
						"2.4583": {
							"pre": [89.49625, 6.99973, -180.06139],
							"post": [89.49625, 6.99973, -180.06139],
							"lerp_mode": "catmullrom"
						}
					},
					"position": {
						"0.0": [-6.85, -14.075, 8.775],
						"0.0833": [-10.225, -12.1325, 5.5925],
						"0.1667": {
							"pre": [-10.22, -9.1925, 4.59],
							"post": [-10.22, -9.1925, 4.59],
							"lerp_mode": "catmullrom"
						},
						"0.25": {
							"post": [-10.22, -9.1925, 4.59],
							"lerp_mode": "catmullrom"
						},
						"0.2917": {
							"post": [-10.22, -9.19, 8.97],
							"lerp_mode": "catmullrom"
						},
						"0.4167": [-10.22, -9.19, 8.97],
						"0.5417": [-6.85, -14.075, 8.775],
						"1.9167": [-6.85, -14.075, 8.775],
						"2.0": [-10.225, -12.1325, 5.5925],
						"2.125": [-10.22, -9.19, 8.97],
						"2.1667": {
							"pre": [-10.22, -9.19, 8.97],
							"post": [-10.22, -9.19, 8.97],
							"lerp_mode": "catmullrom"
						},
						"2.25": {
							"post": [-10.22, -9.19, 8.97],
							"lerp_mode": "catmullrom"
						},
						"2.2917": [-9.89, -9.67, 4.09],
						"2.375": [-9.89, -9.67, 4.09],
						"2.4583": {
							"pre": [-6.85, -14.075, 8.775],
							"post": [-6.85, -14.075, 8.775],
							"lerp_mode": "catmullrom"
						}
					},
					"scale": {
						"0.0": [1, 1.5, 1],
						"0.5417": {
							"pre": [1, 1.5, 1],
							"post": [1, 1.5, 1],
							"lerp_mode": "catmullrom"
						},
						"2.4583": {
							"post": [1, 1.5, 1],
							"lerp_mode": "catmullrom"
						}
					}
				},
				"constraint": {
					"rotation": {
						"0.0": [0.2, 0.2, 0.2],
						"0.2917": [0.3, 0.3, 0.3]
					},
					"position": [0.2, 0.2, 0.2]
				},
				"bolt": {
					"position": {
						"0.0": [0, 0, 0],
						"0.25": [0, 0, 0],
						"0.2917": {
							"pre": [0, 0, 4],
							"post": [0, 0, 4],
							"lerp_mode": "catmullrom"
						},
						"0.3333": [0, 0, 4],
						"2.25": [0, 0, 4],
						"2.2917": {
							"pre": [0, 0, 0],
							"post": [0, 0, 0],
							"lerp_mode": "catmullrom"
						},
						"2.3333": [0, 0, 0]
					}
				},
				"bullet_in_mag": {
					"position": {
						"0.0": [0, 0, 0],
						"1.6667": [0, 0, 0],
						"1.7083": [-0.3125, 1.875, 0],
						"2.2083": [-0.3125, 1.875, 0],
						"2.25": [0, 1.875, -1.125],
						"2.2917": [0, 1.875, -4.495]
					}
				},
				"bullet3": {
					"scale": {
						"1.3333": [0, 0, 0],
						"1.375": {
							"pre": [0, 0, 0],
							"post": [1, 1, 1]
						}
					}
				},
				"camera": {
					"rotation": {
						"0.0": [0, 0, 0],
						"0.25": {
							"pre": [0, 0, 0],
							"post": [0, 0, 0],
							"lerp_mode": "catmullrom"
						},
						"0.2917": {
							"post": [-3, 0, 0],
							"lerp_mode": "catmullrom"
						},
						"0.3333": {
							"post": [0, 0, 0],
							"lerp_mode": "catmullrom"
						},
						"0.5417": {
							"post": [0, 0, 0],
							"lerp_mode": "catmullrom"
						},
						"1.2917": {
							"post": [0, 5, 0],
							"lerp_mode": "catmullrom"
						},
						"2.125": {
							"post": [0, 1, 0],
							"lerp_mode": "catmullrom"
						},
						"2.25": [0, 1, 0],
						"2.2917": {
							"pre": [0, 0, 0],
							"post": [0, 0, 0],
							"lerp_mode": "catmullrom"
						},
						"2.3333": [0, 1, 0],
						"2.4167": [0, 0, 0]
					}
				},
				"bullet2": {
					"position": {
						"0.0": [0, 0, 0],
						"0.5417": [0, 1, 0]
					},
					"scale": {
						"0.0": [0, 0, 0],
						"1.7083": {
							"pre": [0, 0, 0],
							"post": [1, 1, 1]
						}
					}
				}
			},
			"sound_effects": {
				"0.2917": {
					"effect": "emxmors:emx_locus/bolt_forward"
				},
				"0.7917": {
					"effect": "emxmors:emx_locus/mag_clipout"
				},
				"1.7083": {
					"effect": "emxmors:emx_locus/mag_clipin"
				},
				"2.2917": {
					"effect": "emxmors:emx_locus/bolt"
				}
			}
		},
		"bolt": {
			"animation_length": 1.7,
			"bones": {
				"m95_bolt": {
					"rotation": {
						"0.0": [0, 0, 0],
						"0.2333": [0, 0, 0],
						"0.2667": [0, 0, 0],
						"0.4667": [0, 0, 0],
						"0.5333": [0, 0, 0],
						"0.7333": [0, 0, 0],
						"0.8": [0, 0, 0]
					},
					"position": {
						"0.0": [0, 0, 0],
						"0.2333": [0, 0, 0],
						"0.2667": [0, 0, 0],
						"0.4667": [0, 0, 0],
						"0.5333": [0, 0, 3.85],
						"0.6": [0, 0, 3.85],
						"0.7333": [0, 0, 3.85],
						"0.8": [0, 0, 0]
					}
				},
				"root": {
					"rotation": {
						"0.0": {
							"post": [0, 0, 0],
							"lerp_mode": "catmullrom"
						},
						"0.0667": {
							"post": [0.24846, -1.05218, 3.01702],
							"lerp_mode": "catmullrom"
						},
						"0.2": {
							"post": [1.749, -1.59527, 1.95299],
							"lerp_mode": "catmullrom"
						},
						"0.2667": {
							"post": [1.9779, -1.77101, 3.26694],
							"lerp_mode": "catmullrom"
						},
						"0.3": {
							"post": [1.93005, -3.36114, 5.17062],
							"lerp_mode": "catmullrom"
						},
						"0.4667": {
							"post": [1.75108, -3.02942, 2.9618],
							"lerp_mode": "catmullrom"
						},
						"0.5": {
							"post": [1.07699, -2.08108, -0.14793],
							"lerp_mode": "catmullrom"
						},
						"0.5333": {
							"post": [0.35846, -1.07129, -3.73301],
							"lerp_mode": "catmullrom"
						},
						"0.6": {
							"post": [0.00275, -0.04738, -0.49985],
							"lerp_mode": "catmullrom"
						},
						"0.7333": {
							"post": [0.02843, -0.41751, 1.8871],
							"lerp_mode": "catmullrom"
						},
						"0.8333": {
							"post": [-0.03786, -0.99678, 0.74848],
							"lerp_mode": "catmullrom"
						},
						"0.9333": {
							"post": [0.02428, -1.08463, 0.74946],
							"lerp_mode": "catmullrom"
						},
						"0.9667": {
							"post": [0.58, -1.23, 1.92],
							"lerp_mode": "catmullrom"
						},
						"1.0": {
							"post": [1.03969, -1.30357, 1.2277],
							"lerp_mode": "catmullrom"
						},
						"1.0667": {
							"post": [0.00076, -1.10235, 1.99983],
							"lerp_mode": "catmullrom"
						},
						"1.1667": {
							"post": [0.00076, -0.10235, 1.99985],
							"lerp_mode": "catmullrom"
						},
						"1.2333": {
							"post": [-1.98199, -0.3024, -2.75858],
							"lerp_mode": "catmullrom"
						},
						"1.3667": {
							"post": [-1.24292, 0.04982, -0.70861],
							"lerp_mode": "catmullrom"
						},
						"1.4333": {
							"post": [-1.2097, 0.42993, -1.29814],
							"lerp_mode": "catmullrom"
						},
						"1.5": {
							"post": [0, 0, 0],
							"lerp_mode": "catmullrom"
						},
						"1.5667": {
							"post": [0, 0, -0.5],
							"lerp_mode": "catmullrom"
						},
						"1.6333": {
							"post": [0, 0, 0.86],
							"lerp_mode": "catmullrom"
						},
						"1.7": {
							"post": [0, 0, 0],
							"lerp_mode": "catmullrom"
						}
					},
					"position": {
						"0.0": {
							"post": [0, 0, 0],
							"lerp_mode": "catmullrom"
						},
						"0.0667": {
							"post": [0.125, -0.6, -0.8],
							"lerp_mode": "catmullrom"
						},
						"0.2": {
							"post": [0.35, -0.975, -0.9],
							"lerp_mode": "catmullrom"
						},
						"0.3": {
							"post": [0.33, -0.99, -1.16],
							"lerp_mode": "catmullrom"
						},
						"0.4667": {
							"post": [0.25, -1, -1.3],
							"lerp_mode": "catmullrom"
						},
						"0.5333": {
							"post": [0, -0.9, -0.5],
							"lerp_mode": "catmullrom"
						},
						"0.6": {
							"post": [-0.15, -1, -0.7],
							"lerp_mode": "catmullrom"
						},
						"0.7667": {
							"post": [-0.145, -0.965, -0.7],
							"lerp_mode": "catmullrom"
						},
						"0.9333": {
							"post": [-0.2, -0.775, -0.8],
							"lerp_mode": "catmullrom"
						},
						"1.0": {
							"post": [-0.375, -0.75, -1.8],
							"lerp_mode": "catmullrom"
						},
						"1.0667": {
							"post": [-0.175, -0.75, -1.6],
							"lerp_mode": "catmullrom"
						},
						"1.1667": {
							"post": [-0.2, -0.55, -1.7],
							"lerp_mode": "catmullrom"
						},
						"1.3": {
							"post": [0, -0.65, -1.7],
							"lerp_mode": "catmullrom"
						},
						"1.4": {
							"post": [0, -0.66, -1.16],
							"lerp_mode": "catmullrom"
						},
						"1.4333": {
							"post": [0, -0.725, -0.9],
							"lerp_mode": "catmullrom"
						},
						"1.5": {
							"post": [0, -0.43, -0.32],
							"lerp_mode": "catmullrom"
						},
						"1.5333": {
							"post": [0, -0.26, -0.05],
							"lerp_mode": "catmullrom"
						},
						"1.5667": {
							"post": [0, -0.1, 0.3],
							"lerp_mode": "catmullrom"
						},
						"1.6333": {
							"post": [0, 0, 0.05],
							"lerp_mode": "catmullrom"
						},
						"1.7": {
							"post": [0, 0, 0],
							"lerp_mode": "catmullrom"
						}
					}
				},
				"lefthand": {
					"rotation": [107.69108, -32.75736, -156.00452],
					"position": [8.2, -13.65, -4.45],
					"scale": [1, 1.5, 1]
				},
				"righthand": {
					"rotation": {
						"0.0": [89.49625, 6.99973, -180.06139],
						"0.2333": [73.38612, 6.9997, -245.90328],
						"0.2667": [85.02123, 6.9997, -251.12409],
						"0.3": [88.33869, 6.9997, -245.97187],
						"0.3667": [88.39005, 6.9997, -245.8941],
						"0.4333": [86.53376, 6.9997, -248.09097],
						"0.5667": [87.27066, 6.9997, -247.28687],
						"0.6667": [86.27566, 6.9997, -248.36565],
						"0.7": [131.34889, 6.9997, -154.70557],
						"0.8333": {
							"pre": [142.9864, 6.9997, -131.70404],
							"post": [142.9864, 6.9997, -131.70404],
							"lerp_mode": "catmullrom"
						},
						"0.9": {
							"post": [142.99, 6.9997, -131.7],
							"lerp_mode": "catmullrom"
						},
						"0.9333": {
							"post": [142.99, 6.9997, -131.7],
							"lerp_mode": "catmullrom"
						},
						"1.0667": {
							"post": [112.60249, 6.9997, -112.97298],
							"lerp_mode": "catmullrom"
						},
						"1.1333": {
							"post": [105.94, 6.9997, -134.35],
							"lerp_mode": "catmullrom"
						},
						"1.2667": [89.49625, 6.99973, -180.06139]
					},
					"position": {
						"0.0": [-6.85, -14.075, 8.775],
						"0.2333": [-9.2, -8.68, 5],
						"0.2667": [-10.2, -8.5, 5],
						"0.3": [-10.2, -8.5, 5],
						"0.3667": [-10.2, -8.5, 5],
						"0.4333": [-10.2, -8.6, 8.825],
						"0.6333": [-10.2, -8.6, 8.825],
						"0.6667": [-10.2, -8.8, 7.1375],
						"0.7": [-9.45, -8.05, 6],
						"0.8333": [-9.45, -8.05, 4.8],
						"0.9": [-9.45, -8.05, 4.7],
						"0.9333": [-9.45, -8.05, 4.7],
						"1.0667": [-10.55, -15.75, 4.5],
						"1.1333": [-9.68, -15.28, 5],
						"1.2667": [-6.85, -14.075, 8.775]
					},
					"scale": [1, 1.5, 1]
				},
				"shell_ejection": {
					"rotation": {
						"0.5": [0, 0, 0],
						"0.5667": [0, 0, 0],
						"0.6333": [0, -135.42, 0],
						"0.7": [0, -270.83, 0],
						"0.7667": [0, -406.25, 0],
						"0.8333": [0, -541.67, 0],
						"0.9": [0, -677.08, 0],
						"0.9667": [0, -812.5, 0],
						"1.0": [0, 0, 0]
					},
					"position": {
						"0.4667": [0, 0, 0],
						"0.5667": [0, 0.0875, 6.01875],
						"0.6333": {
							"pre": [-9.1, 1.0875, -1.98125],
							"post": [-9.1, 1.0875, -1.98125],
							"lerp_mode": "catmullrom"
						},
						"0.7": {
							"post": [-16.3, 1.0875, -7.98125],
							"lerp_mode": "catmullrom"
						},
						"0.7667": {
							"post": [-24.4, -2.9125, -14.98125],
							"lerp_mode": "catmullrom"
						},
						"0.8333": {
							"post": [-31.8, -8.9125, -21.98125],
							"lerp_mode": "catmullrom"
						},
						"0.9": {
							"post": [-37.8, -16.9125, -27.28125],
							"lerp_mode": "catmullrom"
						},
						"0.9667": {
							"post": [-42, -25.3125, -30.28125],
							"lerp_mode": "catmullrom"
						},
						"1.0": [-46.1, -35.0125, -33.48125],
						"1.0667": [0, 0, 0]
					},
					"scale": {
						"0.0": [1, 1, 1],
						"0.9667": {
							"pre": [1, 1, 1],
							"post": [0, 0, 0]
						},
						"1.4": {
							"pre": [0, 0, 0],
							"post": [1, 1, 1]
						}
					}
				},
				"camera": {
					"rotation": {
						"0.0": {
							"post": [0, 0, 0],
							"lerp_mode": "catmullrom"
						},
						"0.1667": {
							"post": [0.45, -0.1, 0.275],
							"lerp_mode": "catmullrom"
						},
						"0.2667": {
							"post": [0.4, -0.15, 0.275],
							"lerp_mode": "catmullrom"
						},
						"0.3": {
							"post": [0.825, -0.15, 0.775],
							"lerp_mode": "catmullrom"
						},
						"0.3667": {
							"post": [0.215, -0.15, 0.1],
							"lerp_mode": "catmullrom"
						},
						"0.4333": {
							"post": [-2, -0.15, 0.275],
							"lerp_mode": "catmullrom"
						},
						"0.5": {
							"post": [0.615, -0.1, 0.8],
							"lerp_mode": "catmullrom"
						},
						"0.5333": {
							"post": [1.53, 0, -0.125],
							"lerp_mode": "catmullrom"
						},
						"0.6": {
							"post": [0.77, 0.075, 0.425],
							"lerp_mode": "catmullrom"
						},
						"0.7333": {
							"post": [1.085, 0.075, 0.2],
							"lerp_mode": "catmullrom"
						},
						"0.8333": {
							"post": [0.78, 0, 0.275],
							"lerp_mode": "catmullrom"
						},
						"0.9667": {
							"post": [0.55, 0, 0.275],
							"lerp_mode": "catmullrom"
						},
						"1.0333": {
							"post": [1.29, -0.1, 0.75],
							"lerp_mode": "catmullrom"
						},
						"1.1": {
							"post": [0.645, -0.175, 0],
							"lerp_mode": "catmullrom"
						},
						"1.1667": {
							"post": [0.89, -0.175, 0.6],
							"lerp_mode": "catmullrom"
						},
						"1.2667": {
							"post": [0.465, -0.1, 0.05],
							"lerp_mode": "catmullrom"
						},
						"1.3333": {
							"post": [0.295, 0.05, 0.275],
							"lerp_mode": "catmullrom"
						},
						"1.4333": {
							"post": [-0.1, 0, -0.025],
							"lerp_mode": "catmullrom"
						},
						"1.5": {
							"post": [0.25, 0, 0.275],
							"lerp_mode": "catmullrom"
						},
						"1.6": {
							"post": [-0.1, 0, -0.125],
							"lerp_mode": "catmullrom"
						},
						"1.6667": {
							"post": [0, 0, 0],
							"lerp_mode": "catmullrom"
						}
					}
				},
				"bolt": {
					"rotation": {
						"0.0": [0, 0, 0],
						"0.2333": [0, 0, 0],
						"0.2667": [0, 0, 0],
						"0.3667": [0, 0, 0],
						"0.4333": [0, 0, 0],
						"0.6333": [0, 0, 0],
						"0.7": [0, 0, 0]
					},
					"position": {
						"0.0": [0, 0, 0],
						"0.2333": [0, 0, 0],
						"0.2667": [0, 0, 0],
						"0.3667": [0, 0, 0],
						"0.4333": [0, 0, 3.85],
						"0.5": [0, 0, 3.85],
						"0.6333": [0, 0, 3.85],
						"0.7": [0, 0, 0]
					}
				},
				"bullet_in_mag": {
					"position": {
						"0.0": [0, 0, 0],
						"0.3333": [0, 0, 0],
						"0.4667": [-0.3125, 1.875, 0],
						"0.5": [-0.3125, 1.875, 0],
						"0.6333": [-0.3125, 1.875, 0],
						"0.6667": [-0.3125, 1.875, -2.0625],
						"0.7333": [-0.3125, 1.875, -1.875]
					}
				},
				"bullet2": {
					"position": {
						"0.0": [0, 0, 0],
						"0.5": [0, 1, 0]
					},
					"scale": {
						"0.0": [0, 0, 0],
						"0.5": {
							"pre": [0, 0, 0],
							"post": [1, 1, 1]
						}
					}
				}
			},
			"sound_effects": {
				"0.4333": {
					"effect": "emxmors:emx_locus/bolt"
				},
				"0.7333": {
					"effect": "emxmors:emx_locus/bolt_forward"
				}
			}
		},
		"inspect": {
			"animation_length": 6.6667,
			"bones": {
				"lefthand": {
					"rotation": {
						"0.0": [107.69108, -32.75736, -156.00452],
						"0.0833": [113.84399, -28.84087, -167.98195],
						"0.2083": [115.13774, -50.87624, -183.69084],
						"2.4167": [115.13774, -50.87624, -183.69084],
						"2.6667": [96.05402, -23.77546, -135.39325],
						"2.75": [96.05402, -23.77546, -135.39325],
						"4.375": [96.05, -23.78, -135.39],
						"4.4167": [96.05, -23.78, -135.39],
						"4.4583": [100.53, -24.81, -144.41],
						"4.5": [106.5, -26.34, -157.28],
						"4.5417": [112.38, -27.79, -169.63]
					},
					"position": {
						"0.0": [8.2, -13.65, -4.45],
						"0.0833": [8.55, -11.425, -2.2],
						"0.2083": [8.2, -13.65, -4.45],
						"2.4167": [8.2, -13.65, -4.45],
						"2.5833": [8.755, -15.77, 1.64],
						"2.6667": [8.2, -16.97, 3],
						"2.75": [8.175, -16.62, 3],
						"4.375": [8.175, -16.62, 3],
						"4.4167": {
							"pre": [9, -17.495, 2.1],
							"post": [9, -17.495, 2.1],
							"lerp_mode": "catmullrom"
						},
						"4.5": {
							"post": [10.875, -12.92, 0.71],
							"lerp_mode": "catmullrom"
						},
						"4.5833": [8.2, -13.65, -4.45]
					},
					"scale": [1, 1.5, 1]
				},
				"righthand": {
					"rotation": {
						"0.0": [89.49625, 6.99973, -180.06139],
						"0.2083": [89.5, 7, -180.06],
						"0.375": [89.5, 7, -180.06],
						"2.375": [89.5, 7, -180.06],
						"2.5417": [89.5, 7, -180.06],
						"4.5833": [89.5, 7, -180.06],
						"4.75": {
							"pre": [70.28913, 10.82689, -220.17861],
							"post": [70.28913, 10.82689, -220.17861],
							"lerp_mode": "catmullrom"
						},
						"5.7083": {
							"post": [70.28913, 10.82689, -220.17861],
							"lerp_mode": "catmullrom"
						},
						"5.7917": [108.74343, 17.64412, -129.37631],
						"5.9583": {
							"pre": [89.49625, 6.99973, -180.06139],
							"post": [89.49625, 6.99973, -180.06139],
							"lerp_mode": "catmullrom"
						}
					},
					"position": {
						"0.0": [-6.85, -14.075, 8.775],
						"0.2083": [-6.85, -14.07, 8.78],
						"0.375": [-8.325, -14.07, 8.78],
						"2.375": [-8.325, -14.07, 8.78],
						"2.5417": [-6.85, -14.07, 8.78],
						"4.5833": [-6.85, -14.07, 8.78],
						"4.75": {
							"pre": [-10.22, -9.1925, 4.59],
							"post": [-10.22, -9.1925, 4.59],
							"lerp_mode": "catmullrom"
						},
						"4.7917": {
							"post": [-10.22, -9.19, 6.0325],
							"lerp_mode": "catmullrom"
						},
						"4.8333": {
							"post": [-10.22, -9.19, 7.0275],
							"lerp_mode": "catmullrom"
						},
						"4.875": [-10.22, -9.19, 7.6125],
						"5.625": [-10.22, -9.19, 7.0275],
						"5.7083": [-9.89, -9.67, 4.09],
						"5.7917": [-9.89, -9.67, 4.09],
						"5.9583": {
							"pre": [-6.85, -14.075, 8.775],
							"post": [-6.85, -14.075, 8.775],
							"lerp_mode": "catmullrom"
						}
					},
					"scale": {
						"0.0": [1, 1.5, 1],
						"5.9583": {
							"pre": [1, 1.5, 1],
							"post": [1, 1.5, 1],
							"lerp_mode": "catmullrom"
						}
					}
				},
				"root": {
					"rotation": {
						"0.0": {
							"post": [0, 0, 0],
							"lerp_mode": "catmullrom"
						},
						"0.0833": {
							"post": [-1.57552, -4.18517, -5.87258],
							"lerp_mode": "catmullrom"
						},
						"0.25": {
							"post": [-4.02414, -13.28009, -10.40473],
							"lerp_mode": "catmullrom"
						},
						"0.5": {
							"post": [-12.85629, -43.05513, -11.98818],
							"lerp_mode": "catmullrom"
						},
						"0.625": {
							"post": [-14.81181, -47.20625, -10.13088],
							"lerp_mode": "catmullrom"
						},
						"0.7917": {
							"post": [-14.99109, -47.47374, -9.10282],
							"lerp_mode": "catmullrom"
						},
						"1.375": {
							"post": [-17.06722, -46.91834, -6.27058],
							"lerp_mode": "catmullrom"
						},
						"1.5417": {
							"post": [-11.77121, -50.35486, -8.4078],
							"lerp_mode": "catmullrom"
						},
						"1.6667": {
							"post": [-2.48632, -55.49611, -13.34944],
							"lerp_mode": "catmullrom"
						},
						"1.8333": {
							"post": [0.79794, -56.84607, -14.39354],
							"lerp_mode": "catmullrom"
						},
						"2.0417": {
							"post": [-1.48956, -56.78982, -13.34354],
							"lerp_mode": "catmullrom"
						},
						"2.25": {
							"post": [-2.98956, -53.78982, -13.33104],
							"lerp_mode": "catmullrom"
						},
						"2.4167": {
							"post": [-10.67, -46.585, -14.92],
							"lerp_mode": "catmullrom"
						},
						"2.5417": {
							"post": [-30.11122, -26.09675, -11.89334],
							"lerp_mode": "catmullrom"
						},
						"2.6667": {
							"post": [-34.29063, -30.84703, -23.03454],
							"lerp_mode": "catmullrom"
						},
						"2.7917": {
							"post": [-33.63149, -29.74839, -27.2996],
							"lerp_mode": "catmullrom"
						},
						"3.0833": [-33.63, -29.75, -24.72],
						"3.75": [-33.58, -29.81, -24.69],
						"4.0833": {
							"pre": [-33.63, -29.75, -24.72],
							"post": [-33.63, -29.75, -24.72],
							"lerp_mode": "catmullrom"
						},
						"4.1667": {
							"post": [-31.13018, -37.2508, -35.73132],
							"lerp_mode": "catmullrom"
						},
						"4.25": {
							"post": [-39.13662, -28.77784, -21.5149],
							"lerp_mode": "catmullrom"
						},
						"4.375": {
							"post": [-32.41298, -28.48824, -24.12616],
							"lerp_mode": "catmullrom"
						},
						"4.5": {
							"post": [-32.35, -13.84, -3.68],
							"lerp_mode": "catmullrom"
						},
						"4.7083": {
							"post": [-24.44887, 33.69261, 57.72468],
							"lerp_mode": "catmullrom"
						},
						"4.8333": {
							"post": [-24.44887, 37.43011, 65.20593],
							"lerp_mode": "catmullrom"
						},
						"5.0": {
							"post": [-21.77341, 39.9934, 71.11487],
							"lerp_mode": "catmullrom"
						},
						"5.2083": {
							"post": [-22.39217, 38.36309, 67.78261],
							"lerp_mode": "catmullrom"
						},
						"5.4167": {
							"post": [-20.91319, 37.91021, 71.44428],
							"lerp_mode": "catmullrom"
						},
						"5.625": {
							"post": [-20.84, 38.06, 71.73],
							"lerp_mode": "catmullrom"
						},
						"5.7083": {
							"post": [-21.44549, 33.44573, 65.10345],
							"lerp_mode": "catmullrom"
						},
						"5.75": {
							"post": [-12.11178, 33.21632, 75.57421],
							"lerp_mode": "catmullrom"
						},
						"5.875": {
							"post": [-14.16619, 29.72082, 65.11199],
							"lerp_mode": "catmullrom"
						},
						"5.9167": {
							"post": [-9.81809, 14.52297, 60.27799],
							"lerp_mode": "catmullrom"
						},
						"6.0417": {
							"post": [-7.6537, -0.57338, 19.91169],
							"lerp_mode": "catmullrom"
						},
						"6.2083": {
							"post": [-2.89977, -0.56617, 0.01026],
							"lerp_mode": "catmullrom"
						},
						"6.2917": {
							"post": [-0.81567, -0.58037, -3.89535],
							"lerp_mode": "catmullrom"
						},
						"6.375": {
							"post": [-0.97803, -1.26726, 0.24991],
							"lerp_mode": "catmullrom"
						},
						"6.4583": {
							"post": [0.25, -0.5, -1.25],
							"lerp_mode": "catmullrom"
						},
						"6.5833": {
							"post": [0, 0, 0],
							"lerp_mode": "catmullrom"
						},
						"6.6667": {
							"post": [0, 0, 0],
							"lerp_mode": "catmullrom"
						}
					},
					"position": {
						"0.0": {
							"post": [0, 0, 0],
							"lerp_mode": "catmullrom"
						},
						"0.0833": {
							"post": [0.2, -0.725, 0.7],
							"lerp_mode": "catmullrom"
						},
						"0.25": {
							"post": [0.725, -0.47, 0.55],
							"lerp_mode": "catmullrom"
						},
						"0.5": {
							"post": [1.55, 1.955, -0.10625],
							"lerp_mode": "catmullrom"
						},
						"0.75": {
							"post": [1.95, 1.83, -0.125],
							"lerp_mode": "catmullrom"
						},
						"1.0833": {
							"post": [2.025, 1.88, -0.16],
							"lerp_mode": "catmullrom"
						},
						"1.3333": {
							"post": [2.05, 1.83, -0.2],
							"lerp_mode": "catmullrom"
						},
						"1.5": {
							"post": [2.705, 1.625, -0.39],
							"lerp_mode": "catmullrom"
						},
						"1.6667": {
							"post": [3.805, 1.625, -0.58],
							"lerp_mode": "catmullrom"
						},
						"1.8333": {
							"post": [4.58625, 1.91125, -0.77],
							"lerp_mode": "catmullrom"
						},
						"2.0417": {
							"post": [4.705, 2.0125, -0.77],
							"lerp_mode": "catmullrom"
						},
						"2.2083": {
							"post": [4.53, 2.01125, -0.81],
							"lerp_mode": "catmullrom"
						},
						"2.2917": {
							"post": [3.8175, 1.68125, -0.67],
							"lerp_mode": "catmullrom"
						},
						"2.4167": {
							"post": [1.95, 0.98, -0.245],
							"lerp_mode": "catmullrom"
						},
						"2.5417": {
							"post": [0.555, 1.38, 0.075],
							"lerp_mode": "catmullrom"
						},
						"2.6667": {
							"post": [-0.625, 2.655, 0.78],
							"lerp_mode": "catmullrom"
						},
						"2.7917": {
							"post": [-0.945, 2.58, 0.78],
							"lerp_mode": "catmullrom"
						},
						"2.9167": {
							"post": [-0.99, 2.465, 0.78],
							"lerp_mode": "catmullrom"
						},
						"3.0": {
							"post": [-0.97625, 2.4175, 0.78],
							"lerp_mode": "catmullrom"
						},
						"3.0833": [-0.76, 1.985, 0.78],
						"3.75": [-1, 2.04, 0.78],
						"3.875": [-1.025, 1.76, 0.78],
						"4.0833": {
							"pre": [-0.79375, 1.775, 0.78],
							"post": [-0.79375, 1.775, 0.78],
							"lerp_mode": "catmullrom"
						},
						"4.125": {
							"post": [-0.3425, 0.92, 0.78],
							"lerp_mode": "catmullrom"
						},
						"4.3333": {
							"post": [-0.82, 0.98625, 0.78],
							"lerp_mode": "catmullrom"
						},
						"4.5417": {
							"post": [-0.82, 0.73, 0.78],
							"lerp_mode": "catmullrom"
						},
						"4.7083": {
							"post": [-0.72, 1.03, 0.68],
							"lerp_mode": "catmullrom"
						},
						"4.8333": {
							"post": [-0.64, 1.38, 0.68],
							"lerp_mode": "catmullrom"
						},
						"4.9167": {
							"post": [-0.66, 1.79, 0.76],
							"lerp_mode": "catmullrom"
						},
						"5.0": {
							"post": [-0.69, 1.655, 0.88],
							"lerp_mode": "catmullrom"
						},
						"5.1667": {
							"post": [-0.765, 1.455, 0.88],
							"lerp_mode": "catmullrom"
						},
						"5.4167": {
							"post": [-0.68, 1.64, 0.88],
							"lerp_mode": "catmullrom"
						},
						"5.6667": {
							"post": [-0.69, 1.455, 0.88],
							"lerp_mode": "catmullrom"
						},
						"5.7083": {
							"post": [-0.69, 0.78, 0.14875],
							"lerp_mode": "catmullrom"
						},
						"5.75": {
							"post": [-0.65, 0.965, 0.2],
							"lerp_mode": "catmullrom"
						},
						"5.875": {
							"post": [-0.64, 0.65, 0.3125],
							"lerp_mode": "catmullrom"
						},
						"5.9167": {
							"post": [-0.89, 0.06875, 0.135],
							"lerp_mode": "catmullrom"
						},
						"6.0833": {
							"post": [-0.68, -0.625, -0.46],
							"lerp_mode": "catmullrom"
						},
						"6.1667": {
							"post": [-0.44, -0.86, -1.05],
							"lerp_mode": "catmullrom"
						},
						"6.2917": {
							"post": [-0.075, -0.15625, 0.325],
							"lerp_mode": "catmullrom"
						},
						"6.375": {
							"post": [0, -0.125, 0.55],
							"lerp_mode": "catmullrom"
						},
						"6.4583": {
							"post": [0, 0, -0.125],
							"lerp_mode": "catmullrom"
						},
						"6.5833": {
							"post": [0, 0, 0],
							"lerp_mode": "catmullrom"
						}
					}
				},
				"mag_and_lh": {
					"rotation": {
						"2.9583": {
							"pre": [0, 0, 0],
							"post": [0, 0, 0],
							"lerp_mode": "catmullrom"
						},
						"3.0833": {
							"post": [0, 0, 0],
							"lerp_mode": "catmullrom"
						},
						"3.2083": {
							"post": [-9.98938, -1.44898, 15.30138],
							"lerp_mode": "catmullrom"
						},
						"3.5833": {
							"post": [-9.98938, -1.44898, 15.30138],
							"lerp_mode": "catmullrom"
						},
						"3.75": [-4.92442, -0.86717, -9.96271],
						"3.7917": [-4.92442, -0.86717, -9.96271],
						"3.875": [-1.93953, -0.69374, -7.97017],
						"3.9167": [-1.93953, -0.69374, -7.97017],
						"4.0417": [0, 0, 0],
						"4.0833": [0, 0, 0],
						"4.125": [0, 0, 0]
					},
					"position": {
						"2.9583": {
							"pre": [0, 0, 0],
							"post": [0, 0, 0],
							"lerp_mode": "catmullrom"
						},
						"3.0833": {
							"post": [0, -2.85, 0],
							"lerp_mode": "catmullrom"
						},
						"3.2083": {
							"post": [1.15, -3.65, -0.475],
							"lerp_mode": "catmullrom"
						},
						"3.375": {
							"post": [1.375, -3.45, -0.645],
							"lerp_mode": "catmullrom"
						},
						"3.5": {
							"post": [1.25, -3.56, -0.725],
							"lerp_mode": "catmullrom"
						},
						"3.5833": {
							"post": [1.15, -3.65, -0.475],
							"lerp_mode": "catmullrom"
						},
						"3.6667": {
							"post": [0.63, -4.055, -0.56],
							"lerp_mode": "catmullrom"
						},
						"3.75": [0.6, -3.15, -0.8],
						"3.7917": [0.6, -3.325, -0.8],
						"3.875": [0.53, -3.325, -0.605],
						"3.9167": [0.53, -3.025, -0.23],
						"4.0417": [0, -2.75, 0],
						"4.0833": [0, -2.6, 0],
						"4.125": [0, 0, 0]
					}
				},
				"bolt": {
					"position": {
						"4.75": [0, 0, 0],
						"4.875": [0, 0, 2.625],
						"5.625": [0, 0, 2.625],
						"5.7917": [0, 0, 0]
					}
				},
				"gun_and_rh": {
					"rotation": {
						"3.0833": {
							"pre": [0.24769, 0.05884, -4.49962],
							"post": [0.24769, 0.05884, -4.49962],
							"lerp_mode": "catmullrom"
						},
						"3.25": {
							"post": [-3.25006, -0.00982, 0.74994],
							"lerp_mode": "catmullrom"
						},
						"3.4167": {
							"post": [-3.07127, -1.97943, -3.14676],
							"lerp_mode": "catmullrom"
						},
						"3.625": {
							"post": [-0.27223, -0.23014, -3.09702],
							"lerp_mode": "catmullrom"
						},
						"3.75": {
							"post": [0.02917, -0.08324, -3.23879],
							"lerp_mode": "catmullrom"
						},
						"3.7917": {
							"post": [0, 0, 0],
							"lerp_mode": "catmullrom"
						}
					},
					"position": {
						"3.0833": {
							"pre": [0, 0, 0],
							"post": [0, 0, 0],
							"lerp_mode": "catmullrom"
						},
						"3.25": {
							"post": [-0.48875, 0.46625, 0.005],
							"lerp_mode": "catmullrom"
						},
						"3.4167": {
							"post": [-0.75875, 0.235, 0.005],
							"lerp_mode": "catmullrom"
						},
						"3.625": {
							"post": [-0.4575, 0.22, 0.005],
							"lerp_mode": "catmullrom"
						},
						"3.7917": {
							"post": [0, 0, 0],
							"lerp_mode": "catmullrom"
						}
					}
				},
				"additional_magazine": {
					"scale": 0
				},
				"bullet": {
					"scale": 0
				},
				"bullet2": {
					"position": {
						"0.0": [0, 0.63, 0],
						"5.25": [0, 0.63, 0]
					},
					"scale": {
						"0.0": [0, 0, 0],
						"5.875": [1, 1, 1]
					}
				},
				"camera": {
					"rotation": {
						"0.0": {
							"post": [0, 0, 0],
							"lerp_mode": "catmullrom"
						},
						"0.2083": {
							"post": [0.455, -0.05, -0.4],
							"lerp_mode": "catmullrom"
						},
						"0.5417": {
							"post": [2.75, -1.15, -1.9],
							"lerp_mode": "catmullrom"
						},
						"1.0": {
							"post": [3.4, -1.2, -2.1],
							"lerp_mode": "catmullrom"
						},
						"1.4583": {
							"post": [3.25, -0.425, -2.35],
							"lerp_mode": "catmullrom"
						},
						"1.7917": {
							"post": [5.8, 2.35, -2.075],
							"lerp_mode": "catmullrom"
						},
						"2.375": {
							"post": [6.2, 2.875, -2.15],
							"lerp_mode": "catmullrom"
						},
						"2.6667": {
							"post": [1.24, 0.84, -1.33],
							"lerp_mode": "catmullrom"
						},
						"2.7917": {
							"post": [1.025, 0.35, -1.15],
							"lerp_mode": "catmullrom"
						},
						"2.9167": {
							"post": [1.02, 0.18, -1.14],
							"lerp_mode": "catmullrom"
						},
						"3.0": {
							"post": [1.435, 0.07, -1.16],
							"lerp_mode": "catmullrom"
						},
						"3.0833": {
							"post": [2.97, 0, 0.175],
							"lerp_mode": "catmullrom"
						},
						"3.2083": {
							"post": [2.785, -0.33, -1.48],
							"lerp_mode": "catmullrom"
						},
						"3.3333": {
							"post": [4.17, -0.825, -0.125],
							"lerp_mode": "catmullrom"
						},
						"3.5833": {
							"post": [3.75, -1, -0.775],
							"lerp_mode": "catmullrom"
						},
						"3.875": {
							"post": [2.025, -0.25, -1.325],
							"lerp_mode": "catmullrom"
						},
						"4.0833": {
							"post": [1.48, 0.06, -1.71],
							"lerp_mode": "catmullrom"
						},
						"4.2083": {
							"post": [3.43, 0.425, -0.35],
							"lerp_mode": "catmullrom"
						},
						"4.2917": {
							"post": [1.825, 0.71, -2.015],
							"lerp_mode": "catmullrom"
						},
						"4.4167": {
							"post": [3, 1.14, -0.295],
							"lerp_mode": "catmullrom"
						},
						"4.5833": {
							"post": [2.84, 1.8, 0.3],
							"lerp_mode": "catmullrom"
						},
						"4.8333": {
							"post": [3.405, 2.775, 1.625],
							"lerp_mode": "catmullrom"
						},
						"4.9167": {
							"post": [3.89, 2.86, 2.4],
							"lerp_mode": "catmullrom"
						},
						"5.0833": {
							"post": [3.12, 2.92, 1.2],
							"lerp_mode": "catmullrom"
						},
						"5.25": {
							"post": [3.735, 3.01, 2],
							"lerp_mode": "catmullrom"
						},
						"5.625": {
							"post": [3.46, 3.2, 2.36],
							"lerp_mode": "catmullrom"
						},
						"5.75": {
							"post": [5.21, 3.175, 3.85],
							"lerp_mode": "catmullrom"
						},
						"5.8333": {
							"post": [2.62, 2.88, 0.8],
							"lerp_mode": "catmullrom"
						},
						"5.9583": {
							"post": [2.185, 2.325, 1.425],
							"lerp_mode": "catmullrom"
						},
						"6.2083": {
							"post": [-0.525, 0.175, -0.35],
							"lerp_mode": "catmullrom"
						},
						"6.2917": {
							"post": [0.5, 0, 0.575],
							"lerp_mode": "catmullrom"
						},
						"6.4167": {
							"post": [-0.25, 0.025, -0.3],
							"lerp_mode": "catmullrom"
						},
						"6.5833": {
							"post": [0, 0, 0],
							"lerp_mode": "catmullrom"
						}
					}
				}
			},
			"sound_effects": {
				"0.0": {
					"effect": "emxarms:emx_pmg90/p05_ar_schotel_inspect_raise"
				},
				"2.9583": {
					"effect": "emxmors:emx_locus/mag_clipout"
				},
				"4.125": {
					"effect": "emxmors:emx_locus/mag_clipin"
				},
				"4.8333": {
					"effect": "emxmors:emx_locus/bolt_forward"
				},
				"5.7917": {
					"effect": "emxmors:emx_locus/bolt"
				},
				"6.0417": {
					"effect": "emxarms:emx_pmg90/p05_ar_schotel_inspect_end"
				}
			}
		},
		"inspect_empty": {
			"animation_length": 6.6667,
			"bones": {
				"lefthand": {
					"rotation": {
						"0.0": [107.69108, -32.75736, -156.00452],
						"0.0833": [113.84399, -28.84087, -167.98195],
						"0.2083": [115.13774, -50.87624, -183.69084],
						"2.4167": [115.13774, -50.87624, -183.69084],
						"2.6667": [96.05402, -23.77546, -135.39325],
						"2.75": [96.05402, -23.77546, -135.39325],
						"4.375": [96.05, -23.78, -135.39],
						"4.4167": [96.05, -23.78, -135.39],
						"4.4583": [100.53, -24.81, -144.41],
						"4.5": [106.5, -26.34, -157.28],
						"4.5417": [112.38, -27.79, -169.63]
					},
					"position": {
						"0.0": [8.2, -13.65, -4.45],
						"0.0833": [8.55, -11.425, -2.2],
						"0.2083": [8.2, -13.65, -4.45],
						"2.4167": [8.2, -13.65, -4.45],
						"2.5833": [8.755, -15.77, 1.64],
						"2.6667": [8.2, -16.97, 3],
						"2.75": [8.175, -16.62, 3],
						"4.375": [8.175, -16.62, 3],
						"4.4167": {
							"pre": [9, -17.495, 2.1],
							"post": [9, -17.495, 2.1],
							"lerp_mode": "catmullrom"
						},
						"4.5": {
							"post": [10.875, -12.92, 0.71],
							"lerp_mode": "catmullrom"
						},
						"4.5833": [8.2, -13.65, -4.45]
					},
					"scale": [1, 1.5, 1]
				},
				"righthand": {
					"rotation": {
						"0.0": [89.49625, 6.99973, -180.06139],
						"0.2083": [89.5, 7, -180.06],
						"0.375": [89.5, 7, -180.06],
						"2.375": [89.5, 7, -180.06],
						"2.5417": [89.5, 7, -180.06],
						"4.5833": [89.5, 7, -180.06],
						"4.75": {
							"pre": [70.28913, 10.82689, -220.17861],
							"post": [70.28913, 10.82689, -220.17861],
							"lerp_mode": "catmullrom"
						},
						"5.7083": {
							"post": [70.28913, 10.82689, -220.17861],
							"lerp_mode": "catmullrom"
						},
						"5.7917": [108.74343, 17.64412, -129.37631],
						"5.9583": {
							"pre": [89.49625, 6.99973, -180.06139],
							"post": [89.49625, 6.99973, -180.06139],
							"lerp_mode": "catmullrom"
						}
					},
					"position": {
						"0.0": [-6.85, -14.075, 8.775],
						"0.2083": [-6.85, -14.07, 8.78],
						"0.375": [-8.325, -14.07, 8.78],
						"2.375": [-8.325, -14.07, 8.78],
						"2.5417": [-6.85, -14.07, 8.78],
						"4.5833": [-6.85, -14.07, 8.78],
						"4.75": {
							"pre": [-10.22, -9.1925, 4.59],
							"post": [-10.22, -9.1925, 4.59],
							"lerp_mode": "catmullrom"
						},
						"4.7917": {
							"post": [-10.22, -9.19, 6.0325],
							"lerp_mode": "catmullrom"
						},
						"4.8333": {
							"post": [-10.22, -9.19, 7.0275],
							"lerp_mode": "catmullrom"
						},
						"4.875": [-10.22, -9.19, 7.6125],
						"5.625": [-10.22, -9.19, 7.0275],
						"5.7083": [-9.89, -9.67, 4.09],
						"5.7917": [-9.89, -9.67, 4.09],
						"5.9583": {
							"pre": [-6.85, -14.075, 8.775],
							"post": [-6.85, -14.075, 8.775],
							"lerp_mode": "catmullrom"
						}
					},
					"scale": {
						"0.0": [1, 1.5, 1],
						"5.9583": {
							"pre": [1, 1.5, 1],
							"post": [1, 1.5, 1],
							"lerp_mode": "catmullrom"
						}
					}
				},
				"root": {
					"rotation": {
						"0.0": {
							"post": [0, 0, 0],
							"lerp_mode": "catmullrom"
						},
						"0.0833": {
							"post": [-1.57552, -4.18517, -5.87258],
							"lerp_mode": "catmullrom"
						},
						"0.25": {
							"post": [-4.02414, -13.28009, -10.40473],
							"lerp_mode": "catmullrom"
						},
						"0.5": {
							"post": [-12.85629, -43.05513, -11.98818],
							"lerp_mode": "catmullrom"
						},
						"0.625": {
							"post": [-14.81181, -47.20625, -10.13088],
							"lerp_mode": "catmullrom"
						},
						"0.7917": {
							"post": [-14.99109, -47.47374, -9.10282],
							"lerp_mode": "catmullrom"
						},
						"1.375": {
							"post": [-17.06722, -46.91834, -6.27058],
							"lerp_mode": "catmullrom"
						},
						"1.5417": {
							"post": [-11.77121, -50.35486, -8.4078],
							"lerp_mode": "catmullrom"
						},
						"1.6667": {
							"post": [-2.48632, -55.49611, -13.34944],
							"lerp_mode": "catmullrom"
						},
						"1.8333": {
							"post": [0.79794, -56.84607, -14.39354],
							"lerp_mode": "catmullrom"
						},
						"2.0417": {
							"post": [-1.48956, -56.78982, -13.34354],
							"lerp_mode": "catmullrom"
						},
						"2.25": {
							"post": [-2.98956, -53.78982, -13.33104],
							"lerp_mode": "catmullrom"
						},
						"2.4167": {
							"post": [-10.67, -46.585, -14.92],
							"lerp_mode": "catmullrom"
						},
						"2.5417": {
							"post": [-30.11122, -26.09675, -11.89334],
							"lerp_mode": "catmullrom"
						},
						"2.6667": {
							"post": [-34.29063, -30.84703, -23.03454],
							"lerp_mode": "catmullrom"
						},
						"2.7917": {
							"post": [-33.63149, -29.74839, -27.2996],
							"lerp_mode": "catmullrom"
						},
						"3.0833": [-33.63, -29.75, -24.72],
						"3.75": [-33.58, -29.81, -24.69],
						"4.0833": {
							"pre": [-33.63, -29.75, -24.72],
							"post": [-33.63, -29.75, -24.72],
							"lerp_mode": "catmullrom"
						},
						"4.1667": {
							"post": [-31.13018, -37.2508, -35.73132],
							"lerp_mode": "catmullrom"
						},
						"4.25": {
							"post": [-39.13662, -28.77784, -21.5149],
							"lerp_mode": "catmullrom"
						},
						"4.375": {
							"post": [-32.41298, -28.48824, -24.12616],
							"lerp_mode": "catmullrom"
						},
						"4.5": {
							"post": [-32.35, -13.84, -3.68],
							"lerp_mode": "catmullrom"
						},
						"4.7083": {
							"post": [-24.44887, 33.69261, 57.72468],
							"lerp_mode": "catmullrom"
						},
						"4.8333": {
							"post": [-24.44887, 37.43011, 65.20593],
							"lerp_mode": "catmullrom"
						},
						"5.0": {
							"post": [-21.77341, 39.9934, 71.11487],
							"lerp_mode": "catmullrom"
						},
						"5.2083": {
							"post": [-22.39217, 38.36309, 67.78261],
							"lerp_mode": "catmullrom"
						},
						"5.4167": {
							"post": [-20.91319, 37.91021, 71.44428],
							"lerp_mode": "catmullrom"
						},
						"5.625": {
							"post": [-20.84, 38.06, 71.73],
							"lerp_mode": "catmullrom"
						},
						"5.7083": {
							"post": [-21.44549, 33.44573, 65.10345],
							"lerp_mode": "catmullrom"
						},
						"5.75": {
							"post": [-12.11178, 33.21632, 75.57421],
							"lerp_mode": "catmullrom"
						},
						"5.875": {
							"post": [-14.16619, 29.72082, 65.11199],
							"lerp_mode": "catmullrom"
						},
						"5.9167": {
							"post": [-9.81809, 14.52297, 60.27799],
							"lerp_mode": "catmullrom"
						},
						"6.0417": {
							"post": [-7.6537, -0.57338, 19.91169],
							"lerp_mode": "catmullrom"
						},
						"6.2083": {
							"post": [-2.89977, -0.56617, 0.01026],
							"lerp_mode": "catmullrom"
						},
						"6.2917": {
							"post": [-0.81567, -0.58037, -3.89535],
							"lerp_mode": "catmullrom"
						},
						"6.375": {
							"post": [-0.97803, -1.26726, 0.24991],
							"lerp_mode": "catmullrom"
						},
						"6.4583": {
							"post": [0.25, -0.5, -1.25],
							"lerp_mode": "catmullrom"
						},
						"6.5833": {
							"post": [0, 0, 0],
							"lerp_mode": "catmullrom"
						},
						"6.6667": {
							"post": [0, 0, 0],
							"lerp_mode": "catmullrom"
						}
					},
					"position": {
						"0.0": {
							"post": [0, 0, 0],
							"lerp_mode": "catmullrom"
						},
						"0.0833": {
							"post": [0.2, -0.725, 0.7],
							"lerp_mode": "catmullrom"
						},
						"0.25": {
							"post": [0.725, -0.47, 0.55],
							"lerp_mode": "catmullrom"
						},
						"0.5": {
							"post": [1.55, 1.955, -0.10625],
							"lerp_mode": "catmullrom"
						},
						"0.75": {
							"post": [1.95, 1.83, -0.125],
							"lerp_mode": "catmullrom"
						},
						"1.0833": {
							"post": [2.025, 1.88, -0.16],
							"lerp_mode": "catmullrom"
						},
						"1.3333": {
							"post": [2.05, 1.83, -0.2],
							"lerp_mode": "catmullrom"
						},
						"1.5": {
							"post": [2.705, 1.625, -0.39],
							"lerp_mode": "catmullrom"
						},
						"1.6667": {
							"post": [3.805, 1.625, -0.58],
							"lerp_mode": "catmullrom"
						},
						"1.8333": {
							"post": [4.58625, 1.91125, -0.77],
							"lerp_mode": "catmullrom"
						},
						"2.0417": {
							"post": [4.705, 2.0125, -0.77],
							"lerp_mode": "catmullrom"
						},
						"2.2083": {
							"post": [4.53, 2.01125, -0.81],
							"lerp_mode": "catmullrom"
						},
						"2.2917": {
							"post": [3.8175, 1.68125, -0.67],
							"lerp_mode": "catmullrom"
						},
						"2.4167": {
							"post": [1.95, 0.98, -0.245],
							"lerp_mode": "catmullrom"
						},
						"2.5417": {
							"post": [0.555, 1.38, 0.075],
							"lerp_mode": "catmullrom"
						},
						"2.6667": {
							"post": [-0.625, 2.655, 0.78],
							"lerp_mode": "catmullrom"
						},
						"2.7917": {
							"post": [-0.945, 2.58, 0.78],
							"lerp_mode": "catmullrom"
						},
						"2.9167": {
							"post": [-0.99, 2.465, 0.78],
							"lerp_mode": "catmullrom"
						},
						"3.0": {
							"post": [-0.97625, 2.4175, 0.78],
							"lerp_mode": "catmullrom"
						},
						"3.0833": [-0.76, 1.985, 0.78],
						"3.75": [-1, 2.04, 0.78],
						"3.875": [-1.025, 1.76, 0.78],
						"4.0833": {
							"pre": [-0.79375, 1.775, 0.78],
							"post": [-0.79375, 1.775, 0.78],
							"lerp_mode": "catmullrom"
						},
						"4.125": {
							"post": [-0.3425, 0.92, 0.78],
							"lerp_mode": "catmullrom"
						},
						"4.3333": {
							"post": [-0.82, 0.98625, 0.78],
							"lerp_mode": "catmullrom"
						},
						"4.5417": {
							"post": [-0.82, 0.73, 0.78],
							"lerp_mode": "catmullrom"
						},
						"4.7083": {
							"post": [-0.72, 1.03, 0.68],
							"lerp_mode": "catmullrom"
						},
						"4.8333": {
							"post": [-0.64, 1.38, 0.68],
							"lerp_mode": "catmullrom"
						},
						"4.9167": {
							"post": [-0.66, 1.79, 0.76],
							"lerp_mode": "catmullrom"
						},
						"5.0": {
							"post": [-0.69, 1.655, 0.88],
							"lerp_mode": "catmullrom"
						},
						"5.1667": {
							"post": [-0.765, 1.455, 0.88],
							"lerp_mode": "catmullrom"
						},
						"5.4167": {
							"post": [-0.68, 1.64, 0.88],
							"lerp_mode": "catmullrom"
						},
						"5.6667": {
							"post": [-0.69, 1.455, 0.88],
							"lerp_mode": "catmullrom"
						},
						"5.7083": {
							"post": [-0.69, 0.78, 0.14875],
							"lerp_mode": "catmullrom"
						},
						"5.75": {
							"post": [-0.65, 0.965, 0.2],
							"lerp_mode": "catmullrom"
						},
						"5.875": {
							"post": [-0.64, 0.65, 0.3125],
							"lerp_mode": "catmullrom"
						},
						"5.9167": {
							"post": [-0.89, 0.06875, 0.135],
							"lerp_mode": "catmullrom"
						},
						"6.0833": {
							"post": [-0.68, -0.625, -0.46],
							"lerp_mode": "catmullrom"
						},
						"6.1667": {
							"post": [-0.44, -0.86, -1.05],
							"lerp_mode": "catmullrom"
						},
						"6.2917": {
							"post": [-0.075, -0.15625, 0.325],
							"lerp_mode": "catmullrom"
						},
						"6.375": {
							"post": [0, -0.125, 0.55],
							"lerp_mode": "catmullrom"
						},
						"6.4583": {
							"post": [0, 0, -0.125],
							"lerp_mode": "catmullrom"
						},
						"6.5833": {
							"post": [0, 0, 0],
							"lerp_mode": "catmullrom"
						}
					}
				},
				"mag_and_lh": {
					"rotation": {
						"2.9583": {
							"pre": [0, 0, 0],
							"post": [0, 0, 0],
							"lerp_mode": "catmullrom"
						},
						"3.0833": {
							"post": [0, 0, 0],
							"lerp_mode": "catmullrom"
						},
						"3.2083": {
							"post": [-9.98938, -1.44898, 15.30138],
							"lerp_mode": "catmullrom"
						},
						"3.5833": {
							"post": [-9.98938, -1.44898, 15.30138],
							"lerp_mode": "catmullrom"
						},
						"3.75": [-4.92442, -0.86717, -9.96271],
						"3.7917": [-4.92442, -0.86717, -9.96271],
						"3.875": [-1.93953, -0.69374, -7.97017],
						"3.9167": [-1.93953, -0.69374, -7.97017],
						"4.0417": [0, 0, 0],
						"4.0833": [0, 0, 0],
						"4.125": [0, 0, 0]
					},
					"position": {
						"2.9583": {
							"pre": [0, 0, 0],
							"post": [0, 0, 0],
							"lerp_mode": "catmullrom"
						},
						"3.0833": {
							"post": [0, -2.85, 0],
							"lerp_mode": "catmullrom"
						},
						"3.2083": {
							"post": [1.15, -3.65, -0.475],
							"lerp_mode": "catmullrom"
						},
						"3.375": {
							"post": [1.375, -3.45, -0.645],
							"lerp_mode": "catmullrom"
						},
						"3.5": {
							"post": [1.25, -3.56, -0.725],
							"lerp_mode": "catmullrom"
						},
						"3.5833": {
							"post": [1.15, -3.65, -0.475],
							"lerp_mode": "catmullrom"
						},
						"3.6667": {
							"post": [0.63, -4.055, -0.56],
							"lerp_mode": "catmullrom"
						},
						"3.75": [0.6, -3.15, -0.8],
						"3.7917": [0.6, -3.325, -0.8],
						"3.875": [0.53, -3.325, -0.605],
						"3.9167": [0.53, -3.025, -0.23],
						"4.0417": [0, -2.75, 0],
						"4.0833": [0, -2.6, 0],
						"4.125": [0, 0, 0]
					}
				},
				"bolt": {
					"position": {
						"4.75": [0, 0, 0],
						"4.875": [0, 0, 2.625],
						"5.625": [0, 0, 2.625],
						"5.7917": [0, 0, 0]
					}
				},
				"gun_and_rh": {
					"rotation": {
						"3.0833": {
							"pre": [0.24769, 0.05884, -4.49962],
							"post": [0.24769, 0.05884, -4.49962],
							"lerp_mode": "catmullrom"
						},
						"3.25": {
							"post": [-3.25006, -0.00982, 0.74994],
							"lerp_mode": "catmullrom"
						},
						"3.4167": {
							"post": [-3.07127, -1.97943, -3.14676],
							"lerp_mode": "catmullrom"
						},
						"3.625": {
							"post": [-0.27223, -0.23014, -3.09702],
							"lerp_mode": "catmullrom"
						},
						"3.75": {
							"post": [0.02917, -0.08324, -3.23879],
							"lerp_mode": "catmullrom"
						},
						"3.7917": {
							"post": [0, 0, 0],
							"lerp_mode": "catmullrom"
						}
					},
					"position": {
						"3.0833": {
							"pre": [0, 0, 0],
							"post": [0, 0, 0],
							"lerp_mode": "catmullrom"
						},
						"3.25": {
							"post": [-0.48875, 0.46625, 0.005],
							"lerp_mode": "catmullrom"
						},
						"3.4167": {
							"post": [-0.75875, 0.235, 0.005],
							"lerp_mode": "catmullrom"
						},
						"3.625": {
							"post": [-0.4575, 0.22, 0.005],
							"lerp_mode": "catmullrom"
						},
						"3.7917": {
							"post": [0, 0, 0],
							"lerp_mode": "catmullrom"
						}
					}
				},
				"additional_magazine": {
					"scale": 0
				},
				"bullet": {
					"scale": 0
				},
				"bone113": {
					"position": {
						"0.4167": [0, 0, 0],
						"0.5417": [0, 0, 3.61],
						"0.6667": [0, 0, 5],
						"2.5833": [0, 0, 5],
						"2.75": [0, 0, 2.14],
						"2.9167": [0, 0, 2.14],
						"3.0": [0, 0, 0],
						"3.0417": [0, 0, 0.25],
						"3.0833": [0, 0, 0]
					}
				},
				"bullet2": {
					"position": [0, 1.125, 0],
					"scale": {
						"0.0": [0, 0, 0],
						"5.875": {
							"pre": [0, 0, 0],
							"post": [1, 1, 1]
						}
					}
				},
				"bullet3": {
					"scale": {
						"0.0": [0, 0, 0],
						"5.875": {
							"pre": [0, 0, 0],
							"post": [1, 1, 1]
						}
					}
				},
				"camera": {
					"rotation": {
						"0.0": {
							"post": [0, 0, 0],
							"lerp_mode": "catmullrom"
						},
						"0.2083": {
							"post": [0.455, -0.05, -0.4],
							"lerp_mode": "catmullrom"
						},
						"0.5417": {
							"post": [2.75, -1.15, -1.9],
							"lerp_mode": "catmullrom"
						},
						"1.0": {
							"post": [3.4, -1.2, -2.1],
							"lerp_mode": "catmullrom"
						},
						"1.4583": {
							"post": [3.25, -0.425, -2.35],
							"lerp_mode": "catmullrom"
						},
						"1.7917": {
							"post": [5.8, 2.35, -2.075],
							"lerp_mode": "catmullrom"
						},
						"2.375": {
							"post": [6.2, 2.875, -2.15],
							"lerp_mode": "catmullrom"
						},
						"2.6667": {
							"post": [1.24, 0.84, -1.33],
							"lerp_mode": "catmullrom"
						},
						"2.7917": {
							"post": [1.025, 0.35, -1.15],
							"lerp_mode": "catmullrom"
						},
						"2.9167": {
							"post": [1.02, 0.18, -1.14],
							"lerp_mode": "catmullrom"
						},
						"3.0": {
							"post": [1.435, 0.07, -1.16],
							"lerp_mode": "catmullrom"
						},
						"3.0833": {
							"post": [2.97, 0, 0.175],
							"lerp_mode": "catmullrom"
						},
						"3.2083": {
							"post": [2.785, -0.33, -1.48],
							"lerp_mode": "catmullrom"
						},
						"3.3333": {
							"post": [4.17, -0.825, -0.125],
							"lerp_mode": "catmullrom"
						},
						"3.5833": {
							"post": [3.75, -1, -0.775],
							"lerp_mode": "catmullrom"
						},
						"3.875": {
							"post": [2.025, -0.25, -1.325],
							"lerp_mode": "catmullrom"
						},
						"4.0833": {
							"post": [1.48, 0.06, -1.71],
							"lerp_mode": "catmullrom"
						},
						"4.2083": {
							"post": [3.43, 0.425, -0.35],
							"lerp_mode": "catmullrom"
						},
						"4.2917": {
							"post": [1.825, 0.71, -2.015],
							"lerp_mode": "catmullrom"
						},
						"4.4167": {
							"post": [3, 1.14, -0.295],
							"lerp_mode": "catmullrom"
						},
						"4.5833": {
							"post": [2.84, 1.8, 0.3],
							"lerp_mode": "catmullrom"
						},
						"4.8333": {
							"post": [3.405, 2.775, 1.625],
							"lerp_mode": "catmullrom"
						},
						"4.9167": {
							"post": [3.89, 2.86, 2.4],
							"lerp_mode": "catmullrom"
						},
						"5.0833": {
							"post": [3.12, 2.92, 1.2],
							"lerp_mode": "catmullrom"
						},
						"5.25": {
							"post": [3.735, 3.01, 2],
							"lerp_mode": "catmullrom"
						},
						"5.625": {
							"post": [3.46, 3.2, 2.36],
							"lerp_mode": "catmullrom"
						},
						"5.75": {
							"post": [5.21, 3.175, 3.85],
							"lerp_mode": "catmullrom"
						},
						"5.8333": {
							"post": [2.62, 2.88, 0.8],
							"lerp_mode": "catmullrom"
						},
						"5.9583": {
							"post": [2.185, 2.325, 1.425],
							"lerp_mode": "catmullrom"
						},
						"6.2083": {
							"post": [-0.525, 0.175, -0.35],
							"lerp_mode": "catmullrom"
						},
						"6.2917": {
							"post": [0.5, 0, 0.575],
							"lerp_mode": "catmullrom"
						},
						"6.4167": {
							"post": [-0.25, 0.025, -0.3],
							"lerp_mode": "catmullrom"
						},
						"6.5833": {
							"post": [0, 0, 0],
							"lerp_mode": "catmullrom"
						}
					}
				}
			},
			"sound_effects": {
				"0.0": {
					"effect": "emxarms:emx_pmg90/p05_ar_schotel_inspect_raise"
				},
				"2.9583": {
					"effect": "emxmors:emx_locus/mag_clipout"
				},
				"4.125": {
					"effect": "emxmors:emx_locus/mag_clipin"
				},
				"4.8333": {
					"effect": "emxmors:emx_locus/bolt_forward"
				},
				"5.7917": {
					"effect": "emxmors:emx_locus/bolt"
				},
				"6.4583": {
					"effect": "emxarms:emx_pmg90/p05_ar_schotel_inspect_end"
				}
			}
		},
		"shoot": {
			"animation_length": 1.2333,
			"bones": {
				"root": {
					"rotation": {
						"0.0": {
							"post": [0, 0, 0],
							"lerp_mode": "catmullrom"
						},
						"0.0333": {
							"post": [1.24069, 0.15232, -6.99835],
							"lerp_mode": "catmullrom"
						},
						"0.0667": {
							"post": [-5.82024, 1.33042, 5.79388],
							"lerp_mode": "catmullrom"
						},
						"0.1333": {
							"post": [-6.38564, -0.61289, -1.91761],
							"lerp_mode": "catmullrom"
						},
						"0.2": {
							"post": [-6.0138, -0.64862, -3.1926],
							"lerp_mode": "catmullrom"
						},
						"0.3": {
							"post": [-3.22698, -0.95049, 1.89646],
							"lerp_mode": "catmullrom"
						},
						"0.4667": {
							"post": [-0.42425, 0.27786, 0.43549],
							"lerp_mode": "catmullrom"
						},
						"0.7": {
							"post": [0.23068, -0.21405, -0.46178],
							"lerp_mode": "catmullrom"
						},
						"0.9": {
							"post": [-0.09988, 0.076, 0.12379],
							"lerp_mode": "catmullrom"
						},
						"1.0667": {
							"post": [0.04509, 0.01634, -0.04605],
							"lerp_mode": "catmullrom"
						},
						"1.2333": {
							"post": [0, 0, 0],
							"lerp_mode": "catmullrom"
						}
					},
					"position": {
						"0.0": {
							"post": [0, 0, 0],
							"lerp_mode": "catmullrom"
						},
						"0.0333": {
							"post": [0, -0.75, 4.7],
							"lerp_mode": "catmullrom"
						},
						"0.0667": {
							"post": [0, 0.675, 5.205],
							"lerp_mode": "catmullrom"
						},
						"0.1667": {
							"post": [-0.125, 1.18, 2.775],
							"lerp_mode": "catmullrom"
						},
						"0.2333": {
							"post": [-0.11, 0.94, 0.66],
							"lerp_mode": "catmullrom"
						},
						"0.3": {
							"post": [-0.075, 0.51, -0.005],
							"lerp_mode": "catmullrom"
						},
						"0.4333": {
							"post": [0, -0.47, -0.485],
							"lerp_mode": "catmullrom"
						},
						"0.5667": {
							"post": [0, -0.78, -0.095],
							"lerp_mode": "catmullrom"
						},
						"0.7333": {
							"post": [0, -0.415, 0.06],
							"lerp_mode": "catmullrom"
						},
						"0.9": {
							"post": [0, -0.15, 0.1],
							"lerp_mode": "catmullrom"
						},
						"1.0667": {
							"post": [0.03125, -0.17, -0.03],
							"lerp_mode": "catmullrom"
						},
						"1.2333": {
							"post": [0, 0, 0],
							"lerp_mode": "catmullrom"
						}
					}
				},
				"bolt": {
					"position": [0, 0, 0]
				},
				"camera": {
					"rotation": {
						"0.0": {
							"post": [0, 0, 0],
							"lerp_mode": "catmullrom"
						},
						"0.0333": {
							"post": [0, 0, 3.4],
							"lerp_mode": "catmullrom"
						},
						"0.0667": {
							"post": [0, 0, -2.875],
							"lerp_mode": "catmullrom"
						},
						"0.1": {
							"post": [0, 0, 2.445],
							"lerp_mode": "catmullrom"
						},
						"0.1667": {
							"post": [0, 0, -2.055],
							"lerp_mode": "catmullrom"
						},
						"0.2333": {
							"post": [0, 0, 1.37],
							"lerp_mode": "catmullrom"
						},
						"0.3": {
							"post": [0, 0, -0.85],
							"lerp_mode": "catmullrom"
						},
						"0.3667": {
							"post": [0, 0, 0.525],
							"lerp_mode": "catmullrom"
						},
						"0.4333": {
							"post": [0, 0, -0.125],
							"lerp_mode": "catmullrom"
						},
						"0.5333": {
							"post": [0, 0, 0],
							"lerp_mode": "catmullrom"
						}
					}
				},
				"constraint": {
					"rotation": {
						"0.1667": [0.002, 0.05, 0.006],
						"0.3333": [0, 0, 0]
					},
					"position": {
						"0.1667": [0.01, 0.01, 0.25],
						"0.3333": [0, 0, 0]
					}
				},
				"octagon": {
					"rotation": {
						"0.0": [0, 0, 0],
						"0.0667": [0, 0, -120],
						"0.6": [0, 0, -120],
						"0.6667": [0, 0, 0]
					}
				},
				"octagon2": {
					"rotation": {
						"0.0": [0, 0, 0],
						"0.0667": [0, 0, -120],
						"0.7333": [0, 0, -120],
						"0.8": [0, 0, 0]
					}
				},
				"octagon5": {
					"rotation": {
						"0.0": [0, 0, 0],
						"0.0667": [0, 0, -120],
						"0.8667": [0, 0, -120],
						"0.9333": [0, 0, 0]
					}
				},
				"octagon6": {
					"rotation": {
						"0.0": [0, 0, 0],
						"0.0667": [0, 0, -120],
						"1.0": [0, 0, -120],
						"1.0667": [0, 0, 0]
					}
				},
				"octagon8": {
					"rotation": {
						"0.0": [0, 0, 0],
						"0.0667": [0, 0, -120],
						"1.1333": [0, 0, -120],
						"1.2": [0, 0, 0]
					}
				},
				"octagon9": {
					"rotation": {
						"0.0": [0, 0, 0],
						"0.0667": [0, 0, 120],
						"0.6": [0, 0, 120],
						"0.6667": [0, 0, 0]
					}
				},
				"octagon11": {
					"rotation": {
						"0.0": [0, 0, 0],
						"0.0667": [0, 0, 120],
						"0.7333": [0, 0, 120],
						"0.8": [0, 0, 0]
					}
				},
				"octagon12": {
					"rotation": {
						"0.0": [0, 0, 0],
						"0.0667": [0, 0, 120],
						"0.8667": [0, 0, 120],
						"0.9333": [0, 0, 0]
					}
				},
				"octagon13": {
					"rotation": {
						"0.0": [0, 0, 0],
						"0.0667": [0, 0, 120],
						"1.0": [0, 0, 120],
						"1.0667": [0, 0, 0]
					}
				},
				"octagon15": {
					"rotation": {
						"0.0": [0, 0, 0],
						"0.0667": [0, 0, 120],
						"1.1333": [0, 0, 120],
						"1.2": [0, 0, 0]
					}
				}
			}
		},
		"melee_stock": {
			"animation_length": 1.1,
			"bones": {
				"root": {
					"rotation": {
						"0.0": {
							"post": [0, 0, 0],
							"lerp_mode": "catmullrom"
						},
						"0.0667": {
							"post": [-0.91946, -0.68416, 4.52785],
							"lerp_mode": "catmullrom"
						},
						"0.1333": {
							"post": [-77.5, 0, 90],
							"lerp_mode": "catmullrom"
						},
						"0.2": {
							"post": [-152.5, 0, 102],
							"lerp_mode": "catmullrom"
						},
						"0.3": {
							"post": [-152.5, 0, 100],
							"lerp_mode": "catmullrom"
						},
						"0.4667": {
							"post": [-152.5, 0, 44],
							"lerp_mode": "catmullrom"
						},
						"0.6333": {
							"post": [0.20024, -1.98812, 22.79719],
							"lerp_mode": "catmullrom"
						},
						"0.8": {
							"post": [1.49985, -0.01745, 13.09985],
							"lerp_mode": "catmullrom"
						},
						"0.9333": {
							"post": [0, -0.375, 4.5],
							"lerp_mode": "catmullrom"
						},
						"1.0": {
							"post": [-0.09, -0.35, -0.46875],
							"lerp_mode": "catmullrom"
						},
						"1.1333": {
							"post": [0.01309, -0.25017, -0.42511],
							"lerp_mode": "catmullrom"
						}
					},
					"position": {
						"0.0": {
							"post": [0, 0, 0],
							"lerp_mode": "catmullrom"
						},
						"0.0667": {
							"post": [-2.11, -1.63, 1.31],
							"lerp_mode": "catmullrom"
						},
						"0.1333": {
							"post": [0, 0, 1],
							"lerp_mode": "catmullrom"
						},
						"0.2": {
							"post": [6, 0, -4],
							"lerp_mode": "catmullrom"
						},
						"0.3": {
							"post": [6, 0, -5],
							"lerp_mode": "catmullrom"
						},
						"0.3667": {
							"post": [6, 0, -4],
							"lerp_mode": "catmullrom"
						},
						"0.6333": {
							"post": [-0.21, -1.08, -2.375],
							"lerp_mode": "catmullrom"
						},
						"0.8": {
							"post": [0, -0.25, -0.025],
							"lerp_mode": "catmullrom"
						},
						"0.9333": {
							"post": [0, 0, 0.525],
							"lerp_mode": "catmullrom"
						},
						"1.1": {
							"post": [0, 0, -0.1],
							"lerp_mode": "catmullrom"
						}
					}
				},
				"camera": {
					"rotation": {
						"0.0": {
							"post": [0, 0, 0],
							"lerp_mode": "catmullrom"
						},
						"0.0667": {
							"post": [-0.325, -0.2, -0.4],
							"lerp_mode": "catmullrom"
						},
						"0.2": {
							"post": [0.455, -0.175, 0.7],
							"lerp_mode": "catmullrom"
						},
						"0.3333": {
							"post": [-0.195, 0.075, -0.45],
							"lerp_mode": "catmullrom"
						},
						"0.4667": {
							"post": [0.185, 0.175, 0.15],
							"lerp_mode": "catmullrom"
						},
						"0.7333": {
							"post": [0, 0, 0],
							"lerp_mode": "catmullrom"
						}
					}
				},
				"righthand": {
					"rotation": {
						"0.0": [89.49625, 6.99973, -180.06139],
						"0.1333": [-33, 7, -180.06],
						"0.2333": [-33, 7, -180.06],
						"0.5333": [-33, 7, -180.06],
						"0.6": [89.49625, 6.99973, -180.06139],
						"1.0667": [89.49625, 6.99973, -180.06139]
					},
					"position": {
						"0.0": [-6.85, -14.075, 8.775],
						"0.2333": [-6.85, -8.07, 12.78],
						"0.5333": [-6.85, -8.07, 12.78],
						"0.6": [-6.85, -14.075, 8.775],
						"1.0667": [-6.85, -14.075, 8.775]
					},
					"scale": {
						"0.0": [1, 1.5, 1],
						"1.0667": [1, 1.5, 1]
					}
				}
			},
			"sound_effects": {
				"0.0667": {
					"effect": "emxarms:emx_melee/emx_melee_03"
				}
			}
		},
		"melee_push1": {
			"animation_length": 1,
			"bones": {
				"root": {
					"rotation": {
						"0.0": {
							"post": [0, 0, 0],
							"lerp_mode": "catmullrom"
						},
						"0.0833": {
							"post": [-0.91946, -25, 4.52785],
							"lerp_mode": "catmullrom"
						},
						"0.1667": {
							"post": [-0.58211, -80, 30.44834],
							"lerp_mode": "catmullrom"
						},
						"0.25": {
							"post": [-0.84898, -100, 31.61935],
							"lerp_mode": "catmullrom"
						},
						"0.375": {
							"post": [0.20024, -110, 22.79719],
							"lerp_mode": "catmullrom"
						},
						"0.4583": {
							"post": [1.49985, -90, 13.09985],
							"lerp_mode": "catmullrom"
						},
						"0.5833": {
							"post": [0, -45, 4.5],
							"lerp_mode": "catmullrom"
						},
						"0.6667": {
							"post": [-0.09, -15, -0.46875],
							"lerp_mode": "catmullrom"
						},
						"0.7917": {
							"post": [0.01309, -0.25017, -0.42511],
							"lerp_mode": "catmullrom"
						}
					},
					"position": {
						"0.0": {
							"post": [0, 0, 0],
							"lerp_mode": "catmullrom"
						},
						"0.0833": {
							"post": [-2.11, -1.63, 1.31],
							"lerp_mode": "catmullrom"
						},
						"0.1667": {
							"post": [-1.675, -0.95, -7.675],
							"lerp_mode": "catmullrom"
						},
						"0.25": {
							"post": [-1.02, -0.775, -4.52],
							"lerp_mode": "catmullrom"
						},
						"0.375": {
							"post": [-0.21, -1.08, -2.375],
							"lerp_mode": "catmullrom"
						},
						"0.4583": {
							"post": [0, -0.25, -0.025],
							"lerp_mode": "catmullrom"
						},
						"0.5833": {
							"post": [0, 0, 0.525],
							"lerp_mode": "catmullrom"
						},
						"0.75": {
							"post": [0, 0, -0.1],
							"lerp_mode": "catmullrom"
						}
					}
				},
				"camera": {
					"rotation": {
						"0.0": {
							"post": [0, 0, 0],
							"lerp_mode": "catmullrom"
						},
						"0.0833": {
							"post": [-0.325, -0.2, -0.4],
							"lerp_mode": "catmullrom"
						},
						"0.2083": {
							"post": [0.455, -0.175, 0.7],
							"lerp_mode": "catmullrom"
						},
						"0.3333": {
							"post": [-0.195, 0.075, -0.45],
							"lerp_mode": "catmullrom"
						},
						"0.4583": {
							"post": [0.185, 0.175, 0.15],
							"lerp_mode": "catmullrom"
						},
						"0.75": {
							"post": [0, 0, 0],
							"lerp_mode": "catmullrom"
						}
					}
				}
			},
			"sound_effects": {
				"0.0833": {
					"effect": "emxarms:emx_melee/emx_melee_02"
				}
			}
		},
		"melee_bayonet_3": {
			"animation_length": 1.1,
			"bones": {
				"root": {
					"rotation": {
						"0.0": {
							"post": [0, 0, 0],
							"lerp_mode": "catmullrom"
						},
						"0.0667": {
							"post": [-0.91946, -0.68416, 4.52785],
							"lerp_mode": "catmullrom"
						},
						"0.1333": {
							"post": [-77.5, 0, 0],
							"lerp_mode": "catmullrom"
						},
						"0.2": {
							"post": [-152.5, 0, 7],
							"lerp_mode": "catmullrom"
						},
						"0.3667": {
							"post": [-155.5, 0, 22],
							"lerp_mode": "catmullrom"
						},
						"0.4667": {
							"post": [-137.5, 0, 44],
							"lerp_mode": "catmullrom"
						},
						"0.6333": {
							"post": [0.20024, -1.98812, 22.79719],
							"lerp_mode": "catmullrom"
						},
						"0.8": {
							"post": [1.49985, -0.01745, 13.09985],
							"lerp_mode": "catmullrom"
						},
						"0.9333": {
							"post": [0, -0.375, 4.5],
							"lerp_mode": "catmullrom"
						},
						"1.0": {
							"post": [-0.09, -0.35, -0.46875],
							"lerp_mode": "catmullrom"
						},
						"1.1333": {
							"post": [0.01309, -0.25017, -0.42511],
							"lerp_mode": "catmullrom"
						}
					},
					"position": {
						"0.0": {
							"post": [0, 0, 0],
							"lerp_mode": "catmullrom"
						},
						"0.0667": {
							"post": [-2.11, -1.63, 1.31],
							"lerp_mode": "catmullrom"
						},
						"0.1333": {
							"post": [0, 0, 1],
							"lerp_mode": "catmullrom"
						},
						"0.2": {
							"post": [6, 0, -4],
							"lerp_mode": "catmullrom"
						},
						"0.3": {
							"post": [6, 0, -5],
							"lerp_mode": "catmullrom"
						},
						"0.3667": {
							"post": [6, 0, -4],
							"lerp_mode": "catmullrom"
						},
						"0.6333": {
							"post": [-0.21, -1.08, -2.375],
							"lerp_mode": "catmullrom"
						},
						"0.8": {
							"post": [0, -0.25, -0.025],
							"lerp_mode": "catmullrom"
						},
						"0.9333": {
							"post": [0, 0, 0.525],
							"lerp_mode": "catmullrom"
						},
						"1.1": {
							"post": [0, 0, -0.1],
							"lerp_mode": "catmullrom"
						}
					}
				},
				"camera": {
					"rotation": {
						"0.0": {
							"post": [0, 0, 0],
							"lerp_mode": "catmullrom"
						},
						"0.0667": {
							"post": [-0.325, -0.2, -0.4],
							"lerp_mode": "catmullrom"
						},
						"0.2": {
							"post": [0.455, -0.175, 0.7],
							"lerp_mode": "catmullrom"
						},
						"0.3333": {
							"post": [-0.195, 0.075, -0.45],
							"lerp_mode": "catmullrom"
						},
						"0.4667": {
							"post": [0.185, 0.175, 0.15],
							"lerp_mode": "catmullrom"
						},
						"0.7333": {
							"post": [0, 0, 0],
							"lerp_mode": "catmullrom"
						}
					}
				},
				"righthand": {
					"rotation": {
						"0.0": [89.49625, 6.99973, -180.06139],
						"0.1333": [-33, 7, -180.06],
						"0.2333": [-33, 7, -180.06],
						"0.5333": [-33, 7, -180.06],
						"0.6": [89.49625, 6.99973, -180.06139],
						"1.0667": [89.49625, 6.99973, -180.06139]
					},
					"position": {
						"0.0": [-6.85, -14.075, 8.775],
						"0.2333": [-6.85, -8.07, 12.78],
						"0.5333": [-6.85, -8.07, 12.78],
						"0.6": [-6.85, -14.075, 8.775],
						"1.0667": [-6.85, -14.075, 8.775]
					},
					"scale": {
						"0.0": [1, 1.5, 1],
						"1.0667": [1, 1.5, 1]
					}
				}
			},
			"sound_effects": {
				"0.0667": {
					"effect": "emxarms:emx_melee/emx_melee_01"
				}
			}
		},
		"melee_push": {
			"animation_length": 1.1,
			"bones": {
				"root": {
					"rotation": {
						"0.0": {
							"post": [0, 0, 0],
							"lerp_mode": "catmullrom"
						},
						"0.0667": {
							"post": [-0.91946, -0.68416, 4.52785],
							"lerp_mode": "catmullrom"
						},
						"0.1333": {
							"post": [-77.5, 0, 90],
							"lerp_mode": "catmullrom"
						},
						"0.2": {
							"post": [-150.93209, 7.3352, 102.10051],
							"lerp_mode": "catmullrom"
						},
						"0.3": {
							"post": [-150.74622, 9.84655, 100.15108],
							"lerp_mode": "catmullrom"
						},
						"0.4667": {
							"post": [-152.5, 0, 44],
							"lerp_mode": "catmullrom"
						},
						"0.6333": {
							"post": [0.20024, -1.98812, 22.79719],
							"lerp_mode": "catmullrom"
						},
						"0.8": {
							"post": [1.49985, -0.01745, 13.09985],
							"lerp_mode": "catmullrom"
						},
						"0.9333": {
							"post": [0, -0.375, 4.5],
							"lerp_mode": "catmullrom"
						},
						"1.0": {
							"post": [-0.09, -0.35, -0.46875],
							"lerp_mode": "catmullrom"
						},
						"1.1333": {
							"post": [0.01309, -0.25017, -0.42511],
							"lerp_mode": "catmullrom"
						}
					},
					"position": {
						"0.0": {
							"post": [0, 0, 0],
							"lerp_mode": "catmullrom"
						},
						"0.0667": {
							"post": [-2.11, -1.63, 1.31],
							"lerp_mode": "catmullrom"
						},
						"0.1333": {
							"post": [0, 0, 1],
							"lerp_mode": "catmullrom"
						},
						"0.2": {
							"post": [6, 0, -4],
							"lerp_mode": "catmullrom"
						},
						"0.3": {
							"post": [6, 0, -5],
							"lerp_mode": "catmullrom"
						},
						"0.3667": {
							"post": [6, 0, -4],
							"lerp_mode": "catmullrom"
						},
						"0.6333": {
							"post": [-0.21, -1.08, -2.375],
							"lerp_mode": "catmullrom"
						},
						"0.8": {
							"post": [0, -0.25, -0.025],
							"lerp_mode": "catmullrom"
						},
						"0.9333": {
							"post": [0, 0, 0.525],
							"lerp_mode": "catmullrom"
						},
						"1.1": {
							"post": [0, 0, -0.1],
							"lerp_mode": "catmullrom"
						}
					}
				},
				"camera": {
					"rotation": {
						"0.0": {
							"post": [0, 0, 0],
							"lerp_mode": "catmullrom"
						},
						"0.0667": {
							"post": [-0.325, -0.2, -0.4],
							"lerp_mode": "catmullrom"
						},
						"0.2": {
							"post": [0.455, -0.175, 0.7],
							"lerp_mode": "catmullrom"
						},
						"0.3333": {
							"post": [-0.195, 0.075, -0.45],
							"lerp_mode": "catmullrom"
						},
						"0.4667": {
							"post": [0.185, 0.175, 0.15],
							"lerp_mode": "catmullrom"
						},
						"0.7333": {
							"post": [0, 0, 0],
							"lerp_mode": "catmullrom"
						}
					}
				},
				"righthand": {
					"rotation": {
						"0.0": [89.49625, 6.99973, -180.06139],
						"0.1333": [-33, 7, -180.06],
						"0.2333": [-33, 7, -180.06],
						"0.5333": [-33, 7, -180.06],
						"0.6": [89.49625, 6.99973, -180.06139],
						"1.0667": [89.49625, 6.99973, -180.06139]
					},
					"position": {
						"0.0": [-6.85, -14.075, 8.775],
						"0.2333": [-6.85, -8.07, 12.78],
						"0.5333": [-6.85, -8.07, 12.78],
						"0.6": [-6.85, -14.075, 8.775],
						"1.0667": [-6.85, -14.075, 8.775]
					},
					"scale": {
						"0.0": [1, 1.5, 1],
						"1.0667": [1, 1.5, 1]
					}
				}
			},
			"sound_effects": {
				"0.0667": {
					"effect": "emxarms:emx_melee/emx_melee_02"
				}
			}
		}
	}
}