{
	"format_version": "1.12.0",
	"minecraft:geometry": [
		{
			"description": {
				"identifier": "geometry.unknown",
				"texture_width": 1024,
				"texture_height": 1024,
				"visible_bounds_width": 4,
				"visible_bounds_height": 4,
				"visible_bounds_offset": [0, 1, 0]
			},
			"bones": [
				{
					"name": "bb_main",
					"pivot": [16, 0, 0],
					"cubes": [
						{
							"origin": [7, 6, -8],
							"size": [3, 7, 3],
							"uv": {
								"north": {"uv": [3, 102], "uv_size": [3, 7]},
								"east": {"uv": [0, 102], "uv_size": [3, 7]},
								"south": {"uv": [9, 102], "uv_size": [3, 7]},
								"west": {"uv": [6, 102], "uv_size": [3, 7]},
								"up": {"uv": [3, 99], "uv_size": [3, 3]},
								"down": {"uv": [6, 102], "uv_size": [3, -3]}
							}
						},
						{
							"origin": [-8, 6, -8],
							"size": [3, 7, 3],
							"uv": {
								"north": {"uv": [15, 102], "uv_size": [3, 7]},
								"east": {"uv": [12, 102], "uv_size": [3, 7]},
								"south": {"uv": [21, 102], "uv_size": [3, 7]},
								"west": {"uv": [18, 102], "uv_size": [3, 7]},
								"up": {"uv": [15, 99], "uv_size": [3, 3]},
								"down": {"uv": [18, 102], "uv_size": [3, -3]}
							}
						},
						{
							"origin": [-8, 0, -8],
							"size": [3, 6, 16],
							"uv": {
								"north": {"uv": [16, 85], "uv_size": [3, 6]},
								"east": {"uv": [0, 85], "uv_size": [16, 6]},
								"south": {"uv": [35, 85], "uv_size": [3, 6]},
								"west": {"uv": [19, 85], "uv_size": [16, 6]},
								"up": {"uv": [16, 69], "uv_size": [3, 16]},
								"down": {"uv": [19, 85], "uv_size": [3, -16]}
							}
						},
						{
							"origin": [-8, 8, -5],
							"size": [3, 3, 13],
							"uv": {
								"north": {"uv": [93, 96], "uv_size": [3, 3]},
								"east": {"uv": [80, 96], "uv_size": [13, 3]},
								"south": {"uv": [109, 96], "uv_size": [3, 3]},
								"west": {"uv": [96, 96], "uv_size": [13, 3]},
								"up": {"uv": [93, 83], "uv_size": [3, 13]},
								"down": {"uv": [96, 96], "uv_size": [3, -13]}
							}
						},
						{
							"origin": [10, 8, -8],
							"size": [14, 3, 16],
							"uv": {
								"north": {"uv": [78, 35], "uv_size": [14, 3]},
								"east": {"uv": [62, 35], "uv_size": [16, 3]},
								"south": {"uv": [108, 35], "uv_size": [14, 3]},
								"west": {"uv": [92, 35], "uv_size": [16, 3]},
								"up": {"uv": [78, 19], "uv_size": [14, 16]},
								"down": {"uv": [92, 35], "uv_size": [14, -16]}
							}
						},
						{
							"origin": [-5, 8, 5],
							"size": [15, 3, 3],
							"uv": {
								"north": {"uv": [99, 3], "uv_size": [15, 3]},
								"east": {"uv": [96, 3], "uv_size": [3, 3]},
								"south": {"uv": [117, 3], "uv_size": [15, 3]},
								"west": {"uv": [114, 3], "uv_size": [3, 3]},
								"up": {"uv": [99, 0], "uv_size": [15, 3]},
								"down": {"uv": [114, 3], "uv_size": [15, -3]}
							}
						},
						{
							"origin": [7, 0, -8],
							"size": [17, 6, 16],
							"uv": {
								"north": {"uv": [16, 63], "uv_size": [17, 6]},
								"east": {"uv": [0, 63], "uv_size": [16, 6]},
								"south": {"uv": [49, 63], "uv_size": [17, 6]},
								"west": {"uv": [33, 63], "uv_size": [16, 6]},
								"up": {"uv": [16, 47], "uv_size": [17, 16]},
								"down": {"uv": [33, 63], "uv_size": [17, -16]}
							}
						},
						{
							"origin": [6, 0, -7],
							"size": [17, 14, 14],
							"uv": {
								"north": {"uv": [14, 33], "uv_size": [17, 14]},
								"east": {"uv": [0, 33], "uv_size": [14, 14]},
								"south": {"uv": [45, 33], "uv_size": [17, 14]},
								"west": {"uv": [31, 33], "uv_size": [14, 14]},
								"up": {"uv": [14, 19], "uv_size": [17, 14]},
								"down": {"uv": [31, 33], "uv_size": [17, -14]}
							}
						},
						{
							"origin": [-7, 0, -7],
							"size": [3, 14, 14],
							"uv": {
								"north": {"uv": [80, 69], "uv_size": [3, 14]},
								"east": {"uv": [66, 69], "uv_size": [14, 14]},
								"south": {"uv": [97, 69], "uv_size": [3, 14]},
								"west": {"uv": [83, 69], "uv_size": [14, 14]},
								"up": {"uv": [80, 55], "uv_size": [3, 14]},
								"down": {"uv": [83, 69], "uv_size": [3, -14]}
							}
						},
						{
							"origin": [-4, 0, 4],
							"size": [10, 14, 3],
							"uv": {
								"north": {"uv": [39, 94], "uv_size": [10, 14]},
								"east": {"uv": [36, 94], "uv_size": [3, 14]},
								"south": {"uv": [52, 94], "uv_size": [10, 14]},
								"west": {"uv": [49, 94], "uv_size": [3, 14]},
								"up": {"uv": [39, 91], "uv_size": [10, 3]},
								"down": {"uv": [49, 94], "uv_size": [10, -3]}
							}
						},
						{
							"origin": [-5, 0, 5],
							"size": [12, 6, 3],
							"uv": {
								"north": {"uv": [99, 9], "uv_size": [12, 6]},
								"east": {"uv": [96, 9], "uv_size": [3, 6]},
								"south": {"uv": [114, 9], "uv_size": [12, 6]},
								"west": {"uv": [111, 9], "uv_size": [3, 6]},
								"up": {"uv": [99, 6], "uv_size": [12, 3]},
								"down": {"uv": [111, 9], "uv_size": [12, -3]}
							}
						},
						{
							"origin": [-8, 13, -8],
							"size": [32, 3, 2],
							"uv": {
								"north": {"uv": [16, 16], "uv_size": [32, 3]},
								"east": {"uv": [14, 16], "uv_size": [2, 3]},
								"south": {"uv": [64, 16], "uv_size": [32, 3]},
								"west": {"uv": [48, 16], "uv_size": [2, 3]},
								"up": {"uv": [16, 14], "uv_size": [32, 2]},
								"down": {"uv": [48, 16], "uv_size": [32, -2]}
							}
						},
						{
							"origin": [-8, 13, -6],
							"size": [32, 2, 3],
							"uv": {
								"north": {"uv": [16, 17], "uv_size": [32, 2]},
								"east": {"uv": [11, 17], "uv_size": [3, 2]},
								"south": {"uv": [64, 17], "uv_size": [32, 2]},
								"west": {"uv": [50, 17], "uv_size": [3, 2]},
								"up": {"uv": [16, 11], "uv_size": [32, 3]},
								"down": {"uv": [48, 14], "uv_size": [32, -3]}
							}
						},
						{
							"origin": [-7, 15, -6],
							"size": [31, 1, 3],
							"uv": {
								"north": {"uv": [17, 16], "uv_size": [31, 1]},
								"east": {"uv": [11, 16], "uv_size": [3, 1]},
								"south": {"uv": [64, 16], "uv_size": [31, 1]},
								"west": {"uv": [50, 16], "uv_size": [3, 1]},
								"up": {"uv": [17, 11], "uv_size": [31, 3]},
								"down": {"uv": [49, 14], "uv_size": [31, -3]}
							}
						},
						{
							"origin": [-8, 13, -3],
							"size": [32, 3, 6],
							"uv": {
								"north": {"uv": [16, 16], "uv_size": [32, 3]},
								"east": {"uv": [5, 16], "uv_size": [6, 3]},
								"south": {"uv": [64, 16], "uv_size": [32, 3]},
								"west": {"uv": [53, 16], "uv_size": [6, 3]},
								"up": {"uv": [16, 5], "uv_size": [32, 6]},
								"down": {"uv": [48, 11], "uv_size": [32, -6]}
							}
						},
						{
							"origin": [-7, 13, 3],
							"size": [31, 3, 3],
							"uv": {
								"north": {"uv": [17, 16], "uv_size": [31, 3]},
								"east": {"uv": [2, 16], "uv_size": [3, 3]},
								"south": {"uv": [64, 16], "uv_size": [31, 3]},
								"west": {"uv": [59, 16], "uv_size": [3, 3]},
								"up": {"uv": [17, 2], "uv_size": [31, 3]},
								"down": {"uv": [49, 5], "uv_size": [31, -3]}
							}
						},
						{
							"origin": [-8, 13, 3],
							"size": [1, 2, 3],
							"uv": {
								"north": {"uv": [16, 17], "uv_size": [1, 2]},
								"east": {"uv": [2, 17], "uv_size": [3, 2]},
								"south": {"uv": [95, 17], "uv_size": [1, 2]},
								"west": {"uv": [59, 17], "uv_size": [3, 2]},
								"up": {"uv": [16, 2], "uv_size": [1, 3]},
								"down": {"uv": [48, 5], "uv_size": [1, -3]}
							}
						},
						{
							"origin": [-8, 13, 6],
							"size": [32, 3, 2],
							"uv": {
								"north": {"uv": [16, 16], "uv_size": [32, 3]},
								"east": {"uv": [0, 16], "uv_size": [2, 3]},
								"south": {"uv": [64, 16], "uv_size": [32, 3]},
								"west": {"uv": [62, 16], "uv_size": [2, 3]},
								"up": {"uv": [16, 0], "uv_size": [32, 2]},
								"down": {"uv": [48, 2], "uv_size": [32, -2]}
							}
						},
						{
							"origin": [16, 12, -9],
							"size": [7, 5, 2],
							"uv": {
								"north": {"uv": [64, 93], "uv_size": [7, 5]},
								"east": {"uv": [62, 93], "uv_size": [2, 5]},
								"south": {"uv": [73, 93], "uv_size": [7, 5]},
								"west": {"uv": [71, 93], "uv_size": [2, 5]},
								"up": {"uv": [64, 91], "uv_size": [7, 2]},
								"down": {"uv": [71, 93], "uv_size": [7, -2]}
							}
						},
						{
							"origin": [8, 12, -9],
							"size": [7, 5, 2],
							"uv": {
								"north": {"uv": [64, 100], "uv_size": [7, 5]},
								"east": {"uv": [62, 100], "uv_size": [2, 5]},
								"south": {"uv": [73, 100], "uv_size": [7, 5]},
								"west": {"uv": [71, 100], "uv_size": [2, 5]},
								"up": {"uv": [64, 98], "uv_size": [7, 2]},
								"down": {"uv": [71, 100], "uv_size": [7, -2]}
							}
						},
						{
							"origin": [-6.74308, 14.5, -15.20553],
							"size": [9.15415, 2, 6],
							"uv": {
								"north": {"uv": [6, 97], "uv_size": [12, 2]},
								"east": {"uv": [0, 97], "uv_size": [6, 2]},
								"south": {"uv": [24, 97], "uv_size": [12, 2]},
								"west": {"uv": [18, 97], "uv_size": [6, 2]},
								"up": {"uv": [6, 91], "uv_size": [12, 6]},
								"down": {"uv": [18, 97], "uv_size": [12, -6]}
							}
						},
						{
							"origin": [-6.82213, 15, -6],
							"size": [29.82213, 2, 13.03162],
							"uv": {
								"north": {"uv": [81, 53], "uv_size": [15, 2]},
								"east": {"uv": [66, 53], "uv_size": [15, 2]},
								"south": {"uv": [111, 53], "uv_size": [15, 2]},
								"west": {"uv": [96, 53], "uv_size": [15, 2]},
								"up": {"uv": [81, 38], "uv_size": [15, 15]},
								"down": {"uv": [96, 53], "uv_size": [15, -15]}
							}
						},
						{
							"origin": [-4.76877, 16.0625, -5.1087],
							"size": [26.26877, 1, 9.6087],
							"uv": {
								"up": {"uv": [404, 275], "uv_size": [78, 57]}
							}
						},
						{
							"origin": [20, 7, 7],
							"size": [3, 8, 2],
							"uv": {
								"north": {"uv": [2, 49], "uv_size": [3, 8]},
								"east": {"uv": [0, 49], "uv_size": [2, 8]},
								"south": {"uv": [7, 49], "uv_size": [3, 8]},
								"west": {"uv": [5, 49], "uv_size": [2, 8]},
								"up": {"uv": [2, 47], "uv_size": [3, 2]},
								"down": {"uv": [5, 49], "uv_size": [3, -2]}
							}
						},
						{
							"origin": [8, 7, 7],
							"size": [3, 8, 2],
							"uv": {
								"north": {"uv": [2, 49], "uv_size": [3, 8]},
								"east": {"uv": [0, 49], "uv_size": [2, 8]},
								"south": {"uv": [7, 49], "uv_size": [3, 8]},
								"west": {"uv": [5, 49], "uv_size": [2, 8]},
								"up": {"uv": [2, 47], "uv_size": [3, 2]},
								"down": {"uv": [5, 49], "uv_size": [3, -2]}
							}
						},
						{
							"origin": [-7, 12, 7],
							"size": [10, 5, 2],
							"uv": {
								"north": {"uv": [66, 47], "uv_size": [10, 5]},
								"east": {"uv": [48, 19], "uv_size": [2, 5]},
								"south": {"uv": [66, 63], "uv_size": [10, 5]},
								"west": {"uv": [4, 91], "uv_size": [2, 5]},
								"up": {"uv": [63, 58], "uv_size": [10, 2]},
								"down": {"uv": [63, 62], "uv_size": [10, -2]}
							}
						},
						{
							"origin": [-1, 13.5, 7.5],
							"size": [10, 2, 1],
							"uv": {
								"north": {"uv": [66, 47], "uv_size": [10, 5]},
								"east": {"uv": [48, 19], "uv_size": [2, 5]},
								"south": {"uv": [116, 89], "uv_size": [24, 5]},
								"west": {"uv": [10, 50], "uv_size": [2, 5]},
								"up": {"uv": [63, 58], "uv_size": [10, 2]},
								"down": {"uv": [63, 62], "uv_size": [10, -2]}
							}
						},
						{
							"origin": [-6.74308, 9.05731, -15.20553],
							"size": [1, 5.44269, 1.11067],
							"pivot": [-6.74308, 14.5, -15.20553],
							"rotation": [65, 0, 0],
							"uv": {
								"north": {"uv": [3, 22], "uv_size": [1, 1]},
								"east": {"uv": [0, 97], "uv_size": [6, 2]},
								"south": {"uv": [7, 22], "uv_size": [1, 1]},
								"west": {"uv": [4, 22], "uv_size": [3, 1]},
								"up": {"uv": [3, 19], "uv_size": [1, 3]},
								"down": {"uv": [4, 22], "uv_size": [1, -3]}
							}
						},
						{
							"origin": [-6.74308, 12.20356, -10.28854],
							"size": [1, 1.03162, 2.3834],
							"uv": {
								"north": {"uv": [3, 22], "uv_size": [1, 1]},
								"east": {"uv": [0, 97], "uv_size": [6, 2]},
								"south": {"uv": [7, 22], "uv_size": [1, 1]},
								"west": {"uv": [4, 22], "uv_size": [3, 1]},
								"up": {"uv": [3, 19], "uv_size": [1, 3]},
								"down": {"uv": [4, 22], "uv_size": [1, -3]}
							}
						},
						{
							"origin": [1.39921, 9.05731, -15.20553],
							"size": [1, 5.44269, 1.11067],
							"pivot": [1.39921, 14.5, -15.20553],
							"rotation": [65, 0, 0],
							"uv": {
								"north": {"uv": [3, 22], "uv_size": [1, 1]},
								"east": {"uv": [0, 97], "uv_size": [6, 2]},
								"south": {"uv": [7, 22], "uv_size": [1, 1]},
								"west": {"uv": [4, 22], "uv_size": [3, 1]},
								"up": {"uv": [3, 19], "uv_size": [1, 3]},
								"down": {"uv": [4, 22], "uv_size": [1, -3]}
							}
						},
						{
							"origin": [1.39921, 12.20356, -10.28854],
							"size": [1, 1.03162, 10.27273],
							"uv": {
								"north": {"uv": [3, 22], "uv_size": [1, 1]},
								"east": {"uv": [0, 97], "uv_size": [6, 2]},
								"south": {"uv": [7, 22], "uv_size": [1, 1]},
								"west": {"uv": [4, 22], "uv_size": [3, 1]},
								"up": {"uv": [3, 19], "uv_size": [1, 3]},
								"down": {"uv": [4, 22], "uv_size": [1, -3]}
							}
						},
						{
							"origin": [-4.58498, 27.06719, -2],
							"size": [23.6087, 1, 1],
							"uv": {
								"north": {"uv": [87, 62], "uv_size": [15, 1]},
								"east": {"uv": [86, 62], "uv_size": [1, 1]},
								"south": {"uv": [103, 62], "uv_size": [15, 1]},
								"west": {"uv": [102, 62], "uv_size": [1, 1]},
								"up": {"uv": [87, 61], "uv_size": [15, 1]},
								"down": {"uv": [102, 62], "uv_size": [15, -1]}
							}
						},
						{
							"origin": [16.03557, 26.06719, -3],
							"size": [3, 2, 3],
							"uv": {
								"north": {"uv": [3, 30], "uv_size": [3, 2]},
								"east": {"uv": [0, 30], "uv_size": [3, 2]},
								"south": {"uv": [9, 30], "uv_size": [3, 2]},
								"west": {"uv": [6, 30], "uv_size": [3, 2]},
								"up": {"uv": [3, 27], "uv_size": [3, 3]},
								"down": {"uv": [6, 30], "uv_size": [3, -3]}
							}
						},
						{
							"origin": [-4.03557, 29.06719, -2],
							"size": [23.07115, 0.0625, 0.1875],
							"uv": {
								"north": {"uv": [9, 23], "uv_size": [1, 2]},
								"east": {"uv": [8, 23], "uv_size": [1, 2]},
								"south": {"uv": [11, 23], "uv_size": [1, 2]},
								"west": {"uv": [10, 23], "uv_size": [1, 2]},
								"up": {"uv": [9, 22], "uv_size": [1, 1]},
								"down": {"uv": [10, 23], "uv_size": [1, -1]}
							}
						},
						{
							"origin": [-4.03557, 29.06719, -1.1875],
							"size": [23.07115, 0.0625, 0.1875],
							"uv": {
								"north": {"uv": [9, 23], "uv_size": [1, 2]},
								"east": {"uv": [8, 23], "uv_size": [1, 2]},
								"south": {"uv": [11, 23], "uv_size": [1, 2]},
								"west": {"uv": [10, 23], "uv_size": [1, 2]},
								"up": {"uv": [9, 22], "uv_size": [1, 1]},
								"down": {"uv": [10, 23], "uv_size": [1, -1]}
							}
						},
						{
							"origin": [-5.03557, 28.06719, -3],
							"size": [25.07115, 1, 3],
							"uv": {
								"north": {"uv": [41, 86], "uv_size": [15, 1]},
								"east": {"uv": [38, 86], "uv_size": [3, 1]},
								"south": {"uv": [59, 86], "uv_size": [15, 1]},
								"west": {"uv": [56, 86], "uv_size": [3, 1]},
								"up": {"uv": [41, 83], "uv_size": [15, 3]},
								"down": {"uv": [56, 86], "uv_size": [15, -3]}
							}
						},
						{
							"origin": [17.03557, 28.06719, 0],
							"size": [3, 0.5, 6.92095],
							"uv": {
								"north": {"uv": [55, 26], "uv_size": [3, 1]},
								"east": {"uv": [48, 26], "uv_size": [7, 1]},
								"south": {"uv": [65, 26], "uv_size": [3, 1]},
								"west": {"uv": [58, 26], "uv_size": [7, 1]},
								"up": {"uv": [55, 19], "uv_size": [3, 7]},
								"down": {"uv": [58, 26], "uv_size": [3, -7]}
							}
						},
						{
							"origin": [6.03557, 27.06719, 6.93676],
							"size": [1.03953, 2, 1.06324],
							"uv": {
								"north": {"uv": [6, 20], "uv_size": [1, 2]},
								"east": {"uv": [5, 20], "uv_size": [1, 2]},
								"south": {"uv": [8, 20], "uv_size": [1, 2]},
								"west": {"uv": [7, 20], "uv_size": [1, 2]},
								"up": {"uv": [6, 19], "uv_size": [1, 1]},
								"down": {"uv": [7, 20], "uv_size": [1, -1]}
							}
						},
						{
							"origin": [17.98814, 27.06719, 6.96838],
							"size": [1.00791, 2, 1.03162],
							"uv": {
								"north": {"uv": [6, 20], "uv_size": [1, 2]},
								"east": {"uv": [5, 20], "uv_size": [1, 2]},
								"south": {"uv": [8, 20], "uv_size": [1, 2]},
								"west": {"uv": [7, 20], "uv_size": [1, 2]},
								"up": {"uv": [6, 19], "uv_size": [1, 1]},
								"down": {"uv": [7, 20], "uv_size": [1, -1]}
							}
						},
						{
							"origin": [6.03557, 28.56719, 0],
							"size": [1, 0.5, 7],
							"uv": {
								"north": {"uv": [0, 0], "uv_size": [1, 1]},
								"east": {"uv": [5, 25], "uv_size": [7, 1]},
								"south": {"uv": [3, 0], "uv_size": [1, 1]},
								"west": {"uv": [0, 32], "uv_size": [7, 1]},
								"up": {"uv": [13, 19], "uv_size": [1, 7]},
								"down": {"uv": [12, 29], "uv_size": [1, -7]}
							}
						},
						{
							"origin": [18.03557, 28.56719, 0],
							"size": [1, 0.5, 7],
							"uv": {
								"north": {"uv": [0, 0], "uv_size": [1, 1]},
								"east": {"uv": [5, 25], "uv_size": [7, 1]},
								"south": {"uv": [3, 0], "uv_size": [1, 1]},
								"west": {"uv": [0, 32], "uv_size": [7, 1]},
								"up": {"uv": [13, 19], "uv_size": [1, 7]},
								"down": {"uv": [12, 29], "uv_size": [1, -7]}
							}
						},
						{
							"origin": [5.03557, 28.06719, 0],
							"size": [3, 0.5, 7],
							"uv": {
								"north": {"uv": [57, 62], "uv_size": [3, 1]},
								"east": {"uv": [50, 62], "uv_size": [7, 1]},
								"south": {"uv": [67, 62], "uv_size": [3, 1]},
								"west": {"uv": [60, 62], "uv_size": [7, 1]},
								"up": {"uv": [57, 55], "uv_size": [3, 7]},
								"down": {"uv": [60, 62], "uv_size": [3, -7]}
							}
						},
						{
							"origin": [-5.01976, 28.06719, 0],
							"size": [3, 0.5, 7],
							"uv": {
								"north": {"uv": [57, 62], "uv_size": [3, 1]},
								"east": {"uv": [50, 62], "uv_size": [7, 1]},
								"south": {"uv": [67, 62], "uv_size": [3, 1]},
								"west": {"uv": [60, 62], "uv_size": [7, 1]},
								"up": {"uv": [57, 55], "uv_size": [3, 7]},
								"down": {"uv": [60, 62], "uv_size": [3, -7]}
							}
						},
						{
							"origin": [-4.01976, 28.56719, 0],
							"size": [1, 0.5, 7],
							"uv": {
								"north": {"uv": [0, 0], "uv_size": [1, 1]},
								"east": {"uv": [5, 25], "uv_size": [7, 1]},
								"south": {"uv": [3, 0], "uv_size": [1, 1]},
								"west": {"uv": [0, 32], "uv_size": [7, 1]},
								"up": {"uv": [13, 19], "uv_size": [1, 7]},
								"down": {"uv": [12, 29], "uv_size": [1, -7]}
							}
						},
						{
							"origin": [-4.01976, 27.06719, 6.93676],
							"size": [1.03953, 2, 1.06324],
							"uv": {
								"north": {"uv": [6, 20], "uv_size": [1, 2]},
								"east": {"uv": [5, 20], "uv_size": [1, 2]},
								"south": {"uv": [8, 20], "uv_size": [1, 2]},
								"west": {"uv": [7, 20], "uv_size": [1, 2]},
								"up": {"uv": [6, 19], "uv_size": [1, 1]},
								"down": {"uv": [7, 20], "uv_size": [1, -1]}
							}
						},
						{
							"origin": [-6, 28.97233, 1.68379],
							"size": [27.47431, 1.25692, 1],
							"uv": {
								"north": {"uv": [1, 14], "uv_size": [3, 2]},
								"east": {"uv": [0, 14], "uv_size": [1, 2]},
								"south": {"uv": [5, 14], "uv_size": [3, 2]},
								"west": {"uv": [4, 14], "uv_size": [1, 2]},
								"up": {"uv": [1, 13], "uv_size": [3, 1]},
								"down": {"uv": [4, 14], "uv_size": [3, -1]}
							}
						},
						{
							"origin": [-6, 28.97233, 4.90119],
							"size": [27.47431, 1.25692, 1],
							"uv": {
								"north": {"uv": [1, 14], "uv_size": [3, 2]},
								"east": {"uv": [0, 14], "uv_size": [1, 2]},
								"south": {"uv": [5, 14], "uv_size": [3, 2]},
								"west": {"uv": [4, 14], "uv_size": [1, 2]},
								"up": {"uv": [1, 13], "uv_size": [3, 1]},
								"down": {"uv": [4, 14], "uv_size": [3, -1]}
							}
						},
						{
							"origin": [-6.85375, 17, -6],
							"size": [1, 13.8498, 1],
							"uv": {
								"north": {"uv": [9, 1], "uv_size": [1, 12]},
								"east": {"uv": [8, 1], "uv_size": [1, 12]},
								"south": {"uv": [11, 1], "uv_size": [1, 12]},
								"west": {"uv": [10, 1], "uv_size": [1, 12]},
								"up": {"uv": [9, 0], "uv_size": [1, 1]},
								"down": {"uv": [10, 1], "uv_size": [1, -1]}
							}
						},
						{
							"origin": [-5.85375, 17, -6],
							"size": [27.96047, 0.79051, 1],
							"uv": {
								"north": {"uv": [9, 1], "uv_size": [1, 12]},
								"east": {"uv": [8, 1], "uv_size": [1, 12]},
								"south": {"uv": [11, 1], "uv_size": [1, 12]},
								"west": {"uv": [10, 1], "uv_size": [1, 12]},
								"up": {"uv": [9, 0], "uv_size": [1, 1]},
								"down": {"uv": [10, 1], "uv_size": [1, -1]}
							}
						},
						{
							"origin": [-5.85375, 29.19763, -6],
							"size": [27.96047, 1.50988, 1],
							"uv": {
								"north": {"uv": [9, 1], "uv_size": [1, 12]},
								"east": {"uv": [8, 1], "uv_size": [1, 12]},
								"south": {"uv": [11, 1], "uv_size": [1, 12]},
								"west": {"uv": [10, 1], "uv_size": [1, 12]},
								"up": {"uv": [9, 0], "uv_size": [1, 1]},
								"down": {"uv": [10, 1], "uv_size": [1, -1]}
							}
						},
						{
							"origin": [-6.78261, 17, -5.03162],
							"size": [0.92885, 1.06719, 12.05929],
							"uv": {
								"north": {"uv": [9, 1], "uv_size": [1, 12]},
								"east": {"uv": [8, 1], "uv_size": [1, 12]},
								"south": {"uv": [11, 1], "uv_size": [1, 12]},
								"west": {"uv": [10, 1], "uv_size": [1, 12]},
								"up": {"uv": [9, 0], "uv_size": [1, 1]},
								"down": {"uv": [10, 1], "uv_size": [1, -1]}
							}
						},
						{
							"origin": [-6.78261, 28.41502, -5.03162],
							"size": [0.92885, 2.24506, 12.04348],
							"uv": {
								"north": {"uv": [9, 1], "uv_size": [1, 12]},
								"east": {"uv": [8, 1], "uv_size": [1, 12]},
								"south": {"uv": [11, 1], "uv_size": [1, 12]},
								"west": {"uv": [10, 1], "uv_size": [1, 12]},
								"up": {"uv": [9, 0], "uv_size": [1, 1]},
								"down": {"uv": [10, 1], "uv_size": [1, -1]}
							}
						},
						{
							"origin": [-6.78261, 18.06719, 6.66008],
							"size": [0.92885, 10.33992, 0.37549],
							"uv": {
								"north": {"uv": [234, 36], "uv_size": [1, 8]},
								"east": {"uv": [234, 36], "uv_size": [1, 8]},
								"south": {"uv": [234, 36], "uv_size": [1, 8]},
								"west": {"uv": [234, 36], "uv_size": [1, 8]},
								"up": {"uv": [235, 44], "uv_size": [-1, -8]},
								"down": {"uv": [235, 44], "uv_size": [-1, -8]}
							}
						},
						{
							"origin": [-6.78261, 17.97233, 6.58103],
							"size": [0.92885, 11.55731, 0.37549],
							"pivot": [-6.78261, 18.06719, 6.58103],
							"rotation": [90, 0, 0],
							"uv": {
								"north": {"uv": [234, 36], "uv_size": [1, 8]},
								"east": {"uv": [234, 36], "uv_size": [1, 8]},
								"south": {"uv": [234, 36], "uv_size": [1, 8]},
								"west": {"uv": [234, 36], "uv_size": [1, 8]},
								"up": {"uv": [235, 44], "uv_size": [-1, -8]},
								"down": {"uv": [235, 44], "uv_size": [-1, -8]}
							}
						},
						{
							"origin": [14.90909, 12.17589, -5.78063],
							"size": [0.76285, 27.43874, 0.37549],
							"pivot": [15.37352, 17.95455, -5.59289],
							"rotation": [90, 90, 0],
							"uv": {
								"north": {"uv": [234, 36], "uv_size": [1, 8]},
								"east": {"uv": [234, 36], "uv_size": [1, 8]},
								"south": {"uv": [234, 36], "uv_size": [1, 8]},
								"west": {"uv": [234, 36], "uv_size": [1, 8]},
								"up": {"uv": [235, 44], "uv_size": [-1, -8]},
								"down": {"uv": [235, 44], "uv_size": [-1, -8]}
							}
						},
						{
							"origin": [14.90909, 23.31423, -5.78063],
							"size": [0.76285, 27.43874, 0.37549],
							"pivot": [15.37352, 29.09289, -5.59289],
							"rotation": [90, 90, 0],
							"uv": {
								"north": {"uv": [234, 36], "uv_size": [1, 8]},
								"east": {"uv": [234, 36], "uv_size": [1, 8]},
								"south": {"uv": [234, 36], "uv_size": [1, 8]},
								"west": {"uv": [234, 36], "uv_size": [1, 8]},
								"up": {"uv": [235, 44], "uv_size": [-1, -8]},
								"down": {"uv": [235, 44], "uv_size": [-1, -8]}
							}
						},
						{
							"origin": [-6.78261, 27.98814, 6.58103],
							"size": [0.92885, 11.57312, 0.32016],
							"pivot": [-6.78261, 28.09881, 6.58103],
							"rotation": [90, 0, 0],
							"uv": {
								"north": {"uv": [234, 36], "uv_size": [1, 8]},
								"east": {"uv": [234, 36], "uv_size": [1, 8]},
								"south": {"uv": [234, 36], "uv_size": [1, 8]},
								"west": {"uv": [234, 36], "uv_size": [1, 8]},
								"up": {"uv": [235, 44], "uv_size": [-1, -8]},
								"down": {"uv": [235, 44], "uv_size": [-1, -8]}
							}
						},
						{
							"origin": [-5.97628, 29.68775, 6.6996],
							"size": [0.82609, 12.67194, 0.20158],
							"pivot": [-5.97628, 30.26482, 6.58103],
							"rotation": [90, 0, 0],
							"uv": {
								"north": {"uv": [234, 36], "uv_size": [1, 8]},
								"east": {"uv": [234, 36], "uv_size": [1, 8]},
								"south": {"uv": [234, 36], "uv_size": [1, 8]},
								"west": {"uv": [234, 36], "uv_size": [1, 8]},
								"up": {"uv": [235, 44], "uv_size": [-1, -8]},
								"down": {"uv": [235, 44], "uv_size": [-1, -8]}
							}
						},
						{
							"origin": [-5.1502, 41.60079, 6.6996],
							"size": [25.92885, 0.75889, 0.20158],
							"pivot": [-5.97628, 30.26482, 6.58103],
							"rotation": [90, 0, 0],
							"uv": {
								"north": {"uv": [234, 36], "uv_size": [1, 8]},
								"east": {"uv": [234, 36], "uv_size": [1, 8]},
								"south": {"uv": [234, 36], "uv_size": [1, 8]},
								"west": {"uv": [234, 36], "uv_size": [1, 8]},
								"up": {"uv": [235, 44], "uv_size": [-1, -8]},
								"down": {"uv": [235, 44], "uv_size": [-1, -8]}
							}
						},
						{
							"origin": [-5.1502, 41.60079, 18.60474],
							"size": [25.92885, 0.75889, 0.20158],
							"pivot": [-5.97628, 30.26482, 18.48617],
							"rotation": [90, 0, 0],
							"uv": {
								"north": {"uv": [234, 36], "uv_size": [1, 8]},
								"east": {"uv": [234, 36], "uv_size": [1, 8]},
								"south": {"uv": [234, 36], "uv_size": [1, 8]},
								"west": {"uv": [234, 36], "uv_size": [1, 8]},
								"up": {"uv": [235, 44], "uv_size": [-1, -8]},
								"down": {"uv": [235, 44], "uv_size": [-1, -8]}
							}
						},
						{
							"origin": [20.43478, 29.68775, 6.6996],
							"size": [0.71542, 12.67194, 0.20158],
							"pivot": [20.22134, 30.26482, 6.58103],
							"rotation": [90, 0, 0],
							"uv": {
								"north": {"uv": [234, 36], "uv_size": [1, 8]},
								"east": {"uv": [234, 36], "uv_size": [1, 8]},
								"south": {"uv": [234, 36], "uv_size": [1, 8]},
								"west": {"uv": [234, 36], "uv_size": [1, 8]},
								"up": {"uv": [235, 44], "uv_size": [-1, -8]},
								"down": {"uv": [235, 44], "uv_size": [-1, -8]}
							}
						},
						{
							"origin": [-6.78261, 18.06719, -5.01581],
							"size": [0.92885, 10.33992, 0.37549],
							"uv": {
								"north": {"uv": [234, 36], "uv_size": [1, 8]},
								"east": {"uv": [234, 36], "uv_size": [1, 8]},
								"south": {"uv": [234, 36], "uv_size": [1, 8]},
								"west": {"uv": [234, 36], "uv_size": [1, 8]},
								"up": {"uv": [235, 44], "uv_size": [-1, -8]},
								"down": {"uv": [235, 44], "uv_size": [-1, -8]}
							}
						},
						{
							"origin": [20.75099, 18.06719, -5.81423],
							"size": [0.61265, 11.04348, 0.37549],
							"uv": {
								"north": {"uv": [234, 36], "uv_size": [1, 8]},
								"east": {"uv": [234, 36], "uv_size": [1, 8]},
								"south": {"uv": [234, 36], "uv_size": [1, 8]},
								"west": {"uv": [234, 36], "uv_size": [1, 8]},
								"up": {"uv": [235, 44], "uv_size": [-1, -8]},
								"down": {"uv": [235, 44], "uv_size": [-1, -8]}
							}
						},
						{
							"origin": [-6.24901, 18.06719, -5.81423],
							"size": [0.61265, 11.04348, 0.37549],
							"uv": {
								"north": {"uv": [234, 36], "uv_size": [1, 8]},
								"east": {"uv": [234, 36], "uv_size": [1, 8]},
								"south": {"uv": [234, 36], "uv_size": [1, 8]},
								"west": {"uv": [234, 36], "uv_size": [1, 8]},
								"up": {"uv": [235, 44], "uv_size": [-1, -8]},
								"down": {"uv": [235, 44], "uv_size": [-1, -8]}
							}
						},
						{
							"origin": [-5.88142, 14.67589, 7],
							"size": [28.03557, 16, 0.93676],
							"uv": {
								"north": {"uv": [15, 1], "uv_size": [1, 12]},
								"east": {"uv": [12, 1], "uv_size": [1, 12]},
								"south": {"uv": [15, 1], "uv_size": [1, 12]},
								"west": {"uv": [14, 1], "uv_size": [1, 12]},
								"up": {"uv": [13, 0], "uv_size": [1, 1]},
								"down": {"uv": [14, 1], "uv_size": [1, -1]}
							}
						},
						{
							"origin": [-3.89723, 16.15415, 6.88142],
							"size": [23.87747, 12.83794, 0.11858],
							"uv": {
								"north": {"uv": [284, 12], "uv_size": [28, 13]},
								"east": {"uv": [12, 1], "uv_size": [1, 12]},
								"south": {"uv": [15, 1], "uv_size": [1, 12]},
								"west": {"uv": [14, 1], "uv_size": [1, 12]},
								"up": {"uv": [13, 0], "uv_size": [1, 1]},
								"down": {"uv": [14, 1], "uv_size": [1, -1]}
							}
						},
						{
							"origin": [-6.85375, 17, 7],
							"size": [1, 13.8498, 1],
							"uv": {
								"north": {"uv": [1, 1], "uv_size": [1, 12]},
								"east": {"uv": [0, 1], "uv_size": [1, 12]},
								"south": {"uv": [3, 1], "uv_size": [1, 12]},
								"west": {"uv": [2, 1], "uv_size": [1, 12]},
								"up": {"uv": [1, 0], "uv_size": [1, 1]},
								"down": {"uv": [2, 1], "uv_size": [1, -1]}
							}
						},
						{
							"origin": [21.14625, 17, 7],
							"size": [1, 13.81028, 1],
							"uv": {
								"north": {"uv": [1, 1], "uv_size": [1, 12]},
								"east": {"uv": [0, 1], "uv_size": [1, 12]},
								"south": {"uv": [3, 1], "uv_size": [1, 12]},
								"west": {"uv": [2, 1], "uv_size": [1, 12]},
								"up": {"uv": [1, 0], "uv_size": [1, 1]},
								"down": {"uv": [2, 1], "uv_size": [1, -1]}
							}
						},
						{
							"origin": [21.21739, 18.06719, 6.66008],
							"size": [0.92885, 10.33992, 0.37549],
							"uv": {
								"north": {"uv": [234, 36], "uv_size": [1, 8]},
								"east": {"uv": [234, 36], "uv_size": [1, 8]},
								"south": {"uv": [234, 36], "uv_size": [1, 8]},
								"west": {"uv": [234, 36], "uv_size": [1, 8]},
								"up": {"uv": [235, 44], "uv_size": [-1, -8]},
								"down": {"uv": [235, 44], "uv_size": [-1, -8]}
							}
						},
						{
							"origin": [21.21739, 28.41502, -5.03162],
							"size": [0.92885, 2.24506, 12.04348],
							"uv": {
								"north": {"uv": [9, 1], "uv_size": [1, 12]},
								"east": {"uv": [8, 1], "uv_size": [1, 12]},
								"south": {"uv": [11, 1], "uv_size": [1, 12]},
								"west": {"uv": [10, 1], "uv_size": [1, 12]},
								"up": {"uv": [9, 0], "uv_size": [1, 1]},
								"down": {"uv": [10, 1], "uv_size": [1, -1]}
							}
						},
						{
							"origin": [21.21739, 27.98814, 6.58103],
							"size": [0.92885, 11.57312, 0.32016],
							"pivot": [21.21739, 28.09881, 6.58103],
							"rotation": [90, 0, 0],
							"uv": {
								"north": {"uv": [234, 36], "uv_size": [1, 8]},
								"east": {"uv": [234, 36], "uv_size": [1, 8]},
								"south": {"uv": [234, 36], "uv_size": [1, 8]},
								"west": {"uv": [234, 36], "uv_size": [1, 8]},
								"up": {"uv": [235, 44], "uv_size": [-1, -8]},
								"down": {"uv": [235, 44], "uv_size": [-1, -8]}
							}
						},
						{
							"origin": [21.21739, 18.06719, -5.01581],
							"size": [0.92885, 10.33992, 0.37549],
							"uv": {
								"north": {"uv": [234, 36], "uv_size": [1, 8]},
								"east": {"uv": [234, 36], "uv_size": [1, 8]},
								"south": {"uv": [234, 36], "uv_size": [1, 8]},
								"west": {"uv": [234, 36], "uv_size": [1, 8]},
								"up": {"uv": [235, 44], "uv_size": [-1, -8]},
								"down": {"uv": [235, 44], "uv_size": [-1, -8]}
							}
						},
						{
							"origin": [21.14625, 17, -6],
							"size": [1, 13.81818, 1],
							"uv": {
								"north": {"uv": [9, 1], "uv_size": [1, 12]},
								"east": {"uv": [8, 1], "uv_size": [1, 12]},
								"south": {"uv": [11, 1], "uv_size": [1, 12]},
								"west": {"uv": [10, 1], "uv_size": [1, 12]},
								"up": {"uv": [9, 0], "uv_size": [1, 1]},
								"down": {"uv": [10, 1], "uv_size": [1, -1]}
							}
						},
						{
							"origin": [21.21739, 17, -5.03162],
							"size": [0.92885, 1.06719, 12.05929],
							"uv": {
								"north": {"uv": [9, 1], "uv_size": [1, 12]},
								"east": {"uv": [8, 1], "uv_size": [1, 12]},
								"south": {"uv": [11, 1], "uv_size": [1, 12]},
								"west": {"uv": [10, 1], "uv_size": [1, 12]},
								"up": {"uv": [9, 0], "uv_size": [1, 1]},
								"down": {"uv": [10, 1], "uv_size": [1, -1]}
							}
						},
						{
							"origin": [21.21739, 17.97233, 6.58103],
							"size": [0.92885, 11.55731, 0.37549],
							"pivot": [21.21739, 18.06719, 6.58103],
							"rotation": [90, 0, 0],
							"uv": {
								"north": {"uv": [234, 36], "uv_size": [1, 8]},
								"east": {"uv": [234, 36], "uv_size": [1, 8]},
								"south": {"uv": [234, 36], "uv_size": [1, 8]},
								"west": {"uv": [234, 36], "uv_size": [1, 8]},
								"up": {"uv": [235, 44], "uv_size": [-1, -8]},
								"down": {"uv": [235, 44], "uv_size": [-1, -8]}
							}
						},
						{
							"origin": [-3.74308, 15, -9.88538],
							"size": [6, 2, 3],
							"uv": {
								"north": {"uv": [41, 81], "uv_size": [6, 2]},
								"east": {"uv": [38, 81], "uv_size": [3, 2]},
								"south": {"uv": [50, 81], "uv_size": [6, 2]},
								"west": {"uv": [47, 81], "uv_size": [3, 2]},
								"up": {"uv": [41, 78], "uv_size": [6, 3]},
								"down": {"uv": [47, 81], "uv_size": [6, -3]}
							}
						}
					]
				},
				{
					"name": "bone2_illuminated",
					"parent": "bb_main",
					"pivot": [0, 0, 0],
					"cubes": [
						{
							"origin": [19.04348, 25.56719, -2],
							"size": [1, 2.5, 1],
							"uv": {
								"north": {"uv": [9, 23], "uv_size": [1, 2]},
								"east": {"uv": [8, 23], "uv_size": [1, 2]},
								"south": {"uv": [11, 23], "uv_size": [1, 2]},
								"west": {"uv": [10, 23], "uv_size": [1, 2]},
								"up": {"uv": [9, 22], "uv_size": [1, 1]},
								"down": {"uv": [10, 23], "uv_size": [1, -1]}
							}
						},
						{
							"origin": [20, 16.07813, -4.75],
							"size": [1, 1, 9.75],
							"uv": {
								"up": {"uv": [469, 338], "uv_size": [5, 35]}
							}
						}
					]
				},
				{
					"name": "bone",
					"parent": "bb_main",
					"pivot": [0, 17, 4],
					"rotation": [-20, 0, 0],
					"cubes": [
						{
							"origin": [-2.74308, 12.59294, -8.10829],
							"size": [4, 4, 1],
							"uv": {
								"north": {"uv": [57, 79], "uv_size": [4, 4]},
								"east": {"uv": [56, 79], "uv_size": [1, 4]},
								"south": {"uv": [62, 79], "uv_size": [4, 4]},
								"west": {"uv": [61, 79], "uv_size": [1, 4]},
								"up": {"uv": [57, 78], "uv_size": [4, 1]},
								"down": {"uv": [61, 79], "uv_size": [4, -1]}
							}
						},
						{
							"origin": [-6.74308, 12.59294, -9.10829],
							"size": [8.88538, 8, 1],
							"uv": {
								"north": {"uv": [460, 22], "uv_size": [24, 16]},
								"east": {"uv": [38, 70], "uv_size": [1, 8]},
								"south": {"uv": [52, 70], "uv_size": [12, 8]},
								"west": {"uv": [51, 70], "uv_size": [1, 8]},
								"up": {"uv": [39, 69], "uv_size": [12, 1]},
								"down": {"uv": [51, 70], "uv_size": [12, -1]}
							}
						}
					]
				},
				{
					"name": "light_illuminated",
					"parent": "bone",
					"pivot": [0, 17, 4],
					"cubes": [
						{
							"origin": [-5.99308, 13.65124, -9.23329],
							"size": [7.40119, 5.92292, 0.1875],
							"uv": {
								"north": {"uv": [13, 330], "uv_size": [311, 173]}
							}
						}
					]
				},
				{
					"name": "bone2",
					"parent": "bb_main",
					"pivot": [-6.27403, 19.36881, 5.68458],
					"rotation": [0, -90, 0],
					"cubes": [
						{
							"origin": [-4.4502, 19.76285, 5.38458],
							"size": [0.3, 1, 0.6],
							"inflate": 0.001,
							"pivot": [-4.1502, 16.76285, -6.71542],
							"rotation": [0, 0, -45],
							"uv": {
								"south": {"uv": [234, 36], "uv_size": [1, 8]}
							}
						},
						{
							"origin": [-3.9502, 18.76285, 5.38458],
							"size": [0.3, 1, 0.6],
							"inflate": 0.001,
							"pivot": [-4.6502, 16.76285, -6.71542],
							"rotation": [0, 0, -45],
							"uv": {
								"south": {"uv": [234, 36], "uv_size": [1, 8]}
							}
						},
						{
							"origin": [-12.82767, 26.74704, 5.38458],
							"size": [0.3, 1, 0.6],
							"inflate": 0.001,
							"pivot": [-13.52767, 24.74704, -6.71542],
							"rotation": [0, 0, -45],
							"uv": {
								"south": {"uv": [234, 36], "uv_size": [1, 8]}
							}
						},
						{
							"origin": [-13.32767, 27.74704, 5.38458],
							"size": [0.3, 1, 0.6],
							"inflate": 0.001,
							"pivot": [-13.02767, 24.74704, -6.71542],
							"rotation": [0, 0, -45],
							"uv": {
								"south": {"uv": [234, 36], "uv_size": [1, 8]}
							}
						},
						{
							"origin": [-13.32767, 27.74704, -23.0502],
							"size": [0.3, 1, 0.6],
							"inflate": 0.001,
							"pivot": [-13.02767, 24.74704, -35.1502],
							"rotation": [0, 0, -45],
							"uv": {
								"south": {"uv": [234, 36], "uv_size": [1, 8]}
							}
						},
						{
							"origin": [-12.82767, 26.74704, -23.0502],
							"size": [0.3, 1, 0.6],
							"inflate": 0.001,
							"pivot": [-13.52767, 24.74704, -35.1502],
							"rotation": [0, 0, -45],
							"uv": {
								"south": {"uv": [234, 36], "uv_size": [1, 8]}
							}
						},
						{
							"origin": [-4.4502, 19.76285, -23.0502],
							"size": [0.3, 1, 0.6],
							"inflate": 0.001,
							"pivot": [-4.1502, 16.76285, -35.1502],
							"rotation": [0, 0, -45],
							"uv": {
								"south": {"uv": [234, 36], "uv_size": [1, 8]}
							}
						},
						{
							"origin": [-3.9502, 18.76285, -23.0502],
							"size": [0.3, 1, 0.6],
							"inflate": 0.001,
							"pivot": [-4.6502, 16.76285, -35.1502],
							"rotation": [0, 0, -45],
							"uv": {
								"south": {"uv": [234, 36], "uv_size": [1, 8]}
							}
						}
					]
				},
				{
					"name": "bone3",
					"parent": "bb_main",
					"pivot": [19.65482, 19.07632, -5.76996],
					"cubes": [
						{
							"origin": [21.47866, 19.70751, -6.06996],
							"size": [0.3, 1, 0.6],
							"inflate": 0.001,
							"pivot": [21.77866, 16.70751, -18.16996],
							"rotation": [0, 0, -45],
							"uv": {
								"south": {"uv": [234, 36], "uv_size": [1, 8]}
							}
						},
						{
							"origin": [21.97866, 18.70751, -6.06996],
							"size": [0.3, 1, 0.6],
							"inflate": 0.001,
							"pivot": [21.27866, 16.70751, -18.16996],
							"rotation": [0, 0, -45],
							"uv": {
								"south": {"uv": [234, 36], "uv_size": [1, 8]}
							}
						},
						{
							"origin": [-2.88498, 28.85375, -6.06996],
							"size": [0.3, 1, 0.6],
							"inflate": 0.001,
							"pivot": [-2.58498, 25.85375, -18.16996],
							"rotation": [0, 0, -45],
							"uv": {
								"south": {"uv": [234, 36], "uv_size": [1, 8]}
							}
						},
						{
							"origin": [-2.38498, 27.85375, -6.06996],
							"size": [0.3, 1, 0.6],
							"inflate": 0.001,
							"pivot": [-3.08498, 25.85375, -18.16996],
							"rotation": [0, 0, -45],
							"uv": {
								"south": {"uv": [234, 36], "uv_size": [1, 8]}
							}
						}
					]
				}
			]
		}
	]
}