{
	"format_version": "1.8.0",
	"animations": {
		"static_idle": {
			"loop": true,
			"bones": {
				"lefthand": {
					"rotation": [107.69108, -32.75736, -156.00452],
					"position": [7.71779, -15.8249, -14.84822],
					"scale": [1, 1.5, 1]
				},
				"righthand": {
					"rotation": [89.47986, 15.99937, -180.14337],
					"position": [-5.9251, -14.52559, 7.77895],
					"scale": [1, 1.5, 1]
				},
				"refit_view": {
					"position": [0, -1, 11]
				},
				"constraint": {
					"rotation": [0.2, 0.1, 0.2],
					"position": [0.2, 0.2, 0.4]
				},
				"righthand_pos": {
					"rotation": [0, 0, -2.5],
					"position": [2, 2, 0]
				},
				"light2": {
					"scale": 0
				},
				"green_illuminated": {
					"position": [0, 0, 0],
					"scale": 0.1
				},
				"camera": {
					"rotation": [0, 0, 0]
				}
			}
		},
		"shoot": {
			"animation_length": 1.2333,
			"bones": {
				"m95_barrel": {
					"position": {
						"0.0": [0, 0, 0],
						"0.0667": [0, 0, 6],
						"0.1333": [0, 0, 0],
						"0.2": [0, 0, 0.55],
						"0.2667": [0, 0, 0]
					}
				},
				"barrel01": {
					"position": {
						"0.0": [0, 0, 0],
						"0.0667": [0, 0, 5],
						"0.1333": [0, 0, 5],
						"0.2": [0, 0, 0]
					}
				},
				"root": {
					"rotation": {
						"0.0": {
							"post": [0, 0, 0],
							"lerp_mode": "catmullrom"
						},
						"0.0333": {
							"post": [1.24069, 0.15232, -6.99835],
							"lerp_mode": "catmullrom"
						},
						"0.0667": {
							"post": [-5.82024, 1.33042, 5.79388],
							"lerp_mode": "catmullrom"
						},
						"0.1333": {
							"post": [-6.38564, -0.61289, -1.91761],
							"lerp_mode": "catmullrom"
						},
						"0.2": {
							"post": [-6.0138, -0.64862, -3.1926],
							"lerp_mode": "catmullrom"
						},
						"0.3": {
							"post": [-3.22698, -0.95049, 1.89646],
							"lerp_mode": "catmullrom"
						},
						"0.4667": {
							"post": [-0.42425, 0.27786, 0.43549],
							"lerp_mode": "catmullrom"
						},
						"0.7": {
							"post": [0.23068, -0.21405, -0.46178],
							"lerp_mode": "catmullrom"
						},
						"0.9": {
							"post": [-0.09988, 0.076, 0.12379],
							"lerp_mode": "catmullrom"
						},
						"1.0667": {
							"post": [0.04509, 0.01634, -0.04605],
							"lerp_mode": "catmullrom"
						},
						"1.2333": {
							"post": [0, 0, 0],
							"lerp_mode": "catmullrom"
						}
					},
					"position": {
						"0.0": {
							"post": [0, 0, 0],
							"lerp_mode": "catmullrom"
						},
						"0.0333": {
							"post": [0, -0.75, 4.7],
							"lerp_mode": "catmullrom"
						},
						"0.0667": {
							"post": [0, 0.675, 5.205],
							"lerp_mode": "catmullrom"
						},
						"0.1667": {
							"post": [-0.125, 1.18, 2.775],
							"lerp_mode": "catmullrom"
						},
						"0.2333": {
							"post": [-0.11, 0.94, 0.66],
							"lerp_mode": "catmullrom"
						},
						"0.3": {
							"post": [-0.075, 0.51, -0.005],
							"lerp_mode": "catmullrom"
						},
						"0.4333": {
							"post": [0, -0.47, -0.485],
							"lerp_mode": "catmullrom"
						},
						"0.5667": {
							"post": [0, -0.78, -0.095],
							"lerp_mode": "catmullrom"
						},
						"0.7333": {
							"post": [0, -0.415, 0.06],
							"lerp_mode": "catmullrom"
						},
						"0.9": {
							"post": [0, -0.15, 0.1],
							"lerp_mode": "catmullrom"
						},
						"1.0667": {
							"post": [0.03125, -0.17, -0.03],
							"lerp_mode": "catmullrom"
						},
						"1.2333": {
							"post": [0, 0, 0],
							"lerp_mode": "catmullrom"
						}
					}
				},
				"constraint": {
					"rotation": {
						"0.0": [0.4, 0.1, 0.1],
						"0.5667": [0, 0, 0]
					},
					"position": {
						"0.0": [0.2, 0.3, 0.2],
						"0.5667": [0, 0, 0]
					}
				},
				"camera": {
					"rotation": {
						"0.0": {
							"post": [0, 0, 0],
							"lerp_mode": "catmullrom"
						},
						"0.0333": {
							"post": [0, 0, 3.4],
							"lerp_mode": "catmullrom"
						},
						"0.0667": {
							"post": [0, 0, -2.875],
							"lerp_mode": "catmullrom"
						},
						"0.1": {
							"post": [0, 0, 2.445],
							"lerp_mode": "catmullrom"
						},
						"0.1667": {
							"post": [0, 0, -2.055],
							"lerp_mode": "catmullrom"
						},
						"0.2333": {
							"post": [0, 0, 1.37],
							"lerp_mode": "catmullrom"
						},
						"0.3": {
							"post": [0, 0, -0.85],
							"lerp_mode": "catmullrom"
						},
						"0.3667": {
							"post": [0, 0, 0.525],
							"lerp_mode": "catmullrom"
						},
						"0.4333": {
							"post": [0, 0, -0.125],
							"lerp_mode": "catmullrom"
						},
						"0.5333": {
							"post": [0, 0, 0],
							"lerp_mode": "catmullrom"
						}
					}
				}
			}
		},
		"bolt": {
			"loop": "hold_on_last_frame",
			"animation_length": 1.125,
			"bones": {
				"lefthand": {
					"rotation": [107.69108, -32.75736, -156.00452],
					"position": [7.71779, -15.8249, -14.84822],
					"scale": [1, 1.5, 1]
				},
				"righthand": {
					"rotation": [89.47986, 15.99937, -180.14337],
					"position": [-5.9251, -14.52559, 7.77895],
					"scale": [1, 1.5, 1]
				},
				"refit_view": {
					"position": [0, -1, 11]
				},
				"constraint": {
					"rotation": [0.2, 0.1, 0.2],
					"position": [0.2, 0.2, 0.4]
				},
				"righthand_pos": {
					"rotation": [0, 0, -2.5],
					"position": [2, 2, 0]
				},
				"light2": {
					"scale": 0
				},
				"lefthand_pos": {
					"position": [0, 0, 0]
				},
				"green_illuminated": {
					"position": [0, 0, 0],
					"scale": 0.1
				},
				"Bolt": {
					"rotation": {
						"0.0": {
							"post": [0, 0, 0],
							"lerp_mode": "catmullrom"
						},
						"0.2083": {
							"post": [0, 0, 44],
							"lerp_mode": "catmullrom"
						},
						"0.625": {
							"post": [0, 0, 44],
							"lerp_mode": "catmullrom"
						},
						"0.7083": {
							"post": [0, 0, 44],
							"lerp_mode": "catmullrom"
						},
						"0.8333": {
							"post": [0, 0, 0],
							"lerp_mode": "catmullrom"
						}
					},
					"position": {
						"0.0": {
							"post": [0, 0, 0],
							"lerp_mode": "catmullrom"
						},
						"0.2083": {
							"post": [0, 0, 0],
							"lerp_mode": "catmullrom"
						},
						"0.375": {
							"post": [0, 0, 0],
							"lerp_mode": "catmullrom"
						}
					}
				},
				"hexadecagon2": {
					"position": {
						"0.0": [0, 0, 0],
						"0.25": [0, 0, 0],
						"0.4167": [0, 0, 4],
						"0.5": [0, 0, 8],
						"0.6667": [0, 0, 4],
						"0.875": [0, 0, 0]
					}
				},
				"hexadecagon3": {
					"rotation": [0, 0, 0],
					"position": {
						"0.0": [0, 0, 0],
						"0.1667": [0, 0, 0],
						"0.25": [0, 0, 8],
						"0.3333": [0, 0, 12],
						"0.5": [0, 0, 12],
						"0.5833": [0, 0, 8],
						"0.6667": [0, 0, 0]
					}
				},
				"Lup1": {
					"rotation": {
						"0.0": [0, 0, 0],
						"0.0417": [0, 0, 0],
						"0.1667": [0, 0, -30],
						"0.75": [0, 0, -30],
						"0.875": [0, 0, 0]
					},
					"position": {
						"0.0": [0, 0, 0],
						"0.0417": [0, 0, 0],
						"0.1667": [-0.37945, 0.90119, 0],
						"0.75": [-0.37945, 0.90119, 0],
						"0.875": [0, 0, 0]
					}
				},
				"Lup2": {
					"rotation": {
						"0.0": [0, 0, 0],
						"0.125": [0, 0, 0],
						"0.25": [0, 0, -30],
						"0.6667": [0, 0, -30],
						"0.7917": [0, 0, 0]
					},
					"position": {
						"0.0": [0, 0, 0],
						"0.125": [0, 0, 0],
						"0.25": [-0.37945, 0.90119, 0],
						"0.6667": [-0.37945, 0.90119, 0],
						"0.7917": [0, 0, 0]
					}
				},
				"Lup3": {
					"rotation": {
						"0.0": [0, 0, 0],
						"0.2083": [0, 0, 0],
						"0.3333": [0, 0, -30],
						"0.5833": [0, 0, -30],
						"0.7083": [0, 0, 0]
					},
					"position": {
						"0.0": [0, 0, 0],
						"0.2083": [0, 0, 0],
						"0.3333": [-0.37945, 0.90119, 0],
						"0.5833": [-0.37945, 0.90119, 0],
						"0.7083": [0, 0, 0]
					}
				},
				"Lup4": {
					"rotation": {
						"0.0": [0, 0, 0],
						"0.0833": [0, 0, 0],
						"0.1667": [0, 0, -30],
						"0.7917": [0, 0, -30],
						"0.9583": [0, 0, 0]
					},
					"position": {
						"0.0": [0, 0, 0],
						"0.0833": [0, 0, 0],
						"0.1667": [0, 0.48221, 0],
						"0.7917": [0, 0.48221, 0],
						"0.9583": [0, 0, 0]
					}
				},
				"LDown1": {
					"rotation": {
						"0.125": [0, 0, 0],
						"0.2917": [0, 0, 85],
						"0.6667": [0, 0, 85],
						"0.8333": [0, 0, 0]
					}
				},
				"LDown2": {
					"rotation": {
						"0.0": [0, 0, 0],
						"0.0833": [0, 0, 85],
						"0.75": [0, 0, 90],
						"0.9167": [0, 0, 0]
					}
				},
				"root": {
					"rotation": {
						"0.0": {
							"post": [0, 0, 0],
							"lerp_mode": "catmullrom"
						},
						"0.0833": {
							"post": [0.24846, -1.05218, 3.01702],
							"lerp_mode": "catmullrom"
						},
						"0.1667": {
							"post": [1.749, -1.59527, 1.95299],
							"lerp_mode": "catmullrom"
						},
						"0.25": {
							"post": [1.9779, -1.77101, 3.26694],
							"lerp_mode": "catmullrom"
						},
						"0.3333": {
							"post": [1.93005, -3.36114, 5.17062],
							"lerp_mode": "catmullrom"
						},
						"0.4583": {
							"post": [1.75108, -3.02942, 2.9618],
							"lerp_mode": "catmullrom"
						},
						"0.5417": {
							"post": [1.75108, -3.02942, 2.9618],
							"lerp_mode": "catmullrom"
						},
						"0.6667": {
							"post": [0.02428, -1.08463, 0.74946],
							"lerp_mode": "catmullrom"
						},
						"0.7917": {
							"post": [1.03969, -1.30357, 1.2277],
							"lerp_mode": "catmullrom"
						},
						"0.875": {
							"post": [0, 0, 0],
							"lerp_mode": "catmullrom"
						},
						"0.9583": {
							"post": [0, 0, -0.5],
							"lerp_mode": "catmullrom"
						},
						"1.125": {
							"post": [0, 0, 0],
							"lerp_mode": "catmullrom"
						}
					},
					"position": {
						"0.0": {
							"post": [0, 0, 0],
							"lerp_mode": "catmullrom"
						},
						"0.0833": {
							"post": [0.125, -0.6, -0.8],
							"lerp_mode": "catmullrom"
						},
						"0.1667": {
							"post": [0.35, -0.975, -0.9],
							"lerp_mode": "catmullrom"
						},
						"0.3333": {
							"post": [0.33, -0.99, -1.16],
							"lerp_mode": "catmullrom"
						},
						"0.4583": {
							"post": [0.25, -1, -1.3],
							"lerp_mode": "catmullrom"
						},
						"0.5417": {
							"post": [0.25, -1, -1.3],
							"lerp_mode": "catmullrom"
						},
						"0.7917": {
							"post": [-0.375, -0.75, -1.8],
							"lerp_mode": "catmullrom"
						},
						"0.875": {
							"post": [0, -0.43, -0.32],
							"lerp_mode": "catmullrom"
						},
						"0.9583": {
							"post": [0, -0.1, 0.3],
							"lerp_mode": "catmullrom"
						},
						"1.125": {
							"post": [0, 0, 0],
							"lerp_mode": "catmullrom"
						}
					}
				},
				"camera": {
					"rotation": {
						"0.0": {
							"post": [0, 0, 0],
							"lerp_mode": "catmullrom"
						},
						"0.125": {
							"post": [-0.375, 0, 0.49],
							"lerp_mode": "catmullrom"
						},
						"0.25": {
							"post": [-0.185, 0, 0.375],
							"lerp_mode": "catmullrom"
						},
						"0.4167": {
							"post": [-0.37, 0, 0.56],
							"lerp_mode": "catmullrom"
						},
						"0.625": {
							"post": [-0.23, 0, 0.28],
							"lerp_mode": "catmullrom"
						},
						"0.7917": {
							"post": [-0.37, 0, 0.49],
							"lerp_mode": "catmullrom"
						},
						"0.875": {
							"post": [-0.37, 0, 0.49],
							"lerp_mode": "catmullrom"
						},
						"1.0": {
							"post": [0, 0, 0],
							"lerp_mode": "catmullrom"
						}
					}
				}
			},
			"sound_effects": {
				"0.0": {
					"effect": "setsentinel:set_svg100/fly_svg100_rechamber_01"
				}
			}
		},
		"Bolt2": {
			"animation_length": 1.125,
			"bones": {
				"lefthand": {
					"rotation": [107.69108, -32.75736, -156.00452],
					"position": [7.71779, -15.8249, -14.84822],
					"scale": [1, 1.5, 1]
				},
				"righthand": {
					"rotation": [89.47986, 15.99937, -180.14337],
					"position": [-5.9251, -14.52559, 7.77895],
					"scale": [1, 1.5, 1]
				},
				"refit_view": {
					"position": [0, -1, 11]
				},
				"constraint": {
					"rotation": [0.2, 0.1, 0.2],
					"position": [0.2, 0.2, 0.4]
				},
				"righthand_pos": {
					"rotation": [0, 0, -2.5],
					"position": [2, 2, 0]
				},
				"light2": {
					"scale": 0
				},
				"lefthand_pos": {
					"position": [0, 0, 0]
				},
				"green_illuminated": {
					"position": [0, 0, 0],
					"scale": 0.1
				},
				"Bolt": {
					"rotation": {
						"0.0": {
							"post": [0, 0, 0],
							"lerp_mode": "catmullrom"
						},
						"0.2083": {
							"post": [0, 0, 44],
							"lerp_mode": "catmullrom"
						},
						"0.7083": {
							"post": [0, 0, 44],
							"lerp_mode": "catmullrom"
						},
						"0.7917": {
							"post": [0, 0, 44],
							"lerp_mode": "catmullrom"
						},
						"0.9167": {
							"post": [0, 0, 0],
							"lerp_mode": "catmullrom"
						}
					},
					"position": {
						"0.0": {
							"post": [0, 0, 0],
							"lerp_mode": "catmullrom"
						},
						"0.2083": {
							"post": [0, 0, 0],
							"lerp_mode": "catmullrom"
						},
						"0.375": {
							"post": [0, 0, 0],
							"lerp_mode": "catmullrom"
						}
					}
				},
				"hexadecagon2": {
					"position": {
						"0.0": [0, 0, 0],
						"0.25": [0, 0, 0],
						"0.4167": [0, 0, 4],
						"0.5": [0, 0, 8],
						"0.6667": [0, 0, 4],
						"0.875": [0, 0, 0]
					}
				},
				"hexadecagon3": {
					"rotation": [0, 0, 0],
					"position": {
						"0.0": [0, 0, 0],
						"0.1667": [0, 0, 0],
						"0.25": [0, 0, 8],
						"0.3333": [0, 0, 12],
						"0.5": [0, 0, 12],
						"0.5833": [0, 0, 8],
						"0.6667": [0, 0, 0]
					}
				},
				"Lup1": {
					"rotation": {
						"0.0": [0, 0, 0],
						"0.0417": [0, 0, 0],
						"0.1667": [0, 0, -30],
						"0.75": [0, 0, -30],
						"0.875": [0, 0, 0]
					},
					"position": {
						"0.0": [0, 0, 0],
						"0.0417": [0, 0, 0],
						"0.1667": [-0.37945, 0.90119, 0],
						"0.75": [-0.37945, 0.90119, 0],
						"0.875": [0, 0, 0]
					}
				},
				"Lup2": {
					"rotation": {
						"0.0": [0, 0, 0],
						"0.125": [0, 0, 0],
						"0.25": [0, 0, -30],
						"0.6667": [0, 0, -30],
						"0.7917": [0, 0, 0]
					},
					"position": {
						"0.0": [0, 0, 0],
						"0.125": [0, 0, 0],
						"0.25": [-0.37945, 0.90119, 0],
						"0.6667": [-0.37945, 0.90119, 0],
						"0.7917": [0, 0, 0]
					}
				},
				"Lup3": {
					"rotation": {
						"0.0": [0, 0, 0],
						"0.2083": [0, 0, 0],
						"0.3333": [0, 0, -30],
						"0.5833": [0, 0, -30],
						"0.7083": [0, 0, 0]
					},
					"position": {
						"0.0": [0, 0, 0],
						"0.2083": [0, 0, 0],
						"0.3333": [-0.37945, 0.90119, 0],
						"0.5833": [-0.37945, 0.90119, 0],
						"0.7083": [0, 0, 0]
					}
				},
				"Lup4": {
					"rotation": {
						"0.0": [0, 0, 0],
						"0.0833": [0, 0, 0],
						"0.1667": [0, 0, -30],
						"0.7917": [0, 0, -30],
						"0.9583": [0, 0, 0]
					},
					"position": {
						"0.0": [0, 0, 0],
						"0.0833": [0, 0, 0],
						"0.1667": [0, 0.48221, 0],
						"0.7917": [0, 0.48221, 0],
						"0.9583": [0, 0, 0]
					}
				},
				"LDown1": {
					"rotation": {
						"0.0": [0, 0, 0],
						"0.2083": [0, 0, 0],
						"0.375": [0, 0, 85],
						"0.6667": [0, 0, 85],
						"0.8333": [0, 0, 0]
					}
				},
				"LDown2": {
					"rotation": {
						"0.0": [0, 0, 0],
						"0.0833": [0, 0, 85],
						"0.75": [0, 0, 90],
						"0.9167": [0, 0, 0]
					}
				},
				"root": {
					"rotation": {
						"0.0": {
							"post": [0, 0, 0],
							"lerp_mode": "catmullrom"
						},
						"0.0833": {
							"post": [0.24846, -1.05218, 3.01702],
							"lerp_mode": "catmullrom"
						},
						"0.1667": {
							"post": [1.749, -1.59527, 1.95299],
							"lerp_mode": "catmullrom"
						},
						"0.25": {
							"post": [1.9779, -1.77101, 3.26694],
							"lerp_mode": "catmullrom"
						},
						"0.3333": {
							"post": [1.93005, -3.36114, 5.17062],
							"lerp_mode": "catmullrom"
						},
						"0.4167": {
							"post": [1.75108, -3.02942, 2.9618],
							"lerp_mode": "catmullrom"
						},
						"0.5417": {
							"post": [1.75108, -3.02942, 2.9618],
							"lerp_mode": "catmullrom"
						},
						"0.6667": {
							"post": [0.02428, -1.08463, 0.74946],
							"lerp_mode": "catmullrom"
						},
						"0.7917": {
							"post": [1.03969, -1.30357, 1.2277],
							"lerp_mode": "catmullrom"
						},
						"0.875": {
							"post": [0, 0, 0],
							"lerp_mode": "catmullrom"
						},
						"1.0": {
							"post": [0, 0, -0.5],
							"lerp_mode": "catmullrom"
						},
						"1.125": {
							"post": [0, 0, 0],
							"lerp_mode": "catmullrom"
						}
					},
					"position": {
						"0.0": {
							"post": [0, 0, 0],
							"lerp_mode": "catmullrom"
						},
						"0.0833": {
							"post": [0.125, -0.6, -0.8],
							"lerp_mode": "catmullrom"
						},
						"0.1667": {
							"post": [0.35, -0.975, -0.9],
							"lerp_mode": "catmullrom"
						},
						"0.3333": {
							"post": [0.33, -0.99, -1.16],
							"lerp_mode": "catmullrom"
						},
						"0.4167": {
							"post": [0.25, -1, -1.3],
							"lerp_mode": "catmullrom"
						},
						"0.5417": {
							"post": [0.25, -1, -1.3],
							"lerp_mode": "catmullrom"
						},
						"0.7917": {
							"post": [-0.375, -0.75, -1.8],
							"lerp_mode": "catmullrom"
						},
						"0.875": {
							"post": [0, -0.43, -0.32],
							"lerp_mode": "catmullrom"
						},
						"1.0": {
							"post": [0, -0.1, 0.3],
							"lerp_mode": "catmullrom"
						},
						"1.125": {
							"post": [0, 0, 0],
							"lerp_mode": "catmullrom"
						}
					}
				}
			},
			"sound_effects": {
				"0.0": {
					"effect": "fly_svg100_rechamber_01"
				}
			}
		},
		"static_idle2": {
			"loop": true,
			"bones": {
				"lefthand": {
					"rotation": [107.69108, -32.75736, -156.00452],
					"position": [7.71779, -15.8249, -14.84822],
					"scale": [1, 1.5, 1]
				},
				"righthand": {
					"rotation": [89.47986, 15.99937, -180.14337],
					"position": [-5.9251, -14.52559, 7.77895],
					"scale": [1, 1.5, 1]
				},
				"refit_view": {
					"position": [0, -1, 11]
				},
				"constraint": {
					"rotation": [0.2, 0.1, 0.2],
					"position": [0.2, 0.2, 0.4]
				},
				"righthand_pos": {
					"rotation": [0, 0, -2.5],
					"position": [2, 2, 0]
				},
				"light2": {
					"scale": 0
				},
				"lefthand_pos": {
					"position": [0, 0, 0]
				},
				"green_illuminated": {
					"position": [0, 0, 0],
					"scale": 0.1
				},
				"camera": {
					"rotation": [0, 0, 0]
				}
			}
		},
		"reload_empty": {
			"loop": "hold_on_last_frame",
			"animation_length": 3.8333,
			"bones": {
				"lefthand": {
					"rotation": {
						"0.0": [107.69108, -32.75736, -156.00452],
						"0.5417": [107.69, -32.76, -156],
						"1.0": [85.59703, -11.50537, -118.80719],
						"1.7083": [85.6, -11.51, -118.81],
						"2.0": [50.6, -11.51, -118.81],
						"2.4583": [50.6, -11.51, -118.81],
						"2.9167": [107.69, -32.76, -156]
					},
					"position": {
						"0.0": [7.71779, -15.8249, -14.84822],
						"0.5417": [7.72, -15.82, -14.85],
						"0.7917": [13.72, -17.82, -0.85],
						"1.0": [6.72, -21.82, -5.85],
						"1.7083": [6.72, -21.82, -5.85],
						"2.0": [6.72, -21.82, -5.85],
						"2.4583": [6.72, -21.82, -5.85],
						"2.7083": [13.72, -17.82, -8.85],
						"2.9167": [7.72, -15.82, -14.85]
					},
					"scale": [1, 1.5, 1]
				},
				"righthand": {
					"rotation": [89.47986, 15.99937, -180.14337],
					"position": [-5.9251, -14.52559, 7.77895],
					"scale": [1, 1.5, 1]
				},
				"refit_view": {
					"position": [0, -1, 11]
				},
				"constraint": {
					"rotation": [0.2, 0.1, 0.2],
					"position": [0.2, 0.2, 0.4]
				},
				"righthand_pos": {
					"rotation": [0, 0, -2.5],
					"position": [2, 2, 0]
				},
				"light2": {
					"scale": 0
				},
				"lefthand_pos": {
					"position": [0, 0, 0]
				},
				"green_illuminated": {
					"position": [0, 0, 0],
					"scale": 0.1
				},
				"Bolt": {
					"rotation": {
						"0.0": {
							"post": [0, 0, 0],
							"lerp_mode": "catmullrom"
						},
						"0.2083": {
							"post": [0, 0, 44],
							"lerp_mode": "catmullrom"
						},
						"3.1667": {
							"post": [0, 0, 44],
							"lerp_mode": "catmullrom"
						},
						"3.25": {
							"post": [0, 0, 44],
							"lerp_mode": "catmullrom"
						},
						"3.375": {
							"post": [0, 0, 0],
							"lerp_mode": "catmullrom"
						}
					},
					"position": {
						"0.0": {
							"post": [0, 0, 0],
							"lerp_mode": "catmullrom"
						},
						"0.2083": {
							"post": [0, 0, 0],
							"lerp_mode": "catmullrom"
						},
						"0.375": {
							"post": [0, 0, 0],
							"lerp_mode": "catmullrom"
						}
					}
				},
				"hexadecagon2": {
					"position": {
						"0.0": [0, 0, 0],
						"0.25": [0, 0, 0],
						"0.4167": [0, 0, 4],
						"3.0417": [0, 0, 4],
						"3.2083": [0, 0, 4],
						"3.4167": [0, 0, 0]
					}
				},
				"hexadecagon3": {
					"rotation": [0, 0, 0],
					"position": {
						"0.0": [0, 0, 0],
						"0.1667": [0, 0, 0],
						"0.25": [0, 0, 8],
						"0.3333": [0, 0, 12],
						"3.0417": [0, 0, 12],
						"3.125": [0, 0, 8],
						"3.2083": [0, 0, 0]
					}
				},
				"Lup1": {
					"rotation": {
						"0.0": [0, 0, 0],
						"0.0417": [0, 0, 0],
						"0.1667": [0, 0, -30],
						"3.2917": [0, 0, -30],
						"3.4167": [0, 0, 0]
					},
					"position": {
						"0.0": [0, 0, 0],
						"0.0417": [0, 0, 0],
						"0.1667": [-0.37945, 0.90119, 0],
						"3.2917": [-0.37945, 0.90119, 0],
						"3.4167": [0, 0, 0]
					}
				},
				"Lup2": {
					"rotation": {
						"0.0": [0, 0, 0],
						"0.125": [0, 0, 0],
						"0.25": [0, 0, -30],
						"3.2083": [0, 0, -30],
						"3.3333": [0, 0, 0]
					},
					"position": {
						"0.0": [0, 0, 0],
						"0.125": [0, 0, 0],
						"0.25": [-0.37945, 0.90119, 0],
						"3.2083": [-0.37945, 0.90119, 0],
						"3.3333": [0, 0, 0]
					}
				},
				"Lup3": {
					"rotation": {
						"0.0": [0, 0, 0],
						"0.2083": [0, 0, 0],
						"0.3333": [0, 0, -30],
						"3.125": [0, 0, -30],
						"3.25": [0, 0, 0]
					},
					"position": {
						"0.0": [0, 0, 0],
						"0.2083": [0, 0, 0],
						"0.3333": [-0.37945, 0.90119, 0],
						"3.125": [-0.37945, 0.90119, 0],
						"3.25": [0, 0, 0]
					}
				},
				"Lup4": {
					"rotation": {
						"0.0": [0, 0, 0],
						"0.0833": [0, 0, 0],
						"0.1667": [0, 0, -30],
						"3.3333": [0, 0, -30],
						"3.5": [0, 0, 0]
					},
					"position": {
						"0.0": [0, 0, 0],
						"0.0833": [0, 0, 0],
						"0.1667": [0, 0.48221, 0],
						"3.3333": [0, 0.48221, 0],
						"3.5": [0, 0, 0]
					}
				},
				"LDown1": {
					"rotation": {
						"0.1667": [0, 0, 0],
						"0.3333": [0, 0, 85],
						"3.2083": [0, 0, 85],
						"3.375": [0, 0, 0]
					}
				},
				"LDown2": {
					"rotation": {
						"0.0": [0, 0, 0],
						"0.0833": [0, 0, 85],
						"3.2917": [0, 0, 90],
						"3.4583": [0, 0, 0]
					}
				},
				"root": {
					"rotation": {
						"0.0": {
							"post": [0, 0, 0],
							"lerp_mode": "catmullrom"
						},
						"0.0833": {
							"post": [0.24846, -1.05218, 3.01702],
							"lerp_mode": "catmullrom"
						},
						"0.1667": {
							"post": [1.749, -1.59527, 1.95299],
							"lerp_mode": "catmullrom"
						},
						"0.25": {
							"post": [1.9779, -1.77101, 3.26694],
							"lerp_mode": "catmullrom"
						},
						"0.3333": {
							"post": [1.93005, -3.36114, 5.17062],
							"lerp_mode": "catmullrom"
						},
						"0.4167": {
							"post": [1.75108, -3.02942, 2.9618],
							"lerp_mode": "catmullrom"
						},
						"0.5417": {
							"post": [-11.75, -3.02, 2.88],
							"lerp_mode": "catmullrom"
						},
						"0.9583": [-73.51613, -42.8749, -0.51906],
						"1.2083": {
							"pre": [-82.35, -42.87, -0.52],
							"post": [-82.35, -42.87, -0.52],
							"lerp_mode": "catmullrom"
						},
						"1.2917": {
							"post": [-82.96802, -46.89195, -1.18817],
							"lerp_mode": "catmullrom"
						},
						"1.5417": {
							"post": [-83.34613, -42.8749, -0.51906],
							"lerp_mode": "catmullrom"
						},
						"1.8333": {
							"post": [-83.34613, -42.8749, -0.51906],
							"lerp_mode": "catmullrom"
						},
						"1.9583": {
							"post": [-83.42966, -47.10485, -1.17519],
							"lerp_mode": "catmullrom"
						},
						"2.2083": {
							"post": [-83.845, -47.61, -1.16],
							"lerp_mode": "catmullrom"
						},
						"2.3333": {
							"post": [-85.42847, -49.54557, -1.26623],
							"lerp_mode": "catmullrom"
						},
						"2.4167": {
							"post": [-83.845, -47.61, -1.16],
							"lerp_mode": "catmullrom"
						},
						"2.5": {
							"post": [-82.085, -49.21, -1.19],
							"lerp_mode": "catmullrom"
						},
						"2.7083": [-74.40613, -42.8749, -0.51906],
						"3.0833": {
							"pre": [-12.85892, -3.02942, 2.9618],
							"post": [-12.85892, -3.02942, 2.9618],
							"lerp_mode": "catmullrom"
						},
						"3.2083": {
							"post": [0.02428, -1.08463, 0.74946],
							"lerp_mode": "catmullrom"
						},
						"3.3333": {
							"post": [1.03969, -1.30357, 1.2277],
							"lerp_mode": "catmullrom"
						},
						"3.4167": {
							"post": [0, 0, 0],
							"lerp_mode": "catmullrom"
						},
						"3.5417": {
							"post": [0, 0, -0.5],
							"lerp_mode": "catmullrom"
						},
						"3.6667": {
							"post": [0, 0, 0],
							"lerp_mode": "catmullrom"
						}
					},
					"position": {
						"0.0": {
							"post": [0, 0, 0],
							"lerp_mode": "catmullrom"
						},
						"0.0833": {
							"post": [0.125, -0.6, -0.8],
							"lerp_mode": "catmullrom"
						},
						"0.1667": {
							"post": [0.35, -0.975, -0.9],
							"lerp_mode": "catmullrom"
						},
						"0.3333": {
							"post": [0.33, -0.99, -1.16],
							"lerp_mode": "catmullrom"
						},
						"0.4167": {
							"post": [0.25, -1, -1.3],
							"lerp_mode": "catmullrom"
						},
						"0.5417": {
							"post": [0.25, -1, -1.3],
							"lerp_mode": "catmullrom"
						},
						"0.75": {
							"post": [0.25, 2.2, -1.3],
							"lerp_mode": "catmullrom"
						},
						"0.9583": [-4.25, -1, 5.7],
						"1.1667": {
							"pre": [-4.25, -1.475, 5.7],
							"post": [-4.25, -1.475, 5.7],
							"lerp_mode": "catmullrom"
						},
						"1.2083": {
							"post": [-4.08, -1.49, 4.5],
							"lerp_mode": "catmullrom"
						},
						"1.25": {
							"post": [-3.92, -1.47, 4.7],
							"lerp_mode": "catmullrom"
						},
						"1.4583": {
							"post": [-3.95, -1.69, 4.85],
							"lerp_mode": "catmullrom"
						},
						"1.75": {
							"post": [-3.95, -1.69, 4.98],
							"lerp_mode": "catmullrom"
						},
						"1.9583": {
							"post": [-4.02, -1.135, 5.12],
							"lerp_mode": "catmullrom"
						},
						"2.25": {
							"post": [-4.16, -0.95, 5.4],
							"lerp_mode": "catmullrom"
						},
						"2.2917": {
							"post": [-4.32, -0.92, 6],
							"lerp_mode": "catmullrom"
						},
						"2.3333": {
							"post": [-4.43, -0.92, 5.575],
							"lerp_mode": "catmullrom"
						},
						"2.4167": {
							"post": [-4.16, -0.95, 5.4],
							"lerp_mode": "catmullrom"
						},
						"2.5833": {
							"post": [-4.48, -0.935, 5.77],
							"lerp_mode": "catmullrom"
						},
						"2.7083": [-4.25, -1, 5.7],
						"2.9167": {
							"pre": [-2.22, -4.01, 2.63],
							"post": [-2.22, -4.01, 2.63],
							"lerp_mode": "catmullrom"
						},
						"3.0833": {
							"post": [0.25, -1, -1.3],
							"lerp_mode": "catmullrom"
						},
						"3.3333": {
							"post": [-0.375, -0.75, -1.8],
							"lerp_mode": "catmullrom"
						},
						"3.4167": {
							"post": [0, -0.43, -0.32],
							"lerp_mode": "catmullrom"
						},
						"3.5417": {
							"post": [0, -0.1, 0.3],
							"lerp_mode": "catmullrom"
						},
						"3.6667": {
							"post": [0, 0, 0],
							"lerp_mode": "catmullrom"
						}
					}
				},
				"mag_and_lefthand": {
					"rotation": {
						"1.125": [0, 0, 0],
						"1.2083": [0, 0, 0],
						"1.3333": [-1.76171, 29.71194, -86.11267],
						"1.4167": [-28.52502, -8.86299, -188.38815],
						"1.7083": [-65, 0, 0],
						"1.9583": [-5.2, 0, 0],
						"2.125": [-18.42969, -1.21261, -9.92695],
						"2.25": [-18.535, 0, 0],
						"2.2917": [0, 0, 0]
					},
					"position": {
						"1.125": [0, 0, 0],
						"1.2083": [0, -2.355, 0],
						"1.2917": [0, -9.65, 0],
						"1.4167": [17.25, -24.65, 3.25],
						"1.5417": [9.25, -11.65, 13.25],
						"1.625": [6, -9.65, 22],
						"1.75": [6, -9.65, 22],
						"2.0": [6, -9.65, 4.265],
						"2.0833": [0, -8.835, -0.31],
						"2.1667": [0, -3.835, 0.08],
						"2.25": [0, -3.835, 0.08],
						"2.2917": [0, 0, 0]
					}
				},
				"LCover": {
					"rotation": {
						"0.9167": [0, 0, 0],
						"1.0417": [0, 0, -15],
						"2.625": [0, 0, -15],
						"2.75": [0, 0, 0]
					},
					"position": {
						"0.9167": [0, 0, 0],
						"2.75": [0, 0, 0]
					}
				},
				"RCover2": {
					"rotation": {
						"0.9167": [0, 0, 0],
						"1.0417": [0, 0, 15],
						"2.625": [0, 0, 15],
						"2.75": [0, 0, 0]
					},
					"position": {
						"0.9167": [0, 0, 0],
						"2.75": [0, 0, 0]
					}
				},
				"mag_and_bullet": {
					"rotation": {
						"1.375": [0, 0, 0],
						"1.7083": [0, 0, 0]
					},
					"position": {
						"1.375": [0, 0, 0],
						"1.6667": [-222, 0, 0],
						"1.7083": [0, 0, 0]
					},
					"scale": {
						"1.375": [1, 1, 1],
						"1.5": [1, 1, 1],
						"1.5417": [0, 0, 0],
						"1.7083": [0, 0, 0],
						"1.75": [1, 1, 1]
					}
				},
				"camera": {
					"rotation": {
						"0.0": {
							"post": [0, 0, 0],
							"lerp_mode": "catmullrom"
						},
						"0.2917": {
							"post": [-0.72, 0, 0.955],
							"lerp_mode": "catmullrom"
						},
						"0.5": {
							"post": [-0.325, 0, 0.375],
							"lerp_mode": "catmullrom"
						},
						"1.0417": {
							"post": [0.68, 0, -0.785],
							"lerp_mode": "catmullrom"
						},
						"1.1667": {
							"post": [0.425, 0, -0.455],
							"lerp_mode": "catmullrom"
						},
						"1.25": {
							"post": [-0.28, 0, -2.45],
							"lerp_mode": "catmullrom"
						},
						"1.3333": {
							"post": [0.655, 0, -1.04],
							"lerp_mode": "catmullrom"
						},
						"1.5417": {
							"post": [0.16, 0, -0.635],
							"lerp_mode": "catmullrom"
						},
						"2.0": {
							"post": [0.765, 0, -1.535],
							"lerp_mode": "catmullrom"
						},
						"2.2083": {
							"post": [0.77, 0, -1.095],
							"lerp_mode": "catmullrom"
						},
						"2.2917": {
							"post": [0.77, 0, -2.855],
							"lerp_mode": "catmullrom"
						},
						"2.4583": {
							"post": [0.77, 0, -0.34],
							"lerp_mode": "catmullrom"
						},
						"2.6667": {
							"post": [0.77, 0, -1.2],
							"lerp_mode": "catmullrom"
						},
						"2.9583": {
							"post": [-0.69, 0, 0.595],
							"lerp_mode": "catmullrom"
						},
						"3.2083": {
							"post": [0.21, 0, -0.225],
							"lerp_mode": "catmullrom"
						},
						"3.4167": {
							"post": [0.21, 0, -0.22],
							"lerp_mode": "catmullrom"
						},
						"3.5833": {
							"post": [-0.09, 0, 0.155],
							"lerp_mode": "catmullrom"
						},
						"3.75": {
							"post": [0, 0, 0],
							"lerp_mode": "catmullrom"
						}
					}
				},
				"bone15": {
					"position": [-3, 0, 0]
				}
			},
			"sound_effects": {
				"0.0": {
					"effect": "setsentinel:set_svg100/fly_svg100_bolt_back"
				},
				"0.0417": {
					"effect": "fly_svg100_mag_open"
				},
				"1.0417": {
					"effect": "setsentinel:set_svg100/fly_svg100_mag_out"
				},
				"2.2083": {
					"effect": "setsentinel:set_svg100/fly_svg100_mag_in"
				},
				"2.9167": {
					"effect": "setsentinel:set_svg100/fly_svg100_mag_close"
				},
				"3.0417": {
					"effect": "setsentinel:set_svg100/fly_svg100_bolt_forward_01"
				}
			}
		},
		"reload_tactical": {
			"loop": "hold_on_last_frame",
			"animation_length": 3.0417,
			"bones": {
				"lefthand": {
					"rotation": {
						"0.0": [107.69, -32.76, -156],
						"0.4583": [85.59703, -11.50537, -118.80719],
						"1.1667": [85.6, -11.51, -118.81],
						"1.4583": [50.6, -11.51, -118.81],
						"2.0833": [50.6, -11.51, -118.81],
						"2.5417": [107.69, -32.76, -156]
					},
					"position": {
						"0.0": [7.72, -15.82, -14.85],
						"0.25": [11.38, -19.34, -3.85],
						"0.4583": [6.72, -21.82, -5.85],
						"1.1667": [6.72, -21.82, -5.85],
						"1.4583": [6.72, -21.82, -5.85],
						"2.0833": [6.72, -21.82, -5.85],
						"2.3333": [13.72, -17.82, -8.85],
						"2.5417": [7.72, -15.82, -14.85]
					},
					"scale": [1, 1.5, 1]
				},
				"righthand": {
					"rotation": [89.47986, 15.99937, -180.14337],
					"position": [-5.9251, -14.52559, 7.77895],
					"scale": [1, 1.5, 1]
				},
				"refit_view": {
					"position": [0, -1, 11]
				},
				"constraint": {
					"rotation": [0.2, 0.1, 0.2],
					"position": [0.2, 0.2, 0.4]
				},
				"righthand_pos": {
					"rotation": [0, 0, -2.5],
					"position": [2, 2, 0]
				},
				"light2": {
					"scale": 0
				},
				"lefthand_pos": {
					"position": [0, 0, 0]
				},
				"green_illuminated": {
					"position": [0, 0, 0],
					"scale": 0.1
				},
				"root": {
					"rotation": {
						"0.0": {
							"post": [0, 0, 0],
							"lerp_mode": "catmullrom"
						},
						"0.125": {
							"post": [-11.75, -3.02, 2.88],
							"lerp_mode": "catmullrom"
						},
						"0.5417": {
							"post": [-76.36613, -42.8749, -0.51906],
							"lerp_mode": "catmullrom"
						},
						"0.7917": {
							"post": [-86.35, -42.87, -0.52],
							"lerp_mode": "catmullrom"
						},
						"0.875": {
							"post": [-82.96802, -46.89195, -1.18817],
							"lerp_mode": "catmullrom"
						},
						"1.125": {
							"post": [-83.34613, -42.8749, -0.51906],
							"lerp_mode": "catmullrom"
						},
						"1.4167": {
							"post": [-83.34613, -42.8749, -0.51906],
							"lerp_mode": "catmullrom"
						},
						"1.5417": {
							"post": [-83.42966, -47.10485, -1.17519],
							"lerp_mode": "catmullrom"
						},
						"1.7917": {
							"post": [-83.845, -47.61, -1.16],
							"lerp_mode": "catmullrom"
						},
						"1.9167": {
							"post": [-85.42847, -49.54557, -1.26623],
							"lerp_mode": "catmullrom"
						},
						"2.0417": {
							"post": [-86.485, -49.21, -1.19],
							"lerp_mode": "catmullrom"
						},
						"2.1667": {
							"post": [-74.80613, -39.8749, -0.51906],
							"lerp_mode": "catmullrom"
						},
						"2.5": {
							"post": [-12.85892, -3.02942, 2.9618],
							"lerp_mode": "catmullrom"
						},
						"2.625": {
							"post": [0.02428, -1.08463, 0.74946],
							"lerp_mode": "catmullrom"
						},
						"2.75": {
							"post": [1.03969, -1.30357, 1.2277],
							"lerp_mode": "catmullrom"
						},
						"2.875": {
							"post": [0, 0, 0],
							"lerp_mode": "catmullrom"
						}
					},
					"position": {
						"0.0": {
							"post": [0, 0, 0],
							"lerp_mode": "catmullrom"
						},
						"0.125": {
							"post": [0.25, -1, -1.3],
							"lerp_mode": "catmullrom"
						},
						"0.3333": {
							"post": [0.25, 2.2, -1.3],
							"lerp_mode": "catmullrom"
						},
						"0.5417": [-4.25, -1.265, 5.7],
						"0.75": {
							"pre": [-4.25, -1.475, 5.7],
							"post": [-4.25, -1.475, 5.7],
							"lerp_mode": "catmullrom"
						},
						"0.7917": {
							"post": [-3.75, -1.47, 4.75],
							"lerp_mode": "catmullrom"
						},
						"0.8333": {
							"post": [-3.92, -1.47, 4.925],
							"lerp_mode": "catmullrom"
						},
						"1.0417": {
							"post": [-3.95, -1.69, 4.98],
							"lerp_mode": "catmullrom"
						},
						"1.3333": {
							"post": [-3.95, -1.69, 4.98],
							"lerp_mode": "catmullrom"
						},
						"1.5417": {
							"post": [-4.02, -1.135, 5.12],
							"lerp_mode": "catmullrom"
						},
						"1.8333": {
							"post": [-4.16, -0.95, 5.4],
							"lerp_mode": "catmullrom"
						},
						"1.875": {
							"post": [-4.29, -0.92, 6],
							"lerp_mode": "catmullrom"
						},
						"1.9167": {
							"post": [-4.43, -0.92, 5.575],
							"lerp_mode": "catmullrom"
						},
						"2.0417": {
							"post": [-4.48, -0.935, 5.77],
							"lerp_mode": "catmullrom"
						},
						"2.1667": [-4.25, -1.42, 5.7],
						"2.3333": {
							"pre": [-2.22, -4.01, 2.63],
							"post": [-2.22, -4.01, 2.63],
							"lerp_mode": "catmullrom"
						},
						"2.5": {
							"post": [0.25, -1, -1.3],
							"lerp_mode": "catmullrom"
						},
						"2.75": {
							"post": [0, -0.75, -1.8],
							"lerp_mode": "catmullrom"
						},
						"2.875": {
							"post": [0, 0, 0],
							"lerp_mode": "catmullrom"
						}
					}
				},
				"mag_and_lefthand": {
					"rotation": {
						"0.6667": [0, 0, 0],
						"0.75": [-9, 0, 0],
						"0.8333": {
							"pre": [-12.82056, -12.51113, -43.58884],
							"post": [-12.82056, -12.51113, -43.58884],
							"lerp_mode": "catmullrom"
						},
						"1.0417": {
							"post": [-43.86265, 27.52525, 7.27911],
							"lerp_mode": "catmullrom"
						},
						"1.25": [-76, 0, 0],
						"1.5": [-5.2, 0, 0],
						"1.6667": [-6.89469, -1.21261, -9.92695],
						"1.7917": [-7, 0, 0],
						"1.8333": [0, 0, 0]
					},
					"position": {
						"0.6667": [0, 0, 0],
						"0.75": [0, -2.355, 0],
						"0.8333": [0, -9.65, 0],
						"1.0417": [6, -18.66976, 30.52964],
						"1.2917": [6, -9.65, 28.69565],
						"1.5417": [6, -9.65, 2],
						"1.625": [0, -8.835, -0.31],
						"1.7083": [0, -3.835, 0.08],
						"1.7917": [0, -3.835, 0.08],
						"1.8333": [0, 0, 0]
					}
				},
				"LCover": {
					"rotation": {
						"0.25": {
							"pre": [0, 0, 0],
							"post": [0, 0, 0],
							"lerp_mode": "catmullrom"
						},
						"0.3333": {
							"post": [0, 0, -15],
							"lerp_mode": "catmullrom"
						},
						"2.2083": {
							"post": [0, 0, -15],
							"lerp_mode": "catmullrom"
						},
						"2.4167": {
							"post": [0, 0, 0],
							"lerp_mode": "catmullrom"
						}
					}
				},
				"RCover2": {
					"rotation": {
						"0.25": {
							"pre": [0, 0, 0],
							"post": [0, 0, 0],
							"lerp_mode": "catmullrom"
						},
						"0.3333": {
							"post": [0, 0, 15],
							"lerp_mode": "catmullrom"
						},
						"2.2083": {
							"post": [0, 0, 15],
							"lerp_mode": "catmullrom"
						},
						"2.4167": {
							"post": [0, 0, 0],
							"lerp_mode": "catmullrom"
						}
					}
				},
				"camera": {
					"rotation": {
						"0.0": [0, 0, 0],
						"0.5833": {
							"pre": [0.68, 0, -0.785],
							"post": [0.68, 0, -0.785],
							"lerp_mode": "catmullrom"
						},
						"0.7083": {
							"post": [0.425, 0, -0.455],
							"lerp_mode": "catmullrom"
						},
						"0.7917": {
							"post": [-0.28, 0, -2.45],
							"lerp_mode": "catmullrom"
						},
						"0.875": {
							"post": [0.655, 0, -1.04],
							"lerp_mode": "catmullrom"
						},
						"1.0833": {
							"post": [0.16, 0, -0.635],
							"lerp_mode": "catmullrom"
						},
						"1.5417": {
							"post": [0.765, 0, -1.535],
							"lerp_mode": "catmullrom"
						},
						"1.75": {
							"post": [0.77, 0, -1.095],
							"lerp_mode": "catmullrom"
						},
						"1.8333": {
							"post": [0.77, 0, -2.855],
							"lerp_mode": "catmullrom"
						},
						"2.0": {
							"post": [0.77, 0, -0.34],
							"lerp_mode": "catmullrom"
						},
						"2.2083": {
							"post": [0.77, 0, -1.2],
							"lerp_mode": "catmullrom"
						},
						"2.4583": {
							"post": [0.21, 0, -0.225],
							"lerp_mode": "catmullrom"
						},
						"2.6667": {
							"post": [0.21, 0, -0.22],
							"lerp_mode": "catmullrom"
						},
						"2.8333": {
							"post": [-0.09, 0, 0.155],
							"lerp_mode": "catmullrom"
						},
						"3.0": {
							"post": [0, 0, 0],
							"lerp_mode": "catmullrom"
						}
					}
				}
			},
			"sound_effects": {
				"0.0": {
					"effect": "setsentinel:set_svg100/m95_inspect_raise2"
				},
				"0.3333": {
					"effect": "setsentinel:set_svg100/fly_svg100_mag_open"
				},
				"0.5833": {
					"effect": "setsentinel:set_svg100/fly_svg100_mag_out"
				},
				"1.75": {
					"effect": "setsentinel:set_svg100/fly_svg100_mag_in"
				},
				"2.4167": {
					"effect": "setsentinel:set_svg100/fly_svg100_mag_close"
				},
				"2.5833": {
					"effect": "setsentinel:set_svg100/m95_inspect_raise4"
				}
			}
		},
		"inspect": {
			"animation_length": 5,
			"bones": {
				"lefthand": {
					"rotation": {
						"0.0": [107.69108, -32.75736, -156.00452],
						"0.25": [64.31957, -31.45581, -81.70831],
						"2.0": [64.31957, -31.45581, -81.70831],
						"2.15": {
							"pre": [66.08922, -29.60855, -88.70018],
							"post": [66.08922, -29.60855, -88.70018],
							"lerp_mode": "catmullrom"
						},
						"2.35": {
							"post": [63.4647, -32.23256, -145.95422],
							"lerp_mode": "catmullrom"
						},
						"2.45": [63.0647, -32.23256, -154.75422],
						"3.9": [63.06, -32.23, -154.75],
						"4.15": {
							"pre": [74.84965, -28.81342, -134.4397],
							"post": [74.84965, -28.81342, -134.4397],
							"lerp_mode": "catmullrom"
						},
						"4.35": [107.69108, -32.75736, -156.00452]
					},
					"position": {
						"0.0": [7.71779, -15.8249, -14.84822],
						"0.15": [7.04, -19.28, -10.93],
						"0.3": [6.5, -21.82822, -4.84917],
						"2.05": [6.5, -21.82822, -4.84917],
						"2.2": [10.24349, -16.14188, -3.82923],
						"2.35": [10.24349, -16.14188, -3.82923],
						"3.9": [10.24349, -16.14188, -3.82923],
						"4.15": [11.80781, -16, -4.2],
						"4.35": [7.71779, -15.8249, -14.84822]
					},
					"scale": [1, 1.5, 1]
				},
				"righthand": {
					"rotation": [89.47986, 15.99937, -180.14337],
					"position": [-5.9251, -14.52559, 7.77895],
					"scale": [1, 1.5, 1]
				},
				"refit_view": {
					"position": [0, -1, 11]
				},
				"constraint": {
					"rotation": [0.2, 0.1, 0.2],
					"position": [0.2, 0.2, 0.4]
				},
				"righthand_pos": {
					"rotation": [0, 0, -2.5],
					"position": [2, 2, 0]
				},
				"light2": {
					"scale": 0
				},
				"lefthand_pos": {
					"position": [0, 0, 0]
				},
				"green_illuminated": {
					"position": [0, 0, 0],
					"scale": 0.1
				},
				"root": {
					"rotation": {
						"0.0": {
							"post": [0, 0, 0],
							"lerp_mode": "catmullrom"
						},
						"0.2": {
							"post": [-15.30902, -2.26482, -10.8535],
							"lerp_mode": "catmullrom"
						},
						"0.3": {
							"post": [-19.87196, -3.17785, -17.95906],
							"lerp_mode": "catmullrom"
						},
						"0.4": {
							"post": [-21.02, -3.65, -14.43],
							"lerp_mode": "catmullrom"
						},
						"0.5": {
							"post": [-22.61825, -4.52968, -16.70733],
							"lerp_mode": "catmullrom"
						},
						"0.65": {
							"post": [-22.75, -4.41, -17.665],
							"lerp_mode": "catmullrom"
						},
						"0.85": {
							"post": [-22.62, -4.53, -17.96],
							"lerp_mode": "catmullrom"
						},
						"1.05": {
							"post": [-21.83419, -7.56045, -25.65573],
							"lerp_mode": "catmullrom"
						},
						"1.25": {
							"post": [-21.78, -7.76, -26.34],
							"lerp_mode": "catmullrom"
						},
						"1.5": {
							"post": [-21.78, -7.74, -26.81],
							"lerp_mode": "catmullrom"
						},
						"1.7": {
							"post": [-21.8, -7.68, -27.385],
							"lerp_mode": "catmullrom"
						},
						"2.0": {
							"post": [-21.83419, -7.56045, -25.65573],
							"lerp_mode": "catmullrom"
						},
						"2.1": {
							"post": [-21.83419, -7.56045, -14.65573],
							"lerp_mode": "catmullrom"
						},
						"2.3": {
							"post": [-24.9445, 7.90002, 43.15984],
							"lerp_mode": "catmullrom"
						},
						"2.4": {
							"post": [-24.9445, 7.90002, 59.65984],
							"lerp_mode": "catmullrom"
						},
						"2.55": {
							"post": [-24.95, 7.88, 61.47],
							"lerp_mode": "catmullrom"
						},
						"2.65": {
							"post": [-24.96, 7.86, 60.99],
							"lerp_mode": "catmullrom"
						},
						"2.9": {
							"post": [-25, 7.75, 61.77],
							"lerp_mode": "catmullrom"
						},
						"3.15": {
							"post": [-24.9445, 7.90002, 61.65984],
							"lerp_mode": "catmullrom"
						},
						"3.35": {
							"post": [-24.22873, 9.9815, 70.7622],
							"lerp_mode": "catmullrom"
						},
						"3.6": {
							"post": [-24.16, 10.35, 71.62],
							"lerp_mode": "catmullrom"
						},
						"3.85": {
							"post": [-23.86, 10.06, 70.09],
							"lerp_mode": "catmullrom"
						},
						"4.0": {
							"post": [-21.22873, 8.4815, 60.2622],
							"lerp_mode": "catmullrom"
						},
						"4.15": {
							"post": [-2.67436, -2.84081, 26.11685],
							"lerp_mode": "catmullrom"
						},
						"4.3": {
							"post": [2.37, -2.9, 0.4],
							"lerp_mode": "catmullrom"
						},
						"4.4": {
							"post": [0, 0, 1.25],
							"lerp_mode": "catmullrom"
						},
						"4.5": {
							"post": [0, 0, 0.5],
							"lerp_mode": "catmullrom"
						},
						"4.6": {
							"post": [0, 0, 0],
							"lerp_mode": "catmullrom"
						}
					},
					"position": {
						"0.0": {
							"post": [0, 0, 0],
							"lerp_mode": "catmullrom"
						},
						"0.2": {
							"post": [0.34, 0.6, -1.65],
							"lerp_mode": "catmullrom"
						},
						"0.3": {
							"post": [0.67385, 0.3, -0.8],
							"lerp_mode": "catmullrom"
						},
						"0.45": {
							"post": [0.67385, 0.4, -1],
							"lerp_mode": "catmullrom"
						},
						"2.05": {
							"post": [0.67385, 0.39886, -0.7],
							"lerp_mode": "catmullrom"
						},
						"2.2": {
							"post": [5.16, -1.065, -0.99],
							"lerp_mode": "catmullrom"
						},
						"2.4": [10.07086, -0.3546, -1.4],
						"3.95": [10.07086, -0.3546, -1.4],
						"4.3": {
							"pre": [1, -0.425, -0.7],
							"post": [1, -0.425, -0.7],
							"lerp_mode": "catmullrom"
						},
						"4.45": {
							"post": [0.1, 0, 0.3],
							"lerp_mode": "catmullrom"
						},
						"4.55": {
							"post": [0, 0, 0],
							"lerp_mode": "catmullrom"
						}
					}
				},
				"camera": {
					"rotation": {
						"0.0": {
							"post": [0, 0, 0],
							"lerp_mode": "catmullrom"
						},
						"0.1": {
							"post": [0.2525, 0, 0],
							"lerp_mode": "catmullrom"
						},
						"0.3": {
							"post": [-1.875, 0, 0],
							"lerp_mode": "catmullrom"
						},
						"0.7": {
							"post": [-2.3775, 0, 0],
							"lerp_mode": "catmullrom"
						},
						"1.05": {
							"post": [-3.8025, 0.9075, 0.02],
							"lerp_mode": "catmullrom"
						},
						"2.2": {
							"post": [-3.25, 0.8125, 0],
							"lerp_mode": "catmullrom"
						},
						"2.5": {
							"post": [0, 4.3125, -1],
							"lerp_mode": "catmullrom"
						},
						"3.0": {
							"post": [-0.0175, 5, -1.14],
							"lerp_mode": "catmullrom"
						},
						"3.25": {
							"post": [3.9875, 4.97, -1.13],
							"lerp_mode": "catmullrom"
						},
						"4.15": {
							"post": [4.125, 4.3175, -1],
							"lerp_mode": "catmullrom"
						},
						"4.4": {
							"post": [0.1825, -0.8675, 0.0625],
							"lerp_mode": "catmullrom"
						},
						"4.6": {
							"post": [0, 0, 0],
							"lerp_mode": "catmullrom"
						}
					}
				}
			},
			"sound_effects": {
				"0.0": {
					"effect": "setsentinel:set_svg100/m95_inspect_raise"
				},
				"2.2": {
					"effect": "setsentinel:set_svg100/m95_inspect_rattle"
				},
				"3.0": {
					"effect": "setsentinel:set_svg100/m95_inspect_rotate"
				},
				"4.05": {
					"effect": "setsentinel:set_svg100/m95_inspect_end"
				}
			}
		},
		"inspect_empty": {
			"animation_length": 5.05,
			"bones": {
				"lefthand": {
					"rotation": {
						"0.0": [107.69108, -32.75736, -156.00452],
						"0.25": [64.31957, -31.45581, -81.70831],
						"2.0": [64.31957, -31.45581, -81.70831],
						"2.15": {
							"pre": [66.08922, -29.60855, -88.70018],
							"post": [66.08922, -29.60855, -88.70018],
							"lerp_mode": "catmullrom"
						},
						"2.35": {
							"post": [63.4647, -32.23256, -145.95422],
							"lerp_mode": "catmullrom"
						},
						"2.45": [63.0647, -32.23256, -154.75422],
						"3.9": [63.06, -32.23, -154.75],
						"4.15": {
							"pre": [74.84965, -28.81342, -134.4397],
							"post": [74.84965, -28.81342, -134.4397],
							"lerp_mode": "catmullrom"
						},
						"4.35": [107.69108, -32.75736, -156.00452]
					},
					"position": {
						"0.0": [7.71779, -15.8249, -14.84822],
						"0.15": [7.04, -19.28, -10.93],
						"0.3": [6.5, -21.82822, -4.84917],
						"2.05": [6.5, -21.82822, -4.84917],
						"2.2": [10.24349, -16.14188, -3.82923],
						"2.35": [10.24349, -16.14188, -3.82923],
						"3.9": [10.24349, -16.14188, -3.82923],
						"4.15": [11.80781, -16, -4.2],
						"4.35": [7.71779, -15.8249, -14.84822]
					},
					"scale": [1, 1.5, 1]
				},
				"righthand": {
					"rotation": [89.47986, 15.99937, -180.14337],
					"position": [-5.9251, -14.52559, 7.77895],
					"scale": [1, 1.5, 1]
				},
				"refit_view": {
					"position": [0, -1, 11]
				},
				"constraint": {
					"rotation": [0.2, 0.1, 0.2],
					"position": [0.2, 0.2, 0.4]
				},
				"righthand_pos": {
					"rotation": [0, 0, -2.5],
					"position": [2, 2, 0]
				},
				"light2": {
					"scale": 0
				},
				"lefthand_pos": {
					"position": [0, 0, 0]
				},
				"green_illuminated": {
					"position": [0, 0, 0],
					"scale": 0.1
				},
				"root": {
					"rotation": {
						"0.0": {
							"post": [0, 0, 0],
							"lerp_mode": "catmullrom"
						},
						"0.2": {
							"post": [-15.30902, -2.26482, -10.8535],
							"lerp_mode": "catmullrom"
						},
						"0.3": {
							"post": [-19.87196, -3.17785, -17.95906],
							"lerp_mode": "catmullrom"
						},
						"0.4": {
							"post": [-21.02, -3.65, -14.43],
							"lerp_mode": "catmullrom"
						},
						"0.5": {
							"post": [-22.61825, -4.52968, -16.70733],
							"lerp_mode": "catmullrom"
						},
						"0.65": {
							"post": [-22.75, -4.41, -17.665],
							"lerp_mode": "catmullrom"
						},
						"0.85": {
							"post": [-22.62, -4.53, -17.96],
							"lerp_mode": "catmullrom"
						},
						"1.05": {
							"post": [-21.83419, -7.56045, -25.65573],
							"lerp_mode": "catmullrom"
						},
						"1.25": {
							"post": [-21.78, -7.76, -26.34],
							"lerp_mode": "catmullrom"
						},
						"1.5": {
							"post": [-21.78, -7.74, -26.81],
							"lerp_mode": "catmullrom"
						},
						"1.7": {
							"post": [-21.8, -7.68, -27.385],
							"lerp_mode": "catmullrom"
						},
						"2.0": {
							"post": [-21.83419, -7.56045, -25.65573],
							"lerp_mode": "catmullrom"
						},
						"2.1": {
							"post": [-21.83419, -7.56045, -14.65573],
							"lerp_mode": "catmullrom"
						},
						"2.3": {
							"post": [-24.9445, 7.90002, 43.15984],
							"lerp_mode": "catmullrom"
						},
						"2.4": {
							"post": [-24.9445, 7.90002, 59.65984],
							"lerp_mode": "catmullrom"
						},
						"2.55": {
							"post": [-24.95, 7.88, 61.47],
							"lerp_mode": "catmullrom"
						},
						"2.65": {
							"post": [-24.96, 7.86, 60.99],
							"lerp_mode": "catmullrom"
						},
						"2.9": {
							"post": [-25, 7.75, 61.77],
							"lerp_mode": "catmullrom"
						},
						"3.15": {
							"post": [-24.9445, 7.90002, 61.65984],
							"lerp_mode": "catmullrom"
						},
						"3.35": {
							"post": [-24.22873, 9.9815, 70.7622],
							"lerp_mode": "catmullrom"
						},
						"3.6": {
							"post": [-24.16, 10.35, 71.62],
							"lerp_mode": "catmullrom"
						},
						"3.85": {
							"post": [-23.86, 10.06, 70.09],
							"lerp_mode": "catmullrom"
						},
						"4.0": {
							"post": [-21.22873, 8.4815, 60.2622],
							"lerp_mode": "catmullrom"
						},
						"4.15": {
							"post": [-2.67436, -2.84081, 26.11685],
							"lerp_mode": "catmullrom"
						},
						"4.3": {
							"post": [2.37, -2.9, 0.4],
							"lerp_mode": "catmullrom"
						},
						"4.4": {
							"post": [0, 0, 1.25],
							"lerp_mode": "catmullrom"
						},
						"4.5": {
							"post": [0, 0, 0.5],
							"lerp_mode": "catmullrom"
						},
						"4.6": {
							"post": [0, 0, 0],
							"lerp_mode": "catmullrom"
						}
					},
					"position": {
						"0.0": {
							"post": [0, 0, 0],
							"lerp_mode": "catmullrom"
						},
						"0.2": {
							"post": [0.34, 0.6, -1.65],
							"lerp_mode": "catmullrom"
						},
						"0.3": {
							"post": [0.67385, 0.3, -0.8],
							"lerp_mode": "catmullrom"
						},
						"0.45": {
							"post": [0.67385, 0.4, -1],
							"lerp_mode": "catmullrom"
						},
						"2.05": {
							"post": [0.67385, 0.39886, -0.7],
							"lerp_mode": "catmullrom"
						},
						"2.2": {
							"post": [5.16, -1.065, -0.99],
							"lerp_mode": "catmullrom"
						},
						"2.4": [10.07086, -0.3546, -1.4],
						"3.95": [10.07086, -0.3546, -1.4],
						"4.3": {
							"pre": [1, -0.425, -0.7],
							"post": [1, -0.425, -0.7],
							"lerp_mode": "catmullrom"
						},
						"4.45": {
							"post": [0.1, 0, 0.3],
							"lerp_mode": "catmullrom"
						},
						"4.55": {
							"post": [0, 0, 0],
							"lerp_mode": "catmullrom"
						}
					}
				},
				"camera": {
					"rotation": {
						"0.0": {
							"post": [0, 0, 0],
							"lerp_mode": "catmullrom"
						},
						"0.1": {
							"post": [0.2525, 0, 0],
							"lerp_mode": "catmullrom"
						},
						"0.3": {
							"post": [-1.875, 0, 0],
							"lerp_mode": "catmullrom"
						},
						"0.7": {
							"post": [-2.3775, 0, 0],
							"lerp_mode": "catmullrom"
						},
						"1.05": {
							"post": [-3.8025, 0.9075, 0.02],
							"lerp_mode": "catmullrom"
						},
						"2.2": {
							"post": [-3.25, 0.8125, 0],
							"lerp_mode": "catmullrom"
						},
						"2.5": {
							"post": [0, 4.3125, -1],
							"lerp_mode": "catmullrom"
						},
						"3.0": {
							"post": [-0.0175, 5, -1.14],
							"lerp_mode": "catmullrom"
						},
						"3.25": {
							"post": [3.9875, 4.97, -1.13],
							"lerp_mode": "catmullrom"
						},
						"4.15": {
							"post": [4.125, 4.3175, -1],
							"lerp_mode": "catmullrom"
						},
						"4.4": {
							"post": [0.1825, -0.8675, 0.0625],
							"lerp_mode": "catmullrom"
						},
						"4.6": {
							"post": [0, 0, 0],
							"lerp_mode": "catmullrom"
						}
					}
				}
			},
			"sound_effects": {
				"0.0": {
					"effect": "setsentinel:set_svg100/m95_inspect_raise"
				},
				"2.2": {
					"effect": "setsentinel:set_svg100/m95_inspect_rattle"
				},
				"3.0": {
					"effect": "setsentinel:set_svg100/m95_inspect_rotate"
				},
				"4.05": {
					"effect": "setsentinel:set_svg100/m95_inspect_end"
				}
			}
		},
		"draw": {
			"loop": "hold_on_last_frame",
			"animation_length": 1,
			"bones": {
				"root": {
					"rotation": {
						"0.0": {
							"post": [-103.12, 0, 0],
							"lerp_mode": "catmullrom"
						},
						"0.1": {
							"post": [-91.33, -14.34, -0.55],
							"lerp_mode": "catmullrom"
						},
						"0.2": {
							"post": [-76.6, -14.49, -2.98],
							"lerp_mode": "catmullrom"
						},
						"0.3": {
							"post": [-49.98, -8.63, -1.82],
							"lerp_mode": "catmullrom"
						},
						"0.5": {
							"post": [0, 0, 7.5],
							"lerp_mode": "catmullrom"
						},
						"0.6": {
							"post": [3.30992, 0.49018, -1.87167],
							"lerp_mode": "catmullrom"
						},
						"0.7": {
							"post": [0.98628, -0.20008, 1.69645],
							"lerp_mode": "catmullrom"
						},
						"0.8": {
							"post": [0, 0, -0.4],
							"lerp_mode": "catmullrom"
						},
						"0.9": [0, 0, 0]
					},
					"position": {
						"0.0": {
							"post": [-9, -36, 2],
							"lerp_mode": "catmullrom"
						},
						"0.1": {
							"post": [-5.01, -17.52, -3.2],
							"lerp_mode": "catmullrom"
						},
						"0.2": {
							"post": [-2.9, -11.93, -3.99],
							"lerp_mode": "catmullrom"
						},
						"0.35": {
							"post": [-0.25, -2.46, -2.03],
							"lerp_mode": "catmullrom"
						},
						"0.5": {
							"post": [0, -0.6, 0.3],
							"lerp_mode": "catmullrom"
						},
						"0.6": {
							"post": [0, 0.03, 0.4],
							"lerp_mode": "catmullrom"
						},
						"0.7": {
							"post": [0, 0, -0.2],
							"lerp_mode": "catmullrom"
						},
						"0.8": {
							"post": [0, -0.1, -0.18],
							"lerp_mode": "catmullrom"
						},
						"0.95": [0, 0, 0]
					}
				},
				"righthand": {
					"rotation": [89.47986, 15.99937, -180.14337],
					"position": [-5.9251, -14.52559, 7.77895],
					"scale": [1, 1.5, 1]
				},
				"lefthand": {
					"rotation": {
						"0.0": {
							"post": [51.84827, -2.96502, -68.61852],
							"lerp_mode": "catmullrom"
						},
						"0.15": {
							"post": [64.31957, -31.45581, -81.70831],
							"lerp_mode": "catmullrom"
						},
						"0.5": [107.69108, -32.75736, -156.00452]
					},
					"position": {
						"0.0": {
							"post": [6, -15, 0.5],
							"lerp_mode": "catmullrom"
						},
						"0.3": {
							"post": [10.74506, -16, -5.66206],
							"lerp_mode": "catmullrom"
						},
						"0.5": [7.71779, -15.8249, -14.84822]
					},
					"scale": {
						"0.0": [1, 1.5, 1],
						"0.75": [1, 1.5, 1]
					}
				},
				"camera": {
					"rotation": {
						"0.0": {
							"post": [0, 0, 0],
							"lerp_mode": "catmullrom"
						},
						"0.1": {
							"post": [-0.3425, 0.59375, 0],
							"lerp_mode": "catmullrom"
						},
						"0.2": {
							"post": [-0.4325, 0.38125, -0.5625],
							"lerp_mode": "catmullrom"
						},
						"0.3": {
							"post": [0.0775, 0, -0.21875],
							"lerp_mode": "catmullrom"
						},
						"0.45": {
							"post": [0.95, -0.25, -0.5625],
							"lerp_mode": "catmullrom"
						},
						"0.65": {
							"post": [-0.05, -0.2575, -0.3125],
							"lerp_mode": "catmullrom"
						},
						"0.8": {
							"post": [-0.2525, 0.4375, 0.25],
							"lerp_mode": "catmullrom"
						},
						"0.95": {
							"post": [0, 0, 0],
							"lerp_mode": "catmullrom"
						}
					}
				},
				"Bolt": {
					"rotation": {
						"0.7": [0, 0, 44],
						"0.85": [0, 0, 0]
					}
				},
				"hexadecagon2": {
					"position": {
						"0.1": [0, 0, 4],
						"0.2": [0, 0, 8],
						"0.65": [0, 0, 4],
						"0.85": [0, 0, 0]
					}
				},
				"hexadecagon3": {
					"position": {
						"0.4": [0, 0, 12],
						"0.5": [0, 0, 8],
						"0.6": [0, 0, 4],
						"0.7": [0, 0, 0]
					}
				},
				"Lup1": {
					"rotation": {
						"0.1": [0, 0, -30],
						"0.65": [0, 0, -30],
						"0.8": [0, 0, 0]
					},
					"position": {
						"0.1": [-0.37945, 0.90119, 0],
						"0.65": [-0.37945, 0.90119, 0],
						"0.8": [0, 0, 0]
					}
				},
				"Lup2": {
					"rotation": {
						"0.05": [0, 0, 0],
						"0.15": [0, 0, -30],
						"0.6": [0, 0, -30],
						"0.7": [0, 0, 0]
					},
					"position": {
						"0.05": [0, 0, 0],
						"0.15": [-0.37945, 0.90119, 0],
						"0.6": [-0.37945, 0.90119, 0],
						"0.7": [0, 0, 0]
					}
				},
				"Lup3": {
					"rotation": {
						"0.15": [0, 0, 0],
						"0.25": [0, 0, -30],
						"0.5": [0, 0, -30],
						"0.65": [0, 0, 0]
					},
					"position": {
						"0.15": [0, 0, 0],
						"0.25": [-0.37945, 0.90119, 0],
						"0.5": [-0.37945, 0.90119, 0],
						"0.65": [0, 0, 0]
					}
				},
				"Lup4": {
					"rotation": {
						"0.1": [0, 0, -30],
						"0.7": [0, 0, -30],
						"0.9": [0, 0, 0]
					},
					"position": {
						"0.1": [0, 0.48221, 0],
						"0.7": [0, 0.48221, 0],
						"0.9": [0, 0, 0]
					}
				},
				"LDown1": {
					"rotation": {
						"0.15": [0, 0, 0],
						"0.3": [0, 0, 85],
						"0.6": [0, 0, 85],
						"0.75": [0, 0, 0]
					}
				},
				"LDown2": {
					"rotation": {
						"0.0": [0, 0, 85],
						"0.65": [0, 0, 90],
						"0.85": [0, 0, 0]
					}
				}
			},
			"sound_effects": {
				"0.0": {
					"effect": "setsentinel:set_svg100/m95_inspect_raise"
				},
				"0.4": {
					"effect": "setsentinel:set_svg100/fly_svg100_bolt_forward_01"
				}
			}
		},
		"put_away": {
			"animation_length": 0.4667,
			"bones": {
				"root": {
					"rotation": {
						"0.0": {
							"post": [0, 0, 0],
							"lerp_mode": "catmullrom"
						},
						"0.0667": {
							"post": [-0.51171, -3.6801, -4.19401],
							"lerp_mode": "catmullrom"
						},
						"0.1667": {
							"post": [4.36882, -11.73179, -10.29382],
							"lerp_mode": "catmullrom"
						},
						"0.2667": {
							"post": [16.99835, -17.70783, -19.61271],
							"lerp_mode": "catmullrom"
						},
						"0.3333": {
							"post": [22.5, -27.4, -9.02],
							"lerp_mode": "catmullrom"
						},
						"0.4333": {
							"post": [38.74, -37.82, -13.36],
							"lerp_mode": "catmullrom"
						}
					},
					"position": {
						"0.0": {
							"post": [0, 0, 0],
							"lerp_mode": "catmullrom"
						},
						"0.0667": {
							"post": [-0.45, -0.49, 0.28],
							"lerp_mode": "catmullrom"
						},
						"0.1667": {
							"post": [-0.67, -1.47, 1.785],
							"lerp_mode": "catmullrom"
						},
						"0.2667": {
							"post": [-0.435, -3.245, 2.485],
							"lerp_mode": "catmullrom"
						},
						"0.3333": {
							"post": [0.22, -5.38, 3.225],
							"lerp_mode": "catmullrom"
						},
						"0.4333": {
							"post": [1.49, -9.585, 4.085],
							"lerp_mode": "catmullrom"
						}
					}
				},
				"righthand": {
					"rotation": [89.47986, 15.99937, -180.14337],
					"position": [-5.9251, -14.52559, 7.77895],
					"scale": [1, 1.5, 1]
				},
				"lefthand": {
					"rotation": {
						"0.0": [107.69108, -32.75736, -156.00452],
						"0.0667": [127.67152, -14.70086, -183.17363],
						"0.1333": [148.34013, 7.13088, -207.53996]
					},
					"position": {
						"0.0": [7.71779, -15.8249, -14.84822],
						"0.0667": [10.13352, -13.01, -9.71],
						"0.1333": [8.805, -10.2, -4.57]
					},
					"scale": [1, 1.5, 1]
				},
				"camera": {
					"rotation": {
						"0.0": {
							"post": [0, 0, 0],
							"lerp_mode": "catmullrom"
						},
						"0.1": {
							"post": [0.3, 0, -0.125],
							"lerp_mode": "catmullrom"
						},
						"0.2667": {
							"post": [0.64, 0, 0.3],
							"lerp_mode": "catmullrom"
						},
						"0.3333": {
							"post": [0.5, 0, 0.15],
							"lerp_mode": "catmullrom"
						},
						"0.4333": {
							"post": [0, 0, 0],
							"lerp_mode": "catmullrom"
						}
					}
				}
			},
			"sound_effects": {
				"0.0": {
					"effect": "tacz:sks/sks_drop"
				}
			}
		}
	}
}