{
	"format_version": "1.8.0",
	"animations": {
		"shoot": {
			"animation_length": 1.4583,
			"bones": {
				"Bolt": {
					"rotation": {
						"0.0": [45, 0, 0],
						"1.0417": [45, 0, 0],
						"1.3333": [0, 0, 0]
					}
				},
				"speedloader": {
					"scale": 0
				},
				"root": {
					"rotation": {
						"0.0": {
							"post": [0, 0, 0],
							"lerp_mode": "catmullrom"
						},
						"0.0208": {
							"post": [1.88, 0.33, -1.75],
							"lerp_mode": "catmullrom"
						},
						"0.0417": {
							"post": [-34.2595, 1.51, -9.79],
							"lerp_mode": "catmullrom"
						},
						"0.0833": {
							"post": [-41.91078, -1.9194, -7.43967],
							"lerp_mode": "catmullrom"
						},
						"0.2292": {
							"post": [-40.2903, -1.94, -8.99],
							"lerp_mode": "catmullrom"
						},
						"0.4583": {
							"post": [-39.3975, 1.05, -9.99],
							"lerp_mode": "catmullrom"
						},
						"0.6042": {
							"post": [-30.3924, -1.79, -3.6175],
							"lerp_mode": "catmullrom"
						},
						"0.7708": {
							"post": [3.62807, 4.20785, 5.29678],
							"lerp_mode": "catmullrom"
						},
						"0.875": {
							"post": [6.2125, 1.7725, 2.675],
							"lerp_mode": "catmullrom"
						},
						"1.1042": {
							"post": [0, 0, 0],
							"lerp_mode": "catmullrom"
						},
						"1.4583": {
							"post": [0, 0, 0],
							"lerp_mode": "catmullrom"
						}
					},
					"position": {
						"0.0": {
							"post": [0, 0, 0],
							"lerp_mode": "catmullrom"
						},
						"0.125": {
							"post": [-0.5, 1, 1],
							"lerp_mode": "catmullrom"
						},
						"0.7708": {
							"post": [-0.06, -0.14, 0.11],
							"lerp_mode": "catmullrom"
						},
						"1.125": {
							"post": [-0.02, -0.095, 0.03],
							"lerp_mode": "catmullrom"
						},
						"1.4583": {
							"post": [0, 0, 0],
							"lerp_mode": "catmullrom"
						}
					}
				},
				"righthand": {
					"rotation": {
						"0.0208": {
							"pre": [0, 0, 0],
							"post": [0, 0, 0],
							"lerp_mode": "catmullrom"
						},
						"0.2917": {
							"post": [-3.6875, 0, 0],
							"lerp_mode": "catmullrom"
						},
						"0.4167": {
							"post": [-2.9375, 0, 0],
							"lerp_mode": "catmullrom"
						},
						"0.5417": {
							"post": [0, 0, 0],
							"lerp_mode": "catmullrom"
						}
					}
				},
				"constraint": {
					"rotation": {
						"0.0": [1, 1, 1],
						"0.0417": [0.25, 0.25, 0.25],
						"1.0": [0.25, 0.25, 0.25],
						"1.2917": [0.2, 0.2, 0.2]
					},
					"position": {
						"0.0": [1, 1, 1],
						"0.0417": [0.25, 0.25, 0.25],
						"1.0": [0.25, 0.25, 0.25],
						"1.2917": [0.2, 0.2, 0.2]
					}
				},
				"camera": {
					"rotation": {
						"0.0": {
							"post": [0, 0, 0],
							"lerp_mode": "catmullrom"
						},
						"0.0417": {
							"post": [1.9375, 0, 3],
							"lerp_mode": "catmullrom"
						},
						"0.0625": {
							"post": [-1, 0, -2],
							"lerp_mode": "catmullrom"
						},
						"0.125": {
							"post": [0.25, 0, 1.5],
							"lerp_mode": "catmullrom"
						},
						"0.2083": {
							"post": [0, 0, -0.25],
							"lerp_mode": "catmullrom"
						},
						"0.3333": {
							"post": [0, 0, 0],
							"lerp_mode": "catmullrom"
						}
					}
				}
			}
		},
		"static_idle": {
			"animation_length": 1,
			"bones": {
				"bullet_1": {
					"rotation": [0, 0, 120]
				},
				"speedloader": {
					"position": [0, 0, 54],
					"scale": 0
				},
				"righthand": {
					"rotation": [94.37989, 2.35366, -179.69648],
					"position": [-6.83488, -15.6496, -2.53607],
					"scale": [1, 1.5, 1]
				},
				"constraint": {
					"rotation": [0.1, 0.1, 0.1],
					"position": [0.1, 0.1, 0.1]
				},
				"lefthand": {
					"rotation": [114.09649, -62.51613, -206.97825],
					"position": [11.26484, -18.96172, 9.16328],
					"scale": [1, 1.5, 1]
				}
			}
		},
		"reload_empty": {
			"loop": "hold_on_last_frame",
			"animation_length": 1.5417,
			"bones": {
				"bullet_1": {
					"rotation": [0, 0, 120]
				},
				"speedloader": {
					"position": [0, 0, 54],
					"scale": 0
				},
				"righthand": {
					"rotation": [94.37989, 2.35366, -179.69648],
					"position": [-6.83488, -15.6496, -2.53607],
					"scale": [1, 1.5, 1]
				},
				"constraint": {
					"rotation": [0.1, 0.1, 0.1],
					"position": [0.1, 0.1, 0.1]
				},
				"lefthand": {
					"rotation": {
						"0.3333": [64, 0, 0],
						"0.5417": [29.83757, 19.20748, -29.83757],
						"0.625": [19.83224, 29.45239, -53.742],
						"0.7083": [23.78009, 26.47247, -45.33],
						"0.7917": [23.78009, 26.47247, -45.33],
						"0.8333": [21.54933, -10.66714, -60.62248],
						"0.9583": [64, 0, 0]
					},
					"position": {
						"0.375": [17.36759, -21.54941, 0],
						"0.5": [13.3613, -15.59941, 2.5],
						"0.5833": [9.10348, -11.86206, 1.7],
						"0.7083": [8.65802, -12.76206, -0.92925],
						"0.7917": [9.52601, -12.76206, -1.9585],
						"0.875": [12.67032, -15.34498, -0.85],
						"0.9583": [17.36759, -21.54941, 0]
					},
					"scale": [1, 1.5, 1]
				},
				"root": {
					"rotation": [0, 0, 0],
					"position": [0, 0, 0],
					"scale": 1
				},
				"AWP_body": {
					"rotation": {
						"0.0": {
							"post": [0, 0, 0],
							"lerp_mode": "catmullrom"
						},
						"0.1667": {
							"post": [-6, 0, 0],
							"lerp_mode": "catmullrom"
						},
						"0.3333": {
							"post": [0, 0, 0],
							"lerp_mode": "catmullrom"
						}
					}
				},
				"RW1": {
					"rotation": {
						"1.0417": [0, 0, 0],
						"1.0833": [-8, 0, 0],
						"1.3333": [-8, 0, 0],
						"1.5417": [0, 0, 0]
					}
				},
				"front_part": {
					"rotation": {
						"0.0": [0, 0, 0],
						"0.3333": [0, 0, 0],
						"0.375": [18, 0, 0],
						"0.4583": [15, 0, 0],
						"0.5": [18, 0, 0],
						"1.0417": [18, 0, 0],
						"1.125": [0, 0, 0]
					}
				},
				"group2": {
					"position": {
						"0.375": [0, 0, 0],
						"0.5": [0, 0, 3],
						"0.7083": [0, 0, 3],
						"0.75": [0, 0, 0]
					}
				},
				"gun_and_righthand": {
					"rotation": {
						"0.0": {
							"post": [0, 0, 0],
							"lerp_mode": "catmullrom"
						},
						"0.1667": {
							"post": [-16.37546, -4.60913, -21.36689],
							"lerp_mode": "catmullrom"
						},
						"0.25": {
							"post": [-26.87662, -2.02912, -12.72937],
							"lerp_mode": "catmullrom"
						},
						"0.3333": {
							"post": [4.98788, -0.34834, 18.98483],
							"lerp_mode": "catmullrom"
						},
						"0.4167": {
							"post": [4.99924, 0.08715, 14.0038],
							"lerp_mode": "catmullrom"
						},
						"0.4583": {
							"post": [4.98788, -0.34834, 18.98483],
							"lerp_mode": "catmullrom"
						},
						"0.5833": {
							"post": [4.99, -0.35, 18.98],
							"lerp_mode": "catmullrom"
						},
						"0.9583": [4.99, -0.35, 18.98],
						"1.0417": [-2.66444, 2.49742, -14.9102],
						"1.0833": [-16.6644, 2.49742, -14.9102],
						"1.3333": [-16.6644, 2.49742, -14.9102],
						"1.4583": [0, 0, 0]
					},
					"position": {
						"0.0": [0, 0, 0],
						"0.125": [0, 2, 0],
						"0.2083": [0, 1.23727, 0],
						"0.2917": [0, -0.97233, 0],
						"0.375": [0, -0.97233, 0],
						"0.4583": [0, -0.97, 1.57312],
						"0.7083": [0, -0.97, 2.1866],
						"0.75": [0, -0.97, 1],
						"0.8333": [0, -0.97, 1.57],
						"0.9583": [0, -0.97, 1.57],
						"1.0417": [-0.14229, 1.03, 1.57],
						"1.0833": [-0.3, 1.81747, 1.57],
						"1.2917": [-0.3, 1.39059, 1.57],
						"1.5": [0, 0, 0]
					}
				},
				"magzine_and_bullet": {
					"rotation": {
						"0.7083": [0, 0, 0],
						"0.7917": [0, 0, 0]
					},
					"position": {
						"0.5": [4.26877, -1.88142, 7.83399],
						"0.5833": [0.47229, -0.3636, 6.82692],
						"0.6667": [-0.02802, -0.07443, 2.62138],
						"0.7083": [-0.02, -0.05, 3.1334],
						"0.7917": [0, 0, 0]
					},
					"scale": {
						"0.0": [0, 0, 0],
						"0.5": {
							"pre": [0, 0, 0],
							"post": [1, 1, 1]
						}
					}
				},
				"camera": {
					"rotation": {
						"0.0": {
							"post": [0, 0, 0],
							"lerp_mode": "catmullrom"
						},
						"0.2083": {
							"post": [-1.465, 0, 0.81],
							"lerp_mode": "catmullrom"
						},
						"0.3333": {
							"post": [0.555, 0, -1.155],
							"lerp_mode": "catmullrom"
						},
						"0.375": {
							"post": [-0.23, 0, 0.17],
							"lerp_mode": "catmullrom"
						},
						"0.5": {
							"post": [0.185, 0, -0.075],
							"lerp_mode": "catmullrom"
						},
						"0.6667": {
							"post": [0.475, 0, -0.485],
							"lerp_mode": "catmullrom"
						},
						"0.75": {
							"post": [-0.785, 0, 0.585],
							"lerp_mode": "catmullrom"
						},
						"0.875": {
							"post": [0.19, 0, -0.43],
							"lerp_mode": "catmullrom"
						},
						"1.0833": {
							"post": [-0.92, 0, 0.68],
							"lerp_mode": "catmullrom"
						},
						"1.125": {
							"post": [0.25, 0, -0.32],
							"lerp_mode": "catmullrom"
						},
						"1.25": {
							"post": [-0.6, 0, 0.415],
							"lerp_mode": "catmullrom"
						},
						"1.4167": {
							"post": [0.135, 0, -0.145],
							"lerp_mode": "catmullrom"
						},
						"1.5": {
							"post": [0, 0, 0],
							"lerp_mode": "catmullrom"
						}
					}
				}
			},
			"sound_effects": {
				"0.2917": {
					"effect": "setsentinel:set_rw1/wpn_rw1_reload_flip_open_start_01"
				},
				"0.7083": {
					"effect": "setsentinel:set_rw1/wpn_rw1_reload_bullet_insert_start"
				},
				"1.0833": {
					"effect": "setsentinel:set_rw1/wpn_rw1_reload_bullet_flip_close_start"
				}
			}
		},
		"reload_tactical": {
			"animation_length": 1.4167,
			"bones": {
				"bullet_1": {
					"rotation": [0, 0, 120]
				},
				"speedloader": {
					"position": [0, 0, 54],
					"scale": 0
				},
				"righthand": {
					"rotation": [94.37989, 2.35366, -179.69648],
					"position": [-6.83488, -15.6496, -2.53607],
					"scale": [1, 1.5, 1]
				},
				"constraint": {
					"rotation": [0.1, 0.1, 0.1],
					"position": [0.1, 0.1, 0.1]
				},
				"lefthand": {
					"rotation": [64, 0, 0],
					"position": [17.36759, -21.54941, 0],
					"scale": [1, 1.5, 1]
				},
				"root": {
					"rotation": [0, 0, 0],
					"position": [0, 0, 0],
					"scale": 1
				},
				"AWP_body": {
					"rotation": {
						"0.0": {
							"post": [0, 0, 0],
							"lerp_mode": "catmullrom"
						},
						"0.1667": {
							"post": [-6, 0, 0],
							"lerp_mode": "catmullrom"
						},
						"0.3333": {
							"post": [0, 0, 0],
							"lerp_mode": "catmullrom"
						}
					}
				},
				"RW1": {
					"rotation": {
						"0.6667": [0, 0, 0],
						"0.7083": [-8, 0, 0],
						"0.9583": [-8, 0, 0],
						"1.1667": [0, 0, 0]
					}
				},
				"front_part": {
					"rotation": {
						"0.0": [0, 0, 0],
						"0.3333": [0, 0, 0],
						"0.375": [12, 0, 0],
						"0.4583": [10, 0, 0],
						"0.5": [12, 0, 0],
						"0.6667": [12, 0, 0],
						"0.75": [0, 0, 0]
					}
				},
				"gun_and_righthand": {
					"rotation": {
						"0.0": {
							"post": [0, 0, 0],
							"lerp_mode": "catmullrom"
						},
						"0.1667": {
							"post": [-16.37546, -4.60913, -21.36689],
							"lerp_mode": "catmullrom"
						},
						"0.25": {
							"post": [-26.87662, -2.02912, -12.72937],
							"lerp_mode": "catmullrom"
						},
						"0.3333": {
							"post": [4.98788, -0.34834, 18.98483],
							"lerp_mode": "catmullrom"
						},
						"0.4167": {
							"post": [4.99924, 0.08715, 14.0038],
							"lerp_mode": "catmullrom"
						},
						"0.4583": {
							"post": [4.98788, -0.34834, 18.98483],
							"lerp_mode": "catmullrom"
						},
						"0.5833": {
							"post": [4.99, -0.35, 18.98],
							"lerp_mode": "catmullrom"
						},
						"0.6667": [-2.66444, 2.49742, -14.9102],
						"0.7083": [-16.6644, 2.49742, -14.9102],
						"0.9583": [-16.6644, 2.49742, -14.9102],
						"1.0833": [0, 0, 0]
					},
					"position": {
						"0.0": [0, 0, 0],
						"0.125": [0, 2, 0],
						"0.2083": [0, 1.23727, 0],
						"0.2917": [0, -0.97233, 0],
						"0.375": [0, -0.97233, 0],
						"0.4583": [0, -0.97, 1.57312],
						"0.5833": [0, -0.97, 1.57312],
						"0.6667": [-0.14229, 1.03, 1.57],
						"0.7083": [-0.3, 1.81747, 1.57],
						"0.9167": [-0.3, 1.39059, 1.57],
						"1.125": [0, 0, 0]
					}
				},
				"magzine_and_bullet": {
					"scale": 1
				},
				"camera": {
					"rotation": {
						"0.0": {
							"post": [0, 0, 0],
							"lerp_mode": "catmullrom"
						},
						"0.2083": {
							"post": [-1.465, 0, 0.81],
							"lerp_mode": "catmullrom"
						},
						"0.3333": {
							"post": [0.555, 0, -1.155],
							"lerp_mode": "catmullrom"
						},
						"0.375": {
							"post": [-0.23, 0, 0.17],
							"lerp_mode": "catmullrom"
						},
						"0.5": {
							"post": [0.185, 0, -0.075],
							"lerp_mode": "catmullrom"
						},
						"0.7083": {
							"post": [0.475, 0, -0.485],
							"lerp_mode": "catmullrom"
						},
						"0.7917": {
							"post": [-0.785, 0, 0.585],
							"lerp_mode": "catmullrom"
						},
						"0.9167": {
							"post": [0.19, 0, -0.43],
							"lerp_mode": "catmullrom"
						},
						"1.0417": {
							"post": [0.305, 0, -0.435],
							"lerp_mode": "catmullrom"
						},
						"1.2083": {
							"post": [0.135, 0, -0.145],
							"lerp_mode": "catmullrom"
						},
						"1.2917": {
							"post": [0, 0, 0],
							"lerp_mode": "catmullrom"
						}
					}
				}
			},
			"sound_effects": {
				"0.2917": {
					"effect": "setsentinel:set_rw1/wpn_rw1_reload_flip_open_start_01"
				},
				"0.625": {
					"effect": "setsentinel:set_rw1/wpn_rw1_reload_bullet_flip_close_start"
				}
			}
		},
		"run": {
			"loop": true,
			"animation_length": 0.6667,
			"bones": {
				"speedloader": {
					"scale": 0
				},
				"root": {
					"rotation": {
						"0.0": {
							"post": [-57.43739, -1.65224, -1.98065],
							"lerp_mode": "catmullrom"
						},
						"0.1667": {
							"post": [-57.40353, -0.32216, -4.09858],
							"lerp_mode": "catmullrom"
						},
						"0.3333": {
							"post": [-57.44, -1.65, -1.98],
							"lerp_mode": "catmullrom"
						},
						"0.5": {
							"post": [-57.66052, -4.29709, 2.26791],
							"lerp_mode": "catmullrom"
						},
						"0.6667": {
							"post": [-57.43739, -1.65224, -1.98065],
							"lerp_mode": "catmullrom"
						}
					},
					"position": {
						"0.0": {
							"post": [-4.5, -1, -2.5],
							"lerp_mode": "catmullrom"
						},
						"0.1042": {
							"post": [-4.0625, -3.0975, -2.5],
							"lerp_mode": "catmullrom"
						},
						"0.1667": {
							"post": [-4, -3.31, -2.5],
							"lerp_mode": "catmullrom"
						},
						"0.2292": {
							"post": [-4.1875, -3.1125, -2.5],
							"lerp_mode": "catmullrom"
						},
						"0.3333": {
							"post": [-4.875, -1.5625, -2.5],
							"lerp_mode": "catmullrom"
						},
						"0.4375": {
							"post": [-5.75, -3.1075, -2.5],
							"lerp_mode": "catmullrom"
						},
						"0.5": {
							"post": [-6, -3.3125, -2.5],
							"lerp_mode": "catmullrom"
						},
						"0.5625": {
							"post": [-5.8125, -2.965, -2.5],
							"lerp_mode": "catmullrom"
						},
						"0.6667": {
							"post": [-4.5, -1, -2.5],
							"lerp_mode": "catmullrom"
						}
					}
				}
			}
		},
		"run_start": {
			"animation_length": 0.3958,
			"bones": {
				"speedloader": {
					"scale": 0
				},
				"root": {
					"rotation": {
						"0.0": {
							"post": [0, 0, 0],
							"lerp_mode": "catmullrom"
						},
						"0.1042": {
							"post": [-8.33, -1.61, -1.14],
							"lerp_mode": "catmullrom"
						},
						"0.2917": {
							"post": [-46.62, 2.6275, 0.5625],
							"lerp_mode": "catmullrom"
						},
						"0.3958": {
							"post": [-57.43739, -1.65224, -1.98065],
							"lerp_mode": "catmullrom"
						}
					},
					"position": {
						"0.0": {
							"post": [0, 0, 0],
							"lerp_mode": "catmullrom"
						},
						"0.3958": {
							"post": [-4.5, -1, -2.5],
							"lerp_mode": "catmullrom"
						}
					}
				}
			}
		},
		"run_end": {
			"animation_length": 0.3958,
			"bones": {
				"speedloader": {
					"scale": 0
				},
				"root": {
					"rotation": {
						"0.0": {
							"post": [-57.43739, -1.65224, -1.98065],
							"lerp_mode": "catmullrom"
						},
						"0.1042": {
							"post": [-46.62, -0.3725, 6.5625],
							"lerp_mode": "catmullrom"
						},
						"0.2917": {
							"post": [-8.33, -1.61, -1.14],
							"lerp_mode": "catmullrom"
						},
						"0.3958": {
							"post": [0, 0, 0],
							"lerp_mode": "catmullrom"
						}
					},
					"position": {
						"0.0": {
							"post": [-4.5, -1, -2.5],
							"lerp_mode": "catmullrom"
						},
						"0.3958": {
							"post": [0, 0, 0],
							"lerp_mode": "catmullrom"
						}
					}
				}
			}
		},
		"run_hold": {
			"animation_length": 0.5,
			"bones": {
				"speedloader": {
					"scale": 0
				},
				"root": {
					"rotation": [-57.43739, -1.65224, -1.98065],
					"position": [-4.5, -1.75, -2.5]
				}
			}
		},
		"inspect": {
			"loop": "hold_on_last_frame",
			"animation_length": 3.7917,
			"bones": {
				"barrel2": {
					"rotation": [-2.5, 0, 0],
					"position": [0, 0, 0.325]
				},
				"slide": {
					"position": [0, 0, 1.628]
				},
				"root": {
					"rotation": {
						"0.0": [0, 0, 0],
						"0.125": {
							"pre": [-6.75, 4.71, 16.93],
							"post": [-6.75, 4.71, 16.93],
							"lerp_mode": "catmullrom"
						},
						"0.2083": [-18.16, 21.44, 30.75],
						"0.3333": [-25.5, 50, 58.26],
						"0.4167": [-28.98, 59.38, 65.64],
						"0.5417": [-33.35425, 58.44775, 59.98342],
						"0.6667": [-29.76, 58.99, 63.01],
						"0.875": [-27.16, 58.93, 66.03],
						"1.0": {
							"pre": [-27.18, 58.37, 66.01],
							"post": [-27.18, 58.37, 66.01],
							"lerp_mode": "catmullrom"
						},
						"1.125": {
							"post": [-21.44755, 60.60294, 72.70349],
							"lerp_mode": "catmullrom"
						},
						"1.25": {
							"post": [-23.06005, 60.22424, 70.8292],
							"lerp_mode": "catmullrom"
						},
						"1.4583": [-23.56169, 59.01704, 70.24746],
						"1.875": [-25.06717, 58.60525, 68.48767],
						"2.0417": {
							"pre": [-31.68, 31.85, 39.1],
							"post": [-31.68, 31.85, 39.1],
							"lerp_mode": "catmullrom"
						},
						"2.1667": {
							"post": [-27.46, 3.61, 4.19],
							"lerp_mode": "catmullrom"
						},
						"2.25": {
							"post": [-16.06786, -26.13478, -40.52363],
							"lerp_mode": "catmullrom"
						},
						"2.3333": {
							"post": [-20.35661, -36.8116, -40.62405],
							"lerp_mode": "catmullrom"
						},
						"2.4167": [-22.08965, -35.39357, -35.98936],
						"2.5833": [-19.74869, -36.12407, -38.2838],
						"2.8333": [-19.46231, -36.48174, -39.55753],
						"3.0833": [-21.96, -35.24, -35.48],
						"3.4167": [-10.92, 2.63, 3.34],
						"3.5": [-1.42, 0.04, 1.09],
						"3.5833": [2.10667, 0.78352, -1.92591],
						"3.6667": [-0.58908, 1.14898, -0.43359],
						"3.7917": [0, 0, 0]
					},
					"position": {
						"0.0": [0, 0, 0],
						"0.0833": {
							"pre": [0.22, -0.16, -0.4],
							"post": [0.22, -0.16, -0.4],
							"lerp_mode": "catmullrom"
						},
						"0.1667": {
							"post": [0.37, 0.43, -0.57],
							"lerp_mode": "catmullrom"
						},
						"0.25": {
							"post": [0.8, 1.1, -0.9],
							"lerp_mode": "catmullrom"
						},
						"0.375": {
							"post": [0.8, 1.18, -0.97],
							"lerp_mode": "catmullrom"
						},
						"0.5417": [0.8, 1.19, -1],
						"0.7917": [0.8, 1.1, -1],
						"1.0417": {
							"pre": [0.8, 1.02, -1],
							"post": [0.8, 1.02, -1],
							"lerp_mode": "catmullrom"
						},
						"1.2083": {
							"post": [0.8, 1.1, -1],
							"lerp_mode": "catmullrom"
						},
						"1.4583": {
							"post": [0.8, 1.1, -1],
							"lerp_mode": "catmullrom"
						},
						"1.9583": [0.8, 1.09, -1],
						"2.0833": {
							"pre": [0.11, 0.38, -1],
							"post": [0.11, 0.38, -1],
							"lerp_mode": "catmullrom"
						},
						"2.2083": {
							"post": [-1.84, -0.07, -1],
							"lerp_mode": "catmullrom"
						},
						"2.3333": {
							"post": [-3.1, 0.2, -1],
							"lerp_mode": "catmullrom"
						},
						"2.4583": [-3.2, 0.1, -1],
						"2.6667": [-3.3, 0.2, -1],
						"3.0": [-3.37, 0.28, -1],
						"3.4167": {
							"pre": [0.14, -0.42, -0.03],
							"post": [0.14, -0.42, -0.03],
							"lerp_mode": "catmullrom"
						},
						"3.5": {
							"post": [0.03, -0.66, -0.34],
							"lerp_mode": "catmullrom"
						},
						"3.625": {
							"post": [0.02, -0.04, 0.57],
							"lerp_mode": "catmullrom"
						},
						"3.75": [0, 0, 0]
					}
				},
				"righthand": {
					"rotation": [94.37989, 2.35366, -179.69648],
					"position": [-6.83488, -15.6496, -2.53607],
					"scale": [1, 1.5, 1]
				},
				"bullet_in_barrel": {
					"scale": 0
				},
				"bullet": {
					"scale": 0
				},
				"bullet_in_mag": {
					"rotation": [0, 0, 0],
					"position": [0, 0, 0]
				},
				"lefthand": {
					"rotation": [114.09649, -62.51613, -206.97825],
					"position": [11.26484, -18.96172, 9.16328],
					"scale": [1, 1.5, 1]
				},
				"camera": {
					"rotation": {
						"0.0": [0, 0, 0],
						"0.125": {
							"pre": [-0.16, 0.17, 0],
							"post": [-0.16, 0.17, 0],
							"lerp_mode": "catmullrom"
						},
						"0.3333": {
							"post": [-0.85, 0.84, -0.01],
							"lerp_mode": "catmullrom"
						},
						"0.4583": {
							"post": [-0.78, 1, -0.02],
							"lerp_mode": "catmullrom"
						},
						"0.6667": {
							"post": [-0.22, 1, -0.02],
							"lerp_mode": "catmullrom"
						},
						"0.8333": {
							"post": [-0.17, 1, -0.02],
							"lerp_mode": "catmullrom"
						},
						"1.1667": {
							"post": [-0.83, 1, -0.02],
							"lerp_mode": "catmullrom"
						},
						"1.3333": {
							"post": [-1.13, 1, -0.02],
							"lerp_mode": "catmullrom"
						},
						"1.8333": {
							"post": [-1.85, 1, -0.02],
							"lerp_mode": "catmullrom"
						},
						"2.0833": {
							"post": [2, 1.5, -0.02],
							"lerp_mode": "catmullrom"
						},
						"2.25": {
							"post": [0.8, 1.8, -0.02],
							"lerp_mode": "catmullrom"
						},
						"2.625": {
							"post": [0.18, 3.18, -0.03],
							"lerp_mode": "catmullrom"
						},
						"3.0833": {
							"post": [1, 3.83, -0.03],
							"lerp_mode": "catmullrom"
						},
						"3.4167": {
							"post": [1.09, 0.36, -0.09],
							"lerp_mode": "catmullrom"
						},
						"3.5": {
							"post": [-1, 0, 0],
							"lerp_mode": "catmullrom"
						},
						"3.6667": [0, 0, 0]
					}
				}
			},
			"sound_effects": {
				"0.0": {
					"effect": "tacz:b93r/b93r_inspect_mvmt_1"
				},
				"0.8542": {
					"effect": "tacz:b93r/b93r_inspect_mvmt_5"
				},
				"1.875": {
					"effect": "tacz:b93r/b93r_inspect_mvmt_2"
				},
				"3.0208": {
					"effect": "tacz:b93r/b93r_inspect_mvmt_7"
				}
			}
		},
		"inspect_empty": {
			"animation_length": 3.7917,
			"bones": {
				"barrel2": {
					"rotation": [-2.5, 0, 0],
					"position": [0, 0, 0.325]
				},
				"slide": {
					"position": [0, 0, 1.628]
				},
				"root": {
					"rotation": {
						"0.0": [0, 0, 0],
						"0.125": {
							"pre": [-6.75, 4.71, 16.93],
							"post": [-6.75, 4.71, 16.93],
							"lerp_mode": "catmullrom"
						},
						"0.2083": [-18.16, 21.44, 30.75],
						"0.3333": [-25.5, 50, 58.26],
						"0.4167": [-28.98, 59.38, 65.64],
						"0.5417": [-33.35425, 58.44775, 59.98342],
						"0.6667": [-29.76, 58.99, 63.01],
						"0.875": [-27.16, 58.93, 66.03],
						"1.0": {
							"pre": [-27.18, 58.37, 66.01],
							"post": [-27.18, 58.37, 66.01],
							"lerp_mode": "catmullrom"
						},
						"1.125": {
							"post": [-21.44755, 60.60294, 72.70349],
							"lerp_mode": "catmullrom"
						},
						"1.25": {
							"post": [-23.06005, 60.22424, 70.8292],
							"lerp_mode": "catmullrom"
						},
						"1.4583": [-23.56169, 59.01704, 70.24746],
						"1.875": [-25.06717, 58.60525, 68.48767],
						"2.0417": {
							"pre": [-31.68, 31.85, 39.1],
							"post": [-31.68, 31.85, 39.1],
							"lerp_mode": "catmullrom"
						},
						"2.1667": {
							"post": [-27.46, 3.61, 4.19],
							"lerp_mode": "catmullrom"
						},
						"2.25": {
							"post": [-16.06786, -26.13478, -40.52363],
							"lerp_mode": "catmullrom"
						},
						"2.3333": {
							"post": [-20.35661, -36.8116, -40.62405],
							"lerp_mode": "catmullrom"
						},
						"2.4167": [-22.08965, -35.39357, -35.98936],
						"2.5833": [-19.74869, -36.12407, -38.2838],
						"2.8333": [-19.46231, -36.48174, -39.55753],
						"3.0833": [-21.96, -35.24, -35.48],
						"3.4167": [-10.92, 2.63, 3.34],
						"3.5": [-1.42, 0.04, 1.09],
						"3.5833": [2.10667, 0.78352, -1.92591],
						"3.6667": [-0.58908, 1.14898, -0.43359],
						"3.7917": [0, 0, 0]
					},
					"position": {
						"0.0": [0, 0, 0],
						"0.0833": {
							"pre": [0.22, -0.16, -0.4],
							"post": [0.22, -0.16, -0.4],
							"lerp_mode": "catmullrom"
						},
						"0.1667": {
							"post": [0.37, 0.43, -0.57],
							"lerp_mode": "catmullrom"
						},
						"0.25": {
							"post": [0.8, 1.1, -0.9],
							"lerp_mode": "catmullrom"
						},
						"0.375": {
							"post": [0.8, 1.18, -0.97],
							"lerp_mode": "catmullrom"
						},
						"0.5417": [0.8, 1.19, -1],
						"0.7917": [0.8, 1.1, -1],
						"1.0417": {
							"pre": [0.8, 1.02, -1],
							"post": [0.8, 1.02, -1],
							"lerp_mode": "catmullrom"
						},
						"1.2083": {
							"post": [0.8, 1.1, -1],
							"lerp_mode": "catmullrom"
						},
						"1.4583": {
							"post": [0.8, 1.1, -1],
							"lerp_mode": "catmullrom"
						},
						"1.9583": [0.8, 1.09, -1],
						"2.0833": {
							"pre": [0.11, 0.38, -1],
							"post": [0.11, 0.38, -1],
							"lerp_mode": "catmullrom"
						},
						"2.2083": {
							"post": [-1.84, -0.07, -1],
							"lerp_mode": "catmullrom"
						},
						"2.3333": {
							"post": [-3.1, 0.2, -1],
							"lerp_mode": "catmullrom"
						},
						"2.4583": [-3.2, 0.1, -1],
						"2.6667": [-3.3, 0.2, -1],
						"3.0": [-3.37, 0.28, -1],
						"3.4167": {
							"pre": [0.14, -0.42, -0.03],
							"post": [0.14, -0.42, -0.03],
							"lerp_mode": "catmullrom"
						},
						"3.5": {
							"post": [0.03, -0.66, -0.34],
							"lerp_mode": "catmullrom"
						},
						"3.625": {
							"post": [0.02, -0.04, 0.57],
							"lerp_mode": "catmullrom"
						},
						"3.75": [0, 0, 0]
					}
				},
				"righthand": {
					"rotation": [94.37989, 2.35366, -179.69648],
					"position": [-6.83488, -15.6496, -2.53607],
					"scale": [1, 1.5, 1]
				},
				"bullet_in_barrel": {
					"scale": 0
				},
				"bullet": {
					"scale": 0
				},
				"bullet_in_mag": {
					"rotation": [0, 0, 0],
					"position": [0, 0, 0]
				},
				"lefthand": {
					"rotation": [114.09649, -62.51613, -206.97825],
					"position": [11.26484, -18.96172, 9.16328],
					"scale": [1, 1.5, 1]
				},
				"camera": {
					"rotation": {
						"0.0": [0, 0, 0],
						"0.125": {
							"pre": [-0.16, 0.17, 0],
							"post": [-0.16, 0.17, 0],
							"lerp_mode": "catmullrom"
						},
						"0.3333": {
							"post": [-0.85, 0.84, -0.01],
							"lerp_mode": "catmullrom"
						},
						"0.4583": {
							"post": [-0.78, 1, -0.02],
							"lerp_mode": "catmullrom"
						},
						"0.6667": {
							"post": [-0.22, 1, -0.02],
							"lerp_mode": "catmullrom"
						},
						"0.8333": {
							"post": [-0.17, 1, -0.02],
							"lerp_mode": "catmullrom"
						},
						"1.1667": {
							"post": [-0.83, 1, -0.02],
							"lerp_mode": "catmullrom"
						},
						"1.3333": {
							"post": [-1.13, 1, -0.02],
							"lerp_mode": "catmullrom"
						},
						"1.8333": {
							"post": [-1.85, 1, -0.02],
							"lerp_mode": "catmullrom"
						},
						"2.0833": {
							"post": [2, 1.5, -0.02],
							"lerp_mode": "catmullrom"
						},
						"2.25": {
							"post": [0.8, 1.8, -0.02],
							"lerp_mode": "catmullrom"
						},
						"2.625": {
							"post": [0.18, 3.18, -0.03],
							"lerp_mode": "catmullrom"
						},
						"3.0833": {
							"post": [1, 3.83, -0.03],
							"lerp_mode": "catmullrom"
						},
						"3.4167": {
							"post": [1.09, 0.36, -0.09],
							"lerp_mode": "catmullrom"
						},
						"3.5": {
							"post": [-1, 0, 0],
							"lerp_mode": "catmullrom"
						},
						"3.6667": [0, 0, 0]
					}
				}
			},
			"sound_effects": {
				"0.0": {
					"effect": "tacz:b93r/b93r_inspect_mvmt_1"
				},
				"0.8542": {
					"effect": "tacz:b93r/b93r_inspect_mvmt_5"
				},
				"1.875": {
					"effect": "tacz:b93r/b93r_inspect_mvmt_2"
				},
				"3.0208": {
					"effect": "tacz:b93r/b93r_inspect_mvmt_7"
				}
			}
		}
	}
}