{
	"format_version": "1.8.0",
	"animations": {
		"static_idle": {
			"animation_length": 1,
			"bones": {
				"lefthand": {
					"rotation": [102.45228, -1.94854, -189.12764],
					"position": [7.28125, -18.41445, 5.15625],
					"scale": [1, 1.5, 1]
				},
				"righthand": {
					"rotation": [97.39272, 2.8028, -182.15501],
					"position": [-6.62792, -18.15625, 5.8875],
					"scale": [1, 1.5, 1]
				},
				"constraint": {
					"rotation": [1, 1, 1],
					"position": [1, 1, 1]
				}
			}
		},
		"static_idle2": {
			"animation_length": 0.875,
			"bones": {
				"constraint": {
					"rotation": [1, 1, 1],
					"position": [1, 1, 1]
				},
				"lefthand": {
					"rotation": {
						"0.0": [102.45228, -1.94854, -189.12764],
						"0.1667": [154.7329, 1.0612, -229.03253],
						"0.3333": [154.39521, 16.0548, -253.71518]
					},
					"position": {
						"0.0": [7.28125, -18.41445, 5.15625],
						"0.125": [10.46577, -13.7934, 5.16],
						"0.2083": [8.54905, -12.85719, 5.16],
						"0.25": [8.54905, -12.85719, 5.16],
						"0.2917": [6.78715, -12.86, 5.16],
						"0.4167": [11.24059, -18.20387, 5.16],
						"0.5": [11.24, -23.72569, 5.16]
					},
					"scale": [1, 1.5, 1]
				},
				"righthand": {
					"rotation": [97.39272, 2.8028, -182.15501],
					"position": [-6.62792, -18.15625, 5.8875],
					"scale": [1, 1.5, 1]
				},
				"gun_and_righthand": {
					"rotation": {
						"0.0": [0, 0, 0],
						"0.1667": [-7.91644, 0, -20]
					},
					"position": {
						"0.0": [0, 0, 0],
						"0.125": [-2, 0, 2]
					}
				},
				"danxia": {
					"rotation": {
						"0.3333": [0, 0, 0],
						"0.375": [0, 0, 0]
					},
					"position": {
						"0.3333": [0, 0, 0],
						"0.375": [-3.67589, 0, 0],
						"0.4583": [-7.50609, -6.37945, 0],
						"0.5417": [-10.01593, -12.60134, 0]
					}
				}
			}
		},
		"shoot": {
			"loop": "hold_on_last_frame",
			"animation_length": 0.9583,
			"bones": {
				"Root2": {
					"rotation": {
						"0.0": [0, 0, 0],
						"0.0417": [-21.09761, 3.81297, -1.21319],
						"0.0833": [-22.66294, 4.00782, -1.20222],
						"0.125": [-22.8447, 3.97848, -1.13568],
						"0.1667": [-22.22236, 3.80121, -1.01414],
						"0.2083": [-20.89113, 3.50076, -0.84102],
						"0.25": [-18.62, 3.06, -0.63],
						"0.2917": [-14.06884, 2.4081, -0.43979],
						"0.3333": [-7.35142, 1.60323, -0.29408],
						"0.375": [-2.34516, 0.8394, -0.16922],
						"0.4167": [-0.85599, 0.25732, -0.06342],
						"0.4583": [-0.20283, 0.03332, -0.01413],
						"0.5": [0, 0, 0]
					},
					"position": {
						"0.0": [0, 0, 0],
						"0.0417": [-1.4, -0.6, 0.8],
						"0.0833": [-1.48837, -0.65814, 0.83998],
						"0.125": [-1.51525, -0.65098, 0.83542],
						"0.1667": [-1.49497, -0.61547, 0.80373],
						"0.2083": [-1.42064, -0.55425, 0.74207],
						"0.25": [-1.24, -0.45, 0.63],
						"0.2917": [-0.8207, -0.29496, 0.43239],
						"0.3333": [-0.37424, -0.15189, 0.19809],
						"0.375": [-0.145, -0.065, 0.08],
						"0.4167": [-0.05123, -0.02824, 0.02647],
						"0.4583": [-0.00533, -0.0061, 0.00334],
						"0.5": [0, 0, 0]
					}
				},
				"GunRoot": {
					"position": [0, 0, 0]
				}
			}
		},
		"reload_empty": {
			"animation_length": 1.7917,
			"bones": {
				"bullet_1": {
					"rotation": [0, 0, 120]
				},
				"speedloader": {
					"position": [0, 0, 54],
					"scale": 0
				},
				"AWP_body": {
					"rotation": {
						"0.0": {
							"post": [0, 0, 0],
							"lerp_mode": "catmullrom"
						},
						"0.1667": {
							"post": [-6, 0, 0],
							"lerp_mode": "catmullrom"
						},
						"0.3333": {
							"post": [0, 0, 0],
							"lerp_mode": "catmullrom"
						}
					}
				},
				"RW1": {
					"rotation": {
						"1.0417": [0, 0, 0],
						"1.0833": [-8, 0, 0],
						"1.3333": [-8, 0, 0],
						"1.5417": [0, 0, 0]
					}
				},
				"group2": {
					"position": {
						"0.375": [0, 0, 0],
						"0.5": [0, 0, 3],
						"0.7083": [0, 0, 3],
						"0.75": [0, 0, 0]
					}
				},
				"magzine_and_bullet": {
					"rotation": {
						"0.7083": [0, 0, 0],
						"0.7917": [0, 0, 0]
					},
					"position": {
						"0.5": [4.26877, -1.88142, 7.83399],
						"0.5833": [0.47229, -0.3636, 6.82692],
						"0.6667": [-0.02802, -0.07443, 2.62138],
						"0.7083": [-0.02, -0.05, 3.1334],
						"0.7917": [0, 0, 0]
					},
					"scale": {
						"0.0": [0, 0, 0],
						"0.5": {
							"pre": [0, 0, 0],
							"post": [1, 1, 1]
						}
					}
				},
				"root": {
					"rotation": {
						"0.0": {
							"post": [0, 0, 0],
							"lerp_mode": "catmullrom"
						},
						"0.1667": {
							"post": [-16.37546, -4.60913, -21.36689],
							"lerp_mode": "catmullrom"
						},
						"0.25": {
							"post": [-26.87662, -2.02912, -12.72937],
							"lerp_mode": "catmullrom"
						},
						"0.3333": {
							"post": [4.98788, -0.34834, 18.98483],
							"lerp_mode": "catmullrom"
						},
						"0.4167": {
							"post": [4.99924, 0.08715, 14.0038],
							"lerp_mode": "catmullrom"
						},
						"0.4583": {
							"post": [4.98788, -0.34834, 18.98483],
							"lerp_mode": "catmullrom"
						},
						"0.875": {
							"post": [4.98788, -0.34834, 18.98483],
							"lerp_mode": "catmullrom"
						},
						"1.25": [4.99, -0.35, 18.98],
						"1.3333": [-2.66444, 2.49742, -14.9102],
						"1.375": [-16.6644, 2.49742, -14.9102],
						"1.625": [-16.6644, 2.49742, -14.9102],
						"1.75": [0, 0, 0]
					},
					"position": {
						"0.0": [0, 0, 0],
						"0.125": [0, 2, 0],
						"0.2083": [0, 1.23727, 0],
						"0.2917": [0, -0.97233, 0],
						"0.375": [0, -0.97233, 0],
						"0.4583": {
							"pre": [0.16601, -0.44826, 1.57312],
							"post": [0.16601, -0.44826, 1.57312],
							"lerp_mode": "catmullrom"
						},
						"0.6667": {
							"post": [-0.01115, -0.44826, 1.63],
							"lerp_mode": "catmullrom"
						},
						"0.875": {
							"post": [-0.07115, -0.97, 1.57312],
							"lerp_mode": "catmullrom"
						},
						"1.0": [0, -0.97, 2.1866],
						"1.0417": [0, -0.97, 1],
						"1.125": [0, -0.97, 1.57],
						"1.25": [0, -0.97, 1.57],
						"1.3333": [-0.14229, 1.03, 1.57],
						"1.375": [-0.3, 1.81747, 1.57],
						"1.5833": [-0.3, 1.39059, 1.57],
						"1.7917": [0, 0, 0]
					},
					"scale": 1
				},
				"lefthand": {
					"rotation": {
						"0.0833": [102.45228, -1.94854, -189.12764],
						"0.4583": [64, 0, 0],
						"0.875": [159.99827, -39.17254, -217.90225],
						"1.0": [170.82438, -4.99135, -231.92791],
						"1.125": [134.26914, -13.47084, -217.88835],
						"1.25": [102.45228, -1.94854, -189.12764]
					},
					"position": {
						"0.0833": [7.28125, -18.41445, 5.15625],
						"0.5": [17.36759, -27.13834, 20.71937],
						"0.875": [9.73312, -12.76206, 1.34743],
						"0.9583": [9.73312, -12.76206, 1.34743],
						"1.0": [8.02403, -12.95968, 2.00988],
						"1.0833": [8.02403, -12.95968, 2.00988],
						"1.125": [12.67032, -15.34498, -0.85],
						"1.25": [7.28125, -18.41445, 5.15625]
					},
					"scale": {
						"0.0833": [1, 1.5, 1],
						"0.5": [1, 1.5, 1],
						"1.25": [1, 1.5, 1]
					}
				},
				"gun_and_righthand": {
					"rotation": {
						"0.9583": [0, 0, 0],
						"1.0833": {
							"pre": [0, 0, 0],
							"post": [0, 0, 0],
							"lerp_mode": "catmullrom"
						}
					},
					"position": {
						"0.9583": [0, 0, 0],
						"1.0": [-0.5, 0, 0],
						"1.0833": {
							"pre": [0, 0, 0],
							"post": [0, 0, 0],
							"lerp_mode": "catmullrom"
						}
					}
				},
				"righthand": {
					"rotation": [97.39272, 2.8028, -182.15501],
					"position": [-6.62792, -18.15625, 5.8875],
					"scale": [1, 1.5, 1]
				},
				"danxia": {
					"rotation": {
						"0.3333": {
							"pre": [0, 0, 0],
							"post": [0, 0, 0],
							"lerp_mode": "catmullrom"
						},
						"0.5": {
							"post": [0, 0, 90],
							"lerp_mode": "catmullrom"
						},
						"0.6667": {
							"post": [0, 0, 0],
							"lerp_mode": "catmullrom"
						}
					},
					"position": {
						"0.3333": [0, 0, 0],
						"0.375": [0, 0, 0],
						"0.4167": [-4.52964, 0, 3.54941],
						"0.5": [-20, -14.55336, 3.55],
						"0.5417": [6.40194, -8.657, 6.19822],
						"0.625": [-9.77111, -10.82213, 3.55],
						"0.6667": [6.48601, -9.78814, 6.54743],
						"0.9167": [2.78929, 0.20466, 0.10336],
						"0.9583": [2.78929, 0.20466, 0.10336],
						"1.0": [0, 0, 0]
					},
					"scale": {
						"0.3333": [1, 1, 1],
						"0.5417": [0, 0, 0],
						"0.75": [0, 0, 0],
						"0.7917": [1, 1, 1]
					}
				},
				"front_part": {
					"rotation": {
						"0.0": [0, 0, 0],
						"0.3333": {
							"pre": [0, 0, 0],
							"post": [0, 0, 0],
							"lerp_mode": "catmullrom"
						},
						"0.375": {
							"post": [18, 0, 0],
							"lerp_mode": "catmullrom"
						},
						"0.4583": {
							"post": [15, 0, 0],
							"lerp_mode": "catmullrom"
						},
						"0.5": {
							"post": [18, 0, 0],
							"lerp_mode": "catmullrom"
						},
						"1.3333": {
							"post": [18, 0, 0],
							"lerp_mode": "catmullrom"
						},
						"1.375": {
							"post": [0, 0, 0],
							"lerp_mode": "catmullrom"
						}
					}
				},
				"camera": {
					"rotation": {
						"0.0": {
							"post": [0, 0, 0],
							"lerp_mode": "catmullrom"
						},
						"0.2083": {
							"post": [-1.465, 0, 0.81],
							"lerp_mode": "catmullrom"
						},
						"0.3333": {
							"post": [0.555, 0, -1.155],
							"lerp_mode": "catmullrom"
						},
						"0.375": {
							"post": [-0.23, 0, 0.17],
							"lerp_mode": "catmullrom"
						},
						"0.5": {
							"post": [0.185, 0, -0.075],
							"lerp_mode": "catmullrom"
						},
						"0.9583": {
							"post": [0.475, 0, -0.485],
							"lerp_mode": "catmullrom"
						},
						"1.0417": {
							"post": [-0.785, 0, 0.585],
							"lerp_mode": "catmullrom"
						},
						"1.1667": {
							"post": [0.19, 0, -0.43],
							"lerp_mode": "catmullrom"
						},
						"1.375": {
							"post": [-0.92, 0, 0.68],
							"lerp_mode": "catmullrom"
						},
						"1.4167": {
							"post": [0.25, 0, -0.32],
							"lerp_mode": "catmullrom"
						},
						"1.5417": {
							"post": [-0.6, 0, 0.415],
							"lerp_mode": "catmullrom"
						},
						"1.7083": {
							"post": [0.135, 0, -0.145],
							"lerp_mode": "catmullrom"
						},
						"1.7917": {
							"post": [0, 0, 0],
							"lerp_mode": "catmullrom"
						}
					}
				},
				"constraint": {
					"rotation": [0.1, 0.1, 0.1],
					"position": [0.1, 0.1, 0.1]
				}
			},
			"sound_effects": {
				"0.3333": {
					"effect": "setsentinel:set_rw1/wpn_rw1_reload_flip_open_start_01"
				},
				"0.8333": {
					"effect": "setsentinel:set_pur/wpn_epm3_magout"
				},
				"1.2917": {
					"effect": "setsentinel:set_pur/wpn_epm3_magin"
				}
			}
		},
		"reload_tactical": {
			"animation_length": 1.7917,
			"bones": {
				"bullet_1": {
					"rotation": [0, 0, 120]
				},
				"speedloader": {
					"position": [0, 0, 54],
					"scale": 0
				},
				"AWP_body": {
					"rotation": {
						"0.0": {
							"post": [0, 0, 0],
							"lerp_mode": "catmullrom"
						},
						"0.1667": {
							"post": [-6, 0, 0],
							"lerp_mode": "catmullrom"
						},
						"0.3333": {
							"post": [0, 0, 0],
							"lerp_mode": "catmullrom"
						}
					}
				},
				"RW1": {
					"rotation": {
						"1.0417": [0, 0, 0],
						"1.0833": [-8, 0, 0],
						"1.3333": [-8, 0, 0],
						"1.5417": [0, 0, 0]
					}
				},
				"group2": {
					"position": {
						"0.375": [0, 0, 0],
						"0.5": [0, 0, 3],
						"0.7083": [0, 0, 3],
						"0.75": [0, 0, 0]
					}
				},
				"magzine_and_bullet": {
					"rotation": {
						"0.7083": [0, 0, 0],
						"0.7917": [0, 0, 0]
					},
					"position": {
						"0.5": [4.26877, -1.88142, 7.83399],
						"0.5833": [0.47229, -0.3636, 6.82692],
						"0.6667": [-0.02802, -0.07443, 2.62138],
						"0.7083": [-0.02, -0.05, 3.1334],
						"0.7917": [0, 0, 0]
					},
					"scale": {
						"0.0": [0, 0, 0],
						"0.5": {"pre": [0, 0, 0], "post": [1, 1, 1]}
					}
				},
				"root": {
					"rotation": {
						"0.0": {
							"post": [0, 0, 0],
							"lerp_mode": "catmullrom"
						},
						"0.1667": {
							"post": [-16.37546, -4.60913, -21.36689],
							"lerp_mode": "catmullrom"
						},
						"0.25": {
							"post": [-26.87662, -2.02912, -12.72937],
							"lerp_mode": "catmullrom"
						},
						"0.3333": {
							"post": [4.98788, -0.34834, 18.98483],
							"lerp_mode": "catmullrom"
						},
						"0.4167": {
							"post": [4.99924, 0.08715, 14.0038],
							"lerp_mode": "catmullrom"
						},
						"0.4583": {
							"post": [4.98788, -0.34834, 18.98483],
							"lerp_mode": "catmullrom"
						},
						"0.875": {
							"post": [4.98788, -0.34834, 18.98483],
							"lerp_mode": "catmullrom"
						},
						"1.25": [4.99, -0.35, 18.98],
						"1.3333": [-2.66444, 2.49742, -14.9102],
						"1.375": [-16.6644, 2.49742, -14.9102],
						"1.625": [-16.6644, 2.49742, -14.9102],
						"1.75": [0, 0, 0]
					},
					"position": {
						"0.0": [0, 0, 0],
						"0.125": [0, 2, 0],
						"0.2083": [0, 1.23727, 0],
						"0.2917": [0, -0.97233, 0],
						"0.375": [0, -0.97233, 0],
						"0.4583": {
							"pre": [0.16601, -0.44826, 1.57312],
							"post": [0.16601, -0.44826, 1.57312],
							"lerp_mode": "catmullrom"
						},
						"0.6667": {
							"post": [-0.01115, -0.44826, 1.63],
							"lerp_mode": "catmullrom"
						},
						"0.875": {
							"post": [-0.07115, -0.97, 1.57312],
							"lerp_mode": "catmullrom"
						},
						"1.0": [0, -0.97, 2.1866],
						"1.0417": [0, -0.97, 1],
						"1.125": [0, -0.97, 1.57],
						"1.25": [0, -0.97, 1.57],
						"1.3333": [-0.14229, 1.03, 1.57],
						"1.375": [-0.3, 1.81747, 1.57],
						"1.5833": [-0.3, 1.39059, 1.57],
						"1.7917": [0, 0, 0]
					},
					"scale": 1
				},
				"lefthand": {
					"rotation": {
						"0.0833": [102.45228, -1.94854, -189.12764],
						"0.4583": [64, 0, 0],
						"0.875": [159.99827, -39.17254, -217.90225],
						"1.0": [170.82438, -4.99135, -231.92791],
						"1.125": [134.26914, -13.47084, -217.88835],
						"1.25": [102.45228, -1.94854, -189.12764]
					},
					"position": {
						"0.0833": [7.28125, -18.41445, 5.15625],
						"0.5": [17.36759, -27.13834, 20.71937],
						"0.875": [9.73312, -12.76206, 1.34743],
						"0.9583": [9.73312, -12.76206, 1.34743],
						"1.0": [8.02403, -12.95968, 2.00988],
						"1.0833": [8.02403, -12.95968, 2.00988],
						"1.125": [12.67032, -15.34498, -0.85],
						"1.25": [7.28125, -18.41445, 5.15625]
					},
					"scale": {
						"0.0833": [1, 1.5, 1],
						"0.5": [1, 1.5, 1],
						"1.25": [1, 1.5, 1]
					}
				},
				"gun_and_righthand": {
					"rotation": {
						"0.9583": [0, 0, 0],
						"1.0833": {
							"pre": [0, 0, 0],
							"post": [0, 0, 0],
							"lerp_mode": "catmullrom"
						}
					},
					"position": {
						"0.9583": [0, 0, 0],
						"1.0": [-0.5, 0, 0],
						"1.0833": {
							"pre": [0, 0, 0],
							"post": [0, 0, 0],
							"lerp_mode": "catmullrom"
						}
					}
				},
				"righthand": {
					"rotation": [97.39272, 2.8028, -182.15501],
					"position": [-6.62792, -18.15625, 5.8875],
					"scale": [1, 1.5, 1]
				},
				"danxia": {
					"rotation": {
						"0.3333": {
							"pre": [0, 0, 0],
							"post": [0, 0, 0],
							"lerp_mode": "catmullrom"
						},
						"0.5": {
							"post": [0, 0, 90],
							"lerp_mode": "catmullrom"
						},
						"0.6667": {
							"post": [0, 0, 0],
							"lerp_mode": "catmullrom"
						}
					},
					"position": {
						"0.3333": [0, 0, 0],
						"0.375": [0, 0, 0],
						"0.4167": [-4.52964, 0, 3.54941],
						"0.5": [-20, -14.55336, 3.55],
						"0.5417": [6.40194, -8.657, 6.19822],
						"0.625": [-9.77111, -10.82213, 3.55],
						"0.6667": [6.48601, -9.78814, 6.54743],
						"0.9167": [2.78929, 0.20466, 0.10336],
						"0.9583": [2.78929, 0.20466, 0.10336],
						"1.0": [0, 0, 0]
					},
					"scale": {
						"0.3333": [1, 1, 1],
						"0.5417": [0, 0, 0],
						"0.75": [0, 0, 0],
						"0.7917": [1, 1, 1]
					}
				},
				"front_part": {
					"rotation": {
						"0.0": [0, 0, 0],
						"0.3333": {
							"pre": [0, 0, 0],
							"post": [0, 0, 0],
							"lerp_mode": "catmullrom"
						},
						"0.375": {
							"post": [18, 0, 0],
							"lerp_mode": "catmullrom"
						},
						"0.4583": {
							"post": [15, 0, 0],
							"lerp_mode": "catmullrom"
						},
						"0.5": {
							"post": [18, 0, 0],
							"lerp_mode": "catmullrom"
						},
						"1.3333": {
							"post": [18, 0, 0],
							"lerp_mode": "catmullrom"
						},
						"1.375": {
							"post": [0, 0, 0],
							"lerp_mode": "catmullrom"
						}
					}
				},
				"constraint": {
					"rotation": [0.1, 0.1, 0.1],
					"position": [0.1, 0.1, 0.1]
				},
				"camera": {
					"rotation": {
						"0.0": {
							"post": [0, 0, 0],
							"lerp_mode": "catmullrom"
						},
						"0.2083": {
							"post": [-1.465, 0, 0.81],
							"lerp_mode": "catmullrom"
						},
						"0.3333": {
							"post": [0.555, 0, -1.155],
							"lerp_mode": "catmullrom"
						},
						"0.375": {
							"post": [-0.23, 0, 0.17],
							"lerp_mode": "catmullrom"
						},
						"0.5": {
							"post": [0.185, 0, -0.075],
							"lerp_mode": "catmullrom"
						},
						"0.9583": {
							"post": [0.475, 0, -0.485],
							"lerp_mode": "catmullrom"
						},
						"1.0417": {
							"post": [-0.785, 0, 0.585],
							"lerp_mode": "catmullrom"
						},
						"1.1667": {
							"post": [0.19, 0, -0.43],
							"lerp_mode": "catmullrom"
						},
						"1.375": {
							"post": [-0.92, 0, 0.68],
							"lerp_mode": "catmullrom"
						},
						"1.4167": {
							"post": [0.25, 0, -0.32],
							"lerp_mode": "catmullrom"
						},
						"1.5417": {
							"post": [-0.6, 0, 0.415],
							"lerp_mode": "catmullrom"
						},
						"1.7083": {
							"post": [0.135, 0, -0.145],
							"lerp_mode": "catmullrom"
						},
						"1.7917": {
							"post": [0, 0, 0],
							"lerp_mode": "catmullrom"
						}
					}
				}
			},
			"sound_effects": {
				"0.3333": {
					"effect": "setsentinel:set_rw1/wpn_rw1_reload_flip_open_start_01"
				},
				"0.8333": {
					"effect": "setsentinel:set_pur/wpn_epm3_magout"
				},
				"1.2917": {
					"effect": "setsentinel:set_pur/wpn_epm3_magin"
				}
			}
		},
		"inspect": {
			"animation_length": 3.7917,
			"bones": {
				"barrel2": {
					"rotation": [-2.5, 0, 0],
					"position": [0, 0, 0.325]
				},
				"slide": {
					"position": [0, 0, 1.628]
				},
				"bullet_in_barrel": {
					"scale": 0
				},
				"root": {
					"rotation": {
						"0.0": [0, 0, 0],
						"0.125": {
							"pre": [-6.75, 4.71, 16.93],
							"post": [-6.75, 4.71, 16.93],
							"lerp_mode": "catmullrom"
						},
						"0.2083": [-18.16, 21.44, 30.75],
						"0.3333": [-25.5, 50, 58.26],
						"0.4167": [-28.98, 59.38, 65.64],
						"0.5417": [-33.35425, 58.44775, 59.98342],
						"0.6667": [-29.76, 58.99, 63.01],
						"0.875": [-27.16, 58.93, 66.03],
						"1.0": {
							"pre": [-27.18, 58.37, 66.01],
							"post": [-27.18, 58.37, 66.01],
							"lerp_mode": "catmullrom"
						},
						"1.125": {
							"post": [-21.44755, 60.60294, 72.70349],
							"lerp_mode": "catmullrom"
						},
						"1.25": {
							"post": [-23.06005, 60.22424, 70.8292],
							"lerp_mode": "catmullrom"
						},
						"1.4583": [-23.56169, 59.01704, 70.24746],
						"1.875": [-25.06717, 58.60525, 68.48767],
						"2.0417": {
							"pre": [-31.68, 31.85, 39.1],
							"post": [-31.68, 31.85, 39.1],
							"lerp_mode": "catmullrom"
						},
						"2.1667": {
							"post": [-27.46, 3.61, 4.19],
							"lerp_mode": "catmullrom"
						},
						"2.25": {
							"post": [-16.06786, -26.13478, -40.52363],
							"lerp_mode": "catmullrom"
						},
						"2.3333": {
							"post": [-20.35661, -36.8116, -40.62405],
							"lerp_mode": "catmullrom"
						},
						"2.4167": [-22.08965, -35.39357, -35.98936],
						"2.5833": [-19.74869, -36.12407, -38.2838],
						"2.8333": [-19.46231, -36.48174, -39.55753],
						"3.0833": [-21.96, -35.24, -35.48],
						"3.4167": [-10.92, 2.63, 3.34],
						"3.5": [-1.42, 0.04, 1.09],
						"3.5833": [2.10667, 0.78352, -1.92591],
						"3.6667": [-0.58908, 1.14898, -0.43359],
						"3.7917": [0, 0, 0]
					},
					"position": {
						"0.0": [0, 0, 0],
						"0.0833": {
							"pre": [0.22, -0.16, -0.4],
							"post": [0.22, -0.16, -0.4],
							"lerp_mode": "catmullrom"
						},
						"0.1667": {
							"post": [0.37, 0.43, -0.57],
							"lerp_mode": "catmullrom"
						},
						"0.25": {
							"post": [0.8, 1.1, -0.9],
							"lerp_mode": "catmullrom"
						},
						"0.375": {
							"post": [0.8, 1.18, -0.97],
							"lerp_mode": "catmullrom"
						},
						"0.5417": [0.8, 1.19, -1],
						"0.7917": [0.8, 1.1, -1],
						"1.0417": {
							"pre": [0.8, 1.02, -1],
							"post": [0.8, 1.02, -1],
							"lerp_mode": "catmullrom"
						},
						"1.2083": {
							"post": [0.8, 1.1, -1],
							"lerp_mode": "catmullrom"
						},
						"1.4583": {
							"post": [0.8, 1.1, -1],
							"lerp_mode": "catmullrom"
						},
						"1.9583": [0.8, 1.09, -1],
						"2.0833": {
							"pre": [0.11, 0.38, -1],
							"post": [0.11, 0.38, -1],
							"lerp_mode": "catmullrom"
						},
						"2.2083": {
							"post": [-1.84, -0.07, -1],
							"lerp_mode": "catmullrom"
						},
						"2.3333": {
							"post": [-3.1, 0.2, -1],
							"lerp_mode": "catmullrom"
						},
						"2.4583": [-3.2, 0.1, -1],
						"2.6667": [-3.3, 0.2, -1],
						"3.0": [-3.37, 0.28, -1],
						"3.4167": {
							"pre": [0.14, -0.42, -0.03],
							"post": [0.14, -0.42, -0.03],
							"lerp_mode": "catmullrom"
						},
						"3.5": {
							"post": [0.03, -0.66, -0.34],
							"lerp_mode": "catmullrom"
						},
						"3.625": {
							"post": [0.02, -0.04, 0.57],
							"lerp_mode": "catmullrom"
						},
						"3.75": [0, 0, 0]
					}
				},
				"lefthand": {
					"rotation": {
						"0.0": [102.45228, -1.94854, -189.12764],
						"0.25": [104.73939, -32.12733, -196.66394],
						"3.4375": [102.45228, -1.94854, -189.12764]
					},
					"position": {
						"0.0": [7.28125, -18.41445, 5.15625],
						"0.125": [13.96, -17.4, 4.28],
						"0.25": [17.96, -13.4, 21.28],
						"3.1667": [17.96, -13.4, 21.28],
						"3.4375": [7.28125, -18.41445, 5.15625]
					},
					"scale": [1, 1.5, 1]
				},
				"bullet": {
					"scale": 0
				},
				"bullet_in_mag": {
					"rotation": [0, 0, 0],
					"position": [0, 0, 0]
				},
				"righthand": {
					"rotation": [97.39272, 2.8028, -182.15501],
					"position": [-6.62792, -18.15625, 5.8875],
					"scale": [1, 1.5, 1]
				},
				"camera": {
					"rotation": {
						"0.0": [0, 0, 0],
						"0.125": {
							"pre": [-0.16, 0.17, 0],
							"post": [-0.16, 0.17, 0],
							"lerp_mode": "catmullrom"
						},
						"0.3333": {
							"post": [-0.85, 0.84, -0.01],
							"lerp_mode": "catmullrom"
						},
						"0.4583": {
							"post": [-0.78, 1, -0.02],
							"lerp_mode": "catmullrom"
						},
						"0.6667": {
							"post": [-0.22, 1, -0.02],
							"lerp_mode": "catmullrom"
						},
						"0.8333": {
							"post": [-0.17, 1, -0.02],
							"lerp_mode": "catmullrom"
						},
						"1.1667": {
							"post": [-0.83, 1, -0.02],
							"lerp_mode": "catmullrom"
						},
						"1.3333": {
							"post": [-1.13, 1, -0.02],
							"lerp_mode": "catmullrom"
						},
						"1.8333": {
							"post": [-1.85, 1, -0.02],
							"lerp_mode": "catmullrom"
						},
						"2.0833": {
							"post": [2, 1.5, -0.02],
							"lerp_mode": "catmullrom"
						},
						"2.25": {
							"post": [0.8, 1.8, -0.02],
							"lerp_mode": "catmullrom"
						},
						"2.625": {
							"post": [0.18, 3.18, -0.03],
							"lerp_mode": "catmullrom"
						},
						"3.0833": {
							"post": [1, 3.83, -0.03],
							"lerp_mode": "catmullrom"
						},
						"3.4167": {
							"post": [1.09, 0.36, -0.09],
							"lerp_mode": "catmullrom"
						},
						"3.5": {
							"post": [-1, 0, 0],
							"lerp_mode": "catmullrom"
						},
						"3.6667": [0, 0, 0]
					}
				}
			},
			"sound_effects": {
				"0.0": {
					"effect": "tacz:b93r/b93r_inspect_mvmt_1"
				},
				"0.8542": {
					"effect": "tacz:b93r/b93r_inspect_mvmt_5"
				},
				"1.875": {
					"effect": "tacz:b93r/b93r_inspect_mvmt_2"
				}
			}
		},
		"inspect_empty": {
			"animation_length": 4.8333,
			"bones": {
				"lefthand": {
					"rotation": {
						"0.0": [102.45228, -1.94854, -189.12764],
						"0.0417": [102.57091, -1.68522, -188.24069],
						"0.0833": [102.8074, -1.16034, -186.47271],
						"0.125": [103.09568, -0.52051, -184.31753],
						"0.1667": [103.41187, 0.18126, -181.95371],
						"0.3333": [104.75156, 3.15466, -171.93826],
						"0.375": [105.06775, 3.85643, -169.57443],
						"0.4167": [105.35603, 4.49626, -167.41926],
						"0.4583": [105.59252, 5.02114, -165.65128],
						"0.5": [105.71116, 5.28446, -164.76433],
						"1.0417": [105.71116, 5.28446, -164.76433],
						"1.5833": [105.71116, 5.28446, -164.76433],
						"2.125": [105.71116, 5.28446, -164.76433],
						"2.6667": [105.71116, 5.28446, -164.76433],
						"3.2083": [105.71116, 5.28446, -164.76433],
						"3.75": [105.71116, 5.28446, -164.76433],
						"4.0417": [105.71116, 5.28446, -164.76433],
						"4.0833": [105.87501, 5.20836, -164.31608],
						"4.125": [106.72136, 4.81532, -162.11465],
						"4.1667": [107.56771, 4.42227, -156.45924],
						"4.2083": [107.73157, 4.34617, -150.23424],
						"4.25": [107.45249, 4.03782, -150.55871],
						"4.2917": [106.71508, 3.22306, -156.45694],
						"4.3333": [105.6896, 2.09001, -164.48148],
						"4.375": [104.56577, 0.8483, -173.21943],
						"4.4167": [103.54029, -0.28475, -181.65717],
						"4.4583": [102.80288, -1.09951, -188.5888],
						"4.7917": [102.45228, -1.94854, -189.12764]
					},
					"position": {
						"0.0": [7.28125, -18.41445, 5.15625],
						"0.0417": [7.43217, -19.55913, 5.20964],
						"0.0833": [7.79807, -20.47528, 5.33909],
						"0.125": [8.28632, -21.69777, 5.51181],
						"0.2083": [9.37493, -24.42348, 5.89694],
						"0.25": [9.86318, -25.64597, 6.06966],
						"0.2917": [10.22908, -26.56212, 6.19911],
						"0.3333": [10.38, -26.94, 6.2525],
						"0.875": [10.38, -26.94, 6.2525],
						"1.4167": [10.38, -26.94, 6.2525],
						"1.9583": [10.38, -26.94, 6.2525],
						"2.5": [10.38, -26.94, 6.2525],
						"3.0417": [10.38, -26.94, 6.2525],
						"3.5833": [10.38, -26.94, 6.2525],
						"4.0417": [10.38, -26.94, 6.2525],
						"4.0833": [10.41539, -26.84089, 5.54467],
						"4.125": [10.5573, -26.45324, 2.67709],
						"4.1667": [10.85258, -25.60395, -1.76947],
						"4.2083": [11.125, -24.56, -2.9675],
						"4.25": [10.74602, -23.55435, -2.06939],
						"4.2917": [9.94093, -22.51065, -0.70634],
						"4.3333": [9.04249, -21.52902, 0.77362],
						"4.375": [8.17176, -20.65145, 2.19037],
						"4.4167": [7.41269, -19.92011, 3.40612],
						"4.4583": [6.85426, -19.39507, 4.279],
						"4.7917": [7.28125, -18.41445, 5.15625]
					},
					"scale": {
						"0.0": [1, 1.5, 1],
						"4.7917": [1, 1.5, 1]
					}
				},
				"gun_and_righthand": {
					"rotation": {
						"0.0": [0, 0, 0],
						"0.0417": [1.93552, -0.17064, 0.578],
						"0.0833": [3.70104, -1.05207, 0.92077],
						"0.125": [5.827, -1.93349, 1.54266],
						"0.1667": [9.34084, -2.10414, 3.41736],
						"0.2083": [14.24215, -2.12322, 5.79614],
						"0.25": [18.26719, -2.27021, 7.09414],
						"0.2917": [16.9868, -2.28929, 8.15557],
						"0.3333": [-26.43294, -2.28929, 3.86937],
						"0.375": [-41.67154, -2.28929, 1.86475],
						"0.4167": [-39.01561, -2.28929, 3.71807],
						"0.4583": [-32.75349, -2.24038, 6.11776],
						"0.5": [-27.9022, -2.14585, 8.10723],
						"0.5417": [-23.76791, -2.03211, 9.81201],
						"0.5833": [-20.11791, -1.90798, 11.28933],
						"0.625": [-16.84633, -1.77789, 12.57035],
						"0.6667": [-13.89934, -1.64467, 13.67306],
						"0.7083": [-11.25339, -1.51046, 14.60852],
						"0.75": [-8.90562, -1.37723, 15.38307],
						"0.7917": [-6.87279, -1.24715, 15.9996],
						"0.8333": [-5.19691, -1.12301, 16.45902],
						"0.875": [-3.95935, -1.00927, 16.75983],
						"0.9167": [-3.3242, -0.91475, 16.89942],
						"0.9583": [-3.68528, -0.86583, 16.87316],
						"1.0": [-5.44545, -1.13245, 17.38361],
						"1.0417": [-8.66566, -2.08865, 19.6046],
						"1.0833": [-13.70388, -3.98924, 24.99028],
						"1.125": [-20.67993, -7.05107, 38.5999],
						"1.1667": [-28.87551, -11.34965, 49.06085],
						"1.2083": [-36.64306, -16.77114, 43.41235],
						"1.25": [-38.82354, -23.75696, 35.34545],
						"1.2917": [-35.76139, -31.53969, 26.96618],
						"1.3333": [-30.938, -39.05901, 18.55801],
						"1.375": [-25.79624, -45.87076, 10.30393],
						"1.4167": [-20.97099, -51.78305, 2.35065],
						"1.4583": [-16.74826, -56.72009, -5.16235],
						"1.5": [-13.25214, -60.66343, -12.08338],
						"1.5417": [-10.52532, -63.62218, -18.22823],
						"1.5833": [-8.57353, -65.62259, -23.35285],
						"1.625": [-7.37858, -66.69467, -27.10155],
						"1.6667": [-6.91557, -66.87502, -28.90801],
						"1.7083": [-6.81529, -66.65907, -29.28183],
						"1.75": [-6.7303, -66.522, -29.43126],
						"2.0417": [-6.69334, -67.17845, -28.33959],
						"2.2083": [-6.88695, -67.09097, -27.16864],
						"2.25": [-6.91557, -66.87502, -26.90801],
						"2.2917": [-7.43827, -65.38069, -23.85042],
						"2.3333": [-9.03244, -61.4269, -16.83109],
						"2.375": [-11.76386, -55.12442, -7.69714],
						"2.4167": [-15.5703, -46.71434, 2.36295],
						"2.4583": [-20.20808, -36.58768, 12.59179],
						"2.5": [-25.26637, -25.25922, 22.50857],
						"2.5417": [-30.28541, -13.32938, 31.81058],
						"2.5833": [-34.89541, -1.4173, 40.30964],
						"2.625": [-38.881, 9.90553, 47.89161],
						"2.6667": [-42.16025, 20.16784, 54.49441],
						"2.7083": [-44.73523, 29.02009, 60.087],
						"2.75": [-46.65198, 36.2348, 64.65922],
						"2.7917": [-47.97095, 41.69145, 68.2183],
						"2.8333": [-48.75519, 45.34608, 70.77804],
						"2.875": [-49.06252, 47.21769, 72.36054],
						"2.9167": [-48.94768, 47.36325, 72.98933],
						"2.9583": [-48.65597, 46.79477, 73.1505],
						"3.0": [-48.4, 46.4291, 73.31268],
						"3.0417": [-48.17579, 46.21379, 73.47418],
						"3.5417": [-47.24163, 48.29239, 74.84072],
						"3.75": [-47.65955, 49.28995, 74.62093],
						"3.7917": [-47.81464, 49.31321, 74.45648],
						"3.8333": [-48.00338, 49.21899, 74.23137],
						"3.875": [-48.23592, 48.95286, 73.9301],
						"3.9167": [-48.53253, 48.4136, 73.52873],
						"3.9583": [-48.94768, 47.36325, 72.98933],
						"4.0": [-48.39123, 45.37792, 71.73261],
						"4.0417": [-46.03799, 42.42649, 69.17027],
						"4.0833": [-42.30859, 38.5882, 65.22187],
						"4.125": [-37.52611, 33.97553, 59.82218],
						"4.1667": [-31.96108, 28.74143, 52.92505],
						"4.2083": [-25.86327, 23.09561, 44.54666],
						"4.25": [-19.49497, 17.3243, 34.83623],
						"4.2917": [-13.17538, 11.81914, 24.25008],
						"4.3333": [-7.3741, 7.1182, 13.97973],
						"4.375": [-2.97181, 3.96711, 7.09574],
						"4.4167": [-0.17438, 2.07433, 4.46016],
						"4.4583": [1.77136, 0.76015, 2.83806],
						"4.5": [2.67981, 0.4036, 2.01595],
						"4.5417": [2.45694, 0.43073, 1.69258],
						"4.5833": [1.3178, 0.20114, 1.54304],
						"4.625": [0.18096, -0.11249, 1.29373],
						"4.6667": [-0.18939, -0.25841, 0.9418],
						"4.75": [-0.1553, -0.12498, 0.27314],
						"4.7917": [-0.0773, -0.03267, 0.07107],
						"4.8333": [0, 0, 0]
					},
					"position": {
						"0.0": [0, 0, 0],
						"0.0417": [0.13362, -0.70064, 0.27881],
						"0.0833": [0.33841, -1.85985, 0.73091],
						"0.125": [0.55943, -2.98502, 1.22342],
						"0.1667": [0.77182, -3.76881, 1.68613],
						"0.2083": [0.9375, -4.03, 2.0025],
						"0.25": [1.04689, -3.71196, 1.76372],
						"0.2917": [1.0853, -2.19852, 1.05316],
						"0.3333": [0.9375, -0.125, 0.875],
						"0.375": [0.97523, 0.30732, 0.83012],
						"0.4167": [1.2291, 0.00939, 0.58261],
						"0.4583": [1.45932, -0.44504, 0.32887],
						"0.5": [1.59643, -0.81005, 0.18473],
						"0.5417": [1.625, -0.935, 0.1925],
						"0.5833": [1.54608, -0.72365, 0.43591],
						"0.625": [1.39585, -0.31817, 0.87432],
						"0.6667": [1.20545, 0.18175, 1.41073],
						"0.7083": [0.99369, 0.73468, 1.9913],
						"0.75": [0.77578, 1.31532, 2.57499],
						"0.7917": [0.56903, 1.90116, 3.11872],
						"0.8333": [0.40338, 2.45917, 3.55937],
						"0.875": [0.3775, 2.88, 3.76],
						"0.9167": [0.62683, 3.09565, 3.74146],
						"0.9583": [1.13318, 3.19148, 3.75842],
						"1.0": [2.1875, 2.9475, 4.075],
						"1.0417": [4.74139, 0.80226, 4.88582],
						"1.0833": [6.10219, -2.69005, 5.23036],
						"1.125": [5.9375, -3.68, 5.2625],
						"1.1667": [5.1866, -3.16133, 5.13028],
						"1.2083": [4.40221, -2.42616, 4.93561],
						"1.25": [3.63531, -1.64191, 4.71823],
						"1.2917": [2.91373, -0.86846, 4.49818],
						"1.3333": [2.26266, -0.14665, 4.29019],
						"1.375": [1.71306, 0.48094, 4.10907],
						"1.4167": [1.31183, 0.95359, 3.97416],
						"1.4583": [1.145, 1.1575, 3.9175],
						"2.0": [1.145, 1.1575, 3.9175],
						"2.2083": [1.145, 1.1575, 3.9175],
						"2.25": [1.12603, 1.20427, 3.88803],
						"2.2917": [1.09035, 1.29717, 3.83259],
						"2.5": [0.85375, 1.86421, 3.465],
						"2.5417": [0.80363, 1.96272, 3.38713],
						"2.5833": [0.75408, 2.04947, 3.31014],
						"2.625": [0.70577, 2.12175, 3.23508],
						"2.6667": [0.65962, 2.17649, 3.16339],
						"2.7083": [0.61715, 2.21012, 3.09741],
						"2.75": [0.58147, 2.21822, 3.04197],
						"2.7917": [0.5625, 2.195, 3.0125],
						"2.8333": [0.56516, 2.16306, 3.0125],
						"3.375": [0.61021, 2.1876, 3.0125],
						"3.6667": [0.59441, 2.22795, 3.0125],
						"3.7917": [0.5625, 2.195, 3.0125],
						"3.8333": [0.54743, 2.13267, 2.872],
						"3.875": [0.53419, 1.9985, 2.57823],
						"3.9167": [0.5231, 1.79505, 2.21516],
						"3.9583": [0.51457, 1.52607, 1.81873],
						"4.0": [0.5091, 1.19677, 1.41022],
						"4.0417": [0.50727, 0.81509, 1.00558],
						"4.0833": [0.50968, 0.39316, 0.61958],
						"4.125": [0.51653, -0.04925, 0.26876],
						"4.1667": [0.52679, -0.47704, -0.02477],
						"4.2083": [0.53708, -0.81964, -0.22584],
						"4.25": [0.5425, -0.8975, -0.265],
						"4.2917": [0.52802, -0.72018, -0.19015],
						"4.3333": [0.47795, -0.57163, -0.14186],
						"4.375": [0.393, -0.44891, -0.12911],
						"4.4167": [0.28752, -0.34755, -0.14745],
						"4.4583": [0.18614, -0.26271, -0.17135],
						"4.5": [0.1075, -0.19, -0.18062],
						"4.5417": [0.05205, -0.11986, -0.17113],
						"4.5833": [0.01929, -0.05323, -0.13886],
						"4.625": [0.00873, -0.01305, -0.09042],
						"4.6667": [0.00814, 0.00079, -0.04708],
						"4.7083": [0.00654, 0.00282, -0.01759],
						"4.75": [0, 0, 0]
					}
				},
				"righthand": {
					"rotation": {
						"0.0": [97.39272, 2.8028, -182.15501],
						"0.5417": [97.39272, 2.8028, -182.15501],
						"0.6667": [97.39272, 2.8028, -182.15501],
						"0.7083": [97.67466, 2.64375, -181.7508],
						"0.75": [98.60068, 2.54684, -178.17155],
						"0.7917": [99.50032, 4.51417, -163.59216],
						"0.8333": [97.92677, 15.77515, -144.02963],
						"0.875": [102.44117, 15.36511, -143.34389],
						"0.9167": [114.31427, 2.2861, -175.22994],
						"0.9583": [125.40442, -6.10474, -225.34806],
						"1.0": [122.89573, -8.6661, -248.28357],
						"1.0417": [102.35782, -7.48422, -202.91894],
						"1.0833": [97.96469, 1.62092, -185.33991],
						"1.125": [97.39272, 2.8028, -182.15501],
						"1.6667": [97.39272, 2.8028, -182.15501],
						"2.2083": [97.39272, 2.8028, -182.15501],
						"2.75": [97.39272, 2.8028, -182.15501],
						"3.2917": [97.39272, 2.8028, -182.15501],
						"3.8333": [97.39272, 2.8028, -182.15501],
						"4.3333": [97.39272, 2.8028, -182.15501]
					},
					"position": {
						"0.0": [-6.62792, -18.15625, 5.8875],
						"0.0417": [-6.89188, -18.15625, 5.8875],
						"0.4167": [-6.4209, -18.15629, 5.8875],
						"0.5": [-6.33312, -18.1563, 5.8875],
						"0.5417": [-6.3125, -18.1563, 5.8875],
						"0.5833": [-6.45192, -17.8995, 5.8875],
						"0.625": [-7.00637, -16.87937, 5.8875],
						"0.6667": [-8.33796, -15.01389, 5.8875],
						"0.7083": [-10.6875, -13.9375, 5.8875],
						"0.75": [-12.87202, -13.59613, 5.8875],
						"0.7917": [-14.71682, -13.36293, 5.8875],
						"0.8333": [-16.28428, -13.23178, 5.8875],
						"0.875": [-17.43916, -13.17194, 5.8875],
						"0.9167": [-17.31, -13.1563, 5.8875],
						"0.9583": [-10.58049, -13.67155, 5.8875],
						"1.0": [-7.53324, -17.64105, 5.8875],
						"1.0417": [-6.9125, -18.1563, 5.8875],
						"1.5833": [-6.9125, -18.15629, 5.8875],
						"2.125": [-6.9125, -18.15628, 5.8875],
						"2.6667": [-6.9125, -18.15627, 5.8875],
						"3.2083": [-6.9125, -18.15627, 5.8875],
						"3.75": [-6.9125, -18.15626, 5.8875],
						"4.25": [-6.9125, -18.15625, 5.8875],
						"4.3333": [-6.62792, -18.15625, 5.8875]
					},
					"scale": {
						"0.0": [1, 1.5, 1],
						"4.3333": [1, 1.5, 1]
					}
				},
				"Ace": {
					"rotation": {
						"0.0": [0, 0, 0],
						"0.0417": [1.0354, 0, 0],
						"0.0833": [6.48023, 0, 0],
						"0.125": [19.93875, 0, 0],
						"0.1667": [32.8125, 0, 0],
						"0.2083": [36.14525, 0, 0],
						"0.25": [28.76133, 0, 0],
						"0.2917": [14.73683, 0, 0],
						"0.3333": [-3.71167, 0, 0],
						"0.375": [-25.02117, 0, 0],
						"0.4167": [-47.5625, 0, 0],
						"0.4583": [-78.20597, 0.28237, -0.85977],
						"0.5": [-122.5063, 1.29968, -4.10592],
						"0.5417": [-171.77963, 2.82532, -9.71841],
						"0.5833": [-218.33301, 3.84263, -14.92722],
						"0.625": [-259.1725, 4.125, -18.3125],
						"0.6667": [-291.1548, 3.6902, -20.27798],
						"0.7083": [-315.63176, 2.76335, -21.49685],
						"0.75": [-335.49277, 1.63893, -22.26393],
						"0.7917": [-351.92934, 0.47589, -22.68564],
						"0.8333": [-365.48916, -0.60363, -22.79938],
						"0.875": [-376.3554, -1.47219, -22.59812],
						"0.9167": [-384.39514, -1.95461, -22.02317],
						"0.9583": [-388.99849, -1.73651, -20.90066],
						"1.0": [-388.2825, 0, -18.5],
						"1.0417": [-382.8257, 5.62168, -12.86874],
						"1.0833": [-376.21007, 15.16904, -6.65378],
						"1.125": [-370.08793, 22.22588, -3.73546],
						"1.1667": [-366.44707, 14.67156, -3.03896],
						"1.2083": [-363.55143, -0.85835, -2.83093],
						"1.25": [-360.63159, -13.14808, -2.08146],
						"1.2917": [-358.46986, -21.567, -0.9575],
						"1.3333": [-357.32449, -24.78743, -0.20802],
						"1.375": [-357, -20, 0],
						"1.4167": [-357.16077, -12.15364, 0],
						"1.4583": [-357.58556, -7.39396, 0],
						"1.5": [-358.1763, -4.26794, 0],
						"1.5417": [-358.8237, -2.20531, 0],
						"1.5833": [-359.41444, -0.9119, 0],
						"1.625": [-359.83923, -0.21416, 0],
						"1.6667": [-360, 0, 0]
					},
					"position": {
						"0.0": [0, 0, 0],
						"0.0417": [-0.01849, -0.03802, -0.07862],
						"0.0833": [-0.06308, -0.16693, -0.31295],
						"0.125": [-0.11673, -0.41296, -0.65625],
						"0.1667": [-0.1578, -0.80753, -0.99955],
						"0.2083": [-0.14984, -1.38652, -1.23388],
						"0.25": [0, -2.1875, -1.3125],
						"0.2917": [0.24399, -1.37675, -1.46868],
						"0.3333": [0.43601, 1.94958, -2.07181],
						"0.375": [0.60715, 6.76073, -3.25536],
						"0.4167": [0.7696, 12.18373, -4.70595],
						"0.4583": [0.9375, 16.9375, -6],
						"0.5": [0.62674, 20.51062, -7.15445],
						"0.5417": [-0.06933, 23.63912, -8.15369],
						"0.5833": [-0.70041, 25.98968, -8.72825],
						"0.625": [-1.10892, 27.43483, -8.75244],
						"0.6667": [-1.2475, 27.9375, -8.375],
						"0.7083": [-1.12798, 27.72977, -7.74847],
						"0.75": [-0.62819, 26.80376, -6.63404],
						"0.7917": [0.32282, 24.65855, -4.98771],
						"0.8333": [0.94, 21.315, -3.46625],
						"0.875": [1.04926, 17.25899, -2.27066],
						"0.9167": [0.92447, 13.1132, -1.42227],
						"0.9583": [0.71009, 9.23192, -0.82685],
						"1.0": [0.46915, 5.77204, -0.42417],
						"1.0417": [0.24341, 2.8959, -0.17215],
						"1.0833": [0.07134, 0.83639, -0.03926],
						"1.125": [0, 0, 0]
					}
				},
				"GunRoot": {
					"rotation": [0, 0, 0],
					"position": [0, 0, 0]
				},
				"camera": {
					"rotation": {
						"0.0": {
							"post": [0, 0, 0],
							"lerp_mode": "catmullrom"
						},
						"0.375": {
							"post": [-10, 0, 0],
							"lerp_mode": "catmullrom"
						},
						"0.75": {
							"post": [-23.07867, -4.60163, 1.95787],
							"lerp_mode": "catmullrom"
						},
						"1.0": {
							"post": [1, 0, 0],
							"lerp_mode": "catmullrom"
						},
						"1.0833": {
							"post": [1.00751, -6.99893, -0.12278],
							"lerp_mode": "catmullrom"
						},
						"1.1667": {
							"post": [1, 0, 0],
							"lerp_mode": "catmullrom"
						},
						"1.4167": {
							"post": [-4.91818, 7.64134, 0.13424],
							"lerp_mode": "catmullrom"
						},
						"1.75": {
							"post": [-9.90352, -4.26029, 1.58786],
							"lerp_mode": "catmullrom"
						},
						"2.2083": {
							"post": [-9.90352, -4.26029, 1.58786],
							"lerp_mode": "catmullrom"
						},
						"2.5833": {
							"post": [-14.04276, 10.51595, -1.00402],
							"lerp_mode": "catmullrom"
						},
						"2.9583": {
							"post": [-14.04, 10.52, -1],
							"lerp_mode": "catmullrom"
						},
						"3.4583": {
							"post": [-14.04, 10.52, -1],
							"lerp_mode": "catmullrom"
						},
						"4.7917": {
							"post": [0, 0, 0],
							"lerp_mode": "catmullrom"
						}
					}
				}
			},
			"sound_effects": {
				"0.0": {
					"effect": "setsentinel:set_pur/ace_of_spades_inspect"
				}
			}
		},
		"put_away": {
			"animation_length": 0.4333,
			"bones": {
				"root": {
					"rotation": {
						"0.0": [0, 0, 0],
						"0.0333": [0.13, -0.48, 2.81],
						"0.0667": [0.5, -1.35, 6.63],
						"0.1": [2.19, -3.57, 9.1],
						"0.1333": [6.11, -8.14, 8.67],
						"0.1667": [11.36, -14.05, 6.9],
						"0.2": [16.24, -19.23, 6.01],
						"0.2333": [20.48, -23.1, 7.22],
						"0.2667": [24.37, -26.23, 9.31],
						"0.3": [27.05, -28.35, 10.87]
					},
					"position": {
						"0.0": [0, 0, 0],
						"0.0333": [-0.08, 0.02, 0.06],
						"0.0667": [-0.22, 0.02, 0.15],
						"0.1": [-0.5, -0.28, 0.19],
						"0.1333": [-0.97, -1.02, 0.04],
						"0.1667": [-1.59, -2.04, -0.15],
						"0.2": [-2.32, -3.11, 0],
						"0.2333": [-3.27, -4.28, 0.85],
						"0.2667": [-4.33, -5.49, 2.05],
						"0.3": [-5.08, -6.34, 2.92]
					},
					"scale": 1
				},
				"lefthand": {
					"rotation": {
						"0.0": [102.45228, -1.94854, -189.12764],
						"0.0667": [125.05069, -13.28299, -219.96163]
					},
					"position": {
						"0.0": [7.28125, -18.41445, 5.15625],
						"0.0667": [9.35, -16.8975, 6.65625],
						"0.1333": [12.0275, -18.235, 6.65625]
					},
					"scale": [1, 1.5, 1]
				},
				"righthand": {
					"rotation": [97.39272, 2.8028, -182.15501],
					"position": [-6.62792, -18.15625, 5.8875],
					"scale": [1, 1.5, 1]
				},
				"camera": {
					"rotation": {
						"0.0": [0, 0, 0],
						"0.0333": [0, 0, -0.1],
						"0.0667": [0, 0, -0.25],
						"0.1": [0, 0, -0.4],
						"0.1333": [0, 0, -0.53],
						"0.1667": [0, 0, -0.58],
						"0.2": [0, 0, -0.5],
						"0.2333": [0, 0, -0.33],
						"0.2667": [0, 0, -0.13],
						"0.3": [0, 0, 0]
					}
				}
			},
			"sound_effects": {
				"0.0": {
					"effect": "sks_tactical_draw"
				}
			}
		},
		"draw": {
			"animation_length": 0.9167,
			"bones": {
				"lefthand": {
					"rotation": {
						"0.0": [110.5517, 4.56857, -162.26099],
						"0.0417": [110.42348, 4.52726, -159.82614],
						"0.0833": [109.76122, 4.31385, -155.56555],
						"0.125": [109.09897, 4.10044, -151.67067],
						"0.1667": [108.97075, 4.05912, -151.4206],
						"0.2083": [108.67597, 3.64788, -155.36759],
						"0.25": [107.78113, 2.16626, -162.22444],
						"0.2917": [106.30141, -0.05567, -170.64415],
						"0.3333": [104.35989, -1.5373, -179.90284],
						"0.375": [102.45228, -1.94854, -189.12764],
						"0.4167": [101.21712, -1.94854, -193.14228],
						"0.5": {
							"pre": [98.98535, -1.94854, -189.68903],
							"post": [98.98535, -1.94854, -189.68903],
							"lerp_mode": "catmullrom"
						},
						"0.5417": {
							"post": [97.45228, -1.94854, -189.12764],
							"lerp_mode": "catmullrom"
						},
						"0.5833": {
							"post": [97.60328, -1.94854, -189.12764],
							"lerp_mode": "catmullrom"
						},
						"0.75": {
							"post": [102.45228, -1.94854, -189.12764],
							"lerp_mode": "catmullrom"
						}
					},
					"position": {
						"0.0": [10.6875, -21, 14.625],
						"0.25": {
							"pre": [7.28125, -18.41445, 5.15625],
							"post": [7.28125, -18.41445, 5.15625],
							"lerp_mode": "catmullrom"
						}
					},
					"scale": {
						"0.0": [1, 1.5, 1],
						"0.25": {
							"pre": [1, 1.5, 1],
							"post": [1, 1.5, 1],
							"lerp_mode": "catmullrom"
						}
					}
				},
				"gun_and_righthand": {
					"rotation": {
						"0.0": [27, 0, 0],
						"0.0417": [24.76162, -0.21516, 0.58091],
						"0.0833": [20.79999, -0.83597, 1.53669],
						"0.125": [15.47119, -1.75397, 2.80052],
						"0.1667": [9.25524, -2.65215, 4.04698],
						"0.2083": [3.41578, -2.67649, 4.30629],
						"0.25": [-0.47138, -1.54146, 3.11305],
						"0.2917": [-2.52807, -0.53557, 1.4096],
						"0.3333": [-3, 0, 0],
						"0.375": [-2.36887, 0.36859, -0.83083],
						"0.4167": [-1.1619, 0.70012, -1.40636],
						"0.4583": [0.16203, 0.96267, -1.81473],
						"0.5": [1.23575, 1.09608, -2.03191],
						"0.5417": [0.99966, 0.86538, -1.85564],
						"0.5833": [-0.06153, 0.47579, -1.38474],
						"0.625": [-0.28941, 0.30903, -1.03436],
						"0.7917": [-0.0354, 0.04663, -0.08155],
						"0.8333": [0, 0, 0]
					},
					"position": {
						"0.0": [-2, -3.875, 10.375],
						"0.0417": [-1.58385, -2.29559, 7.69055],
						"0.0833": [-1.02739, -0.37266, 1.17085],
						"0.125": [-0.76, 0.4, -1.155],
						"0.1667": [-0.58269, 0.73524, -1.67021],
						"0.2083": [-0.42771, 0.83555, -1.69234],
						"0.25": [-0.29082, 0.77842, -1.44804],
						"0.2917": [-0.17077, 0.60444, -1.03521],
						"0.3333": [-0.06962, 0.33797, -0.51693],
						"0.375": [0, 0, 0],
						"0.4167": [0.0179, -0.21218, 0.25341],
						"0.4583": [0.00648, -0.2605, 0.36681],
						"0.5": [0, -0.1875, 0.3125],
						"0.5417": [-0.0018, -0.05068, 0.11482],
						"0.5833": [-0.00481, -0.00214, 0.02134],
						"0.625": [0, 0, 0]
					}
				},
				"righthand": {
					"rotation": [97.39272, 2.8028, -182.15501],
					"position": [-6.62792, -18.15625, 5.8875],
					"scale": [1, 1.5, 1]
				},
				"GunRoot": {
					"position": [0, 0, 0]
				}
			},
			"sound_effects": {
				"0.0": {
					"effect": "setsentinel:set_pur/ace_of_spades_draw"
				}
			}
		},
		"run": {
			"loop": true,
			"animation_length": 0.6667,
			"bones": {
				"speedloader": {
					"scale": 0
				},
				"root": {
					"rotation": {
						"0.0": {
							"post": [-57.43739, -1.65224, -1.98065],
							"lerp_mode": "catmullrom"
						},
						"0.1667": {
							"post": [-57.40353, -0.32216, -4.09858],
							"lerp_mode": "catmullrom"
						},
						"0.3333": {
							"post": [-57.44, -1.65, -1.98],
							"lerp_mode": "catmullrom"
						},
						"0.5": {
							"post": [-57.66052, -4.29709, 2.26791],
							"lerp_mode": "catmullrom"
						},
						"0.6667": {
							"post": [-57.43739, -1.65224, -1.98065],
							"lerp_mode": "catmullrom"
						}
					},
					"position": {
						"0.0": {
							"post": [-4.5, -1, -2.5],
							"lerp_mode": "catmullrom"
						},
						"0.1042": {
							"post": [-4.0625, -3.0975, -2.5],
							"lerp_mode": "catmullrom"
						},
						"0.1667": {
							"post": [-4, -3.31, -2.5],
							"lerp_mode": "catmullrom"
						},
						"0.2292": {
							"post": [-4.1875, -3.1125, -2.5],
							"lerp_mode": "catmullrom"
						},
						"0.3333": {
							"post": [-4.875, -1.5625, -2.5],
							"lerp_mode": "catmullrom"
						},
						"0.4375": {
							"post": [-5.75, -3.1075, -2.5],
							"lerp_mode": "catmullrom"
						},
						"0.5": {
							"post": [-6, -3.3125, -2.5],
							"lerp_mode": "catmullrom"
						},
						"0.5625": {
							"post": [-5.8125, -2.965, -2.5],
							"lerp_mode": "catmullrom"
						},
						"0.6667": {
							"post": [-4.5, -1, -2.5],
							"lerp_mode": "catmullrom"
						}
					}
				}
			}
		},
		"run_start": {
			"animation_length": 0.3958,
			"bones": {
				"speedloader": {
					"scale": 0
				},
				"root": {
					"rotation": {
						"0.0": {
							"post": [0, 0, 0],
							"lerp_mode": "catmullrom"
						},
						"0.1042": {
							"post": [-8.33, -1.61, -1.14],
							"lerp_mode": "catmullrom"
						},
						"0.2917": {
							"post": [-46.62, 2.6275, 0.5625],
							"lerp_mode": "catmullrom"
						},
						"0.3958": {
							"post": [-57.43739, -1.65224, -1.98065],
							"lerp_mode": "catmullrom"
						}
					},
					"position": {
						"0.0": {
							"post": [0, 0, 0],
							"lerp_mode": "catmullrom"
						},
						"0.3958": {
							"post": [-4.5, -1, -2.5],
							"lerp_mode": "catmullrom"
						}
					}
				}
			}
		},
		"run_end": {
			"animation_length": 0.3958,
			"bones": {
				"speedloader": {
					"scale": 0
				},
				"root": {
					"rotation": {
						"0.0": {
							"post": [-57.43739, -1.65224, -1.98065],
							"lerp_mode": "catmullrom"
						},
						"0.1042": {
							"post": [-46.62, -0.3725, 6.5625],
							"lerp_mode": "catmullrom"
						},
						"0.2917": {
							"post": [-8.33, -1.61, -1.14],
							"lerp_mode": "catmullrom"
						},
						"0.3958": {
							"post": [0, 0, 0],
							"lerp_mode": "catmullrom"
						}
					},
					"position": {
						"0.0": {
							"post": [-4.5, -1, -2.5],
							"lerp_mode": "catmullrom"
						},
						"0.3958": {
							"post": [0, 0, 0],
							"lerp_mode": "catmullrom"
						}
					}
				}
			}
		},
		"run_hold": {
			"animation_length": 0.5,
			"bones": {
				"speedloader": {
					"scale": 0
				},
				"root": {
					"rotation": [-57.43739, -1.65224, -1.98065],
					"position": [-4.5, -1.75, -2.5]
				}
			}
		}
	}
}