{
    "ammo": "cyber_armorer:bullet_rifle",
    "rpm": 342.0,
    "bullet": {
        "life": 0.5,
        "bullet_amount": 1,
        "damage": 6.7,
        "tracer_count_interval": 0,
        "extra_damage": {
            "armor_ignore": 0.1,
            "head_shot_multiplier": 1.42,
            "damage_adjust": [
                {
                    "distance": 3,
                    "damage": 6.7
                },
                {
                    "distance": 9,
                    "damage": 5.4
                },
                {
                    "distance": 15,
                    "damage": 4.0
                },
                {
                    "distance": 18,
                    "damage": 3.4
                },
                {
                    "distance": "infinite",
                    "damage": 0.7
                }
            ]
        },
        "speed": 260,
        "gravity": 0,
        "knockback": 0.15,
        "friction": 0.05,
        "ignite": false,
        "ignite_entity_time": 8,
        "pierce": 1
    },
    "ammo_amount": 30,
    "extended_mag_ammo_amount": [
        35,
        40,
        45
    ],
    "bolt": "open_bolt",
    "reload": {
        "type": "magazine",
        "feed": {
            "empty": 2.42,
            "tactical": 2.08
        },
        "cooldown": {
            "empty": 2.9,
            "tactical": 2.6
        }
    },
    "draw_time": 1,
    "put_away_time": 0.58,
    "aim_time": 0.2,
    "sprint_time": 0.21,
    "weight": 3.6,
    "movement_speed": {
        "base": 0.0,
        "aim": 0.0,
        "reload": 0.0
    },
    "crawl_recoil_multiplier": 0.5,
    "fire_mode": [
        "auto",
        "semi"
    ],
    "allow_attachment_types": [
        "muzzle",
        "scope",
        "extended_mag"
    ],
    "recoil": {
        "pitch": [
            {
                "time": 0,
                "value": [
                    0.5,
                    0.5
                ]
            },
            {
                "time": 0.2,
                "value": [
                    0.5,
                    0.5
                ]
            },
            {
                "time": 0.35,
                "value": [
                    -0.22,
                    -0.22
                ]
            },
            {
                "time": 0.5,
                "value": [
                    0.02,
                    0.02
                ]
            },
            {
                "time": 0.65,
                "value": [
                    0,
                    0
                ]
            }
        ],
        "yaw": [
            {
                "time": 0,
                "value": [
                    -0.2,
                    0.2
                ]
            },
            {
                "time": 0.3,
                "value": [
                    0,
                    0
                ]
            }
        ]
    },
    "inaccuracy": {
        "stand": 3.0,
        "move": 4.99,
        "sneak": 1.8,
        "lie": 1.35,
        "aim": 0.54
    },
    "builtin_attachments": {
        "scope": "cyber_armorer:sight_ajax_default"
    },
    "melee": {
        "distance": 1,
        "cooldown": 0.7,
        "default": {
            "animation_type": "melee_stock",
            "distance": 3,
            "range_angle": 45,
            "damage": 6,
            "knockback": 0.6,
            "prep": 0.1
        }
    }
}