{
    "tacz_fire_control_extension:fire_control_system": {
        "aim_cone_angle": 35
    },
    "ammo": "cyber_armorer:bullet_pistol_smart",
    "rpm": 398.0,
    "bullet": {
        "life": 3,
        "bullet_amount": 1,
        "damage": 4.0,
        "extra_damage": {
            "armor_ignore": 0.14,
            "head_shot_multiplier": 1.39,
            "damage_adjust": [
                {
                    "distance": 3,
                    "damage": 4.0
                },
                {
                    "distance": 6,
                    "damage": 3.2
                },
                {
                    "distance": 9,
                    "damage": 2.4
                },
                {
                    "distance": 12,
                    "damage": 0.8
                },
                {
                    "distance": "infinite",
                    "damage": 0.4
                }
            ]
        },
        "speed": 35,
        "gravity": 0,
        "knockback": 0.15,
        "friction": 0,
        "ignite": false,
        "ignite_entity_time": 4,
        "pierce": 1
    },
    "ammo_amount": 45,
    "extended_mag_ammo_amount": [
        45,
        45,
        45
    ],
    "bolt": "open_bolt",
    "reload": {
        "type": "magazine",
        "feed": {
            "empty": 2.58,
            "tactical": 1.88
        },
        "cooldown": {
            "empty": 2.95,
            "tactical": 2.25
        }
    },
    "draw_time": 1.16,
    "put_away_time": 0.58,
    "aim_time": 0.2,
    "sprint_time": 0.21,
    "weight": 2.5,
    "movement_speed": {
        "base": 0.0,
        "aim": 0.0,
        "reload": 0.0
    },
    "crawl_recoil_multiplier": 0.5,
    "fire_mode": [
        "auto"
    ],
    "allow_attachment_types": [
        "extended_mag"
    ],
    "recoil": {
        "pitch": [
            {
                "time": 0,
                "value": [
                    0.4,
                    0.4
                ]
            },
            {
                "time": 0.25,
                "value": [
                    0.4,
                    0.4
                ]
            },
            {
                "time": 0.4,
                "value": [
                    -0.16,
                    -0.16
                ]
            },
            {
                "time": 0.6,
                "value": [
                    0.03,
                    0.03
                ]
            },
            {
                "time": 0.75,
                "value": [
                    0,
                    0
                ]
            }
        ],
        "yaw": [
            {
                "time": 0,
                "value": [
                    -0.13,
                    0.13
                ]
            },
            {
                "time": 0.4,
                "value": [
                    0,
                    0
                ]
            }
        ]
    },
    "inaccuracy": {
        "stand": 4.0,
        "move": 6.32,
        "sneak": 2.3,
        "lie": 1.7249999999999999,
        "aim": 0.69
    },
    "melee": {
        "distance": 1,
        "cooldown": 0.7,
        "default": {
            "animation_type": "melee_stock",
            "distance": 3,
            "range_angle": 45,
            "damage": 6,
            "knockback": 0.6,
            "prep": 0.1
        }
    }
}