{
    "script": "cyber_armorer:grad_logic",
    "ammo": "cyber_armorer:bullet_sniper",
    "ammo_amount": 4,
    "extended_mag_ammo_amount": [
        4,
        4,
        4
    ],
    "bolt": "manual_action",
    "rpm": 33.0,
    "bullet": {
        "life": 0.9,
        "bullet_amount": 1,
        "damage": 9.4,
        "tracer_count_interval": 0,
        "extra_damage": {
            "armor_ignore": 0.14,
            "head_shot_multiplier": 1.62,
            "damage_adjust": [
                {
                    "distance": 3,
                    "damage": 9.4
                },
                {
                    "distance": 6,
                    "damage": 8.5
                },
                {
                    "distance": 18,
                    "damage": 7.5
                },
                {
                    "distance": 24,
                    "damage": 5.6
                },
                {
                    "distance": "infinite",
                    "damage": 4.7
                }
            ]
        },
        "speed": 420,
        "gravity": 0.15,
        "knockback": 0,
        "friction": 0.015,
        "ignite": true,
        "ignite_entity_time": 20,
        "pierce": 1,
        "explosion": {
            "explode": true,
            "damage": 7.7,
            "radius": 1,
            "knockback": false,
            "delay": 30
        }
    },
    "reload": {
        "type": "magazine",
        "feed": {
            "empty": 3.8,
            "tactical": 1.93
        },
        "cooldown": {
            "empty": 4.4,
            "tactical": 2.56
        }
    },
    "script_param": {
        "reload_feed": 1.93,
        "reload_cooldown": 2.56,
        "empty_feed": 3.8,
        "empty_cooldown": 4.4
    },
    "draw_time": 1,
    "put_away_time": 0.7,
    "aim_time": 0.25,
    "sprint_time": 0.2,
    "bolt_action_time": 1.5,
    "weight": 5.85,
    "movement_speed": {
        "base": 0,
        "aim": 0,
        "reload": 0
    },
    "crawl_recoil_multiplier": 0.25,
    "fire_mode": [
        "semi"
    ],
    "recoil": {
        "pitch": [
            {
                "time": 0,
                "value": [
                    3,
                    3
                ]
            },
            {
                "time": 0.32,
                "value": [
                    3,
                    3
                ]
            },
            {
                "time": 0.57,
                "value": [
                    -0.45,
                    -0.45
                ]
            },
            {
                "time": 0.82,
                "value": [
                    0.25,
                    0.25
                ]
            },
            {
                "time": 1.17,
                "value": [
                    0,
                    0
                ]
            },
            {
                "time": 1.47,
                "value": [
                    0,
                    0
                ]
            }
        ],
        "yaw": [
            {
                "time": 0,
                "value": [
                    -0.35,
                    0.35
                ]
            },
            {
                "time": 0.32,
                "value": [
                    -0.35,
                    0.35
                ]
            },
            {
                "time": 0.57,
                "value": [
                    0,
                    0
                ]
            }
        ]
    },
    "inaccuracy": {
        "stand": 0.75,
        "move": 1.9975,
        "sneak": 0.675,
        "lie": 0.5062500000000001,
        "aim": 0.20250000000000004
    },
    "melee": {
        "distance": 1,
        "cooldown": 0.7,
        "default": {
            "animation_type": "melee_stock",
            "distance": 3,
            "range_angle": 45,
            "damage": 6,
            "knockback": 0.6,
            "prep": 0.1
        }
    },
    "allow_attachment_types": [
        "scope"
    ]
}