{
    "ammo": "cyber_armorer:bullet_pistol",
    "rpm": 295.0,
    "bullet": {
        "life": 0.6,
        "bullet_amount": 1,
        "damage": 5.6,
        "tracer_count_interval": 0,
        "extra_damage": {
            "armor_ignore": 0.11,
            "head_shot_multiplier": 1.38,
            "damage_adjust": [
                {
                    "distance": 3,
                    "damage": 5.6
                },
                {
                    "distance": 6,
                    "damage": 4.5
                },
                {
                    "distance": 9,
                    "damage": 3.4
                },
                {
                    "distance": 12,
                    "damage": 1.7
                },
                {
                    "distance": "infinite",
                    "damage": 0.6
                }
            ]
        },
        "speed": 210,
        "gravity": 0.15,
        "knockback": 0.15,
        "friction": 0.05,
        "ignite": false,
        "ignite_entity_time": 6,
        "pierce": 1
    },
    "ammo_amount": 9,
    "extended_mag_ammo_amount": [
        11,
        12,
        13
    ],
    "bolt": "closed_bolt",
    "reload": {
        "type": "magazine",
        "feed": {
            "empty": 2.13,
            "tactical": 1.17
        },
        "cooldown": {
            "empty": 2.66,
            "tactical": 1.75
        }
    },
    "draw_time": 0.54,
    "put_away_time": 0.5,
    "aim_time": 0.15,
    "sprint_time": 0.21,
    "weight": 1.43,
    "movement_speed": {
        "base": 0.0,
        "aim": 0.0,
        "reload": 0.0
    },
    "crawl_recoil_multiplier": 0.5,
    "fire_mode": [
        "semi"
    ],
    "allow_attachment_types": [
        "extended_mag",
        "scope"
    ],
    "recoil": {
        "pitch": [
            {
                "time": 0,
                "value": [
                    0.3,
                    0.3
                ]
            },
            {
                "time": 0.25,
                "value": [
                    0.3,
                    0.3
                ]
            },
            {
                "time": 0.4,
                "value": [
                    -0.12,
                    -0.12
                ]
            },
            {
                "time": 0.6,
                "value": [
                    0.01,
                    0.01
                ]
            },
            {
                "time": 0.75,
                "value": [
                    0,
                    0
                ]
            }
        ],
        "yaw": [
            {
                "time": 0,
                "value": [
                    -0.12,
                    0.12
                ]
            },
            {
                "time": 0.4,
                "value": [
                    0,
                    0
                ]
            }
        ]
    },
    "inaccuracy": {
        "stand": 2.5,
        "move": 4.325,
        "sneak": 1.55,
        "lie": 1.1625,
        "aim": 0.4650000000000001
    }
}