{
    "tacz_fire_control_extension:fire_control_system": {
        "aim_cone_angle": 28
    },
    "ammo": "cyber_armorer:bullet_pistol_smart",
    "rpm": 298.0,
    "bullet": {
        "life": 3,
        "bullet_amount": 1,
        "damage": 5.3,
        "extra_damage": {
            "armor_ignore": 0.11,
            "head_shot_multiplier": 1.39,
            "damage_adjust": [
                {
                    "distance": 3,
                    "damage": 5.3
                },
                {
                    "distance": 6,
                    "damage": 4.2
                },
                {
                    "distance": 9,
                    "damage": 3.2
                },
                {
                    "distance": 12,
                    "damage": 1.6
                },
                {
                    "distance": "infinite",
                    "damage": 0.5
                }
            ]
        },
        "speed": 40,
        "gravity": 0,
        "knockback": 0.15,
        "friction": 0,
        "ignite": false,
        "ignite_entity_time": 5,
        "pierce": 1
    },
    "ammo_amount": 30,
    "extended_mag_ammo_amount": [
        35,
        40,
        45
    ],
    "bolt": "open_bolt",
    "reload": {
        "type": "magazine",
        "feed": {
            "empty": 2.42,
            "tactical": 1.92
        },
        "cooldown": {
            "empty": 3.08,
            "tactical": 2.75
        }
    },
    "draw_time": 0.7,
    "put_away_time": 0.625,
    "aim_time": 0.2,
    "sprint_time": 0.21,
    "weight": 2.15,
    "movement_speed": {
        "base": 0.0,
        "aim": 0.0,
        "reload": 0.0
    },
    "crawl_recoil_multiplier": 0.5,
    "fire_mode": [
        "auto",
        "burst"
    ],
    "burst_data": {
        "continuous_shoot": true,
        "count": 3,
        "bpm": 894.0,
        "min_interval": 0.85
    },
    "allow_attachment_types": [
        "extended_mag"
    ],
    "recoil": {
        "pitch": [
            {
                "time": 0,
                "value": [
                    0.3,
                    0.3
                ]
            },
            {
                "time": 0.25,
                "value": [
                    0.3,
                    0.3
                ]
            },
            {
                "time": 0.4,
                "value": [
                    -0.12,
                    -0.12
                ]
            },
            {
                "time": 0.6,
                "value": [
                    0.02,
                    0.02
                ]
            },
            {
                "time": 0.75,
                "value": [
                    0,
                    0
                ]
            }
        ],
        "yaw": [
            {
                "time": 0,
                "value": [
                    -0.1,
                    0.1
                ]
            },
            {
                "time": 0.4,
                "value": [
                    0,
                    0
                ]
            }
        ]
    },
    "inaccuracy": {
        "stand": 2.5,
        "move": 4.325,
        "sneak": 1.55,
        "lie": 1.1625,
        "aim": 0.4650000000000001
    }
}