{
  "materials": [
    {
      "item": {
        "type": "forge:partial_nbt",
        "item": "tacz:ammo",
        "nbt": {
          "AmmoId": "emxcust:emx_cus_tool"
        }
      },
      "count": 10
    },
    {
      "item": {
        "tag": "forge:ingots/netherite"
      },
      "count": 15
    },
    {
      "item": {
        "item": "minecraft:redstone"
      },
      "count": 250
    },
    {
      "item": {
        "item": "minecraft:netherite_scrap"
      },
      "count": 35
    },
    {
      "item": {
        "item": "minecraft:iron_ingot"
      },
      "count": 300
    }
  ],
  "result": {
    "type": "attachment",
    "id": "emxmors:muzzle_emx_barrel2gold"
  },
  "type": "tacz:gun_smith_table_crafting"
}