{
  "materials": [
    {
      "item": {
        "item": "minecraft:end_crystal"
      },
      "count": 5
    },
    {
      "item": {
        "tag": "forge:ingots/netherite"
      },
      "count": 35
    },
    {
      "item": {
        "item": "minecraft:redstone"
      },
      "count": 300
    },
    {
      "item": {
        "item": "minecraft:netherite_scrap"
      },
      "count": 45
    },
    {
      "item": {
        "item": "minecraft:iron_ingot"
      },
      "count": 300
    }
  ],
  "result": {
    "type": "attachment",
    "id": "emxmors:muzzle_emx_baljak"
  },
  "type": "tacz:gun_smith_table_crafting"
}