{
  // 版本
  "version": "1",
  // 名称，支持在语言文件中定义
  "name": "pack.emxmors.name",
  // 描述文本，支持在语言文件中定义
  "desc": "pack.emxmors.desc",
  // 许可证
  "license": "CC BY-NC-ND 4.0",
  // 作者
  "authors": [
    "LonelyBoy",
	"SF2403"
  ],
  // 日期：ISO 8601 标准，即 YYYY-MM-DD
  "date": "2024-7-24",
  // URL 链接，可以在枪械合成台看到，点击按钮可以访问网络链接
  "url": "https://space.bilibili.com/35159832"
}