{
  "materials": [
    {
      "item": {
        "item": "minecraft:redstone"
      },
      "count": 20
    },
    {
      "item": {
        "item": "minecraft:iron_ingot"
      },
      "count": 20
    },
    {
      "item": {
        "type": "forge:partial_nbt",
        "item": "tacz:attachment",
        "nbt": {
          "AttachmentId": "tacz:light_extended_mag_1"
        }
      },
      "count": 1
    }
  ],
  "result": {
    "type": "attachment",
    "id": "emxarms:ammo_l1"
  },
  "type": "tacz:gun_smith_table_crafting"
}