{
  "materials": [
    {
      "item": {
        "item": "minecraft:tnt"
      },
      "count": 12
    },
    {
      "item": {
        "item": "minecraft:gunpowder"
      },
      "count": 34
    },
    {
      "item": {
        "item": "minecraft:flint"
      },
      "count": 40
    },
    {
      "item": {
        "type": "forge:partial_nbt",
        "item": "tacz:attachment",
        "nbt": {
          "AttachmentId": "emxarms:ammo_h1"
        }
      },
      "count": 1
    }
  ],
  "result": {
    "type": "attachment",
    "id": "emxarms:ammo_srhe"
  },
  "type": "tacz:gun_smith_table_crafting"
}