{
  "materials": [
    {
      "item": {
        "type": "forge:partial_nbt",
        "item": "tacz:ammo",
        "nbt": {
          "AmmoId": "emxarms:emx_rem"
        }
      },
      "count": 1
    },
    {
      "item": {
        "item": "minecraft:iron_ingot"
      },
      "count": 40
    },
    {
      "item": {
        "type": "forge:partial_nbt",
        "item": "tacz:attachment",
        "nbt": {
          "AttachmentId": "emxarms:ammo_h2"
        }
      },
      "count": 1
    }
  ],
  "result": {
    "type": "attachment",
    "id": "emxarms:ammo_sgeb"
  },
  "type": "tacz:gun_smith_table_crafting"
}