{
    "ammo": "emxmors:762x39mm",
    "ammo_amount": 30,
    "bolt": "open_bolt",
    "rpm": 467.0,
    "bullet": {
        "life": 0.75,
        "bullet_amount": 1,
        "damage": 10.4,
        "tracer_count_interval": 0,
        "extra_damage": {
            "armor_ignore": 0.1,
            "head_shot_multiplier": 1.4,
            "damage_adjust": [
                {
                    "distance": 3,
                    "damage": 10.4
                },
                {
                    "distance": 9,
                    "damage": 8.3
                },
                {
                    "distance": 15,
                    "damage": 6.2
                },
                {
                    "distance": 18,
                    "damage": 5.2
                },
                {
                    "distance": "infinite",
                    "damage": 1.0
                }
            ]
        },
        "speed": 260,
        "gravity": 0.0245,
        "knockback": 0,
        "friction": 0.01,
        "ignite": false,
        "pierce": 1
    },
    "reload": {
        "type": "magazine",
        "feed": {
            "empty": 1,
            "tactical": 1.23
        },
        "cooldown": {
            "empty": 2.8,
            "tactical": 2.1
        }
    },
    "draw_time": 0.35,
    "put_away_time": 0.5,
    "aim_time": 0.2,
    "sprint_time": 0.3,
    "fire_mode": [
        "semi",
        "burst"
    ],
    "burst_data": {
        "continuous_shoot": true,
        "count": 3,
        "bpm": 1401.0,
        "min_interval": 0.71
    },
    "recoil": {
        "pitch": [
            {
                "time": 0,
                "value": [
                    0.725,
                    0.725
                ]
            },
            {
                "time": 0.26,
                "value": [
                    0.725,
                    0.725
                ]
            },
            {
                "time": 0.48,
                "value": [
                    -0.215,
                    -0.215
                ]
            },
            {
                "time": 0.72,
                "value": [
                    0,
                    0
                ]
            }
        ],
        "yaw": [
            {
                "time": 0,
                "value": [
                    -0.15,
                    0.45
                ]
            },
            {
                "time": 0.43,
                "value": [
                    0,
                    0.1
                ]
            },
            {
                "time": 0.6,
                "value": [
                    0,
                    0
                ]
            }
        ]
    },
    "inaccuracy": {
        "stand": 3.0,
        "move": 4.99,
        "sneak": 1.8,
        "lie": 1.35,
        "aim": 0.54
    },
    "move_speed": {
        "base": 0.92,
        "aim": 0.68
    },
    "allow_attachment_types": [
        "scope",
        "muzzle",
        "grip"
    ]
}