{
    "ammo": "emxmors:762x39mm",
    "ammo_amount": 200,
    "bolt": "open_bolt",
    "rpm": 1081.0,
    "bullet": {
        "life": 0.75,
        "bullet_amount": 1,
        "damage": 3.9,
        "tracer_count_interval": 0,
        "extra_damage": {
            "armor_ignore": 0.09,
            "head_shot_multiplier": 1.3,
            "damage_adjust": [
                {
                    "distance": 3,
                    "damage": 3.9
                },
                {
                    "distance": 6,
                    "damage": 3.5
                },
                {
                    "distance": 9,
                    "damage": 2.7
                },
                {
                    "distance": 12,
                    "damage": 1.2
                },
                {
                    "distance": "infinite",
                    "damage": 0.4
                }
            ]
        },
        "speed": 260,
        "gravity": 0.0245,
        "knockback": 0,
        "friction": 0.01,
        "ignite": false,
        "pierce": 1
    },
    "reload": {
        "type": "magazine",
        "feed": {
            "empty": 3,
            "tactical": 2.5
        },
        "cooldown": {
            "empty": 3.3,
            "tactical": 3
        }
    },
    "draw_time": 0.35,
    "put_away_time": 0.5,
    "aim_time": 0.2,
    "sprint_time": 0.3,
    "fire_mode": [
        "auto"
    ],
    "recoil": {
        "pitch": [
            {
                "time": 0,
                "value": [
                    0.725,
                    0.725
                ]
            },
            {
                "time": 0.26,
                "value": [
                    0.725,
                    0.725
                ]
            },
            {
                "time": 0.48,
                "value": [
                    -0.215,
                    -0.215
                ]
            },
            {
                "time": 0.72,
                "value": [
                    0,
                    0
                ]
            }
        ],
        "yaw": [
            {
                "time": 0,
                "value": [
                    -0.15,
                    0.45
                ]
            },
            {
                "time": 0.43,
                "value": [
                    0,
                    0.1
                ]
            },
            {
                "time": 0.6,
                "value": [
                    0,
                    0
                ]
            }
        ]
    },
    "inaccuracy": {
        "stand": 6.25,
        "move": 9.3125,
        "sneak": 3.425,
        "lie": 2.5687499999999996,
        "aim": 1.0274999999999999
    },
    "move_speed": {
        "base": 0.92,
        "aim": 0.68
    }
}