{
    "ammo": "emxarms:x16sg",
    "ammo_amount": 8,
    "bolt": "open_bolt",
    "rpm": 152.0,
    "bullet": {
        "life": 0.4,
        "bullet_amount": 30,
        "damage": 50.9,
        "tracer_count_interval": 0,
        "extra_damage": {
            "armor_ignore": 0.04,
            "head_shot_multiplier": 1.21,
            "damage_adjust": [
                {
                    "distance": 3,
                    "damage": 50.9
                },
                {
                    "distance": 6,
                    "damage": 40.7
                },
                {
                    "distance": 9,
                    "damage": 15.3
                },
                {
                    "distance": 12,
                    "damage": 10.2
                },
                {
                    "distance": "infinite",
                    "damage": 5.1
                }
            ]
        },
        "speed": 260,
        "gravity": 0.0245,
        "knockback": 0,
        "friction": 0.01,
        "ignite": false,
        "pierce": 1
    },
    "reload": {
        "type": "magazine",
        "feed": {
            "empty": 7,
            "tactical": 7
        },
        "cooldown": {
            "empty": 7.63,
            "tactical": 7.63
        }
    },
    "draw_time": 0.35,
    "put_away_time": 0.5,
    "aim_time": 0.2,
    "sprint_time": 0.3,
    "fire_mode": [
        "semi"
    ],
    "recoil": {
        "pitch": [
            {
                "time": 0,
                "value": [
                    0.725,
                    0.725
                ]
            },
            {
                "time": 0.26,
                "value": [
                    0.725,
                    0.725
                ]
            },
            {
                "time": 0.48,
                "value": [
                    -0.215,
                    -0.215
                ]
            },
            {
                "time": 0.72,
                "value": [
                    0,
                    0
                ]
            }
        ],
        "yaw": [
            {
                "time": 0,
                "value": [
                    -0.15,
                    0.45
                ]
            },
            {
                "time": 0.43,
                "value": [
                    0,
                    0.1
                ]
            },
            {
                "time": 0.6,
                "value": [
                    0,
                    0
                ]
            }
        ]
    },
    "inaccuracy": {
        "stand": 12.5,
        "move": 17.625,
        "sneak": 6.55,
        "lie": 4.9125,
        "aim": 3.93
    },
    "move_speed": {
        "base": 0.92,
        "aim": 0.68
    },
    "allow_attachment_types": [
        "scope"
    ]
}