{
    "ammo": "emxmors:762x39mm",
    "rpm": 558.0,
    "bullet": {
        "life": 0.7,
        "bullet_amount": 1,
        "damage": 6.6,
        "tracer_count_interval": 0,
        "extra_damage": {
            "armor_ignore": 0.14,
            "head_shot_multiplier": 1.38,
            "damage_adjust": [
                {
                    "distance": 3,
                    "damage": 6.6
                },
                {
                    "distance": 6,
                    "damage": 5.3
                },
                {
                    "distance": 9,
                    "damage": 4.0
                },
                {
                    "distance": 12,
                    "damage": 1.3
                },
                {
                    "distance": "infinite",
                    "damage": 0.7
                }
            ]
        },
        "speed": 170,
        "gravity": 0.0245,
        "knockback": 0,
        "friction": 0.012,
        "ignite": false,
        "pierce": 1
    },
    "ammo_amount": 30,
    "bolt": "closed_bolt",
    "reload": {
        "type": "magazine",
        "feed": {
            "empty": 1.58,
            "tactical": 1.58
        },
        "cooldown": {
            "empty": 3.17,
            "tactical": 3.13
        }
    },
    "draw_time": 0.55,
    "put_away_time": 0.33,
    "aim_time": 0.2,
    "sprint_time": 0.2,
    "fire_mode": [
        "auto"
    ],
    "allow_attachment_types": [
        "scope",
        "grip",
        "muzzle"
    ],
    "recoil": {
        "pitch": [
            {
                "time": 0,
                "value": [
                    0.95,
                    0.95
                ]
            },
            {
                "time": 0.4,
                "value": [
                    0.95,
                    0.95
                ]
            },
            {
                "time": 0.65,
                "value": [
                    -0.225,
                    -0.225
                ]
            },
            {
                "time": 0.85,
                "value": [
                    0.125,
                    0.125
                ]
            },
            {
                "time": 1.1,
                "value": [
                    0,
                    0
                ]
            },
            {
                "time": 1.2,
                "value": [
                    0,
                    0
                ]
            }
        ],
        "yaw": [
            {
                "time": 0,
                "value": [
                    -0.3,
                    0.3
                ]
            },
            {
                "time": 0.5,
                "value": [
                    0,
                    0
                ]
            }
        ]
    },
    "inaccuracy": {
        "stand": 4.0,
        "move": 6.32,
        "sneak": 2.3,
        "lie": 1.7249999999999999,
        "aim": 0.69
    }
}