{
    "ammo": "emxarms:402x31",
    "rpm": 529.0,
    "bullet": {
        "life": 0.55,
        "bullet_amount": 1,
        "damage": 7.0,
        "tracer_count_interval": 0,
        "extra_damage": {
            "armor_ignore": 0.16,
            "head_shot_multiplier": 1.36,
            "damage_adjust": [
                {
                    "distance": 3,
                    "damage": 7.0
                },
                {
                    "distance": 6,
                    "damage": 5.6
                },
                {
                    "distance": 9,
                    "damage": 4.2
                },
                {
                    "distance": 12,
                    "damage": 1.4
                },
                {
                    "distance": "infinite",
                    "damage": 0.7
                }
            ]
        },
        "speed": 180,
        "gravity": 0.0245,
        "knockback": 0,
        "friction": 0.011,
        "ignite": false,
        "pierce": 1
    },
    "ammo_amount": 20,
    "bolt": "open_bolt",
    "reload": {
        "type": "magazine",
        "feed": {
            "empty": 1.97,
            "tactical": 1.17
        },
        "cooldown": {
            "empty": 2.83,
            "tactical": 1.77
        }
    },
    "draw_time": 0.42,
    "put_away_time": 0.43,
    "aim_time": 0.15,
    "sprint_time": 0.2,
    "fire_mode": [
        "auto"
    ],
    "allow_attachment_types": [
        "scope",
        "muzzle"
    ],
    "recoil": {
        "pitch": [
            {
                "time": 0,
                "value": [
                    0.65,
                    0.65
                ]
            },
            {
                "time": 0.3,
                "value": [
                    0.65,
                    0.65
                ]
            },
            {
                "time": 0.55,
                "value": [
                    -0.15,
                    -0.15
                ]
            },
            {
                "time": 0.7,
                "value": [
                    0,
                    0
                ]
            }
        ],
        "yaw": [
            {
                "time": 0,
                "value": [
                    -0.15,
                    0.1
                ]
            },
            {
                "time": 0.3,
                "value": [
                    -0.15,
                    0.1
                ]
            },
            {
                "time": 0.55,
                "value": [
                    0,
                    0
                ]
            }
        ]
    },
    "inaccuracy": {
        "stand": 4.0,
        "move": 6.32,
        "sneak": 2.3,
        "lie": 1.7249999999999999,
        "aim": 0.69
    }
}