{
    "ammo": "emxarms:1045x103",
    "ammo_amount": 10,
    "bolt": "closed_bolt",
    "rpm": 46.0,
    "bullet": {
        "life": 1.1,
        "bullet_amount": 1,
        "damage": 30.9,
        "tracer_count_interval": 0,
        "extra_damage": {
            "armor_ignore": 0.15,
            "head_shot_multiplier": 1.59,
            "damage_adjust": [
                {
                    "distance": 3,
                    "damage": 30.9
                },
                {
                    "distance": 6,
                    "damage": 27.8
                },
                {
                    "distance": 18,
                    "damage": 24.7
                },
                {
                    "distance": 24,
                    "damage": 18.5
                },
                {
                    "distance": "infinite",
                    "damage": 15.4
                }
            ]
        },
        "speed": 400,
        "gravity": 0.15,
        "knockback": 0,
        "friction": 0.03,
        "ignite": false,
        "pierce": 5,
        "explosion": {
            "explode": false,
            "damage": 140,
            "radius": 1.8,
            "knockback": true,
            "delay": 1
        }
    },
    "reload": {
        "type": "magazine",
        "feed": {
            "empty": 2.88,
            "tactical": 2.88
        },
        "cooldown": {
            "empty": 4.67,
            "tactical": 3.96
        }
    },
    "draw_time": 1.03,
    "put_away_time": 0.87,
    "aim_time": 0.27,
    "sprint_time": 0.2,
    "bolt_action_time": 0.0,
    "weight": 10.7,
    "movement_speed": {
        "base": 0.0,
        "aim": -0.4,
        "reload": -0.2
    },
    "crawl_recoil_multiplier": 0.1,
    "fire_mode": [
        "semi"
    ],
    "recoil": {
        "pitch": [
            {
                "time": 0,
                "value": [
                    4.5,
                    4.5
                ]
            },
            {
                "time": 0.32,
                "value": [
                    4.5,
                    4.5
                ]
            },
            {
                "time": 0.57,
                "value": [
                    -0.5,
                    -0.5
                ]
            },
            {
                "time": 0.82,
                "value": [
                    0.25,
                    0.25
                ]
            },
            {
                "time": 1.17,
                "value": [
                    0,
                    0
                ]
            },
            {
                "time": 1.47,
                "value": [
                    0,
                    0
                ]
            }
        ],
        "yaw": [
            {
                "time": 0,
                "value": [
                    -1.2,
                    -0.9
                ]
            },
            {
                "time": 0.32,
                "value": [
                    -1.2,
                    -0.9
                ]
            },
            {
                "time": 0.57,
                "value": [
                    0,
                    0
                ]
            }
        ]
    },
    "inaccuracy": {
        "stand": 0.75,
        "move": 1.9975,
        "sneak": 0.675,
        "lie": 0.5062500000000001,
        "aim": 0.20250000000000004
    },
    "melee": {
        "distance": 1,
        "cooldown": 1.2,
        "default": {
            "animation_type": "melee_stock",
            "distance": 1.25,
            "range_angle": 30,
            "damage": 5,
            "knockback": 0.85,
            "prep": 0.1
        }
    },
    "allow_attachment_types": [
        "scope",
        "grip",
        "muzzle"
    ]
}