{
    "ammo": "bluearchive:ammog11toki",
    "ammo_amount": 30,
    "bolt": "closed_bolt",
    "rpm": 476.0,
    "bullet": {
        "life": 0.75,
        "bullet_amount": 1,
        "damage": 11.3,
        "tracer_count_interval": 0,
        "extra_damage": {
            "armor_ignore": 0.1,
            "head_shot_multiplier": 1.49,
            "damage_adjust": [
                {
                    "distance": 3,
                    "damage": 11.3
                },
                {
                    "distance": 9,
                    "damage": 9.0
                },
                {
                    "distance": 15,
                    "damage": 6.8
                },
                {
                    "distance": 18,
                    "damage": 5.7
                },
                {
                    "distance": "infinite",
                    "damage": 1.1
                }
            ]
        },
        "speed": 275,
        "gravity": 0.15,
        "knockback": 0,
        "friction": 0.015,
        "ignite": false,
        "pierce": 1
    },
    "reload": {
        "type": "magazine",
        "feed": {
            "empty": 1.92,
            "tactical": 1.21
        },
        "cooldown": {
            "empty": 4.54,
            "tactical": 2.38
        }
    },
    "draw_time": 0.43,
    "put_away_time": 0.53,
    "aim_time": 0.17,
    "sprint_time": 0.2,
    "weight": 3.6,
    "movement_speed": {
        "base": 0.0,
        "aim": -0.2,
        "reload": 0
    },
    "crawl_recoil_multiplier": 0.5,
    "fire_mode": [
        "auto",
        "semi",
        "burst"
    ],
    "burst_data": {
        "continuous_shoot": false,
        "count": 3,
        "bpm": 2000,
        "min_interval": 0.3
    },
    "recoil": {
        "pitch": [
            {
                "time": 0,
                "value": [
                    0.375,
                    0.375
                ]
            },
            {
                "time": 0.35,
                "value": [
                    0.375,
                    0.375
                ]
            },
            {
                "time": 0.55,
                "value": [
                    -0.125,
                    -0.125
                ]
            },
            {
                "time": 0.7,
                "value": [
                    0,
                    0
                ]
            }
        ],
        "yaw": [
            {
                "time": 0,
                "value": [
                    -0.2,
                    0.25
                ]
            },
            {
                "time": 0.3,
                "value": [
                    -0.2,
                    0.25
                ]
            },
            {
                "time": 0.5,
                "value": [
                    0,
                    0
                ]
            }
        ]
    },
    "inaccuracy": {
        "stand": 3.0,
        "move": 4.99,
        "sneak": 1.8,
        "lie": 1.35,
        "aim": 0.54
    },
    "allow_attachment_types": [
        "muzzle",
        "scope",
        "grip"
    ]
}